Using device: cuda:0

#######################################################################
Please cite the following paper when using nnU-Net:
Isensee, F., Jaeger, P. F., Kohl, S. A., Petersen, J., & Maier-Hein, K. H. (2021). nnU-Net: a self-configuring method for deep learning-based biomedical image segmentation. Nature methods, 18(2), 203-211.
#######################################################################

2026-08-05 09:47:47.078648: Using torch.compile...
2026-08-05 09:47:47.684227: do_dummy_2d_data_aug: True
2026-08-05 09:47:47.685041: Creating new 5-fold cross-validation split...
2026-08-05 09:47:47.689512: Desired fold for training: 3
2026-08-05 09:47:47.689604: This split has 56 training and 14 validation cases.
using pin_memory on device 0
using pin_memory on device 0

This is the configuration used by this training:
Configuration name: 3d_fullres
 {'data_identifier': 'nnUNetPlans_3d_fullres', 'preprocessor_name': 'DefaultPreprocessor', 'batch_size': 2, 'patch_size': [20, 256, 256], 'median_image_size_in_voxels': [44.0, 592.5, 581.0], 'spacing': [2.5, 0.625, 0.625], 'normalization_schemes': ['ZScoreNormalization'], 'use_mask_for_norm': [False], 'resampling_fn_data': 'resample_data_or_seg_to_shape', 'resampling_fn_seg': 'resample_data_or_seg_to_shape', 'resampling_fn_data_kwargs': {'is_seg': False, 'order': 3, 'order_z': 0, 'force_separate_z': None}, 'resampling_fn_seg_kwargs': {'is_seg': True, 'order': 1, 'order_z': 0, 'force_separate_z': None}, 'resampling_fn_probabilities': 'resample_data_or_seg_to_shape', 'resampling_fn_probabilities_kwargs': {'is_seg': False, 'order': 1, 'order_z': 0, 'force_separate_z': None}, 'architecture': {'network_class_name': 'dynamic_network_architectures.architectures.unet.ResidualEncoderUNet', 'arch_kwargs': {'n_stages': 7, 'features_per_stage': [32, 64, 128, 256, 320, 320, 320], 'conv_op': 'torch.nn.modules.conv.Conv3d', 'kernel_sizes': [[1, 3, 3], [1, 3, 3], [3, 3, 3], [3, 3, 3], [3, 3, 3], [3, 3, 3], [3, 3, 3]], 'strides': [[1, 1, 1], [1, 2, 2], [1, 2, 2], [2, 2, 2], [2, 2, 2], [1, 2, 2], [1, 2, 2]], 'n_blocks_per_stage': [1, 3, 4, 6, 6, 6, 6], 'n_conv_per_stage_decoder': [1, 1, 1, 1, 1, 1], 'conv_bias': True, 'norm_op': 'torch.nn.modules.instancenorm.InstanceNorm3d', 'norm_op_kwargs': {'eps': 1e-05, 'affine': True}, 'dropout_op': None, 'dropout_op_kwargs': None, 'nonlin': 'torch.nn.LeakyReLU', 'nonlin_kwargs': {'inplace': True}}, '_kw_requires_import': ['conv_op', 'norm_op', 'dropout_op', 'nonlin']}, 'batch_dice': True} 

These are the global plan.json settings:
 {'dataset_name': 'Dataset073_MBAS', 'plans_name': 'nnUNetResEncUNetMPlans', 'original_median_spacing_after_transp': [2.5, 0.625, 0.625], 'original_median_shape_after_transp': [44, 592, 581], 'image_reader_writer': 'SimpleITKIO', 'transpose_forward': [0, 1, 2], 'transpose_backward': [0, 1, 2], 'experiment_planner_used': 'nnUNetPlannerResEncM', 'label_manager': 'LabelManager', 'foreground_intensity_properties_per_channel': {'0': {'max': 2101.0, 'mean': 362.0030822753906, 'median': 305.0, 'min': 0.0, 'percentile_00_5': 21.0, 'percentile_99_5': 1399.0, 'std': 260.2959289550781}}} 

2026-08-05 09:48:02.841159: Unable to plot network architecture: nnUNet_compile is enabled!
2026-08-05 09:48:02.862830: 
2026-08-05 09:48:02.862982: Epoch 0
2026-08-05 09:48:02.863311: Current learning rate: 0.01
2026-08-05 09:49:04.920737: train_loss 0.2629
2026-08-05 09:49:04.980549: val_loss 0.1186
2026-08-05 09:49:04.980636: Pseudo dice [np.float32(0.0019), np.float32(0.0), np.float32(0.4927)]
2026-08-05 09:49:04.980729: Epoch time: 62.07 s
2026-08-05 09:49:04.980802: Yayy! New best EMA pseudo Dice: 0.164900004863739
2026-08-05 09:49:20.495248: 
2026-08-05 09:49:20.495859: Epoch 1
2026-08-05 09:49:20.496176: Current learning rate: 0.00999
2026-08-05 09:50:00.334053: train_loss 0.0439
2026-08-05 09:50:00.334782: val_loss 0.0324
2026-08-05 09:50:00.334911: Pseudo dice [np.float32(0.0958), np.float32(0.3045), np.float32(0.5795)]
2026-08-05 09:50:00.335028: Epoch time: 39.84 s
2026-08-05 09:50:00.335103: Yayy! New best EMA pseudo Dice: 0.1809999942779541
2026-08-05 09:50:09.403644: 
2026-08-05 09:50:09.403998: Epoch 2
2026-08-05 09:50:09.404092: Current learning rate: 0.00998
2026-08-05 09:50:49.363524: train_loss -0.1203
2026-08-05 09:50:49.363848: val_loss -0.1588
2026-08-05 09:50:49.363962: Pseudo dice [np.float32(0.2497), np.float32(0.4573), np.float32(0.7149)]
2026-08-05 09:50:49.364077: Epoch time: 39.96 s
2026-08-05 09:50:49.366332: Yayy! New best EMA pseudo Dice: 0.2102999985218048
2026-08-05 09:51:00.828493: 
2026-08-05 09:51:00.828945: Epoch 3
2026-08-05 09:51:00.829112: Current learning rate: 0.00997
2026-08-05 09:51:41.041654: train_loss -0.2521
2026-08-05 09:51:41.042270: val_loss -0.3463
2026-08-05 09:51:41.042416: Pseudo dice [np.float32(0.4197), np.float32(0.6471), np.float32(0.7622)]
2026-08-05 09:51:41.042581: Epoch time: 40.22 s
2026-08-05 09:51:41.042687: Yayy! New best EMA pseudo Dice: 0.25029999017715454
2026-08-05 09:51:46.737279: 
2026-08-05 09:51:46.737686: Epoch 4
2026-08-05 09:51:46.737921: Current learning rate: 0.00996
2026-08-05 09:52:26.931048: train_loss -0.3207
2026-08-05 09:52:26.931773: val_loss -0.4484
2026-08-05 09:52:26.931923: Pseudo dice [np.float32(0.4279), np.float32(0.6993), np.float32(0.8399)]
2026-08-05 09:52:26.932074: Epoch time: 40.2 s
2026-08-05 09:52:26.932165: Yayy! New best EMA pseudo Dice: 0.290800005197525
2026-08-05 09:52:32.960909: 
2026-08-05 09:52:32.961318: Epoch 5
2026-08-05 09:52:32.961511: Current learning rate: 0.00995
2026-08-05 09:53:13.293206: train_loss -0.3791
2026-08-05 09:53:13.293922: val_loss -0.4799
2026-08-05 09:53:13.294070: Pseudo dice [np.float32(0.4581), np.float32(0.762), np.float32(0.8071)]
2026-08-05 09:53:13.294216: Epoch time: 40.34 s
2026-08-05 09:53:13.294314: Yayy! New best EMA pseudo Dice: 0.3292999863624573
2026-08-05 09:53:18.976356: 
2026-08-05 09:53:18.976693: Epoch 6
2026-08-05 09:53:18.976789: Current learning rate: 0.00995
2026-08-05 09:53:59.461668: train_loss -0.428
2026-08-05 09:53:59.462139: val_loss -0.4418
2026-08-05 09:53:59.462256: Pseudo dice [np.float32(0.4707), np.float32(0.6747), np.float32(0.8143)]
2026-08-05 09:53:59.462364: Epoch time: 40.49 s
2026-08-05 09:53:59.462434: Yayy! New best EMA pseudo Dice: 0.36169999837875366
2026-08-05 09:54:08.103372: 
2026-08-05 09:54:08.103764: Epoch 7
2026-08-05 09:54:08.103854: Current learning rate: 0.00994
2026-08-05 09:54:48.457618: train_loss -0.4701
2026-08-05 09:54:48.458035: val_loss -0.4666
2026-08-05 09:54:48.458142: Pseudo dice [np.float32(0.5077), np.float32(0.7174), np.float32(0.8435)]
2026-08-05 09:54:48.458243: Epoch time: 40.36 s
2026-08-05 09:54:48.458287: Yayy! New best EMA pseudo Dice: 0.3944999873638153
2026-08-05 09:54:53.883514: 
2026-08-05 09:54:53.883912: Epoch 8
2026-08-05 09:54:53.884002: Current learning rate: 0.00993
2026-08-05 09:55:34.017710: train_loss -0.4854
2026-08-05 09:55:34.018162: val_loss -0.5794
2026-08-05 09:55:34.018291: Pseudo dice [np.float32(0.5442), np.float32(0.7984), np.float32(0.8687)]
2026-08-05 09:55:34.018425: Epoch time: 40.14 s
2026-08-05 09:55:34.018514: Yayy! New best EMA pseudo Dice: 0.4287000000476837
2026-08-05 09:55:42.862057: 
2026-08-05 09:55:42.862425: Epoch 9
2026-08-05 09:55:42.862518: Current learning rate: 0.00992
2026-08-05 09:56:23.223662: train_loss -0.5344
2026-08-05 09:56:23.224518: val_loss -0.5706
2026-08-05 09:56:23.224634: Pseudo dice [np.float32(0.5481), np.float32(0.8233), np.float32(0.855)]
2026-08-05 09:56:23.224732: Epoch time: 40.36 s
2026-08-05 09:56:23.224800: Yayy! New best EMA pseudo Dice: 0.460099995136261
2026-08-05 09:56:45.517056: 
2026-08-05 09:56:45.517427: Epoch 10
2026-08-05 09:56:45.517524: Current learning rate: 0.00991
2026-08-05 09:57:25.664817: train_loss -0.5532
2026-08-05 09:57:25.665171: val_loss -0.61
2026-08-05 09:57:25.665490: Pseudo dice [np.float32(0.5627), np.float32(0.8325), np.float32(0.8892)]
2026-08-05 09:57:25.665616: Epoch time: 40.15 s
2026-08-05 09:57:25.665704: Yayy! New best EMA pseudo Dice: 0.490200012922287
2026-08-05 09:57:49.575027: 
2026-08-05 09:57:49.575256: Epoch 11
2026-08-05 09:57:49.575624: Current learning rate: 0.0099
2026-08-05 09:58:29.839301: train_loss -0.5464
2026-08-05 09:58:29.839625: val_loss -0.6161
2026-08-05 09:58:29.839684: Pseudo dice [np.float32(0.5832), np.float32(0.8418), np.float32(0.8748)]
2026-08-05 09:58:29.839740: Epoch time: 40.27 s
2026-08-05 09:58:29.839777: Yayy! New best EMA pseudo Dice: 0.5178999900817871
2026-08-05 09:59:13.533271: 
2026-08-05 09:59:13.533746: Epoch 12
2026-08-05 09:59:13.533868: Current learning rate: 0.00989
2026-08-05 09:59:54.032859: train_loss -0.5816
2026-08-05 09:59:54.033872: val_loss -0.6175
2026-08-05 09:59:54.034056: Pseudo dice [np.float32(0.5848), np.float32(0.8245), np.float32(0.8864)]
2026-08-05 09:59:54.034244: Epoch time: 40.5 s
2026-08-05 09:59:54.034363: Yayy! New best EMA pseudo Dice: 0.5425999760627747
2026-08-05 10:00:26.731390: 
2026-08-05 10:00:26.731788: Epoch 13
2026-08-05 10:00:26.731931: Current learning rate: 0.00988
2026-08-05 10:01:06.947221: train_loss -0.6052
2026-08-05 10:01:06.947690: val_loss -0.6647
2026-08-05 10:01:06.947858: Pseudo dice [np.float32(0.6098), np.float32(0.8645), np.float32(0.9051)]
2026-08-05 10:01:06.947956: Epoch time: 40.22 s
2026-08-05 10:01:06.947999: Yayy! New best EMA pseudo Dice: 0.5676000118255615
2026-08-05 10:01:31.576970: 
2026-08-05 10:01:31.577342: Epoch 14
2026-08-05 10:01:31.577565: Current learning rate: 0.00987
2026-08-05 10:02:11.633369: train_loss -0.6271
2026-08-05 10:02:11.633612: val_loss -0.6452
2026-08-05 10:02:11.633739: Pseudo dice [np.float32(0.6026), np.float32(0.85), np.float32(0.8928)]
2026-08-05 10:02:11.633810: Epoch time: 40.06 s
2026-08-05 10:02:11.633849: Yayy! New best EMA pseudo Dice: 0.5891000032424927
2026-08-05 10:02:20.963191: 
2026-08-05 10:02:20.963643: Epoch 15
2026-08-05 10:02:20.963728: Current learning rate: 0.00986
2026-08-05 10:03:01.310709: train_loss -0.6269
2026-08-05 10:03:01.311231: val_loss -0.6195
2026-08-05 10:03:01.311459: Pseudo dice [np.float32(0.5962), np.float32(0.8362), np.float32(0.8645)]
2026-08-05 10:03:01.311605: Epoch time: 40.35 s
2026-08-05 10:03:01.311695: Yayy! New best EMA pseudo Dice: 0.6067000031471252
2026-08-05 10:03:09.877230: 
2026-08-05 10:03:09.877579: Epoch 16
2026-08-05 10:03:09.877677: Current learning rate: 0.00986
2026-08-05 10:03:49.882440: train_loss -0.6134
2026-08-05 10:03:49.882871: val_loss -0.6578
2026-08-05 10:03:49.883025: Pseudo dice [np.float32(0.6041), np.float32(0.8557), np.float32(0.8953)]
2026-08-05 10:03:49.883168: Epoch time: 40.01 s
2026-08-05 10:03:49.883258: Yayy! New best EMA pseudo Dice: 0.6244999766349792
2026-08-05 10:03:59.910007: 
2026-08-05 10:03:59.910510: Epoch 17
2026-08-05 10:03:59.910721: Current learning rate: 0.00985
2026-08-05 10:04:40.051374: train_loss -0.6534
2026-08-05 10:04:40.051764: val_loss -0.6939
2026-08-05 10:04:40.051903: Pseudo dice [np.float32(0.637), np.float32(0.8914), np.float32(0.9063)]
2026-08-05 10:04:40.052118: Epoch time: 40.14 s
2026-08-05 10:04:40.052260: Yayy! New best EMA pseudo Dice: 0.6432999968528748
2026-08-05 10:05:05.650223: 
2026-08-05 10:05:05.650576: Epoch 18
2026-08-05 10:05:05.650690: Current learning rate: 0.00984
2026-08-05 10:05:45.719816: train_loss -0.653
2026-08-05 10:05:45.720409: val_loss -0.6579
2026-08-05 10:05:45.720579: Pseudo dice [np.float32(0.5779), np.float32(0.8554), np.float32(0.8976)]
2026-08-05 10:05:45.720723: Epoch time: 40.07 s
2026-08-05 10:05:45.720815: Yayy! New best EMA pseudo Dice: 0.6565999984741211
2026-08-05 10:06:10.405980: 
2026-08-05 10:06:10.406419: Epoch 19
2026-08-05 10:06:10.406572: Current learning rate: 0.00983
2026-08-05 10:06:50.466502: train_loss -0.6461
2026-08-05 10:06:50.467231: val_loss -0.638
2026-08-05 10:06:50.467344: Pseudo dice [np.float32(0.5959), np.float32(0.8705), np.float32(0.8963)]
2026-08-05 10:06:50.467469: Epoch time: 40.06 s
2026-08-05 10:06:50.467552: Yayy! New best EMA pseudo Dice: 0.669700026512146
2026-08-05 10:06:58.930461: 
2026-08-05 10:06:58.930856: Epoch 20
2026-08-05 10:06:58.931019: Current learning rate: 0.00982
2026-08-05 10:07:38.958001: train_loss -0.6644
2026-08-05 10:07:38.958560: val_loss -0.6816
2026-08-05 10:07:38.958818: Pseudo dice [np.float32(0.6205), np.float32(0.8789), np.float32(0.9135)]
2026-08-05 10:07:38.959019: Epoch time: 40.03 s
2026-08-05 10:07:38.959118: Yayy! New best EMA pseudo Dice: 0.6832000017166138
2026-08-05 10:07:45.452648: 
2026-08-05 10:07:45.453073: Epoch 21
2026-08-05 10:07:45.453163: Current learning rate: 0.00981
2026-08-05 10:08:25.347011: train_loss -0.6559
2026-08-05 10:08:25.347423: val_loss -0.7032
2026-08-05 10:08:25.347532: Pseudo dice [np.float32(0.6443), np.float32(0.8985), np.float32(0.9057)]
2026-08-05 10:08:25.347638: Epoch time: 39.9 s
2026-08-05 10:08:25.347709: Yayy! New best EMA pseudo Dice: 0.6965000033378601
2026-08-05 10:08:32.085480: 
2026-08-05 10:08:32.085947: Epoch 22
2026-08-05 10:08:32.086097: Current learning rate: 0.0098
2026-08-05 10:09:12.080197: train_loss -0.6593
2026-08-05 10:09:12.080840: val_loss -0.687
2026-08-05 10:09:12.080993: Pseudo dice [np.float32(0.6352), np.float32(0.8874), np.float32(0.8979)]
2026-08-05 10:09:12.081122: Epoch time: 40.0 s
2026-08-05 10:09:12.081211: Yayy! New best EMA pseudo Dice: 0.7074999809265137
2026-08-05 10:09:33.185207: 
2026-08-05 10:09:33.185569: Epoch 23
2026-08-05 10:09:33.185792: Current learning rate: 0.00979
2026-08-05 10:10:13.329122: train_loss -0.6698
2026-08-05 10:10:13.329954: val_loss -0.7026
2026-08-05 10:10:13.330017: Pseudo dice [np.float32(0.6505), np.float32(0.8813), np.float32(0.9045)]
2026-08-05 10:10:13.330074: Epoch time: 40.15 s
2026-08-05 10:10:13.330122: Yayy! New best EMA pseudo Dice: 0.7179999947547913
2026-08-05 10:10:23.755540: 
2026-08-05 10:10:23.755903: Epoch 24
2026-08-05 10:10:23.755993: Current learning rate: 0.00978
2026-08-05 10:11:03.834136: train_loss -0.6756
2026-08-05 10:11:03.834629: val_loss -0.6758
2026-08-05 10:11:03.834762: Pseudo dice [np.float32(0.6295), np.float32(0.875), np.float32(0.8987)]
2026-08-05 10:11:03.834986: Epoch time: 40.08 s
2026-08-05 10:11:03.835083: Yayy! New best EMA pseudo Dice: 0.7263000011444092
2026-08-05 10:11:11.324147: 
2026-08-05 10:11:11.324469: Epoch 25
2026-08-05 10:11:11.324588: Current learning rate: 0.00977
2026-08-05 10:11:51.321415: train_loss -0.6867
2026-08-05 10:11:51.321867: val_loss -0.7097
2026-08-05 10:11:51.322016: Pseudo dice [np.float32(0.6462), np.float32(0.9031), np.float32(0.9171)]
2026-08-05 10:11:51.322140: Epoch time: 40.0 s
2026-08-05 10:11:51.322335: Yayy! New best EMA pseudo Dice: 0.7358999848365784
2026-08-05 10:12:02.658515: 
2026-08-05 10:12:02.659009: Epoch 26
2026-08-05 10:12:02.659107: Current learning rate: 0.00977
2026-08-05 10:12:42.768583: train_loss -0.7078
2026-08-05 10:12:42.769167: val_loss -0.6718
2026-08-05 10:12:42.769305: Pseudo dice [np.float32(0.6447), np.float32(0.8551), np.float32(0.9212)]
2026-08-05 10:12:42.769435: Epoch time: 40.11 s
2026-08-05 10:12:42.769527: Yayy! New best EMA pseudo Dice: 0.7429999709129333
2026-08-05 10:12:47.837709: 
2026-08-05 10:12:47.838129: Epoch 27
2026-08-05 10:12:47.838266: Current learning rate: 0.00976
2026-08-05 10:13:28.091302: train_loss -0.7039
2026-08-05 10:13:28.091750: val_loss -0.7153
2026-08-05 10:13:28.091881: Pseudo dice [np.float32(0.6375), np.float32(0.9052), np.float32(0.9076)]
2026-08-05 10:13:28.092041: Epoch time: 40.26 s
2026-08-05 10:13:28.092273: Yayy! New best EMA pseudo Dice: 0.7504000067710876
2026-08-05 10:13:34.646531: 
2026-08-05 10:13:34.646860: Epoch 28
2026-08-05 10:13:34.646962: Current learning rate: 0.00975
2026-08-05 10:14:14.683668: train_loss -0.7091
2026-08-05 10:14:14.684095: val_loss -0.7238
2026-08-05 10:14:14.684275: Pseudo dice [np.float32(0.6683), np.float32(0.8942), np.float32(0.9148)]
2026-08-05 10:14:14.684419: Epoch time: 40.04 s
2026-08-05 10:14:14.684505: Yayy! New best EMA pseudo Dice: 0.7578999996185303
2026-08-05 10:14:25.217937: 
2026-08-05 10:14:25.218462: Epoch 29
2026-08-05 10:14:25.218552: Current learning rate: 0.00974
2026-08-05 10:15:05.242356: train_loss -0.6972
2026-08-05 10:15:05.242957: val_loss -0.713
2026-08-05 10:15:05.243134: Pseudo dice [np.float32(0.6493), np.float32(0.8927), np.float32(0.911)]
2026-08-05 10:15:05.243284: Epoch time: 40.03 s
2026-08-05 10:15:05.243380: Yayy! New best EMA pseudo Dice: 0.7638999819755554
2026-08-05 10:15:11.457806: 
2026-08-05 10:15:11.458152: Epoch 30
2026-08-05 10:15:11.458321: Current learning rate: 0.00973
2026-08-05 10:15:51.388021: train_loss -0.715
2026-08-05 10:15:51.388716: val_loss -0.7135
2026-08-05 10:15:51.388847: Pseudo dice [np.float32(0.6509), np.float32(0.8811), np.float32(0.9164)]
2026-08-05 10:15:51.389009: Epoch time: 39.93 s
2026-08-05 10:15:51.389104: Yayy! New best EMA pseudo Dice: 0.76910001039505
2026-08-05 10:15:56.581863: 
2026-08-05 10:15:56.582248: Epoch 31
2026-08-05 10:15:56.582334: Current learning rate: 0.00972
2026-08-05 10:16:36.505350: train_loss -0.7058
2026-08-05 10:16:36.505754: val_loss -0.7132
2026-08-05 10:16:36.505811: Pseudo dice [np.float32(0.6344), np.float32(0.894), np.float32(0.9084)]
2026-08-05 10:16:36.505870: Epoch time: 39.93 s
2026-08-05 10:16:36.506009: Yayy! New best EMA pseudo Dice: 0.7734000086784363
2026-08-05 10:16:42.899863: 
2026-08-05 10:16:42.900266: Epoch 32
2026-08-05 10:16:42.900401: Current learning rate: 0.00971
2026-08-05 10:17:22.853687: train_loss -0.7082
2026-08-05 10:17:22.854010: val_loss -0.7158
2026-08-05 10:17:22.854069: Pseudo dice [np.float32(0.6489), np.float32(0.8927), np.float32(0.9208)]
2026-08-05 10:17:22.854132: Epoch time: 39.96 s
2026-08-05 10:17:22.854170: Yayy! New best EMA pseudo Dice: 0.7781999707221985
2026-08-05 10:17:33.824637: 
2026-08-05 10:17:33.825083: Epoch 33
2026-08-05 10:17:33.825241: Current learning rate: 0.0097
2026-08-05 10:18:13.945768: train_loss -0.7048
2026-08-05 10:18:13.946292: val_loss -0.7331
2026-08-05 10:18:13.946432: Pseudo dice [np.float32(0.6678), np.float32(0.9133), np.float32(0.9145)]
2026-08-05 10:18:13.946580: Epoch time: 40.12 s
2026-08-05 10:18:13.946765: Yayy! New best EMA pseudo Dice: 0.7835000157356262
2026-08-05 10:18:20.518567: 
2026-08-05 10:18:20.519068: Epoch 34
2026-08-05 10:18:20.519183: Current learning rate: 0.00969
2026-08-05 10:19:00.585762: train_loss -0.707
2026-08-05 10:19:00.586343: val_loss -0.7194
2026-08-05 10:19:00.586493: Pseudo dice [np.float32(0.6656), np.float32(0.9003), np.float32(0.916)]
2026-08-05 10:19:00.586617: Epoch time: 40.07 s
2026-08-05 10:19:00.586688: Yayy! New best EMA pseudo Dice: 0.7878999710083008
2026-08-05 10:19:06.770563: 
2026-08-05 10:19:06.770930: Epoch 35
2026-08-05 10:19:06.771029: Current learning rate: 0.00968
2026-08-05 10:19:46.696286: train_loss -0.7166
2026-08-05 10:19:46.696755: val_loss -0.7303
2026-08-05 10:19:46.696946: Pseudo dice [np.float32(0.6624), np.float32(0.9043), np.float32(0.9208)]
2026-08-05 10:19:46.697190: Epoch time: 39.93 s
2026-08-05 10:19:46.697311: Yayy! New best EMA pseudo Dice: 0.7919999957084656
2026-08-05 10:19:57.900456: 
2026-08-05 10:19:57.900988: Epoch 36
2026-08-05 10:19:57.901136: Current learning rate: 0.00968
2026-08-05 10:20:38.022923: train_loss -0.7026
2026-08-05 10:20:38.023317: val_loss -0.7274
2026-08-05 10:20:38.023468: Pseudo dice [np.float32(0.6636), np.float32(0.9117), np.float32(0.9164)]
2026-08-05 10:20:38.023597: Epoch time: 40.13 s
2026-08-05 10:20:38.023685: Yayy! New best EMA pseudo Dice: 0.7958999872207642
2026-08-05 10:20:43.419069: 
2026-08-05 10:20:43.419369: Epoch 37
2026-08-05 10:20:43.419600: Current learning rate: 0.00967
2026-08-05 10:21:23.448541: train_loss -0.696
2026-08-05 10:21:23.449133: val_loss -0.7025
2026-08-05 10:21:23.449271: Pseudo dice [np.float32(0.6526), np.float32(0.8732), np.float32(0.921)]
2026-08-05 10:21:23.449408: Epoch time: 40.03 s
2026-08-05 10:21:23.449500: Yayy! New best EMA pseudo Dice: 0.7979000210762024
2026-08-05 10:21:27.540721: 
2026-08-05 10:21:27.540992: Epoch 38
2026-08-05 10:21:27.541077: Current learning rate: 0.00966
2026-08-05 10:22:07.515439: train_loss -0.7015
2026-08-05 10:22:07.515994: val_loss -0.7199
2026-08-05 10:22:07.516126: Pseudo dice [np.float32(0.6579), np.float32(0.907), np.float32(0.9158)]
2026-08-05 10:22:07.516255: Epoch time: 39.98 s
2026-08-05 10:22:07.516341: Yayy! New best EMA pseudo Dice: 0.8008000254631042
2026-08-05 10:22:12.166430: 
2026-08-05 10:22:12.166764: Epoch 39
2026-08-05 10:22:12.166948: Current learning rate: 0.00965
2026-08-05 10:22:52.199572: train_loss -0.7255
2026-08-05 10:22:52.200105: val_loss -0.7426
2026-08-05 10:22:52.200242: Pseudo dice [np.float32(0.6759), np.float32(0.9134), np.float32(0.9242)]
2026-08-05 10:22:52.200383: Epoch time: 40.04 s
2026-08-05 10:22:52.200548: Yayy! New best EMA pseudo Dice: 0.8044999837875366
2026-08-05 10:22:59.097941: 
2026-08-05 10:22:59.098370: Epoch 40
2026-08-05 10:22:59.098514: Current learning rate: 0.00964
2026-08-05 10:23:39.169483: train_loss -0.7185
2026-08-05 10:23:39.169734: val_loss -0.7306
2026-08-05 10:23:39.169789: Pseudo dice [np.float32(0.6675), np.float32(0.9057), np.float32(0.9185)]
2026-08-05 10:23:39.169850: Epoch time: 40.07 s
2026-08-05 10:23:39.169914: Yayy! New best EMA pseudo Dice: 0.8070999979972839
2026-08-05 10:23:48.035771: 
2026-08-05 10:23:48.036247: Epoch 41
2026-08-05 10:23:48.036338: Current learning rate: 0.00963
2026-08-05 10:24:28.171052: train_loss -0.7134
2026-08-05 10:24:28.171366: val_loss -0.7323
2026-08-05 10:24:28.171426: Pseudo dice [np.float32(0.6708), np.float32(0.9085), np.float32(0.9133)]
2026-08-05 10:24:28.171482: Epoch time: 40.14 s
2026-08-05 10:24:28.171537: Yayy! New best EMA pseudo Dice: 0.809499979019165
2026-08-05 10:24:32.205229: 
2026-08-05 10:24:32.205763: Epoch 42
2026-08-05 10:24:32.205852: Current learning rate: 0.00962
2026-08-05 10:25:12.363197: train_loss -0.7372
2026-08-05 10:25:12.363802: val_loss -0.7352
2026-08-05 10:25:12.363971: Pseudo dice [np.float32(0.6721), np.float32(0.9003), np.float32(0.9241)]
2026-08-05 10:25:12.364116: Epoch time: 40.16 s
2026-08-05 10:25:12.364205: Yayy! New best EMA pseudo Dice: 0.8116999864578247
2026-08-05 10:25:26.410614: 
2026-08-05 10:25:26.410916: Epoch 43
2026-08-05 10:25:26.411074: Current learning rate: 0.00961
2026-08-05 10:26:06.445386: train_loss -0.7245
2026-08-05 10:26:06.446227: val_loss -0.7396
2026-08-05 10:26:06.446402: Pseudo dice [np.float32(0.662), np.float32(0.9062), np.float32(0.9204)]
2026-08-05 10:26:06.446586: Epoch time: 40.04 s
2026-08-05 10:26:06.446777: Yayy! New best EMA pseudo Dice: 0.8134999871253967
2026-08-05 10:26:13.536561: 
2026-08-05 10:26:13.536835: Epoch 44
2026-08-05 10:26:13.536958: Current learning rate: 0.0096
2026-08-05 10:26:53.519358: train_loss -0.718
2026-08-05 10:26:53.519694: val_loss -0.7383
2026-08-05 10:26:53.519755: Pseudo dice [np.float32(0.676), np.float32(0.9092), np.float32(0.9161)]
2026-08-05 10:26:53.519819: Epoch time: 39.99 s
2026-08-05 10:26:53.519863: Yayy! New best EMA pseudo Dice: 0.815500020980835
2026-08-05 10:26:59.696971: 
2026-08-05 10:26:59.697323: Epoch 45
2026-08-05 10:26:59.697494: Current learning rate: 0.00959
2026-08-05 10:27:39.827299: train_loss -0.737
2026-08-05 10:27:39.827732: val_loss -0.7474
2026-08-05 10:27:39.827866: Pseudo dice [np.float32(0.6704), np.float32(0.9171), np.float32(0.9304)]
2026-08-05 10:27:39.828016: Epoch time: 40.13 s
2026-08-05 10:27:39.828110: Yayy! New best EMA pseudo Dice: 0.8179000020027161
2026-08-05 10:27:44.049426: 
2026-08-05 10:27:44.049800: Epoch 46
2026-08-05 10:27:44.049932: Current learning rate: 0.00959
2026-08-05 10:28:24.142007: train_loss -0.7344
2026-08-05 10:28:24.142490: val_loss -0.7143
2026-08-05 10:28:24.142639: Pseudo dice [np.float32(0.6616), np.float32(0.8737), np.float32(0.927)]
2026-08-05 10:28:24.142795: Epoch time: 40.1 s
2026-08-05 10:28:24.143121: Yayy! New best EMA pseudo Dice: 0.8181999921798706
2026-08-05 10:28:31.789813: 
2026-08-05 10:28:31.790201: Epoch 47
2026-08-05 10:28:31.790301: Current learning rate: 0.00958
2026-08-05 10:29:11.773667: train_loss -0.7163
2026-08-05 10:29:11.774886: val_loss -0.734
2026-08-05 10:29:11.775532: Pseudo dice [np.float32(0.6679), np.float32(0.9067), np.float32(0.9251)]
2026-08-05 10:29:11.775747: Epoch time: 39.99 s
2026-08-05 10:29:11.775817: Yayy! New best EMA pseudo Dice: 0.8197000026702881
2026-08-05 10:29:17.167177: 
2026-08-05 10:29:17.167511: Epoch 48
2026-08-05 10:29:17.167611: Current learning rate: 0.00957
2026-08-05 10:29:57.075024: train_loss -0.7359
2026-08-05 10:29:57.075611: val_loss -0.7332
2026-08-05 10:29:57.075789: Pseudo dice [np.float32(0.6819), np.float32(0.9175), np.float32(0.9015)]
2026-08-05 10:29:57.075914: Epoch time: 39.91 s
2026-08-05 10:29:57.075989: Yayy! New best EMA pseudo Dice: 0.8210999965667725
2026-08-05 10:30:08.940867: 
2026-08-05 10:30:08.941205: Epoch 49
2026-08-05 10:30:08.941303: Current learning rate: 0.00956
2026-08-05 10:30:48.924642: train_loss -0.7201
2026-08-05 10:30:48.924826: val_loss -0.7422
2026-08-05 10:30:48.924881: Pseudo dice [np.float32(0.6677), np.float32(0.9167), np.float32(0.9299)]
2026-08-05 10:30:48.924950: Epoch time: 39.99 s
2026-08-05 10:30:50.048048: Yayy! New best EMA pseudo Dice: 0.8227999806404114
2026-08-05 10:30:58.637124: 
2026-08-05 10:30:58.637393: Epoch 50
2026-08-05 10:30:58.637505: Current learning rate: 0.00955
2026-08-05 10:31:38.692516: train_loss -0.7349
2026-08-05 10:31:38.693515: val_loss -0.7442
2026-08-05 10:31:38.693641: Pseudo dice [np.float32(0.669), np.float32(0.9062), np.float32(0.9236)]
2026-08-05 10:31:38.693753: Epoch time: 40.06 s
2026-08-05 10:31:38.693906: Yayy! New best EMA pseudo Dice: 0.8238000273704529
2026-08-05 10:31:44.273680: 
2026-08-05 10:31:44.274029: Epoch 51
2026-08-05 10:31:44.274180: Current learning rate: 0.00954
2026-08-05 10:32:24.291871: train_loss -0.7331
2026-08-05 10:32:26.068676: val_loss -0.7548
2026-08-05 10:32:26.068883: Pseudo dice [np.float32(0.6919), np.float32(0.9177), np.float32(0.9235)]
2026-08-05 10:32:26.069021: Epoch time: 40.02 s
2026-08-05 10:32:26.069098: Yayy! New best EMA pseudo Dice: 0.8259000182151794
2026-08-05 10:32:54.712566: 
2026-08-05 10:32:54.712975: Epoch 52
2026-08-05 10:32:54.713095: Current learning rate: 0.00953
2026-08-05 10:33:34.533406: train_loss -0.7445
2026-08-05 10:33:34.536004: val_loss -0.7557
2026-08-05 10:33:34.536119: Pseudo dice [np.float32(0.6773), np.float32(0.92), np.float32(0.9252)]
2026-08-05 10:33:34.536190: Epoch time: 39.82 s
2026-08-05 10:33:34.536862: Yayy! New best EMA pseudo Dice: 0.8274000287055969
2026-08-05 10:33:54.522208: 
2026-08-05 10:33:54.522532: Epoch 53
2026-08-05 10:33:54.522707: Current learning rate: 0.00952
2026-08-05 10:34:34.560667: train_loss -0.742
2026-08-05 10:34:35.055430: val_loss -0.7398
2026-08-05 10:34:35.055617: Pseudo dice [np.float32(0.6724), np.float32(0.9067), np.float32(0.9248)]
2026-08-05 10:34:35.055696: Epoch time: 40.04 s
2026-08-05 10:34:35.055754: Yayy! New best EMA pseudo Dice: 0.8281000256538391
2026-08-05 10:34:41.538872: 
2026-08-05 10:34:41.539350: Epoch 54
2026-08-05 10:34:41.539439: Current learning rate: 0.00951
2026-08-05 10:35:21.711154: train_loss -0.7181
2026-08-05 10:35:21.712626: val_loss -0.7342
2026-08-05 10:35:21.712864: Pseudo dice [np.float32(0.6716), np.float32(0.8972), np.float32(0.9159)]
2026-08-05 10:35:21.713001: Epoch time: 40.17 s
2026-08-05 10:35:21.713074: Yayy! New best EMA pseudo Dice: 0.8281000256538391
2026-08-05 10:35:35.943652: 
2026-08-05 10:35:35.944020: Epoch 55
2026-08-05 10:35:35.944107: Current learning rate: 0.0095
2026-08-05 10:36:15.911252: train_loss -0.733
2026-08-05 10:36:15.911772: val_loss -0.7449
2026-08-05 10:36:15.912007: Pseudo dice [np.float32(0.6753), np.float32(0.9113), np.float32(0.9236)]
2026-08-05 10:36:15.912155: Epoch time: 39.97 s
2026-08-05 10:36:15.912246: Yayy! New best EMA pseudo Dice: 0.8289999961853027
2026-08-05 10:36:31.010317: 
2026-08-05 10:36:31.010659: Epoch 56
2026-08-05 10:36:31.010801: Current learning rate: 0.00949
2026-08-05 10:37:11.016820: train_loss -0.748
2026-08-05 10:37:11.017173: val_loss -0.7539
2026-08-05 10:37:11.019712: Pseudo dice [np.float32(0.6811), np.float32(0.9114), np.float32(0.9285)]
2026-08-05 10:37:11.019837: Epoch time: 40.01 s
2026-08-05 10:37:11.020553: Yayy! New best EMA pseudo Dice: 0.8300999999046326
2026-08-05 10:37:23.961375: 
2026-08-05 10:37:23.961743: Epoch 57
2026-08-05 10:37:23.961853: Current learning rate: 0.00949
2026-08-05 10:38:04.132971: train_loss -0.7515
2026-08-05 10:38:04.133648: val_loss -0.7419
2026-08-05 10:38:04.133788: Pseudo dice [np.float32(0.6668), np.float32(0.9053), np.float32(0.9233)]
2026-08-05 10:38:04.133940: Epoch time: 40.17 s
2026-08-05 10:38:04.134036: Yayy! New best EMA pseudo Dice: 0.830299973487854
2026-08-05 10:38:10.609119: 
2026-08-05 10:38:10.609543: Epoch 58
2026-08-05 10:38:10.609632: Current learning rate: 0.00948
2026-08-05 10:38:50.590210: train_loss -0.7509
2026-08-05 10:38:50.590512: val_loss -0.7484
2026-08-05 10:38:50.590569: Pseudo dice [np.float32(0.6848), np.float32(0.9179), np.float32(0.9229)]
2026-08-05 10:38:50.590632: Epoch time: 39.98 s
2026-08-05 10:38:50.590670: Yayy! New best EMA pseudo Dice: 0.8313999772071838
2026-08-05 10:38:54.920209: 
2026-08-05 10:38:54.920559: Epoch 59
2026-08-05 10:38:54.920637: Current learning rate: 0.00947
2026-08-05 10:39:35.101419: train_loss -0.7412
2026-08-05 10:39:35.101703: val_loss -0.7376
2026-08-05 10:39:35.101758: Pseudo dice [np.float32(0.6677), np.float32(0.9123), np.float32(0.9208)]
2026-08-05 10:39:35.101819: Epoch time: 40.18 s
2026-08-05 10:39:35.101855: Yayy! New best EMA pseudo Dice: 0.83160001039505
2026-08-05 10:39:41.941369: 
2026-08-05 10:39:41.941666: Epoch 60
2026-08-05 10:39:41.941785: Current learning rate: 0.00946
2026-08-05 10:40:22.077143: train_loss -0.751
2026-08-05 10:40:22.077574: val_loss -0.7691
2026-08-05 10:40:22.077683: Pseudo dice [np.float32(0.6967), np.float32(0.9148), np.float32(0.9345)]
2026-08-05 10:40:22.077784: Epoch time: 40.14 s
2026-08-05 10:40:22.077856: Yayy! New best EMA pseudo Dice: 0.833299994468689
2026-08-05 10:40:30.737667: 
2026-08-05 10:40:30.738031: Epoch 61
2026-08-05 10:40:30.738126: Current learning rate: 0.00945
2026-08-05 10:41:10.925256: train_loss -0.7619
2026-08-05 10:41:10.925695: val_loss -0.7619
2026-08-05 10:41:10.925831: Pseudo dice [np.float32(0.6847), np.float32(0.9242), np.float32(0.9309)]
2026-08-05 10:41:10.925980: Epoch time: 40.19 s
2026-08-05 10:41:10.926072: Yayy! New best EMA pseudo Dice: 0.8346999883651733
2026-08-05 10:41:21.219632: 
2026-08-05 10:41:21.220071: Epoch 62
2026-08-05 10:41:21.220230: Current learning rate: 0.00944
2026-08-05 10:42:01.888063: train_loss -0.7664
2026-08-05 10:42:01.888537: val_loss -0.7631
2026-08-05 10:42:01.888688: Pseudo dice [np.float32(0.6855), np.float32(0.9206), np.float32(0.9299)]
2026-08-05 10:42:01.888823: Epoch time: 40.67 s
2026-08-05 10:42:01.889034: Yayy! New best EMA pseudo Dice: 0.8356999754905701
2026-08-05 10:42:08.043817: 
2026-08-05 10:42:08.044255: Epoch 63
2026-08-05 10:42:08.044345: Current learning rate: 0.00943
2026-08-05 10:42:48.204256: train_loss -0.7526
2026-08-05 10:42:48.204673: val_loss -0.766
2026-08-05 10:42:48.204805: Pseudo dice [np.float32(0.6876), np.float32(0.9166), np.float32(0.9372)]
2026-08-05 10:42:48.205035: Epoch time: 40.16 s
2026-08-05 10:42:48.205137: Yayy! New best EMA pseudo Dice: 0.836899995803833
2026-08-05 10:42:56.841331: 
2026-08-05 10:42:56.841717: Epoch 64
2026-08-05 10:42:56.841836: Current learning rate: 0.00942
2026-08-05 10:43:37.061242: train_loss -0.7486
2026-08-05 10:43:37.061760: val_loss -0.7616
2026-08-05 10:43:37.061971: Pseudo dice [np.float32(0.6879), np.float32(0.918), np.float32(0.9364)]
2026-08-05 10:43:37.062100: Epoch time: 40.22 s
2026-08-05 10:43:37.062187: Yayy! New best EMA pseudo Dice: 0.8378999829292297
2026-08-05 10:43:47.633125: 
2026-08-05 10:43:47.633552: Epoch 65
2026-08-05 10:43:47.633640: Current learning rate: 0.00941
2026-08-05 10:44:27.811466: train_loss -0.7532
2026-08-05 10:44:27.812103: val_loss -0.7466
2026-08-05 10:44:27.812237: Pseudo dice [np.float32(0.6956), np.float32(0.9013), np.float32(0.935)]
2026-08-05 10:44:27.812644: Epoch time: 40.18 s
2026-08-05 10:44:27.812733: Yayy! New best EMA pseudo Dice: 0.8385000228881836
2026-08-05 10:44:45.002343: 
2026-08-05 10:44:45.002760: Epoch 66
2026-08-05 10:44:45.002902: Current learning rate: 0.0094
2026-08-05 10:45:25.018181: train_loss -0.7566
2026-08-05 10:45:25.018692: val_loss -0.7681
2026-08-05 10:45:25.018887: Pseudo dice [np.float32(0.7036), np.float32(0.9183), np.float32(0.9368)]
2026-08-05 10:45:25.019041: Epoch time: 40.02 s
2026-08-05 10:45:25.019162: Yayy! New best EMA pseudo Dice: 0.8399999737739563
2026-08-05 10:45:36.790526: 
2026-08-05 10:45:36.791022: Epoch 67
2026-08-05 10:45:36.791127: Current learning rate: 0.00939
2026-08-05 10:46:16.883515: train_loss -0.757
2026-08-05 10:46:16.883966: val_loss -0.7475
2026-08-05 10:46:16.884107: Pseudo dice [np.float32(0.6926), np.float32(0.9011), np.float32(0.9325)]
2026-08-05 10:46:16.884235: Epoch time: 40.1 s
2026-08-05 10:46:16.884323: Yayy! New best EMA pseudo Dice: 0.8402000069618225
2026-08-05 10:46:23.209199: 
2026-08-05 10:46:23.209500: Epoch 68
2026-08-05 10:46:23.209625: Current learning rate: 0.00939
2026-08-05 10:47:03.454600: train_loss -0.747
2026-08-05 10:47:03.455230: val_loss -0.7647
2026-08-05 10:47:03.455361: Pseudo dice [np.float32(0.6926), np.float32(0.9265), np.float32(0.9315)]
2026-08-05 10:47:03.455491: Epoch time: 40.25 s
2026-08-05 10:47:03.455577: Yayy! New best EMA pseudo Dice: 0.8411999940872192
2026-08-05 10:47:12.626601: 
2026-08-05 10:47:12.627057: Epoch 69
2026-08-05 10:47:12.627297: Current learning rate: 0.00938
2026-08-05 10:47:52.827230: train_loss -0.7488
2026-08-05 10:47:52.827662: val_loss -0.7556
2026-08-05 10:47:52.827773: Pseudo dice [np.float32(0.6938), np.float32(0.9166), np.float32(0.9336)]
2026-08-05 10:47:52.827916: Epoch time: 40.2 s
2026-08-05 10:47:52.827997: Yayy! New best EMA pseudo Dice: 0.8418999910354614
2026-08-05 10:47:58.858585: 
2026-08-05 10:47:58.859009: Epoch 70
2026-08-05 10:47:58.859090: Current learning rate: 0.00937
2026-08-05 10:48:38.831986: train_loss -0.7584
2026-08-05 10:48:38.832743: val_loss -0.7553
2026-08-05 10:48:38.832887: Pseudo dice [np.float32(0.6897), np.float32(0.9118), np.float32(0.9294)]
2026-08-05 10:48:38.833069: Epoch time: 39.98 s
2026-08-05 10:48:38.833186: Yayy! New best EMA pseudo Dice: 0.8420000076293945
2026-08-05 10:48:45.397258: 
2026-08-05 10:48:45.397562: Epoch 71
2026-08-05 10:48:45.397779: Current learning rate: 0.00936
2026-08-05 10:49:25.384304: train_loss -0.7381
2026-08-05 10:49:25.384914: val_loss -0.7425
2026-08-05 10:49:25.385058: Pseudo dice [np.float32(0.6777), np.float32(0.8885), np.float32(0.925)]
2026-08-05 10:49:25.385206: Epoch time: 39.99 s
2026-08-05 10:49:26.142702: 
2026-08-05 10:49:26.143028: Epoch 72
2026-08-05 10:49:26.143204: Current learning rate: 0.00935
2026-08-05 10:50:06.241095: train_loss -0.7333
2026-08-05 10:50:06.241539: val_loss -0.7436
2026-08-05 10:50:06.241670: Pseudo dice [np.float32(0.6727), np.float32(0.9063), np.float32(0.9269)]
2026-08-05 10:50:06.241887: Epoch time: 40.1 s
2026-08-05 10:50:07.007143: 
2026-08-05 10:50:07.007467: Epoch 73
2026-08-05 10:50:07.007578: Current learning rate: 0.00934
2026-08-05 10:50:47.929206: train_loss -0.7604
2026-08-05 10:50:47.929630: val_loss -0.745
2026-08-05 10:50:47.929769: Pseudo dice [np.float32(0.6753), np.float32(0.9077), np.float32(0.9345)]
2026-08-05 10:50:47.929934: Epoch time: 40.92 s
2026-08-05 10:50:49.302077: 
2026-08-05 10:50:49.302574: Epoch 74
2026-08-05 10:50:49.302663: Current learning rate: 0.00933
2026-08-05 10:51:29.507812: train_loss -0.7569
2026-08-05 10:51:29.508584: val_loss -0.7632
2026-08-05 10:51:29.508737: Pseudo dice [np.float32(0.6928), np.float32(0.9184), np.float32(0.9348)]
2026-08-05 10:51:29.508878: Epoch time: 40.21 s
2026-08-05 10:51:30.269699: 
2026-08-05 10:51:30.270003: Epoch 75
2026-08-05 10:51:30.270185: Current learning rate: 0.00932
2026-08-05 10:52:10.325282: train_loss -0.7506
2026-08-05 10:52:10.325708: val_loss -0.7481
2026-08-05 10:52:10.325810: Pseudo dice [np.float32(0.6804), np.float32(0.9231), np.float32(0.9202)]
2026-08-05 10:52:10.326096: Epoch time: 40.06 s
2026-08-05 10:52:11.078358: 
2026-08-05 10:52:11.078881: Epoch 76
2026-08-05 10:52:11.078987: Current learning rate: 0.00931
2026-08-05 10:52:51.058117: train_loss -0.7364
2026-08-05 10:52:51.141275: val_loss -0.7432
2026-08-05 10:52:51.141441: Pseudo dice [np.float32(0.6848), np.float32(0.8955), np.float32(0.9292)]
2026-08-05 10:52:51.141568: Epoch time: 39.98 s
2026-08-05 10:52:51.997812: 
2026-08-05 10:52:51.998076: Epoch 77
2026-08-05 10:52:51.998184: Current learning rate: 0.0093
2026-08-05 10:53:32.066436: train_loss -0.7457
2026-08-05 10:53:32.067327: val_loss -0.7478
2026-08-05 10:53:32.067521: Pseudo dice [np.float32(0.6789), np.float32(0.9086), np.float32(0.9298)]
2026-08-05 10:53:32.067663: Epoch time: 40.07 s
2026-08-05 10:53:32.867003: 
2026-08-05 10:53:32.867310: Epoch 78
2026-08-05 10:53:32.867464: Current learning rate: 0.0093
2026-08-05 10:54:13.187557: train_loss -0.7514
2026-08-05 10:54:13.423939: val_loss -0.7564
2026-08-05 10:54:13.424232: Pseudo dice [np.float32(0.6854), np.float32(0.9193), np.float32(0.9302)]
2026-08-05 10:54:13.424466: Epoch time: 40.32 s
2026-08-05 10:54:14.312348: 
2026-08-05 10:54:14.312730: Epoch 79
2026-08-05 10:54:14.312820: Current learning rate: 0.00929
2026-08-05 10:54:54.464223: train_loss -0.7398
2026-08-05 10:54:54.464701: val_loss -0.7648
2026-08-05 10:54:54.464836: Pseudo dice [np.float32(0.6987), np.float32(0.9118), np.float32(0.9323)]
2026-08-05 10:54:54.464984: Epoch time: 40.15 s
2026-08-05 10:54:55.199911: 
2026-08-05 10:54:55.200141: Epoch 80
2026-08-05 10:54:55.200382: Current learning rate: 0.00928
2026-08-05 10:55:35.272825: train_loss -0.7546
2026-08-05 10:55:35.322529: val_loss -0.7709
2026-08-05 10:55:35.322621: Pseudo dice [np.float32(0.6996), np.float32(0.9252), np.float32(0.9364)]
2026-08-05 10:55:35.322690: Epoch time: 40.08 s
2026-08-05 10:55:35.322730: Yayy! New best EMA pseudo Dice: 0.8428000211715698
2026-08-05 10:55:44.858366: 
2026-08-05 10:55:44.858763: Epoch 81
2026-08-05 10:55:44.858858: Current learning rate: 0.00927
2026-08-05 10:56:25.028046: train_loss -0.7573
2026-08-05 10:56:25.311033: val_loss -0.7569
2026-08-05 10:56:25.311293: Pseudo dice [np.float32(0.674), np.float32(0.9067), np.float32(0.9372)]
2026-08-05 10:56:25.311583: Epoch time: 40.17 s
2026-08-05 10:56:26.230124: 
2026-08-05 10:56:26.230564: Epoch 82
2026-08-05 10:56:26.230655: Current learning rate: 0.00926
2026-08-05 10:57:06.304979: train_loss -0.7594
2026-08-05 10:57:06.496319: val_loss -0.7613
2026-08-05 10:57:06.496444: Pseudo dice [np.float32(0.6754), np.float32(0.9178), np.float32(0.9274)]
2026-08-05 10:57:06.496519: Epoch time: 40.08 s
2026-08-05 10:57:07.768753: 
2026-08-05 10:57:07.769101: Epoch 83
2026-08-05 10:57:07.769237: Current learning rate: 0.00925
2026-08-05 10:57:47.900447: train_loss -0.7637
2026-08-05 10:57:48.056601: val_loss -0.7736
2026-08-05 10:57:48.056812: Pseudo dice [np.float32(0.6961), np.float32(0.934), np.float32(0.9334)]
2026-08-05 10:57:48.056881: Epoch time: 40.14 s
2026-08-05 10:57:48.056931: Yayy! New best EMA pseudo Dice: 0.843500018119812
2026-08-05 10:57:56.607189: 
2026-08-05 10:57:56.607586: Epoch 84
2026-08-05 10:57:56.607732: Current learning rate: 0.00924
2026-08-05 10:58:36.885559: train_loss -0.7683
2026-08-05 10:58:37.147677: val_loss -0.7734
2026-08-05 10:58:37.147914: Pseudo dice [np.float32(0.6951), np.float32(0.9225), np.float32(0.9317)]
2026-08-05 10:58:37.148062: Epoch time: 40.28 s
2026-08-05 10:58:37.148303: Yayy! New best EMA pseudo Dice: 0.8440999984741211
2026-08-05 10:58:45.306942: 
2026-08-05 10:58:45.307369: Epoch 85
2026-08-05 10:58:45.307477: Current learning rate: 0.00923
2026-08-05 10:59:25.481938: train_loss -0.7745
2026-08-05 10:59:26.105399: val_loss -0.7814
2026-08-05 10:59:26.105604: Pseudo dice [np.float32(0.7019), np.float32(0.9285), np.float32(0.9364)]
2026-08-05 10:59:26.106185: Epoch time: 40.18 s
2026-08-05 10:59:26.106277: Yayy! New best EMA pseudo Dice: 0.8452000021934509
2026-08-05 10:59:30.325586: 
2026-08-05 10:59:30.325994: Epoch 86
2026-08-05 10:59:30.326093: Current learning rate: 0.00922
2026-08-05 11:00:10.913347: train_loss -0.7671
2026-08-05 11:00:10.913803: val_loss -0.7838
2026-08-05 11:00:10.914022: Pseudo dice [np.float32(0.7031), np.float32(0.9325), np.float32(0.9346)]
2026-08-05 11:00:10.914170: Epoch time: 40.59 s
2026-08-05 11:00:10.914264: Yayy! New best EMA pseudo Dice: 0.8464000225067139
2026-08-05 11:00:23.486756: 
2026-08-05 11:00:23.487243: Epoch 87
2026-08-05 11:00:23.487352: Current learning rate: 0.00921
2026-08-05 11:01:03.508749: train_loss -0.7808
2026-08-05 11:01:03.510085: val_loss -0.778
2026-08-05 11:01:03.510151: Pseudo dice [np.float32(0.7001), np.float32(0.9234), np.float32(0.9348)]
2026-08-05 11:01:03.510218: Epoch time: 40.02 s
2026-08-05 11:01:03.510259: Yayy! New best EMA pseudo Dice: 0.847000002861023
2026-08-05 11:01:13.204641: 
2026-08-05 11:01:13.205177: Epoch 88
2026-08-05 11:01:13.205353: Current learning rate: 0.0092
2026-08-05 11:01:54.320085: train_loss -0.7788
2026-08-05 11:01:54.418312: val_loss -0.7853
2026-08-05 11:01:54.418418: Pseudo dice [np.float32(0.711), np.float32(0.9279), np.float32(0.9403)]
2026-08-05 11:01:54.631335: Epoch time: 41.12 s
2026-08-05 11:01:54.631511: Yayy! New best EMA pseudo Dice: 0.8482999801635742
2026-08-05 11:02:03.991262: 
2026-08-05 11:02:03.991595: Epoch 89
2026-08-05 11:02:03.991755: Current learning rate: 0.0092
2026-08-05 11:02:43.966001: train_loss -0.7745
2026-08-05 11:02:43.966562: val_loss -0.7734
2026-08-05 11:02:43.966672: Pseudo dice [np.float32(0.6938), np.float32(0.9255), np.float32(0.9305)]
2026-08-05 11:02:43.966779: Epoch time: 39.98 s
2026-08-05 11:02:43.966849: Yayy! New best EMA pseudo Dice: 0.8485000133514404
2026-08-05 11:02:52.206858: 
2026-08-05 11:02:52.207150: Epoch 90
2026-08-05 11:02:52.207266: Current learning rate: 0.00919
2026-08-05 11:03:32.267535: train_loss -0.768
2026-08-05 11:03:32.458028: val_loss -0.7718
2026-08-05 11:03:32.458284: Pseudo dice [np.float32(0.7004), np.float32(0.9283), np.float32(0.9268)]
2026-08-05 11:03:32.458491: Epoch time: 40.06 s
2026-08-05 11:03:32.458575: Yayy! New best EMA pseudo Dice: 0.848800003528595
2026-08-05 11:03:39.955498: 
2026-08-05 11:03:39.955829: Epoch 91
2026-08-05 11:03:39.956067: Current learning rate: 0.00918
2026-08-05 11:04:19.976722: train_loss -0.766
2026-08-05 11:04:19.977167: val_loss -0.7654
2026-08-05 11:04:19.977304: Pseudo dice [np.float32(0.6949), np.float32(0.9154), np.float32(0.9357)]
2026-08-05 11:04:19.977436: Epoch time: 40.02 s
2026-08-05 11:04:20.796749: 
2026-08-05 11:04:20.796990: Epoch 92
2026-08-05 11:04:20.797165: Current learning rate: 0.00917
2026-08-05 11:05:01.370610: train_loss -0.7578
2026-08-05 11:05:01.372712: val_loss -0.7755
2026-08-05 11:05:01.372857: Pseudo dice [np.float32(0.7013), np.float32(0.9252), np.float32(0.9388)]
2026-08-05 11:05:01.373018: Epoch time: 40.58 s
2026-08-05 11:05:01.373150: Yayy! New best EMA pseudo Dice: 0.849399983882904
2026-08-05 11:05:10.094314: 
2026-08-05 11:05:10.094695: Epoch 93
2026-08-05 11:05:10.094777: Current learning rate: 0.00916
2026-08-05 11:05:50.575549: train_loss -0.7712
2026-08-05 11:05:50.641306: val_loss -0.7697
2026-08-05 11:05:50.641540: Pseudo dice [np.float32(0.6994), np.float32(0.9169), np.float32(0.9322)]
2026-08-05 11:05:50.641656: Epoch time: 40.48 s
2026-08-05 11:05:50.641729: Yayy! New best EMA pseudo Dice: 0.849399983882904
2026-08-05 11:05:56.639168: 
2026-08-05 11:05:56.639530: Epoch 94
2026-08-05 11:05:56.639644: Current learning rate: 0.00915
2026-08-05 11:06:36.757814: train_loss -0.7657
2026-08-05 11:06:36.782963: val_loss -0.7331
2026-08-05 11:06:36.783033: Pseudo dice [np.float32(0.6781), np.float32(0.8979), np.float32(0.9267)]
2026-08-05 11:06:36.783095: Epoch time: 40.12 s
2026-08-05 11:06:37.473939: 
2026-08-05 11:06:37.474434: Epoch 95
2026-08-05 11:06:37.474525: Current learning rate: 0.00914
2026-08-05 11:07:17.536007: train_loss -0.7769
2026-08-05 11:07:17.536458: val_loss -0.7717
2026-08-05 11:07:17.536694: Pseudo dice [np.float32(0.6959), np.float32(0.9196), np.float32(0.9314)]
2026-08-05 11:07:17.536834: Epoch time: 40.06 s
2026-08-05 11:07:18.329827: 
2026-08-05 11:07:18.330152: Epoch 96
2026-08-05 11:07:18.330226: Current learning rate: 0.00913
2026-08-05 11:07:58.363004: train_loss -0.7748
2026-08-05 11:07:58.366700: val_loss -0.7569
2026-08-05 11:07:58.366759: Pseudo dice [np.float32(0.6824), np.float32(0.9186), np.float32(0.9259)]
2026-08-05 11:07:58.366820: Epoch time: 40.04 s
2026-08-05 11:07:59.049926: 
2026-08-05 11:07:59.050294: Epoch 97
2026-08-05 11:07:59.050390: Current learning rate: 0.00912
2026-08-05 11:08:39.211055: train_loss -0.7755
2026-08-05 11:08:39.340399: val_loss -0.7776
2026-08-05 11:08:39.340498: Pseudo dice [np.float32(0.7037), np.float32(0.9257), np.float32(0.9362)]
2026-08-05 11:08:39.340570: Epoch time: 40.16 s
2026-08-05 11:08:40.120250: 
2026-08-05 11:08:40.120601: Epoch 98
2026-08-05 11:08:40.120721: Current learning rate: 0.00911
2026-08-05 11:09:20.196491: train_loss -0.7861
2026-08-05 11:09:20.204360: val_loss -0.7728
2026-08-05 11:09:20.204510: Pseudo dice [np.float32(0.6942), np.float32(0.9231), np.float32(0.9352)]
2026-08-05 11:09:20.204649: Epoch time: 40.08 s
2026-08-05 11:09:21.005808: 
2026-08-05 11:09:21.006228: Epoch 99
2026-08-05 11:09:21.006312: Current learning rate: 0.0091
2026-08-05 11:10:00.984265: train_loss -0.7876
2026-08-05 11:10:00.985109: val_loss -0.7834
2026-08-05 11:10:00.985220: Pseudo dice [np.float32(0.7079), np.float32(0.9306), np.float32(0.9382)]
2026-08-05 11:10:00.985336: Epoch time: 39.98 s
2026-08-05 11:10:05.395376: Yayy! New best EMA pseudo Dice: 0.8495000004768372
2026-08-05 11:10:12.323105: 
2026-08-05 11:10:12.340133: Epoch 100
2026-08-05 11:10:12.340249: Current learning rate: 0.0091
2026-08-05 11:10:52.143316: train_loss -0.7852
2026-08-05 11:10:52.359241: val_loss -0.7777
2026-08-05 11:10:52.359470: Pseudo dice [np.float32(0.6992), np.float32(0.9324), np.float32(0.9317)]
2026-08-05 11:10:52.359618: Epoch time: 39.82 s
2026-08-05 11:10:52.359710: Yayy! New best EMA pseudo Dice: 0.8500000238418579
2026-08-05 11:10:58.029186: 
2026-08-05 11:10:58.029612: Epoch 101
2026-08-05 11:10:58.029699: Current learning rate: 0.00909
2026-08-05 11:11:37.999414: train_loss -0.7736
2026-08-05 11:11:38.009323: val_loss -0.7721
2026-08-05 11:11:38.009408: Pseudo dice [np.float32(0.7056), np.float32(0.9224), np.float32(0.9338)]
2026-08-05 11:11:38.009462: Epoch time: 39.97 s
2026-08-05 11:11:38.009502: Yayy! New best EMA pseudo Dice: 0.8503999710083008
2026-08-05 11:11:42.771519: 
2026-08-05 11:11:42.771823: Epoch 102
2026-08-05 11:11:42.771965: Current learning rate: 0.00908
2026-08-05 11:12:22.810815: train_loss -0.7546
2026-08-05 11:12:22.834995: val_loss -0.7569
2026-08-05 11:12:22.835242: Pseudo dice [np.float32(0.6924), np.float32(0.9154), np.float32(0.9289)]
2026-08-05 11:12:22.835386: Epoch time: 40.04 s
2026-08-05 11:12:23.640698: 
2026-08-05 11:12:23.641157: Epoch 103
2026-08-05 11:12:23.641354: Current learning rate: 0.00907
2026-08-05 11:13:03.777355: train_loss -0.7712
2026-08-05 11:13:03.828481: val_loss -0.77
2026-08-05 11:13:03.828636: Pseudo dice [np.float32(0.7007), np.float32(0.926), np.float32(0.9361)]
2026-08-05 11:13:03.828755: Epoch time: 40.14 s
2026-08-05 11:13:04.645111: 
2026-08-05 11:13:04.645441: Epoch 104
2026-08-05 11:13:04.645556: Current learning rate: 0.00906
2026-08-05 11:13:44.891093: train_loss -0.7704
2026-08-05 11:13:44.892427: val_loss -0.7696
2026-08-05 11:13:44.892580: Pseudo dice [np.float32(0.7017), np.float32(0.9267), np.float32(0.9277)]
2026-08-05 11:13:44.892712: Epoch time: 40.25 s
2026-08-05 11:13:44.892807: Yayy! New best EMA pseudo Dice: 0.8504999876022339
2026-08-05 11:13:50.230312: 
2026-08-05 11:13:50.251691: Epoch 105
2026-08-05 11:13:50.251940: Current learning rate: 0.00905
2026-08-05 11:14:30.312501: train_loss -0.7815
2026-08-05 11:14:30.404356: val_loss -0.7562
2026-08-05 11:14:30.404551: Pseudo dice [np.float32(0.6839), np.float32(0.9184), np.float32(0.9232)]
2026-08-05 11:14:30.404737: Epoch time: 40.08 s
2026-08-05 11:14:31.232065: 
2026-08-05 11:14:31.232488: Epoch 106
2026-08-05 11:14:31.232612: Current learning rate: 0.00904
2026-08-05 11:15:11.605149: train_loss -0.7703
2026-08-05 11:15:11.797787: val_loss -0.7556
2026-08-05 11:15:11.798031: Pseudo dice [np.float32(0.6921), np.float32(0.9167), np.float32(0.9307)]
2026-08-05 11:15:11.798167: Epoch time: 40.38 s
2026-08-05 11:15:12.729303: 
2026-08-05 11:15:12.729699: Epoch 107
2026-08-05 11:15:12.729798: Current learning rate: 0.00903
2026-08-05 11:15:52.765881: train_loss -0.7355
2026-08-05 11:15:52.808094: val_loss -0.7661
2026-08-05 11:15:52.808272: Pseudo dice [np.float32(0.6936), np.float32(0.9213), np.float32(0.9317)]
2026-08-05 11:15:52.808411: Epoch time: 40.04 s
2026-08-05 11:15:53.635273: 
2026-08-05 11:15:53.635579: Epoch 108
2026-08-05 11:15:53.635704: Current learning rate: 0.00902
2026-08-05 11:16:33.701613: train_loss -0.7773
2026-08-05 11:16:33.776567: val_loss -0.7649
2026-08-05 11:16:33.776737: Pseudo dice [np.float32(0.6935), np.float32(0.914), np.float32(0.9329)]
2026-08-05 11:16:33.776958: Epoch time: 40.07 s
2026-08-05 11:16:34.614648: 
2026-08-05 11:16:36.197110: Epoch 109
2026-08-05 11:16:36.197402: Current learning rate: 0.00901
2026-08-05 11:17:16.490967: train_loss -0.77
2026-08-05 11:17:16.492153: val_loss -0.7623
2026-08-05 11:17:16.492303: Pseudo dice [np.float32(0.6899), np.float32(0.9194), np.float32(0.9334)]
2026-08-05 11:17:16.492445: Epoch time: 41.88 s
2026-08-05 11:17:17.291162: 
2026-08-05 11:17:17.291551: Epoch 110
2026-08-05 11:17:17.291637: Current learning rate: 0.009
2026-08-05 11:17:57.377988: train_loss -0.7512
2026-08-05 11:17:58.567226: val_loss -0.7703
2026-08-05 11:17:58.567626: Pseudo dice [np.float32(0.6952), np.float32(0.9265), np.float32(0.9288)]
2026-08-05 11:17:58.568336: Epoch time: 40.09 s
2026-08-05 11:17:59.997134: 
2026-08-05 11:17:59.997613: Epoch 111
2026-08-05 11:17:59.997701: Current learning rate: 0.009
2026-08-05 11:18:39.984513: train_loss -0.7534
2026-08-05 11:18:40.564283: val_loss -0.7347
2026-08-05 11:18:40.564496: Pseudo dice [np.float32(0.6685), np.float32(0.9024), np.float32(0.9209)]
2026-08-05 11:18:40.564617: Epoch time: 39.99 s
2026-08-05 11:18:41.435012: 
2026-08-05 11:18:41.435450: Epoch 112
2026-08-05 11:18:41.435545: Current learning rate: 0.00899
2026-08-05 11:19:21.515993: train_loss -0.7557
2026-08-05 11:19:21.517000: val_loss -0.7589
2026-08-05 11:19:21.517146: Pseudo dice [np.float32(0.6937), np.float32(0.9126), np.float32(0.9347)]
2026-08-05 11:19:21.517281: Epoch time: 40.08 s
2026-08-05 11:19:22.253114: 
2026-08-05 11:19:22.253339: Epoch 113
2026-08-05 11:19:22.253470: Current learning rate: 0.00898
2026-08-05 11:20:02.638055: train_loss -0.7727
2026-08-05 11:20:02.784755: val_loss -0.7672
2026-08-05 11:20:02.784970: Pseudo dice [np.float32(0.6912), np.float32(0.9143), np.float32(0.9238)]
2026-08-05 11:20:02.785111: Epoch time: 40.39 s
2026-08-05 11:20:03.615694: 
2026-08-05 11:20:03.615950: Epoch 114
2026-08-05 11:20:03.616133: Current learning rate: 0.00897
2026-08-05 11:20:43.644425: train_loss -0.7794
2026-08-05 11:20:43.645055: val_loss -0.7848
2026-08-05 11:20:43.645370: Pseudo dice [np.float32(0.7105), np.float32(0.933), np.float32(0.9298)]
2026-08-05 11:20:43.645503: Epoch time: 40.03 s
2026-08-05 11:20:44.396332: 
2026-08-05 11:20:44.396709: Epoch 115
2026-08-05 11:20:44.396783: Current learning rate: 0.00896
2026-08-05 11:21:24.532412: train_loss -0.7814
2026-08-05 11:21:24.813476: val_loss -0.7717
2026-08-05 11:21:24.813700: Pseudo dice [np.float32(0.6982), np.float32(0.9218), np.float32(0.9334)]
2026-08-05 11:21:24.813949: Epoch time: 40.14 s
2026-08-05 11:21:25.799193: 
2026-08-05 11:21:25.799564: Epoch 116
2026-08-05 11:21:25.799719: Current learning rate: 0.00895
2026-08-05 11:22:05.873181: train_loss -0.7859
2026-08-05 11:22:06.150279: val_loss -0.7699
2026-08-05 11:22:06.150474: Pseudo dice [np.float32(0.7006), np.float32(0.9204), np.float32(0.9339)]
2026-08-05 11:22:06.150620: Epoch time: 40.08 s
2026-08-05 11:22:07.037701: 
2026-08-05 11:22:07.038106: Epoch 117
2026-08-05 11:22:07.038280: Current learning rate: 0.00894
2026-08-05 11:22:47.235958: train_loss -0.7859
2026-08-05 11:22:47.402964: val_loss -0.7729
2026-08-05 11:22:47.403158: Pseudo dice [np.float32(0.6945), np.float32(0.9231), np.float32(0.9316)]
2026-08-05 11:22:47.403310: Epoch time: 40.2 s
2026-08-05 11:22:48.404498: 
2026-08-05 11:22:48.404978: Epoch 118
2026-08-05 11:22:48.405097: Current learning rate: 0.00893
2026-08-05 11:23:28.406605: train_loss -0.778
2026-08-05 11:23:28.406841: val_loss -0.7717
2026-08-05 11:23:28.406931: Pseudo dice [np.float32(0.7032), np.float32(0.9208), np.float32(0.9191)]
2026-08-05 11:23:28.407001: Epoch time: 40.0 s
2026-08-05 11:23:29.111380: 
2026-08-05 11:23:29.111677: Epoch 119
2026-08-05 11:23:29.111788: Current learning rate: 0.00892
2026-08-05 11:24:09.164218: train_loss -0.7772
2026-08-05 11:24:09.325135: val_loss -0.7764
2026-08-05 11:24:09.325411: Pseudo dice [np.float32(0.6946), np.float32(0.9259), np.float32(0.9338)]
2026-08-05 11:24:09.325560: Epoch time: 40.06 s
2026-08-05 11:24:10.280016: 
2026-08-05 11:24:10.280328: Epoch 120
2026-08-05 11:24:10.280414: Current learning rate: 0.00891
2026-08-05 11:24:50.693594: train_loss -0.7809
2026-08-05 11:24:50.694043: val_loss -0.7797
2026-08-05 11:24:50.694182: Pseudo dice [np.float32(0.7037), np.float32(0.9327), np.float32(0.9342)]
2026-08-05 11:24:50.694319: Epoch time: 40.42 s
2026-08-05 11:24:51.451473: 
2026-08-05 11:24:51.451767: Epoch 121
2026-08-05 11:24:51.452029: Current learning rate: 0.0089
2026-08-05 11:25:31.451248: train_loss -0.7792
2026-08-05 11:25:31.451450: val_loss -0.7675
2026-08-05 11:25:31.451503: Pseudo dice [np.float32(0.6923), np.float32(0.9256), np.float32(0.9295)]
2026-08-05 11:25:31.451561: Epoch time: 40.0 s
2026-08-05 11:25:32.147208: 
2026-08-05 11:25:32.147512: Epoch 122
2026-08-05 11:25:32.147607: Current learning rate: 0.00889
2026-08-05 11:26:12.229047: train_loss -0.7798
2026-08-05 11:26:12.229444: val_loss -0.7642
2026-08-05 11:26:12.229553: Pseudo dice [np.float32(0.6975), np.float32(0.9182), np.float32(0.9281)]
2026-08-05 11:26:12.229668: Epoch time: 40.08 s
2026-08-05 11:26:12.961312: 
2026-08-05 11:26:12.961559: Epoch 123
2026-08-05 11:26:12.961683: Current learning rate: 0.00889
2026-08-05 11:26:53.749546: train_loss -0.7746
2026-08-05 11:26:53.750136: val_loss -0.7704
2026-08-05 11:26:53.750275: Pseudo dice [np.float32(0.6979), np.float32(0.9257), np.float32(0.935)]
2026-08-05 11:26:53.750402: Epoch time: 40.79 s
2026-08-05 11:26:54.593395: 
2026-08-05 11:26:54.593725: Epoch 124
2026-08-05 11:26:54.593850: Current learning rate: 0.00888
2026-08-05 11:27:35.132141: train_loss -0.7726
2026-08-05 11:27:35.132557: val_loss -0.7772
2026-08-05 11:27:35.132857: Pseudo dice [np.float32(0.7071), np.float32(0.9296), np.float32(0.9315)]
2026-08-05 11:27:35.133017: Epoch time: 40.54 s
2026-08-05 11:27:35.886633: 
2026-08-05 11:27:35.887098: Epoch 125
2026-08-05 11:27:35.887301: Current learning rate: 0.00887
2026-08-05 11:28:16.207299: train_loss -0.7742
2026-08-05 11:28:17.417613: val_loss -0.7738
2026-08-05 11:28:17.417863: Pseudo dice [np.float32(0.6999), np.float32(0.9172), np.float32(0.9311)]
2026-08-05 11:28:17.418141: Epoch time: 40.32 s
2026-08-05 11:28:19.015693: 
2026-08-05 11:28:19.016086: Epoch 126
2026-08-05 11:28:19.016227: Current learning rate: 0.00886
2026-08-05 11:28:59.326883: train_loss -0.7745
2026-08-05 11:28:59.327359: val_loss -0.7749
2026-08-05 11:28:59.327496: Pseudo dice [np.float32(0.6881), np.float32(0.9266), np.float32(0.933)]
2026-08-05 11:28:59.327625: Epoch time: 40.31 s
2026-08-05 11:29:00.082281: 
2026-08-05 11:29:00.082628: Epoch 127
2026-08-05 11:29:00.082717: Current learning rate: 0.00885
2026-08-05 11:29:41.550622: train_loss -0.7748
2026-08-05 11:29:41.553795: val_loss -0.7642
2026-08-05 11:29:41.553866: Pseudo dice [np.float32(0.6885), np.float32(0.9195), np.float32(0.9318)]
2026-08-05 11:29:41.553965: Epoch time: 41.47 s
2026-08-05 11:29:42.272370: 
2026-08-05 11:29:42.272734: Epoch 128
2026-08-05 11:29:42.272963: Current learning rate: 0.00884
2026-08-05 11:30:22.440120: train_loss -0.7788
2026-08-05 11:30:22.440540: val_loss -0.7676
2026-08-05 11:30:22.440672: Pseudo dice [np.float32(0.6908), np.float32(0.9189), np.float32(0.9306)]
2026-08-05 11:30:22.440807: Epoch time: 40.17 s
2026-08-05 11:30:23.261489: 
2026-08-05 11:30:23.261866: Epoch 129
2026-08-05 11:30:23.262001: Current learning rate: 0.00883
2026-08-05 11:31:03.449244: train_loss -0.7568
2026-08-05 11:31:03.449463: val_loss -0.7594
2026-08-05 11:31:03.449515: Pseudo dice [np.float32(0.6973), np.float32(0.9224), np.float32(0.9207)]
2026-08-05 11:31:03.449568: Epoch time: 40.19 s
2026-08-05 11:31:04.151217: 
2026-08-05 11:31:04.151505: Epoch 130
2026-08-05 11:31:04.151627: Current learning rate: 0.00882
2026-08-05 11:31:44.321562: train_loss -0.77
2026-08-05 11:31:44.321839: val_loss -0.7621
2026-08-05 11:31:44.322045: Pseudo dice [np.float32(0.6871), np.float32(0.9123), np.float32(0.9277)]
2026-08-05 11:31:44.322166: Epoch time: 40.17 s
2026-08-05 11:31:45.099932: 
2026-08-05 11:31:45.100145: Epoch 131
2026-08-05 11:31:45.100283: Current learning rate: 0.00881
2026-08-05 11:32:25.589854: train_loss -0.7786
2026-08-05 11:32:25.635630: val_loss -0.7693
2026-08-05 11:32:25.635841: Pseudo dice [np.float32(0.7007), np.float32(0.9252), np.float32(0.936)]
2026-08-05 11:32:25.636086: Epoch time: 40.49 s
2026-08-05 11:32:26.410282: 
2026-08-05 11:32:26.410738: Epoch 132
2026-08-05 11:32:26.410859: Current learning rate: 0.0088
2026-08-05 11:33:06.937862: train_loss -0.773
2026-08-05 11:33:06.938723: val_loss -0.7593
2026-08-05 11:33:06.938967: Pseudo dice [np.float32(0.6907), np.float32(0.9086), np.float32(0.9346)]
2026-08-05 11:33:06.939118: Epoch time: 40.53 s
2026-08-05 11:33:07.764403: 
2026-08-05 11:33:07.764766: Epoch 133
2026-08-05 11:33:07.764874: Current learning rate: 0.00879
2026-08-05 11:33:48.250452: train_loss -0.7761
2026-08-05 11:33:48.251049: val_loss -0.753
2026-08-05 11:33:48.251189: Pseudo dice [np.float32(0.6804), np.float32(0.9025), np.float32(0.9312)]
2026-08-05 11:33:48.251310: Epoch time: 40.49 s
2026-08-05 11:33:49.538322: 
2026-08-05 11:33:49.538743: Epoch 134
2026-08-05 11:33:49.538964: Current learning rate: 0.00879
2026-08-05 11:34:30.025540: train_loss -0.7691
2026-08-05 11:34:30.025990: val_loss -0.7479
2026-08-05 11:34:30.026124: Pseudo dice [np.float32(0.677), np.float32(0.9082), np.float32(0.9306)]
2026-08-05 11:34:30.026262: Epoch time: 40.49 s
2026-08-05 11:34:30.858938: 
2026-08-05 11:34:30.859312: Epoch 135
2026-08-05 11:34:30.859448: Current learning rate: 0.00878
2026-08-05 11:35:11.818323: train_loss -0.7629
2026-08-05 11:35:11.819909: val_loss -0.758
2026-08-05 11:35:11.820073: Pseudo dice [np.float32(0.6812), np.float32(0.9116), np.float32(0.9331)]
2026-08-05 11:35:11.820229: Epoch time: 40.96 s
2026-08-05 11:35:12.583948: 
2026-08-05 11:35:12.584240: Epoch 136
2026-08-05 11:35:12.584379: Current learning rate: 0.00877
2026-08-05 11:35:52.591306: train_loss -0.7799
2026-08-05 11:35:52.591540: val_loss -0.7749
2026-08-05 11:35:52.591605: Pseudo dice [np.float32(0.6968), np.float32(0.9244), np.float32(0.9345)]
2026-08-05 11:35:52.591674: Epoch time: 40.01 s
2026-08-05 11:35:53.314382: 
2026-08-05 11:35:53.314719: Epoch 137
2026-08-05 11:35:53.314806: Current learning rate: 0.00876
2026-08-05 11:36:33.665134: train_loss -0.7812
2026-08-05 11:36:33.665727: val_loss -0.7844
2026-08-05 11:36:33.665840: Pseudo dice [np.float32(0.7097), np.float32(0.9209), np.float32(0.9407)]
2026-08-05 11:36:33.665972: Epoch time: 40.35 s
2026-08-05 11:36:34.492607: 
2026-08-05 11:36:34.492999: Epoch 138
2026-08-05 11:36:34.493090: Current learning rate: 0.00875
2026-08-05 11:37:14.738885: train_loss -0.7673
2026-08-05 11:37:14.739332: val_loss -0.7484
2026-08-05 11:37:14.739466: Pseudo dice [np.float32(0.6881), np.float32(0.9035), np.float32(0.9277)]
2026-08-05 11:37:14.739693: Epoch time: 40.25 s
2026-08-05 11:37:15.533866: 
2026-08-05 11:37:15.534221: Epoch 139
2026-08-05 11:37:15.534413: Current learning rate: 0.00874
2026-08-05 11:37:55.529918: train_loss -0.7562
2026-08-05 11:37:55.530362: val_loss -0.7615
2026-08-05 11:37:55.530490: Pseudo dice [np.float32(0.6965), np.float32(0.9216), np.float32(0.9325)]
2026-08-05 11:37:55.530631: Epoch time: 40.0 s
2026-08-05 11:37:56.462337: 
2026-08-05 11:37:56.462669: Epoch 140
2026-08-05 11:37:56.462810: Current learning rate: 0.00873
2026-08-05 11:38:36.637277: train_loss -0.7821
2026-08-05 11:38:36.637654: val_loss -0.7688
2026-08-05 11:38:36.637764: Pseudo dice [np.float32(0.6895), np.float32(0.9175), np.float32(0.9341)]
2026-08-05 11:38:36.638012: Epoch time: 40.18 s
2026-08-05 11:38:39.278342: 
2026-08-05 11:38:39.278651: Epoch 141
2026-08-05 11:38:39.278733: Current learning rate: 0.00872
2026-08-05 11:39:19.470493: train_loss -0.784
2026-08-05 11:39:19.470801: val_loss -0.7736
2026-08-05 11:39:19.470858: Pseudo dice [np.float32(0.7043), np.float32(0.9217), np.float32(0.9342)]
2026-08-05 11:39:19.470942: Epoch time: 40.19 s
2026-08-05 11:39:20.211931: 
2026-08-05 11:39:20.212314: Epoch 142
2026-08-05 11:39:20.212414: Current learning rate: 0.00871
2026-08-05 11:40:00.970316: train_loss -0.7874
2026-08-05 11:40:00.970854: val_loss -0.7853
2026-08-05 11:40:00.971010: Pseudo dice [np.float32(0.7144), np.float32(0.9263), np.float32(0.9384)]
2026-08-05 11:40:00.971154: Epoch time: 40.76 s
2026-08-05 11:40:01.754342: 
2026-08-05 11:40:01.754640: Epoch 143
2026-08-05 11:40:01.754827: Current learning rate: 0.0087
2026-08-05 11:40:41.931446: train_loss -0.7941
2026-08-05 11:40:41.931701: val_loss -0.779
2026-08-05 11:40:41.931818: Pseudo dice [np.float32(0.7032), np.float32(0.9299), np.float32(0.9291)]
2026-08-05 11:40:41.931946: Epoch time: 40.18 s
2026-08-05 11:40:42.703180: 
2026-08-05 11:40:42.703679: Epoch 144
2026-08-05 11:40:42.703782: Current learning rate: 0.00869
2026-08-05 11:41:22.957582: train_loss -0.7995
2026-08-05 11:41:22.958045: val_loss -0.7631
2026-08-05 11:41:22.958180: Pseudo dice [np.float32(0.689), np.float32(0.9162), np.float32(0.93)]
2026-08-05 11:41:22.958321: Epoch time: 40.26 s
2026-08-05 11:41:23.769199: 
2026-08-05 11:41:23.769451: Epoch 145
2026-08-05 11:41:23.769654: Current learning rate: 0.00868
2026-08-05 11:42:03.696012: train_loss -0.7907
2026-08-05 11:42:03.696326: val_loss -0.79
2026-08-05 11:42:03.696385: Pseudo dice [np.float32(0.7269), np.float32(0.9279), np.float32(0.9343)]
2026-08-05 11:42:03.696449: Epoch time: 39.93 s
2026-08-05 11:42:03.696488: Yayy! New best EMA pseudo Dice: 0.8504999876022339
2026-08-05 11:42:09.898378: 
2026-08-05 11:42:09.898732: Epoch 146
2026-08-05 11:42:09.898813: Current learning rate: 0.00868
2026-08-05 11:42:50.017910: train_loss -0.7897
2026-08-05 11:42:50.018493: val_loss -0.7721
2026-08-05 11:42:50.018628: Pseudo dice [np.float32(0.6968), np.float32(0.9216), np.float32(0.9325)]
2026-08-05 11:42:50.018773: Epoch time: 40.12 s
2026-08-05 11:42:50.793800: 
2026-08-05 11:42:50.794214: Epoch 147
2026-08-05 11:42:50.794301: Current learning rate: 0.00867
2026-08-05 11:43:31.299595: train_loss -0.7782
2026-08-05 11:43:31.299866: val_loss -0.7668
2026-08-05 11:43:31.299938: Pseudo dice [np.float32(0.6953), np.float32(0.9212), np.float32(0.9289)]
2026-08-05 11:43:31.299997: Epoch time: 40.51 s
2026-08-05 11:43:32.012225: 
2026-08-05 11:43:32.012558: Epoch 148
2026-08-05 11:43:32.012716: Current learning rate: 0.00866
2026-08-05 11:44:12.178962: train_loss -0.7869
2026-08-05 11:44:12.179237: val_loss -0.7794
2026-08-05 11:44:12.179298: Pseudo dice [np.float32(0.7078), np.float32(0.9272), np.float32(0.9255)]
2026-08-05 11:44:12.179396: Epoch time: 40.17 s
2026-08-05 11:44:12.179434: Yayy! New best EMA pseudo Dice: 0.850600004196167
2026-08-05 11:44:17.336634: 
2026-08-05 11:44:17.337014: Epoch 149
2026-08-05 11:44:17.337102: Current learning rate: 0.00865
2026-08-05 11:44:57.483878: train_loss -0.7877
2026-08-05 11:44:57.484549: val_loss -0.7699
2026-08-05 11:44:57.484685: Pseudo dice [np.float32(0.6999), np.float32(0.9222), np.float32(0.9327)]
2026-08-05 11:44:57.484814: Epoch time: 40.15 s
2026-08-05 11:45:01.541635: Yayy! New best EMA pseudo Dice: 0.8507000207901001
2026-08-05 11:45:06.862772: 
2026-08-05 11:45:06.863142: Epoch 150
2026-08-05 11:45:06.863300: Current learning rate: 0.00864
2026-08-05 11:45:46.898432: train_loss -0.783
2026-08-05 11:45:46.898882: val_loss -0.7688
2026-08-05 11:45:46.899043: Pseudo dice [np.float32(0.6872), np.float32(0.9191), np.float32(0.9335)]
2026-08-05 11:45:46.899193: Epoch time: 40.04 s
2026-08-05 11:45:47.690754: 
2026-08-05 11:45:47.691049: Epoch 151
2026-08-05 11:45:47.691172: Current learning rate: 0.00863
2026-08-05 11:46:27.807173: train_loss -0.7897
2026-08-05 11:46:27.807662: val_loss -0.7708
2026-08-05 11:46:27.807795: Pseudo dice [np.float32(0.6966), np.float32(0.927), np.float32(0.9263)]
2026-08-05 11:46:27.807952: Epoch time: 40.12 s
2026-08-05 11:46:29.905427: 
2026-08-05 11:46:29.905778: Epoch 152
2026-08-05 11:46:29.905926: Current learning rate: 0.00862
2026-08-05 11:47:10.101137: train_loss -0.7964
2026-08-05 11:47:10.101753: val_loss -0.7795
2026-08-05 11:47:10.101884: Pseudo dice [np.float32(0.7102), np.float32(0.9304), np.float32(0.9377)]
2026-08-05 11:47:10.102046: Epoch time: 40.2 s
2026-08-05 11:47:10.102142: Yayy! New best EMA pseudo Dice: 0.8511999845504761
2026-08-05 11:47:19.593152: 
2026-08-05 11:47:19.593503: Epoch 153
2026-08-05 11:47:19.593590: Current learning rate: 0.00861
2026-08-05 11:48:00.003879: train_loss -0.7929
2026-08-05 11:48:00.004410: val_loss -0.7493
2026-08-05 11:48:00.004572: Pseudo dice [np.float32(0.6956), np.float32(0.9131), np.float32(0.9169)]
2026-08-05 11:48:00.004709: Epoch time: 40.41 s
2026-08-05 11:48:00.814783: 
2026-08-05 11:48:00.815144: Epoch 154
2026-08-05 11:48:00.815268: Current learning rate: 0.0086
2026-08-05 11:48:40.969833: train_loss -0.7809
2026-08-05 11:48:40.970315: val_loss -0.7566
2026-08-05 11:48:40.970446: Pseudo dice [np.float32(0.6823), np.float32(0.9168), np.float32(0.9282)]
2026-08-05 11:48:40.970580: Epoch time: 40.16 s
2026-08-05 11:48:41.791420: 
2026-08-05 11:48:41.791787: Epoch 155
2026-08-05 11:48:41.791876: Current learning rate: 0.00859
2026-08-05 11:49:21.882540: train_loss -0.7905
2026-08-05 11:49:21.902934: val_loss -0.7766
2026-08-05 11:49:21.903107: Pseudo dice [np.float32(0.7011), np.float32(0.9231), np.float32(0.9338)]
2026-08-05 11:49:21.903250: Epoch time: 40.09 s
2026-08-05 11:49:22.683611: 
2026-08-05 11:49:22.683953: Epoch 156
2026-08-05 11:49:22.684048: Current learning rate: 0.00858
2026-08-05 11:50:02.652185: train_loss -0.7909
2026-08-05 11:50:02.652555: val_loss -0.7808
2026-08-05 11:50:02.652678: Pseudo dice [np.float32(0.703), np.float32(0.9313), np.float32(0.9333)]
2026-08-05 11:50:02.652814: Epoch time: 39.97 s
2026-08-05 11:50:03.445866: 
2026-08-05 11:50:03.446165: Epoch 157
2026-08-05 11:50:03.446295: Current learning rate: 0.00858
2026-08-05 11:50:49.736801: train_loss -0.789
2026-08-05 11:50:49.737876: val_loss -0.7747
2026-08-05 11:50:49.738034: Pseudo dice [np.float32(0.7009), np.float32(0.9235), np.float32(0.9358)]
2026-08-05 11:50:49.738187: Epoch time: 46.29 s
2026-08-05 11:50:50.542932: 
2026-08-05 11:50:50.543353: Epoch 158
2026-08-05 11:50:50.543481: Current learning rate: 0.00857
2026-08-05 11:51:30.435154: train_loss -0.7838
2026-08-05 11:51:30.435398: val_loss -0.7814
2026-08-05 11:51:30.435451: Pseudo dice [np.float32(0.7078), np.float32(0.9254), np.float32(0.9387)]
2026-08-05 11:51:30.435519: Epoch time: 39.89 s
2026-08-05 11:51:30.435564: Yayy! New best EMA pseudo Dice: 0.8514000177383423
2026-08-05 11:51:37.207587: 
2026-08-05 11:51:37.208061: Epoch 159
2026-08-05 11:51:37.208150: Current learning rate: 0.00856
2026-08-05 11:52:17.551001: train_loss -0.7897
2026-08-05 11:52:17.551455: val_loss -0.7624
2026-08-05 11:52:17.551515: Pseudo dice [np.float32(0.6932), np.float32(0.9252), np.float32(0.928)]
2026-08-05 11:52:17.551574: Epoch time: 40.35 s
2026-08-05 11:52:18.265802: 
2026-08-05 11:52:18.266213: Epoch 160
2026-08-05 11:52:18.266296: Current learning rate: 0.00855
2026-08-05 11:53:00.712605: train_loss -0.7728
2026-08-05 11:53:00.714682: val_loss -0.7588
2026-08-05 11:53:00.715056: Pseudo dice [np.float32(0.6975), np.float32(0.9106), np.float32(0.9319)]
2026-08-05 11:53:00.715365: Epoch time: 42.45 s
2026-08-05 11:53:01.637018: 
2026-08-05 11:53:01.637389: Epoch 161
2026-08-05 11:53:01.637527: Current learning rate: 0.00854
2026-08-05 11:53:42.597399: train_loss -0.787
2026-08-05 11:53:42.598208: val_loss -0.7608
2026-08-05 11:53:42.598269: Pseudo dice [np.float32(0.6921), np.float32(0.9119), np.float32(0.9304)]
2026-08-05 11:53:42.598415: Epoch time: 40.96 s
2026-08-05 11:53:43.376476: 
2026-08-05 11:53:43.377001: Epoch 162
2026-08-05 11:53:43.377138: Current learning rate: 0.00853
2026-08-05 11:54:24.469270: train_loss -0.7965
2026-08-05 11:54:24.469705: val_loss -0.7877
2026-08-05 11:54:24.469760: Pseudo dice [np.float32(0.7151), np.float32(0.9322), np.float32(0.9331)]
2026-08-05 11:54:24.469827: Epoch time: 41.1 s
2026-08-05 11:54:25.448264: 
2026-08-05 11:54:25.448628: Epoch 163
2026-08-05 11:54:25.448811: Current learning rate: 0.00852
2026-08-05 11:55:05.858133: train_loss -0.8047
2026-08-05 11:55:05.858582: val_loss -0.7807
2026-08-05 11:55:05.858775: Pseudo dice [np.float32(0.6988), np.float32(0.932), np.float32(0.9349)]
2026-08-05 11:55:05.858930: Epoch time: 40.41 s
2026-08-05 11:55:05.859029: Yayy! New best EMA pseudo Dice: 0.8514999747276306
2026-08-05 11:55:14.244347: 
2026-08-05 11:55:14.244603: Epoch 164
2026-08-05 11:55:14.244801: Current learning rate: 0.00851
2026-08-05 11:55:55.116058: train_loss -0.7977
2026-08-05 11:55:55.116608: val_loss -0.7792
2026-08-05 11:55:55.116735: Pseudo dice [np.float32(0.7044), np.float32(0.9245), np.float32(0.9304)]
2026-08-05 11:55:55.116869: Epoch time: 40.87 s
2026-08-05 11:55:55.116982: Yayy! New best EMA pseudo Dice: 0.8517000079154968
2026-08-05 11:56:05.226416: 
2026-08-05 11:56:05.226826: Epoch 165
2026-08-05 11:56:05.226949: Current learning rate: 0.0085
2026-08-05 11:56:45.609350: train_loss -0.7921
2026-08-05 11:56:45.654465: val_loss -0.7832
2026-08-05 11:56:45.654653: Pseudo dice [np.float32(0.7097), np.float32(0.9295), np.float32(0.9385)]
2026-08-05 11:56:45.654799: Epoch time: 40.39 s
2026-08-05 11:56:45.654953: Yayy! New best EMA pseudo Dice: 0.852400004863739
2026-08-05 11:56:51.969784: 
2026-08-05 11:56:51.970181: Epoch 166
2026-08-05 11:56:51.970283: Current learning rate: 0.00849
2026-08-05 11:57:32.896087: train_loss -0.7915
2026-08-05 11:57:32.896503: val_loss -0.7781
2026-08-05 11:57:32.896611: Pseudo dice [np.float32(0.7068), np.float32(0.9245), np.float32(0.9349)]
2026-08-05 11:57:32.896853: Epoch time: 40.93 s
2026-08-05 11:57:32.896954: Yayy! New best EMA pseudo Dice: 0.8526999950408936
2026-08-05 11:57:38.085934: 
2026-08-05 11:57:38.086411: Epoch 167
2026-08-05 11:57:38.086588: Current learning rate: 0.00848
2026-08-05 11:58:19.541774: train_loss -0.7917
2026-08-05 11:58:19.542219: val_loss -0.7675
2026-08-05 11:58:19.542433: Pseudo dice [np.float32(0.7024), np.float32(0.9219), np.float32(0.9327)]
2026-08-05 11:58:19.542577: Epoch time: 41.46 s
2026-08-05 11:58:20.399934: 
2026-08-05 11:58:20.400303: Epoch 168
2026-08-05 11:58:20.400548: Current learning rate: 0.00847
2026-08-05 11:59:01.192874: train_loss -0.7905
2026-08-05 11:59:01.193559: val_loss -0.7762
2026-08-05 11:59:01.193686: Pseudo dice [np.float32(0.6986), np.float32(0.9237), np.float32(0.9356)]
2026-08-05 11:59:01.193818: Epoch time: 40.8 s
2026-08-05 11:59:02.022907: 
2026-08-05 11:59:02.023257: Epoch 169
2026-08-05 11:59:02.023401: Current learning rate: 0.00847
2026-08-05 11:59:42.844849: train_loss -0.7977
2026-08-05 11:59:42.845579: val_loss -0.773
2026-08-05 11:59:42.845775: Pseudo dice [np.float32(0.6963), np.float32(0.9261), np.float32(0.9333)]
2026-08-05 11:59:42.845919: Epoch time: 40.82 s
2026-08-05 11:59:43.611569: 
2026-08-05 11:59:43.612145: Epoch 170
2026-08-05 11:59:43.612265: Current learning rate: 0.00846
2026-08-05 12:00:25.542412: train_loss -0.8002
2026-08-05 12:00:25.544020: val_loss -0.7895
2026-08-05 12:00:25.544243: Pseudo dice [np.float32(0.7168), np.float32(0.9287), np.float32(0.9423)]
2026-08-05 12:00:25.544475: Epoch time: 41.93 s
2026-08-05 12:00:25.544558: Yayy! New best EMA pseudo Dice: 0.853600025177002
2026-08-05 12:00:31.427168: 
2026-08-05 12:00:31.427668: Epoch 171
2026-08-05 12:00:31.427858: Current learning rate: 0.00845
2026-08-05 12:01:18.615287: train_loss -0.8035
2026-08-05 12:01:18.615850: val_loss -0.7903
2026-08-05 12:01:18.615916: Pseudo dice [np.float32(0.7198), np.float32(0.9321), np.float32(0.9384)]
2026-08-05 12:01:18.616013: Epoch time: 47.19 s
2026-08-05 12:01:18.616061: Yayy! New best EMA pseudo Dice: 0.8546000123023987
2026-08-05 12:01:24.861665: 
2026-08-05 12:01:24.861941: Epoch 172
2026-08-05 12:01:24.862036: Current learning rate: 0.00844
2026-08-05 12:02:05.666472: train_loss -0.8005
2026-08-05 12:02:05.667957: val_loss -0.7859
2026-08-05 12:02:05.668411: Pseudo dice [np.float32(0.7022), np.float32(0.9316), np.float32(0.9415)]
2026-08-05 12:02:05.668701: Epoch time: 40.81 s
2026-08-05 12:02:05.668802: Yayy! New best EMA pseudo Dice: 0.8550000190734863
2026-08-05 12:02:10.728350: 
2026-08-05 12:02:10.729042: Epoch 173
2026-08-05 12:02:10.729217: Current learning rate: 0.00843
2026-08-05 12:02:51.592630: train_loss -0.807
2026-08-05 12:02:51.603865: val_loss -0.7843
2026-08-05 12:02:51.604169: Pseudo dice [np.float32(0.7087), np.float32(0.9329), np.float32(0.9354)]
2026-08-05 12:02:51.604399: Epoch time: 40.87 s
2026-08-05 12:02:51.604517: Yayy! New best EMA pseudo Dice: 0.855400025844574
2026-08-05 12:02:55.871044: 
2026-08-05 12:02:55.871374: Epoch 174
2026-08-05 12:02:55.871492: Current learning rate: 0.00842
2026-08-05 12:03:36.124610: train_loss -0.8109
2026-08-05 12:03:36.125065: val_loss -0.7933
2026-08-05 12:03:36.125277: Pseudo dice [np.float32(0.7237), np.float32(0.9312), np.float32(0.9372)]
2026-08-05 12:03:36.125403: Epoch time: 40.26 s
2026-08-05 12:03:36.125491: Yayy! New best EMA pseudo Dice: 0.8561999797821045
2026-08-05 12:03:40.667869: 
2026-08-05 12:03:40.668221: Epoch 175
2026-08-05 12:03:40.668341: Current learning rate: 0.00841
2026-08-05 12:04:20.927378: train_loss -0.8034
2026-08-05 12:04:20.928000: val_loss -0.7939
2026-08-05 12:04:20.928137: Pseudo dice [np.float32(0.7229), np.float32(0.9329), np.float32(0.9377)]
2026-08-05 12:04:20.928266: Epoch time: 40.26 s
2026-08-05 12:04:20.928355: Yayy! New best EMA pseudo Dice: 0.8571000099182129
2026-08-05 12:04:26.142737: 
2026-08-05 12:04:26.143185: Epoch 176
2026-08-05 12:04:26.143293: Current learning rate: 0.0084
2026-08-05 12:05:06.782640: train_loss -0.7988
2026-08-05 12:05:06.783124: val_loss -0.7899
2026-08-05 12:05:06.783239: Pseudo dice [np.float32(0.7195), np.float32(0.9364), np.float32(0.9346)]
2026-08-05 12:05:06.783347: Epoch time: 40.64 s
2026-08-05 12:05:06.783420: Yayy! New best EMA pseudo Dice: 0.857699990272522
2026-08-05 12:05:14.902673: 
2026-08-05 12:05:14.902979: Epoch 177
2026-08-05 12:05:14.903110: Current learning rate: 0.00839
2026-08-05 12:05:55.502832: train_loss -0.8016
2026-08-05 12:05:55.503186: val_loss -0.7839
2026-08-05 12:05:55.503250: Pseudo dice [np.float32(0.7181), np.float32(0.9332), np.float32(0.9319)]
2026-08-05 12:05:55.503315: Epoch time: 40.6 s
2026-08-05 12:05:55.503358: Yayy! New best EMA pseudo Dice: 0.8579999804496765
2026-08-05 12:06:07.958865: 
2026-08-05 12:06:07.959338: Epoch 178
2026-08-05 12:06:07.959460: Current learning rate: 0.00838
2026-08-05 12:06:48.336869: train_loss -0.812
2026-08-05 12:06:48.337277: val_loss -0.7921
2026-08-05 12:06:48.337448: Pseudo dice [np.float32(0.7158), np.float32(0.9322), np.float32(0.9427)]
2026-08-05 12:06:48.337549: Epoch time: 40.38 s
2026-08-05 12:06:48.337621: Yayy! New best EMA pseudo Dice: 0.8586000204086304
2026-08-05 12:06:53.009280: 
2026-08-05 12:06:53.009605: Epoch 179
2026-08-05 12:06:53.009754: Current learning rate: 0.00837
2026-08-05 12:07:33.507242: train_loss -0.8112
2026-08-05 12:07:33.507666: val_loss -0.7887
2026-08-05 12:07:33.507809: Pseudo dice [np.float32(0.7163), np.float32(0.9329), np.float32(0.9364)]
2026-08-05 12:07:33.508022: Epoch time: 40.5 s
2026-08-05 12:07:33.508117: Yayy! New best EMA pseudo Dice: 0.8589000105857849
2026-08-05 12:07:43.316614: 
2026-08-05 12:07:43.316911: Epoch 180
2026-08-05 12:07:43.317205: Current learning rate: 0.00836
2026-08-05 12:08:23.605819: train_loss -0.8028
2026-08-05 12:08:23.833185: val_loss -0.7476
2026-08-05 12:08:23.833354: Pseudo dice [np.float32(0.6869), np.float32(0.9099), np.float32(0.9204)]
2026-08-05 12:08:23.833451: Epoch time: 40.29 s
2026-08-05 12:08:24.755301: 
2026-08-05 12:08:24.755751: Epoch 181
2026-08-05 12:08:24.755865: Current learning rate: 0.00836
2026-08-05 12:09:05.185072: train_loss -0.8014
2026-08-05 12:09:05.185478: val_loss -0.7914
2026-08-05 12:09:05.185611: Pseudo dice [np.float32(0.7124), np.float32(0.9309), np.float32(0.937)]
2026-08-05 12:09:05.185810: Epoch time: 40.43 s
2026-08-05 12:09:06.040035: 
2026-08-05 12:09:06.040355: Epoch 182
2026-08-05 12:09:06.040491: Current learning rate: 0.00835
2026-08-05 12:09:46.709628: train_loss -0.8068
2026-08-05 12:09:46.710184: val_loss -0.7849
2026-08-05 12:09:46.710343: Pseudo dice [np.float32(0.7089), np.float32(0.929), np.float32(0.9368)]
2026-08-05 12:09:46.710450: Epoch time: 40.67 s
2026-08-05 12:09:47.472800: 
2026-08-05 12:09:47.473167: Epoch 183
2026-08-05 12:09:47.473263: Current learning rate: 0.00834
2026-08-05 12:10:27.511242: train_loss -0.7977
2026-08-05 12:10:27.511914: val_loss -0.7885
2026-08-05 12:10:27.512134: Pseudo dice [np.float32(0.7095), np.float32(0.9259), np.float32(0.936)]
2026-08-05 12:10:27.512234: Epoch time: 40.04 s
2026-08-05 12:10:28.297642: 
2026-08-05 12:10:28.298184: Epoch 184
2026-08-05 12:10:28.298279: Current learning rate: 0.00833
2026-08-05 12:11:09.300388: train_loss -0.8106
2026-08-05 12:11:09.630071: val_loss -0.789
2026-08-05 12:11:09.630321: Pseudo dice [np.float32(0.7124), np.float32(0.9356), np.float32(0.939)]
2026-08-05 12:11:09.630391: Epoch time: 41.01 s
2026-08-05 12:11:10.623615: 
2026-08-05 12:11:10.623941: Epoch 185
2026-08-05 12:11:10.624148: Current learning rate: 0.00832
2026-08-05 12:11:51.046067: train_loss -0.8116
2026-08-05 12:11:51.124998: val_loss -0.7919
2026-08-05 12:11:51.125134: Pseudo dice [np.float32(0.7188), np.float32(0.9304), np.float32(0.9402)]
2026-08-05 12:11:51.125208: Epoch time: 40.43 s
2026-08-05 12:11:52.030817: 
2026-08-05 12:11:52.031264: Epoch 186
2026-08-05 12:11:52.031383: Current learning rate: 0.00831
2026-08-05 12:12:32.562202: train_loss -0.8112
2026-08-05 12:12:32.562732: val_loss -0.7817
2026-08-05 12:12:32.562869: Pseudo dice [np.float32(0.7124), np.float32(0.9254), np.float32(0.938)]
2026-08-05 12:12:32.563099: Epoch time: 40.53 s
2026-08-05 12:12:33.375834: 
2026-08-05 12:12:33.376245: Epoch 187
2026-08-05 12:12:33.376350: Current learning rate: 0.0083
2026-08-05 12:13:13.713811: train_loss -0.7951
2026-08-05 12:13:13.942601: val_loss -0.7665
2026-08-05 12:13:13.942751: Pseudo dice [np.float32(0.6999), np.float32(0.9103), np.float32(0.9275)]
2026-08-05 12:13:13.942819: Epoch time: 40.34 s
2026-08-05 12:13:14.715697: 
2026-08-05 12:13:14.715971: Epoch 188
2026-08-05 12:13:14.716067: Current learning rate: 0.00829
2026-08-05 12:13:55.166337: train_loss -0.7652
2026-08-05 12:13:55.201386: val_loss -0.7551
2026-08-05 12:13:55.201545: Pseudo dice [np.float32(0.6861), np.float32(0.919), np.float32(0.9245)]
2026-08-05 12:13:55.201681: Epoch time: 40.45 s
2026-08-05 12:13:56.065391: 
2026-08-05 12:13:56.065674: Epoch 189
2026-08-05 12:13:56.065852: Current learning rate: 0.00828
2026-08-05 12:14:36.232930: train_loss -0.7759
2026-08-05 12:14:36.282511: val_loss -0.7831
2026-08-05 12:14:36.282732: Pseudo dice [np.float32(0.7117), np.float32(0.9291), np.float32(0.9356)]
2026-08-05 12:14:36.282864: Epoch time: 40.17 s
2026-08-05 12:14:37.733846: 
2026-08-05 12:14:37.734167: Epoch 190
2026-08-05 12:14:37.734280: Current learning rate: 0.00827
2026-08-05 12:15:18.094887: train_loss -0.7818
2026-08-05 12:15:18.243766: val_loss -0.7623
2026-08-05 12:15:18.243901: Pseudo dice [np.float32(0.7044), np.float32(0.9151), np.float32(0.9327)]
2026-08-05 12:15:18.243976: Epoch time: 40.36 s
2026-08-05 12:15:19.494860: 
2026-08-05 12:15:19.495163: Epoch 191
2026-08-05 12:15:19.495276: Current learning rate: 0.00826
2026-08-05 12:16:00.153699: train_loss -0.7843
2026-08-05 12:16:00.154881: val_loss -0.7649
2026-08-05 12:16:00.155042: Pseudo dice [np.float32(0.6907), np.float32(0.9203), np.float32(0.9335)]
2026-08-05 12:16:00.155175: Epoch time: 40.66 s
2026-08-05 12:16:01.004957: 
2026-08-05 12:16:01.005284: Epoch 192
2026-08-05 12:16:01.005420: Current learning rate: 0.00825
2026-08-05 12:16:41.473452: train_loss -0.785
2026-08-05 12:16:41.866400: val_loss -0.7657
2026-08-05 12:16:41.866570: Pseudo dice [np.float32(0.6959), np.float32(0.9207), np.float32(0.9295)]
2026-08-05 12:16:41.866728: Epoch time: 40.47 s
2026-08-05 12:16:43.058531: 
2026-08-05 12:16:43.058861: Epoch 193
2026-08-05 12:16:43.058982: Current learning rate: 0.00824
2026-08-05 12:17:23.582734: train_loss -0.759
2026-08-05 12:17:23.594376: val_loss -0.7614
2026-08-05 12:17:23.594531: Pseudo dice [np.float32(0.6831), np.float32(0.9234), np.float32(0.932)]
2026-08-05 12:17:23.594667: Epoch time: 40.53 s
2026-08-05 12:17:24.722717: 
2026-08-05 12:17:24.723086: Epoch 194
2026-08-05 12:17:24.723181: Current learning rate: 0.00824
2026-08-05 12:18:05.549248: train_loss -0.7643
2026-08-05 12:18:05.549430: val_loss -0.7604
2026-08-05 12:18:05.549482: Pseudo dice [np.float32(0.6909), np.float32(0.9209), np.float32(0.9315)]
2026-08-05 12:18:05.549536: Epoch time: 40.83 s
2026-08-05 12:18:06.285810: 
2026-08-05 12:18:06.286109: Epoch 195
2026-08-05 12:18:06.286222: Current learning rate: 0.00823
2026-08-05 12:18:46.869251: train_loss -0.7731
2026-08-05 12:18:46.869602: val_loss -0.7687
2026-08-05 12:18:46.869796: Pseudo dice [np.float32(0.7017), np.float32(0.9249), np.float32(0.9319)]
2026-08-05 12:18:46.869935: Epoch time: 40.59 s
2026-08-05 12:18:47.662108: 
2026-08-05 12:18:47.662398: Epoch 196
2026-08-05 12:18:47.662565: Current learning rate: 0.00822
2026-08-05 12:19:28.622537: train_loss -0.7916
2026-08-05 12:19:28.623176: val_loss -0.7838
2026-08-05 12:19:28.623378: Pseudo dice [np.float32(0.7103), np.float32(0.9269), np.float32(0.9426)]
2026-08-05 12:19:28.623529: Epoch time: 40.96 s
2026-08-05 12:19:29.650470: 
2026-08-05 12:19:29.650798: Epoch 197
2026-08-05 12:19:29.650914: Current learning rate: 0.00821
2026-08-05 12:20:10.413441: train_loss -0.8001
2026-08-05 12:20:10.414466: val_loss -0.7894
2026-08-05 12:20:10.414558: Pseudo dice [np.float32(0.7124), np.float32(0.9286), np.float32(0.9401)]
2026-08-05 12:20:10.414646: Epoch time: 40.77 s
2026-08-05 12:20:11.935867: 
2026-08-05 12:20:11.936220: Epoch 198
2026-08-05 12:20:11.936333: Current learning rate: 0.0082
2026-08-05 12:20:52.447956: train_loss -0.8065
2026-08-05 12:20:52.448545: val_loss -0.7765
2026-08-05 12:20:52.448690: Pseudo dice [np.float32(0.7023), np.float32(0.9216), np.float32(0.935)]
2026-08-05 12:20:52.448824: Epoch time: 40.51 s
2026-08-05 12:20:53.257130: 
2026-08-05 12:20:53.257439: Epoch 199
2026-08-05 12:20:53.257548: Current learning rate: 0.00819
2026-08-05 12:21:36.396640: train_loss -0.8041
2026-08-05 12:21:36.544563: val_loss -0.7775
2026-08-05 12:21:36.544940: Pseudo dice [np.float32(0.6983), np.float32(0.9374), np.float32(0.928)]
2026-08-05 12:21:36.545137: Epoch time: 43.14 s
2026-08-05 12:22:00.145234: 
2026-08-05 12:22:00.734053: Epoch 200
2026-08-05 12:22:00.734345: Current learning rate: 0.00818
2026-08-05 12:22:45.626930: train_loss -0.8011
2026-08-05 12:22:45.632286: val_loss -0.7712
2026-08-05 12:22:45.632448: Pseudo dice [np.float32(0.6987), np.float32(0.9222), np.float32(0.932)]
2026-08-05 12:22:45.632572: Epoch time: 45.48 s
2026-08-05 12:22:46.447684: 
2026-08-05 12:22:46.448048: Epoch 201
2026-08-05 12:22:46.448159: Current learning rate: 0.00817
2026-08-05 12:23:26.939926: train_loss -0.8023
2026-08-05 12:23:26.940293: val_loss -0.7936
2026-08-05 12:23:26.940449: Pseudo dice [np.float32(0.7208), np.float32(0.9316), np.float32(0.9388)]
2026-08-05 12:23:26.940731: Epoch time: 40.49 s
2026-08-05 12:23:28.086671: 
2026-08-05 12:23:28.087038: Epoch 202
2026-08-05 12:23:28.087202: Current learning rate: 0.00816
2026-08-05 12:24:08.679996: train_loss -0.8009
2026-08-05 12:24:08.680531: val_loss -0.7669
2026-08-05 12:24:08.680603: Pseudo dice [np.float32(0.7015), np.float32(0.9121), np.float32(0.9336)]
2026-08-05 12:24:08.680675: Epoch time: 40.6 s
2026-08-05 12:24:09.672521: 
2026-08-05 12:24:09.673047: Epoch 203
2026-08-05 12:24:09.673184: Current learning rate: 0.00815
2026-08-05 12:24:50.130439: train_loss -0.7943
2026-08-05 12:24:50.131441: val_loss -0.7821
2026-08-05 12:24:50.131603: Pseudo dice [np.float32(0.708), np.float32(0.9306), np.float32(0.9346)]
2026-08-05 12:24:50.131752: Epoch time: 40.46 s
2026-08-05 12:24:51.020814: 
2026-08-05 12:24:51.021194: Epoch 204
2026-08-05 12:24:51.021299: Current learning rate: 0.00814
2026-08-05 12:25:31.929494: train_loss -0.8021
2026-08-05 12:25:31.929872: val_loss -0.7664
2026-08-05 12:25:31.930041: Pseudo dice [np.float32(0.6961), np.float32(0.9204), np.float32(0.9357)]
2026-08-05 12:25:31.930309: Epoch time: 40.91 s
2026-08-05 12:25:33.073130: 
2026-08-05 12:25:33.073477: Epoch 205
2026-08-05 12:25:33.073626: Current learning rate: 0.00813
2026-08-05 12:26:13.702230: train_loss -0.8015
2026-08-05 12:26:13.702604: val_loss -0.7827
2026-08-05 12:26:13.702726: Pseudo dice [np.float32(0.7156), np.float32(0.9317), np.float32(0.935)]
2026-08-05 12:26:13.702840: Epoch time: 40.63 s
2026-08-05 12:26:14.537446: 
2026-08-05 12:26:14.537746: Epoch 206
2026-08-05 12:26:14.537907: Current learning rate: 0.00813
2026-08-05 12:26:55.107831: train_loss -0.7896
2026-08-05 12:26:55.108130: val_loss -0.7768
2026-08-05 12:26:55.108186: Pseudo dice [np.float32(0.699), np.float32(0.9289), np.float32(0.9306)]
2026-08-05 12:26:55.108248: Epoch time: 40.57 s
2026-08-05 12:26:55.844574: 
2026-08-05 12:26:55.844871: Epoch 207
2026-08-05 12:26:55.845084: Current learning rate: 0.00812
2026-08-05 12:27:37.069687: train_loss -0.801
2026-08-05 12:27:37.070172: val_loss -0.7655
2026-08-05 12:27:37.070343: Pseudo dice [np.float32(0.7013), np.float32(0.9221), np.float32(0.9266)]
2026-08-05 12:27:37.070606: Epoch time: 41.23 s
2026-08-05 12:27:37.933115: 
2026-08-05 12:27:37.933662: Epoch 208
2026-08-05 12:27:37.933784: Current learning rate: 0.00811
2026-08-05 12:28:18.251322: train_loss -0.7954
2026-08-05 12:28:18.251526: val_loss -0.757
2026-08-05 12:28:18.251581: Pseudo dice [np.float32(0.6819), np.float32(0.907), np.float32(0.9341)]
2026-08-05 12:28:18.251723: Epoch time: 40.32 s
2026-08-05 12:28:19.867743: 
2026-08-05 12:28:19.868223: Epoch 209
2026-08-05 12:28:19.868333: Current learning rate: 0.0081
2026-08-05 12:29:00.210320: train_loss -0.7972
2026-08-05 12:29:00.210527: val_loss -0.7903
2026-08-05 12:29:00.210605: Pseudo dice [np.float32(0.7188), np.float32(0.9293), np.float32(0.9379)]
2026-08-05 12:29:00.210665: Epoch time: 40.35 s
2026-08-05 12:29:01.824703: 
2026-08-05 12:29:01.825102: Epoch 210
2026-08-05 12:29:01.825201: Current learning rate: 0.00809
2026-08-05 12:29:42.981859: train_loss -0.8081
2026-08-05 12:29:42.982335: val_loss -0.7957
2026-08-05 12:29:42.982474: Pseudo dice [np.float32(0.7192), np.float32(0.9317), np.float32(0.9405)]
2026-08-05 12:29:42.982625: Epoch time: 41.16 s
2026-08-05 12:29:43.937839: 
2026-08-05 12:29:43.938266: Epoch 211
2026-08-05 12:29:43.938394: Current learning rate: 0.00808
2026-08-05 12:30:25.779678: train_loss -0.8099
2026-08-05 12:30:25.808446: val_loss -0.7877
2026-08-05 12:30:25.808593: Pseudo dice [np.float32(0.7116), np.float32(0.9354), np.float32(0.9361)]
2026-08-05 12:30:25.808682: Epoch time: 41.85 s
2026-08-05 12:30:26.632119: 
2026-08-05 12:30:26.632502: Epoch 212
2026-08-05 12:30:26.632694: Current learning rate: 0.00807
2026-08-05 12:31:07.213307: train_loss -0.8088
2026-08-05 12:31:07.213591: val_loss -0.7872
2026-08-05 12:31:07.213694: Pseudo dice [np.float32(0.7042), np.float32(0.9334), np.float32(0.938)]
2026-08-05 12:31:07.216136: Epoch time: 40.58 s
2026-08-05 12:31:08.237299: 
2026-08-05 12:31:08.237601: Epoch 213
2026-08-05 12:31:08.237713: Current learning rate: 0.00806
2026-08-05 12:31:49.002585: train_loss -0.8151
2026-08-05 12:31:49.003266: val_loss -0.7836
2026-08-05 12:31:49.003407: Pseudo dice [np.float32(0.7126), np.float32(0.9301), np.float32(0.9367)]
2026-08-05 12:31:49.003537: Epoch time: 40.77 s
2026-08-05 12:31:50.270213: 
2026-08-05 12:31:50.270529: Epoch 214
2026-08-05 12:31:50.270667: Current learning rate: 0.00805
2026-08-05 12:32:30.793943: train_loss -0.8048
2026-08-05 12:32:30.794271: val_loss -0.7819
2026-08-05 12:32:30.794343: Pseudo dice [np.float32(0.7078), np.float32(0.9292), np.float32(0.9342)]
2026-08-05 12:32:30.794416: Epoch time: 40.53 s
2026-08-05 12:32:31.749185: 
2026-08-05 12:32:31.749589: Epoch 215
2026-08-05 12:32:31.749715: Current learning rate: 0.00804
2026-08-05 12:33:12.352483: train_loss -0.8166
2026-08-05 12:33:12.352650: val_loss -0.7953
2026-08-05 12:33:12.352702: Pseudo dice [np.float32(0.7229), np.float32(0.9281), np.float32(0.938)]
2026-08-05 12:33:12.352761: Epoch time: 40.61 s
2026-08-05 12:33:13.738993: 
2026-08-05 12:33:13.739367: Epoch 216
2026-08-05 12:33:13.739479: Current learning rate: 0.00803
2026-08-05 12:33:54.236708: train_loss -0.8195
2026-08-05 12:33:54.237378: val_loss -0.786
2026-08-05 12:33:54.237518: Pseudo dice [np.float32(0.7027), np.float32(0.9307), np.float32(0.9403)]
2026-08-05 12:33:54.353563: Epoch time: 40.5 s
2026-08-05 12:33:55.910101: 
2026-08-05 12:33:55.910434: Epoch 217
2026-08-05 12:33:55.910570: Current learning rate: 0.00802
2026-08-05 12:34:36.954004: train_loss -0.8207
2026-08-05 12:34:36.954204: val_loss -0.7796
2026-08-05 12:34:36.954259: Pseudo dice [np.float32(0.7064), np.float32(0.93), np.float32(0.9354)]
2026-08-05 12:34:36.954331: Epoch time: 41.05 s
2026-08-05 12:34:38.257501: 
2026-08-05 12:34:38.257996: Epoch 218
2026-08-05 12:34:38.258104: Current learning rate: 0.00801
2026-08-05 12:35:20.475744: train_loss -0.8249
2026-08-05 12:35:20.476044: val_loss -0.7831
2026-08-05 12:35:20.476182: Pseudo dice [np.float32(0.702), np.float32(0.9313), np.float32(0.9345)]
2026-08-05 12:35:20.476302: Epoch time: 42.22 s
2026-08-05 12:35:21.326663: 
2026-08-05 12:35:21.326990: Epoch 219
2026-08-05 12:35:21.327102: Current learning rate: 0.00801
2026-08-05 12:36:01.906914: train_loss -0.8255
2026-08-05 12:36:01.907341: val_loss -0.7795
2026-08-05 12:36:01.907585: Pseudo dice [np.float32(0.6996), np.float32(0.9326), np.float32(0.9349)]
2026-08-05 12:36:01.907675: Epoch time: 40.58 s
2026-08-05 12:36:02.692218: 
2026-08-05 12:36:02.692603: Epoch 220
2026-08-05 12:36:02.692718: Current learning rate: 0.008
2026-08-05 12:36:48.076745: train_loss -0.8133
2026-08-05 12:36:48.077223: val_loss -0.786
2026-08-05 12:36:48.077332: Pseudo dice [np.float32(0.709), np.float32(0.9287), np.float32(0.9367)]
2026-08-05 12:36:48.077427: Epoch time: 45.39 s
2026-08-05 12:36:49.930623: 
2026-08-05 12:36:49.930839: Epoch 221
2026-08-05 12:36:49.930988: Current learning rate: 0.00799
2026-08-05 12:37:30.027071: train_loss -0.8267
2026-08-05 12:37:30.027442: val_loss -0.7901
2026-08-05 12:37:30.027514: Pseudo dice [np.float32(0.7115), np.float32(0.9334), np.float32(0.9409)]
2026-08-05 12:37:30.027625: Epoch time: 40.1 s
2026-08-05 12:37:31.333223: 
2026-08-05 12:37:31.333528: Epoch 222
2026-08-05 12:37:31.333670: Current learning rate: 0.00798
2026-08-05 12:38:12.165510: train_loss -0.8198
2026-08-05 12:38:12.223008: val_loss -0.7876
2026-08-05 12:38:12.223293: Pseudo dice [np.float32(0.7118), np.float32(0.9297), np.float32(0.93)]
2026-08-05 12:38:12.223426: Epoch time: 40.84 s
2026-08-05 12:38:13.189686: 
2026-08-05 12:38:13.190000: Epoch 223
2026-08-05 12:38:13.190092: Current learning rate: 0.00797
2026-08-05 12:38:54.480381: train_loss -0.8152
2026-08-05 12:38:54.625391: val_loss -0.7903
2026-08-05 12:38:54.625584: Pseudo dice [np.float32(0.7139), np.float32(0.9304), np.float32(0.938)]
2026-08-05 12:38:54.625683: Epoch time: 41.29 s
2026-08-05 12:38:55.495596: 
2026-08-05 12:38:55.495972: Epoch 224
2026-08-05 12:38:55.496085: Current learning rate: 0.00796
2026-08-05 12:39:36.330657: train_loss -0.8232
2026-08-05 12:39:36.502993: val_loss -0.7812
2026-08-05 12:39:36.503208: Pseudo dice [np.float32(0.7042), np.float32(0.9334), np.float32(0.9318)]
2026-08-05 12:39:36.503342: Epoch time: 40.84 s
2026-08-05 12:39:37.949235: 
2026-08-05 12:39:37.949507: Epoch 225
2026-08-05 12:39:37.949677: Current learning rate: 0.00795
2026-08-05 12:40:19.967267: train_loss -0.8226
2026-08-05 12:40:20.021682: val_loss -0.7759
2026-08-05 12:40:20.021910: Pseudo dice [np.float32(0.6905), np.float32(0.9241), np.float32(0.9328)]
2026-08-05 12:40:20.022050: Epoch time: 42.02 s
2026-08-05 12:40:20.984700: 
2026-08-05 12:40:20.984984: Epoch 226
2026-08-05 12:40:20.985168: Current learning rate: 0.00794
2026-08-05 12:41:01.720737: train_loss -0.8223
2026-08-05 12:41:01.815942: val_loss -0.787
2026-08-05 12:41:01.816129: Pseudo dice [np.float32(0.7033), np.float32(0.9327), np.float32(0.9408)]
2026-08-05 12:41:01.816252: Epoch time: 40.74 s
2026-08-05 12:41:02.731655: 
2026-08-05 12:41:02.732003: Epoch 227
2026-08-05 12:41:02.732138: Current learning rate: 0.00793
2026-08-05 12:41:43.027945: train_loss -0.8231
2026-08-05 12:41:43.043750: val_loss -0.7923
2026-08-05 12:41:43.043933: Pseudo dice [np.float32(0.72), np.float32(0.9417), np.float32(0.936)]
2026-08-05 12:41:43.044041: Epoch time: 40.3 s
2026-08-05 12:41:44.182590: 
2026-08-05 12:41:44.182962: Epoch 228
2026-08-05 12:41:44.183063: Current learning rate: 0.00792
2026-08-05 12:42:24.741145: train_loss -0.8224
2026-08-05 12:42:24.779661: val_loss -0.7817
2026-08-05 12:42:24.779772: Pseudo dice [np.float32(0.704), np.float32(0.9288), np.float32(0.9367)]
2026-08-05 12:42:24.779848: Epoch time: 40.56 s
2026-08-05 12:42:25.807633: 
2026-08-05 12:42:25.808036: Epoch 229
2026-08-05 12:42:25.808189: Current learning rate: 0.00791
2026-08-05 12:43:06.522794: train_loss -0.8202
2026-08-05 12:43:06.549432: val_loss -0.7995
2026-08-05 12:43:06.549504: Pseudo dice [np.float32(0.7262), np.float32(0.9338), np.float32(0.9423)]
2026-08-05 12:43:06.549567: Epoch time: 40.72 s
2026-08-05 12:43:08.274441: 
2026-08-05 12:43:08.274716: Epoch 230
2026-08-05 12:43:08.274926: Current learning rate: 0.0079
2026-08-05 12:43:48.858616: train_loss -0.8244
2026-08-05 12:43:48.868089: val_loss -0.7734
2026-08-05 12:43:48.868171: Pseudo dice [np.float32(0.6976), np.float32(0.9282), np.float32(0.9331)]
2026-08-05 12:43:48.868244: Epoch time: 40.59 s
2026-08-05 12:43:49.986474: 
2026-08-05 12:43:49.986998: Epoch 231
2026-08-05 12:43:49.987133: Current learning rate: 0.00789
2026-08-05 12:44:30.401354: train_loss -0.8109
2026-08-05 12:44:30.587643: val_loss -0.7776
2026-08-05 12:44:30.587909: Pseudo dice [np.float32(0.7049), np.float32(0.9258), np.float32(0.9383)]
2026-08-05 12:44:30.588053: Epoch time: 40.42 s
2026-08-05 12:44:32.055214: 
2026-08-05 12:44:32.055819: Epoch 232
2026-08-05 12:44:32.055938: Current learning rate: 0.00789
2026-08-05 12:45:14.932951: train_loss -0.8197
2026-08-05 12:45:14.934341: val_loss -0.7899
2026-08-05 12:45:14.934407: Pseudo dice [np.float32(0.7164), np.float32(0.9339), np.float32(0.9387)]
2026-08-05 12:45:14.934478: Epoch time: 42.88 s
2026-08-05 12:45:15.711945: 
2026-08-05 12:45:15.712187: Epoch 233
2026-08-05 12:45:15.712474: Current learning rate: 0.00788
2026-08-05 12:45:56.127168: train_loss -0.8187
2026-08-05 12:45:56.149975: val_loss -0.7769
2026-08-05 12:45:56.150112: Pseudo dice [np.float32(0.7034), np.float32(0.9177), np.float32(0.9352)]
2026-08-05 12:45:56.150225: Epoch time: 40.42 s
2026-08-05 12:45:56.982816: 
2026-08-05 12:45:56.983157: Epoch 234
2026-08-05 12:45:56.983339: Current learning rate: 0.00787
2026-08-05 12:46:37.572771: train_loss -0.8172
2026-08-05 12:46:37.573335: val_loss -0.7752
2026-08-05 12:46:37.573514: Pseudo dice [np.float32(0.6904), np.float32(0.9238), np.float32(0.9366)]
2026-08-05 12:46:37.573704: Epoch time: 40.59 s
2026-08-05 12:46:38.383213: 
2026-08-05 12:46:38.383482: Epoch 235
2026-08-05 12:46:38.383675: Current learning rate: 0.00786
2026-08-05 12:47:19.134841: train_loss -0.8275
2026-08-05 12:47:19.137134: val_loss -0.7843
2026-08-05 12:47:19.137279: Pseudo dice [np.float32(0.7083), np.float32(0.9317), np.float32(0.9399)]
2026-08-05 12:47:19.137411: Epoch time: 40.75 s
2026-08-05 12:47:20.058049: 
2026-08-05 12:47:20.058379: Epoch 236
2026-08-05 12:47:20.058496: Current learning rate: 0.00785
2026-08-05 12:48:00.458700: train_loss -0.8216
2026-08-05 12:48:00.459445: val_loss -0.7834
2026-08-05 12:48:00.459642: Pseudo dice [np.float32(0.7077), np.float32(0.9252), np.float32(0.9294)]
2026-08-05 12:48:00.459943: Epoch time: 40.4 s
2026-08-05 12:48:01.439002: 
2026-08-05 12:48:01.439462: Epoch 237
2026-08-05 12:48:01.439607: Current learning rate: 0.00784
2026-08-05 12:48:41.815333: train_loss -0.8219
2026-08-05 12:48:42.036302: val_loss -0.7961
2026-08-05 12:48:42.036530: Pseudo dice [np.float32(0.715), np.float32(0.9343), np.float32(0.9401)]
2026-08-05 12:48:42.036641: Epoch time: 40.38 s
2026-08-05 12:48:43.586750: 
2026-08-05 12:48:43.587122: Epoch 238
2026-08-05 12:48:43.587243: Current learning rate: 0.00783
2026-08-05 12:49:24.354154: train_loss -0.8181
2026-08-05 12:49:24.357330: val_loss -0.7853
2026-08-05 12:49:24.357590: Pseudo dice [np.float32(0.7054), np.float32(0.9289), np.float32(0.9386)]
2026-08-05 12:49:24.357724: Epoch time: 40.77 s
2026-08-05 12:49:26.168916: 
2026-08-05 12:49:26.169274: Epoch 239
2026-08-05 12:49:26.169385: Current learning rate: 0.00782
2026-08-05 12:50:07.591592: train_loss -0.8071
2026-08-05 12:50:07.592128: val_loss -0.7895
2026-08-05 12:50:07.592225: Pseudo dice [np.float32(0.718), np.float32(0.9295), np.float32(0.94)]
2026-08-05 12:50:07.592325: Epoch time: 41.44 s
2026-08-05 12:50:08.582661: 
2026-08-05 12:50:08.583148: Epoch 240
2026-08-05 12:50:08.583266: Current learning rate: 0.00781
2026-08-05 12:50:49.354978: train_loss -0.7919
2026-08-05 12:50:49.601924: val_loss -0.7675
2026-08-05 12:50:49.602067: Pseudo dice [np.float32(0.7009), np.float32(0.9218), np.float32(0.9296)]
2026-08-05 12:50:49.602147: Epoch time: 40.78 s
2026-08-05 12:50:50.405579: 
2026-08-05 12:50:50.405954: Epoch 241
2026-08-05 12:50:50.406057: Current learning rate: 0.0078
2026-08-05 12:51:30.845443: train_loss -0.7959
2026-08-05 12:51:31.004686: val_loss -0.7421
2026-08-05 12:51:31.004979: Pseudo dice [np.float32(0.6734), np.float32(0.903), np.float32(0.9228)]
2026-08-05 12:51:31.005142: Epoch time: 40.44 s
2026-08-05 12:51:32.042014: 
2026-08-05 12:51:32.042386: Epoch 242
2026-08-05 12:51:32.042611: Current learning rate: 0.00779
2026-08-05 12:52:12.533972: train_loss -0.7483
2026-08-05 12:52:12.535622: val_loss -0.7281
2026-08-05 12:52:12.535745: Pseudo dice [np.float32(0.6656), np.float32(0.8892), np.float32(0.9107)]
2026-08-05 12:52:12.535850: Epoch time: 40.49 s
2026-08-05 12:52:13.541546: 
2026-08-05 12:52:13.541826: Epoch 243
2026-08-05 12:52:13.541956: Current learning rate: 0.00778
2026-08-05 12:52:53.970412: train_loss -0.7544
2026-08-05 12:52:54.001933: val_loss -0.7487
2026-08-05 12:52:54.002015: Pseudo dice [np.float32(0.6783), np.float32(0.9188), np.float32(0.9216)]
2026-08-05 12:52:54.002091: Epoch time: 40.43 s
2026-08-05 12:52:55.125979: 
2026-08-05 12:52:55.126316: Epoch 244
2026-08-05 12:52:55.126409: Current learning rate: 0.00777
2026-08-05 12:53:35.820271: train_loss -0.7508
2026-08-05 12:53:35.829642: val_loss -0.7583
2026-08-05 12:53:35.829768: Pseudo dice [np.float32(0.6941), np.float32(0.9147), np.float32(0.924)]
2026-08-05 12:53:35.829880: Epoch time: 40.7 s
2026-08-05 12:53:37.191638: 
2026-08-05 12:53:37.192439: Epoch 245
2026-08-05 12:53:37.192563: Current learning rate: 0.00777
2026-08-05 12:54:17.399768: train_loss -0.7454
2026-08-05 12:54:17.400335: val_loss -0.7704
2026-08-05 12:54:17.400402: Pseudo dice [np.float32(0.6897), np.float32(0.9172), np.float32(0.9338)]
2026-08-05 12:54:17.400540: Epoch time: 40.21 s
2026-08-05 12:54:18.762466: 
2026-08-05 12:54:18.762766: Epoch 246
2026-08-05 12:54:18.762878: Current learning rate: 0.00776
2026-08-05 12:55:00.078103: train_loss -0.7607
2026-08-05 12:55:00.081045: val_loss -0.7582
2026-08-05 12:55:00.081355: Pseudo dice [np.float32(0.6943), np.float32(0.9083), np.float32(0.9319)]
2026-08-05 12:55:00.082151: Epoch time: 41.32 s
2026-08-05 12:55:00.842584: 
2026-08-05 12:55:00.842957: Epoch 247
2026-08-05 12:55:00.843085: Current learning rate: 0.00775
2026-08-05 12:55:41.177106: train_loss -0.7755
2026-08-05 12:55:41.177634: val_loss -0.7813
2026-08-05 12:55:41.177693: Pseudo dice [np.float32(0.7074), np.float32(0.9273), np.float32(0.9383)]
2026-08-05 12:55:41.177749: Epoch time: 40.34 s
2026-08-05 12:55:42.433829: 
2026-08-05 12:55:42.434174: Epoch 248
2026-08-05 12:55:42.434280: Current learning rate: 0.00774
2026-08-05 12:56:22.740171: train_loss -0.7906
2026-08-05 12:56:22.740526: val_loss -0.7784
2026-08-05 12:56:22.740598: Pseudo dice [np.float32(0.7003), np.float32(0.9299), np.float32(0.9341)]
2026-08-05 12:56:22.740676: Epoch time: 40.31 s
2026-08-05 12:56:23.682739: 
2026-08-05 12:56:23.683145: Epoch 249
2026-08-05 12:56:23.683300: Current learning rate: 0.00773
2026-08-05 12:57:03.910957: train_loss -0.7825
2026-08-05 12:57:03.911215: val_loss -0.7737
2026-08-05 12:57:03.911329: Pseudo dice [np.float32(0.7037), np.float32(0.9257), np.float32(0.9315)]
2026-08-05 12:57:03.911431: Epoch time: 40.23 s
2026-08-05 12:57:13.018426: 
2026-08-05 12:57:13.018787: Epoch 250
2026-08-05 12:57:13.018932: Current learning rate: 0.00772
2026-08-05 12:57:53.098381: train_loss -0.7881
2026-08-05 12:57:53.098601: val_loss -0.7859
2026-08-05 12:57:53.098659: Pseudo dice [np.float32(0.7167), np.float32(0.9309), np.float32(0.9355)]
2026-08-05 12:57:53.098728: Epoch time: 40.08 s
2026-08-05 12:57:54.028442: 
2026-08-05 12:57:54.028719: Epoch 251
2026-08-05 12:57:54.028875: Current learning rate: 0.00771
2026-08-05 12:58:34.225806: train_loss -0.8025
2026-08-05 12:58:34.226056: val_loss -0.7814
2026-08-05 12:58:34.226213: Pseudo dice [np.float32(0.7081), np.float32(0.927), np.float32(0.939)]
2026-08-05 12:58:34.226287: Epoch time: 40.2 s
2026-08-05 12:58:35.258176: 
2026-08-05 12:58:35.258586: Epoch 252
2026-08-05 12:58:35.258723: Current learning rate: 0.0077
2026-08-05 12:59:15.631037: train_loss -0.8067
2026-08-05 12:59:15.757929: val_loss -0.7807
2026-08-05 12:59:15.758127: Pseudo dice [np.float32(0.7097), np.float32(0.9267), np.float32(0.9334)]
2026-08-05 12:59:15.758257: Epoch time: 40.38 s
2026-08-05 12:59:17.380475: 
2026-08-05 12:59:17.380834: Epoch 253
2026-08-05 12:59:17.381012: Current learning rate: 0.00769
2026-08-05 13:00:12.521726: train_loss -0.8007
2026-08-05 13:00:12.522260: val_loss -0.772
2026-08-05 13:00:12.522492: Pseudo dice [np.float32(0.6963), np.float32(0.9152), np.float32(0.9344)]
2026-08-05 13:00:12.522728: Epoch time: 55.14 s
2026-08-05 13:00:13.367885: 
2026-08-05 13:00:13.368207: Epoch 254
2026-08-05 13:00:13.368378: Current learning rate: 0.00768
2026-08-05 13:00:53.683655: train_loss -0.8085
2026-08-05 13:00:53.683960: val_loss -0.7978
2026-08-05 13:00:53.684060: Pseudo dice [np.float32(0.7188), np.float32(0.9335), np.float32(0.939)]
2026-08-05 13:00:53.684167: Epoch time: 40.32 s
2026-08-05 13:00:54.580583: 
2026-08-05 13:00:54.580867: Epoch 255
2026-08-05 13:00:54.581022: Current learning rate: 0.00767
2026-08-05 13:01:35.272600: train_loss -0.8064
2026-08-05 13:01:35.272875: val_loss -0.7832
2026-08-05 13:01:35.272977: Pseudo dice [np.float32(0.7078), np.float32(0.9363), np.float32(0.9292)]
2026-08-05 13:01:35.273043: Epoch time: 40.69 s
2026-08-05 13:01:36.001064: 
2026-08-05 13:01:36.001365: Epoch 256
2026-08-05 13:01:36.001499: Current learning rate: 0.00766
2026-08-05 13:02:18.669216: train_loss -0.8098
2026-08-05 13:02:18.669575: val_loss -0.7788
2026-08-05 13:02:18.669734: Pseudo dice [np.float32(0.7082), np.float32(0.9291), np.float32(0.9336)]
2026-08-05 13:02:18.669820: Epoch time: 42.67 s
2026-08-05 13:02:19.409525: 
2026-08-05 13:02:19.410017: Epoch 257
2026-08-05 13:02:19.410135: Current learning rate: 0.00765
2026-08-05 13:02:59.811411: train_loss -0.8168
2026-08-05 13:02:59.812736: val_loss -0.7856
2026-08-05 13:02:59.812806: Pseudo dice [np.float32(0.7077), np.float32(0.9323), np.float32(0.937)]
2026-08-05 13:02:59.812888: Epoch time: 40.4 s
2026-08-05 13:03:00.767665: 
2026-08-05 13:03:00.768044: Epoch 258
2026-08-05 13:03:00.768175: Current learning rate: 0.00764
2026-08-05 13:03:40.977364: train_loss -0.8219
2026-08-05 13:03:41.011559: val_loss -0.7936
2026-08-05 13:03:41.011778: Pseudo dice [np.float32(0.7154), np.float32(0.937), np.float32(0.9406)]
2026-08-05 13:03:41.012062: Epoch time: 40.21 s
2026-08-05 13:03:41.959389: 
2026-08-05 13:03:41.959667: Epoch 259
2026-08-05 13:03:41.959805: Current learning rate: 0.00764
2026-08-05 13:04:22.656679: train_loss -0.8169
2026-08-05 13:04:22.657102: val_loss -0.7781
2026-08-05 13:04:22.657228: Pseudo dice [np.float32(0.7066), np.float32(0.9242), np.float32(0.9352)]
2026-08-05 13:04:22.657449: Epoch time: 40.7 s
2026-08-05 13:04:25.748845: 
2026-08-05 13:04:25.749145: Epoch 260
2026-08-05 13:04:25.749255: Current learning rate: 0.00763
2026-08-05 13:05:07.130807: train_loss -0.8093
2026-08-05 13:05:07.131198: val_loss -0.7769
2026-08-05 13:05:07.131325: Pseudo dice [np.float32(0.6969), np.float32(0.9269), np.float32(0.929)]
2026-08-05 13:05:07.131438: Epoch time: 41.38 s
2026-08-05 13:05:07.959065: 
2026-08-05 13:05:07.959429: Epoch 261
2026-08-05 13:05:07.959608: Current learning rate: 0.00762
2026-08-05 13:05:49.100078: train_loss -0.8111
2026-08-05 13:05:49.100442: val_loss -0.7787
2026-08-05 13:05:49.100599: Pseudo dice [np.float32(0.7006), np.float32(0.9249), np.float32(0.9383)]
2026-08-05 13:05:49.100693: Epoch time: 41.14 s
2026-08-05 13:05:49.907783: 
2026-08-05 13:05:49.908069: Epoch 262
2026-08-05 13:05:49.908228: Current learning rate: 0.00761
2026-08-05 13:06:30.543273: train_loss -0.8061
2026-08-05 13:06:30.543713: val_loss -0.7808
2026-08-05 13:06:30.543818: Pseudo dice [np.float32(0.7051), np.float32(0.9301), np.float32(0.9376)]
2026-08-05 13:06:30.543888: Epoch time: 40.64 s
2026-08-05 13:06:31.297398: 
2026-08-05 13:06:31.297943: Epoch 263
2026-08-05 13:06:31.298035: Current learning rate: 0.0076
2026-08-05 13:07:12.130290: train_loss -0.8095
2026-08-05 13:07:12.130671: val_loss -0.8014
2026-08-05 13:07:12.130799: Pseudo dice [np.float32(0.7263), np.float32(0.9403), np.float32(0.9451)]
2026-08-05 13:07:12.130996: Epoch time: 40.84 s
2026-08-05 13:07:13.927641: 
2026-08-05 13:07:13.928004: Epoch 264
2026-08-05 13:07:13.928144: Current learning rate: 0.00759
2026-08-05 13:07:54.684010: train_loss -0.8161
2026-08-05 13:07:54.684311: val_loss -0.7943
2026-08-05 13:07:54.684435: Pseudo dice [np.float32(0.7189), np.float32(0.9319), np.float32(0.9396)]
2026-08-05 13:07:54.684558: Epoch time: 40.76 s
2026-08-05 13:07:56.697841: 
2026-08-05 13:07:56.698076: Epoch 265
2026-08-05 13:07:56.698202: Current learning rate: 0.00758
2026-08-05 13:08:37.546466: train_loss -0.8173
2026-08-05 13:08:37.546804: val_loss -0.7877
2026-08-05 13:08:37.546875: Pseudo dice [np.float32(0.7074), np.float32(0.9283), np.float32(0.9405)]
2026-08-05 13:08:37.546980: Epoch time: 40.85 s
2026-08-05 13:08:39.331928: 
2026-08-05 13:08:39.332340: Epoch 266
2026-08-05 13:08:39.332464: Current learning rate: 0.00757
2026-08-05 13:09:19.630754: train_loss -0.8122
2026-08-05 13:09:19.731876: val_loss -0.7644
2026-08-05 13:09:19.732107: Pseudo dice [np.float32(0.694), np.float32(0.926), np.float32(0.93)]
2026-08-05 13:09:19.732233: Epoch time: 40.3 s
2026-08-05 13:09:21.227657: 
2026-08-05 13:09:21.228026: Epoch 267
2026-08-05 13:09:21.228132: Current learning rate: 0.00756
2026-08-05 13:10:06.151160: train_loss -0.8107
2026-08-05 13:10:06.151513: val_loss -0.7835
2026-08-05 13:10:06.151574: Pseudo dice [np.float32(0.7044), np.float32(0.9283), np.float32(0.9357)]
2026-08-05 13:10:06.151636: Epoch time: 44.93 s
2026-08-05 13:10:07.154304: 
2026-08-05 13:10:07.154579: Epoch 268
2026-08-05 13:10:07.154694: Current learning rate: 0.00755
2026-08-05 13:10:47.267782: train_loss -0.8191
2026-08-05 13:10:47.267992: val_loss -0.79
2026-08-05 13:10:47.268044: Pseudo dice [np.float32(0.7084), np.float32(0.9344), np.float32(0.9362)]
2026-08-05 13:10:47.268109: Epoch time: 40.12 s
2026-08-05 13:10:48.080117: 
2026-08-05 13:10:48.080419: Epoch 269
2026-08-05 13:10:48.080530: Current learning rate: 0.00754
2026-08-05 13:11:49.468714: train_loss -0.8205
2026-08-05 13:11:49.840106: val_loss -0.7785
2026-08-05 13:11:49.840308: Pseudo dice [np.float32(0.7027), np.float32(0.9305), np.float32(0.9318)]
2026-08-05 13:11:49.840377: Epoch time: 61.39 s
2026-08-05 13:11:51.367598: 
2026-08-05 13:11:51.367907: Epoch 270
2026-08-05 13:11:51.368025: Current learning rate: 0.00753
2026-08-05 13:12:32.030549: train_loss -0.8101
2026-08-05 13:12:32.030737: val_loss -0.7904
2026-08-05 13:12:32.030788: Pseudo dice [np.float32(0.7185), np.float32(0.9312), np.float32(0.9377)]
2026-08-05 13:12:32.030846: Epoch time: 40.67 s
2026-08-05 13:12:33.684297: 
2026-08-05 13:12:33.684486: Epoch 271
2026-08-05 13:12:33.684593: Current learning rate: 0.00752
2026-08-05 13:13:14.594927: train_loss -0.82
2026-08-05 13:13:14.595338: val_loss -0.7853
2026-08-05 13:13:14.595466: Pseudo dice [np.float32(0.7087), np.float32(0.9261), np.float32(0.9344)]
2026-08-05 13:13:14.595585: Epoch time: 40.91 s
2026-08-05 13:13:16.263583: 
2026-08-05 13:13:16.263829: Epoch 272
2026-08-05 13:13:16.263944: Current learning rate: 0.00751
2026-08-05 13:13:56.868570: train_loss -0.8214
2026-08-05 13:13:57.028084: val_loss -0.7869
2026-08-05 13:13:57.028659: Pseudo dice [np.float32(0.7064), np.float32(0.9375), np.float32(0.9335)]
2026-08-05 13:13:57.028841: Epoch time: 40.61 s
2026-08-05 13:13:58.434082: 
2026-08-05 13:13:58.434412: Epoch 273
2026-08-05 13:13:58.434523: Current learning rate: 0.00751
2026-08-05 13:14:39.191947: train_loss -0.8159
2026-08-05 13:14:39.192626: val_loss -0.7932
2026-08-05 13:14:39.192862: Pseudo dice [np.float32(0.7231), np.float32(0.9317), np.float32(0.9386)]
2026-08-05 13:14:39.193017: Epoch time: 40.77 s
2026-08-05 13:14:40.159610: 
2026-08-05 13:14:40.159957: Epoch 274
2026-08-05 13:14:40.160065: Current learning rate: 0.0075
2026-08-05 13:15:22.312820: train_loss -0.8241
2026-08-05 13:15:22.313346: val_loss -0.7863
2026-08-05 13:15:22.313407: Pseudo dice [np.float32(0.7093), np.float32(0.9334), np.float32(0.9378)]
2026-08-05 13:15:22.313462: Epoch time: 42.16 s
2026-08-05 13:15:23.105531: 
2026-08-05 13:15:23.295776: Epoch 275
2026-08-05 13:15:23.295996: Current learning rate: 0.00749
2026-08-05 13:16:03.758433: train_loss -0.8212
2026-08-05 13:16:03.856979: val_loss -0.767
2026-08-05 13:16:03.857088: Pseudo dice [np.float32(0.6895), np.float32(0.9166), np.float32(0.9375)]
2026-08-05 13:16:03.857152: Epoch time: 40.66 s
2026-08-05 13:16:04.603955: 
2026-08-05 13:16:04.604253: Epoch 276
2026-08-05 13:16:04.604416: Current learning rate: 0.00748
2026-08-05 13:16:48.015978: train_loss -0.8084
2026-08-05 13:16:48.091132: val_loss -0.7956
2026-08-05 13:16:48.091343: Pseudo dice [np.float32(0.7225), np.float32(0.9336), np.float32(0.9447)]
2026-08-05 13:16:48.091550: Epoch time: 43.41 s
2026-08-05 13:16:49.085691: 
2026-08-05 13:16:49.086036: Epoch 277
2026-08-05 13:16:49.086166: Current learning rate: 0.00747
2026-08-05 13:17:29.315922: train_loss -0.81
2026-08-05 13:17:29.356994: val_loss -0.7776
2026-08-05 13:17:29.357085: Pseudo dice [np.float32(0.6961), np.float32(0.927), np.float32(0.9386)]
2026-08-05 13:17:29.357163: Epoch time: 40.23 s
2026-08-05 13:17:30.104257: 
2026-08-05 13:17:30.104491: Epoch 278
2026-08-05 13:17:30.104603: Current learning rate: 0.00746
2026-08-05 13:18:10.156431: train_loss -0.8047
2026-08-05 13:18:10.156824: val_loss -0.7849
2026-08-05 13:18:10.156906: Pseudo dice [np.float32(0.7174), np.float32(0.9297), np.float32(0.9345)]
2026-08-05 13:18:10.156996: Epoch time: 40.05 s
2026-08-05 13:18:11.183674: 
2026-08-05 13:18:11.183969: Epoch 279
2026-08-05 13:18:11.184100: Current learning rate: 0.00745
2026-08-05 13:18:51.694325: train_loss -0.7842
2026-08-05 13:18:51.694788: val_loss -0.7581
2026-08-05 13:18:51.695065: Pseudo dice [np.float32(0.6781), np.float32(0.9189), np.float32(0.9277)]
2026-08-05 13:18:51.695230: Epoch time: 40.51 s
2026-08-05 13:18:53.425585: 
2026-08-05 13:18:53.425818: Epoch 280
2026-08-05 13:18:53.425936: Current learning rate: 0.00744
2026-08-05 13:19:34.366066: train_loss -0.7948
2026-08-05 13:19:34.576873: val_loss -0.7814
2026-08-05 13:19:34.577201: Pseudo dice [np.float32(0.7021), np.float32(0.9288), np.float32(0.9359)]
2026-08-05 13:19:34.577555: Epoch time: 40.94 s
2026-08-05 13:19:37.776629: 
2026-08-05 13:19:37.776906: Epoch 281
2026-08-05 13:19:37.777094: Current learning rate: 0.00743
2026-08-05 13:20:18.414488: train_loss -0.8195
2026-08-05 13:20:18.502172: val_loss -0.7945
2026-08-05 13:20:18.502391: Pseudo dice [np.float32(0.7211), np.float32(0.93), np.float32(0.9391)]
2026-08-05 13:20:18.502538: Epoch time: 40.64 s
2026-08-05 13:20:19.782355: 
2026-08-05 13:20:19.782696: Epoch 282
2026-08-05 13:20:19.782804: Current learning rate: 0.00742
2026-08-05 13:21:00.264041: train_loss -0.8221
2026-08-05 13:21:00.264379: val_loss -0.7856
2026-08-05 13:21:00.264490: Pseudo dice [np.float32(0.7008), np.float32(0.9331), np.float32(0.9347)]
2026-08-05 13:21:00.264569: Epoch time: 40.48 s
2026-08-05 13:21:01.209797: 
2026-08-05 13:21:01.210182: Epoch 283
2026-08-05 13:21:01.210311: Current learning rate: 0.00741
2026-08-05 13:21:41.531542: train_loss -0.8218
2026-08-05 13:21:41.531792: val_loss -0.7924
2026-08-05 13:21:41.531941: Pseudo dice [np.float32(0.706), np.float32(0.9338), np.float32(0.9434)]
2026-08-05 13:21:41.965571: Epoch time: 40.33 s
2026-08-05 13:21:42.949066: 
2026-08-05 13:21:42.949494: Epoch 284
2026-08-05 13:21:42.949606: Current learning rate: 0.0074
2026-08-05 13:22:23.425944: train_loss -0.8291
2026-08-05 13:22:23.426351: val_loss -0.7939
2026-08-05 13:22:23.426508: Pseudo dice [np.float32(0.7218), np.float32(0.9322), np.float32(0.9402)]
2026-08-05 13:22:23.426627: Epoch time: 40.48 s
2026-08-05 13:22:24.273029: 
2026-08-05 13:22:24.273410: Epoch 285
2026-08-05 13:22:24.273583: Current learning rate: 0.00739
2026-08-05 13:23:04.846806: train_loss -0.8299
2026-08-05 13:23:04.847200: val_loss -0.7914
2026-08-05 13:23:04.847349: Pseudo dice [np.float32(0.7162), np.float32(0.9312), np.float32(0.9378)]
2026-08-05 13:23:04.847471: Epoch time: 40.58 s
2026-08-05 13:23:05.753273: 
2026-08-05 13:23:05.753669: Epoch 286
2026-08-05 13:23:05.753866: Current learning rate: 0.00738
2026-08-05 13:23:46.290094: train_loss -0.8294
2026-08-05 13:23:46.290631: val_loss -0.7891
2026-08-05 13:23:46.290702: Pseudo dice [np.float32(0.7174), np.float32(0.9307), np.float32(0.9398)]
2026-08-05 13:23:46.290790: Epoch time: 40.54 s
2026-08-05 13:23:47.126636: 
2026-08-05 13:23:47.127003: Epoch 287
2026-08-05 13:23:47.127097: Current learning rate: 0.00738
2026-08-05 13:24:27.630725: train_loss -0.8328
2026-08-05 13:24:27.709885: val_loss -0.7975
2026-08-05 13:24:27.710080: Pseudo dice [np.float32(0.7176), np.float32(0.935), np.float32(0.944)]
2026-08-05 13:24:27.710216: Epoch time: 40.51 s
2026-08-05 13:24:27.710304: Yayy! New best EMA pseudo Dice: 0.8596000075340271
2026-08-05 13:24:35.389847: 
2026-08-05 13:24:35.390158: Epoch 288
2026-08-05 13:24:35.390295: Current learning rate: 0.00737
2026-08-05 13:25:15.900037: train_loss -0.8345
2026-08-05 13:25:16.167191: val_loss -0.7881
2026-08-05 13:25:16.167595: Pseudo dice [np.float32(0.7133), np.float32(0.9225), np.float32(0.9424)]
2026-08-05 13:25:16.167747: Epoch time: 40.51 s
2026-08-05 13:25:17.105603: 
2026-08-05 13:25:17.106106: Epoch 289
2026-08-05 13:25:17.106217: Current learning rate: 0.00736
2026-08-05 13:25:57.872226: train_loss -0.828
2026-08-05 13:25:58.168498: val_loss -0.7939
2026-08-05 13:25:58.168736: Pseudo dice [np.float32(0.7146), np.float32(0.9362), np.float32(0.9438)]
2026-08-05 13:25:58.168870: Epoch time: 40.77 s
2026-08-05 13:25:58.168993: Yayy! New best EMA pseudo Dice: 0.8600999712944031
2026-08-05 13:26:07.313958: 
2026-08-05 13:26:07.314345: Epoch 290
2026-08-05 13:26:07.314554: Current learning rate: 0.00735
2026-08-05 13:26:47.633927: train_loss -0.8356
2026-08-05 13:26:47.686993: val_loss -0.7908
2026-08-05 13:26:47.687092: Pseudo dice [np.float32(0.7104), np.float32(0.9344), np.float32(0.9414)]
2026-08-05 13:26:47.687163: Epoch time: 40.32 s
2026-08-05 13:26:47.687205: Yayy! New best EMA pseudo Dice: 0.8603000044822693
2026-08-05 13:27:00.565976: 
2026-08-05 13:27:00.566255: Epoch 291
2026-08-05 13:27:00.566361: Current learning rate: 0.00734
2026-08-05 13:27:41.030720: train_loss -0.835
2026-08-05 13:27:41.247384: val_loss -0.7902
2026-08-05 13:27:41.247510: Pseudo dice [np.float32(0.7139), np.float32(0.935), np.float32(0.9368)]
2026-08-05 13:27:41.247581: Epoch time: 40.47 s
2026-08-05 13:27:41.247624: Yayy! New best EMA pseudo Dice: 0.8604000210762024
2026-08-05 13:27:47.538966: 
2026-08-05 13:27:47.795041: Epoch 292
2026-08-05 13:27:47.795267: Current learning rate: 0.00733
2026-08-05 13:28:27.747888: train_loss -0.8372
2026-08-05 13:28:27.748314: val_loss -0.7829
2026-08-05 13:28:27.748569: Pseudo dice [np.float32(0.7062), np.float32(0.9315), np.float32(0.9433)]
2026-08-05 13:28:27.748697: Epoch time: 40.21 s
2026-08-05 13:28:28.890597: 
2026-08-05 13:28:28.891026: Epoch 293
2026-08-05 13:28:28.891134: Current learning rate: 0.00732
2026-08-05 13:29:09.141033: train_loss -0.8117
2026-08-05 13:29:09.148632: val_loss -0.7725
2026-08-05 13:29:09.148776: Pseudo dice [np.float32(0.6941), np.float32(0.9258), np.float32(0.9339)]
2026-08-05 13:29:09.148926: Epoch time: 40.25 s
2026-08-05 13:29:11.435554: 
2026-08-05 13:29:11.435936: Epoch 294
2026-08-05 13:29:11.436064: Current learning rate: 0.00731
2026-08-05 13:29:51.398690: train_loss -0.8134
2026-08-05 13:29:51.641643: val_loss -0.7713
2026-08-05 13:29:51.641810: Pseudo dice [np.float32(0.6905), np.float32(0.9267), np.float32(0.9287)]
2026-08-05 13:29:51.641907: Epoch time: 39.97 s
2026-08-05 13:29:52.574601: 
2026-08-05 13:29:52.574867: Epoch 295
2026-08-05 13:29:52.575010: Current learning rate: 0.0073
2026-08-05 13:30:32.617221: train_loss -0.8241
2026-08-05 13:30:32.617481: val_loss -0.7818
2026-08-05 13:30:32.617535: Pseudo dice [np.float32(0.7081), np.float32(0.9301), np.float32(0.9362)]
2026-08-05 13:30:32.617598: Epoch time: 40.05 s
2026-08-05 13:30:33.556390: 
2026-08-05 13:30:33.556832: Epoch 296
2026-08-05 13:30:33.556971: Current learning rate: 0.00729
2026-08-05 13:31:14.273612: train_loss -0.8196
2026-08-05 13:31:14.274059: val_loss -0.7715
2026-08-05 13:31:14.274193: Pseudo dice [np.float32(0.6929), np.float32(0.9196), np.float32(0.9368)]
2026-08-05 13:31:14.274562: Epoch time: 40.72 s
2026-08-05 13:31:15.153009: 
2026-08-05 13:31:15.153430: Epoch 297
2026-08-05 13:31:15.153512: Current learning rate: 0.00728
2026-08-05 13:31:55.355172: train_loss -0.8068
2026-08-05 13:31:55.355402: val_loss -0.7688
2026-08-05 13:31:55.355453: Pseudo dice [np.float32(0.6964), np.float32(0.9265), np.float32(0.9332)]
2026-08-05 13:31:55.355532: Epoch time: 40.2 s
2026-08-05 13:31:56.075564: 
2026-08-05 13:31:56.075823: Epoch 298
2026-08-05 13:31:56.076039: Current learning rate: 0.00727
2026-08-05 13:32:36.513510: train_loss -0.7901
2026-08-05 13:32:36.513847: val_loss -0.7706
2026-08-05 13:32:36.513968: Pseudo dice [np.float32(0.7062), np.float32(0.92), np.float32(0.9339)]
2026-08-05 13:32:36.514148: Epoch time: 40.44 s
2026-08-05 13:32:37.530161: 
2026-08-05 13:32:37.530503: Epoch 299
2026-08-05 13:32:37.530618: Current learning rate: 0.00726
2026-08-05 13:33:17.792251: train_loss -0.8059
2026-08-05 13:33:17.792603: val_loss -0.7901
2026-08-05 13:33:17.792712: Pseudo dice [np.float32(0.7144), np.float32(0.934), np.float32(0.9406)]
2026-08-05 13:33:17.795007: Epoch time: 40.26 s
2026-08-05 13:33:25.831161: 
2026-08-05 13:33:25.831448: Epoch 300
2026-08-05 13:33:25.831571: Current learning rate: 0.00725
2026-08-05 13:34:06.236783: train_loss -0.8187
2026-08-05 13:34:06.237257: val_loss -0.7858
2026-08-05 13:34:06.237397: Pseudo dice [np.float32(0.7091), np.float32(0.9245), np.float32(0.9417)]
2026-08-05 13:34:06.237525: Epoch time: 40.41 s
2026-08-05 13:34:08.257923: 
2026-08-05 13:34:08.258229: Epoch 301
2026-08-05 13:34:08.258348: Current learning rate: 0.00724
2026-08-05 13:34:48.284123: train_loss -0.8245
2026-08-05 13:34:48.475569: val_loss -0.7805
2026-08-05 13:34:48.475818: Pseudo dice [np.float32(0.6987), np.float32(0.9293), np.float32(0.9316)]
2026-08-05 13:34:48.475972: Epoch time: 40.03 s
2026-08-05 13:34:49.500601: 
2026-08-05 13:34:49.500917: Epoch 302
2026-08-05 13:34:49.501132: Current learning rate: 0.00724
2026-08-05 13:35:30.573085: train_loss -0.8122
2026-08-05 13:35:30.593576: val_loss -0.7702
2026-08-05 13:35:30.593778: Pseudo dice [np.float32(0.6967), np.float32(0.9271), np.float32(0.9364)]
2026-08-05 13:35:30.593932: Epoch time: 41.08 s
2026-08-05 13:35:31.478552: 
2026-08-05 13:35:31.479993: Epoch 303
2026-08-05 13:35:31.480094: Current learning rate: 0.00723
2026-08-05 13:36:11.739222: train_loss -0.8016
2026-08-05 13:36:11.755012: val_loss -0.7783
2026-08-05 13:36:11.755083: Pseudo dice [np.float32(0.6988), np.float32(0.925), np.float32(0.9412)]
2026-08-05 13:36:11.755148: Epoch time: 40.26 s
2026-08-05 13:36:12.505109: 
2026-08-05 13:36:12.544947: Epoch 304
2026-08-05 13:36:12.545121: Current learning rate: 0.00722
2026-08-05 13:36:52.838841: train_loss -0.8092
2026-08-05 13:36:52.839631: val_loss -0.7845
2026-08-05 13:36:52.839705: Pseudo dice [np.float32(0.7128), np.float32(0.9277), np.float32(0.9363)]
2026-08-05 13:36:52.839778: Epoch time: 40.34 s
2026-08-05 13:36:53.767679: 
2026-08-05 13:36:53.768026: Epoch 305
2026-08-05 13:36:53.793409: Current learning rate: 0.00721
2026-08-05 13:37:34.311440: train_loss -0.8275
2026-08-05 13:37:34.312063: val_loss -0.7948
2026-08-05 13:37:34.312121: Pseudo dice [np.float32(0.7227), np.float32(0.9362), np.float32(0.9408)]
2026-08-05 13:37:34.312179: Epoch time: 40.55 s
2026-08-05 13:37:35.096183: 
2026-08-05 13:37:35.096523: Epoch 306
2026-08-05 13:37:35.096648: Current learning rate: 0.0072
2026-08-05 13:38:15.350209: train_loss -0.8332
2026-08-05 13:38:15.350407: val_loss -0.7938
2026-08-05 13:38:15.350461: Pseudo dice [np.float32(0.7196), np.float32(0.9346), np.float32(0.9377)]
2026-08-05 13:38:15.350518: Epoch time: 40.26 s
2026-08-05 13:38:16.342780: 
2026-08-05 13:38:16.343064: Epoch 307
2026-08-05 13:38:16.343190: Current learning rate: 0.00719
2026-08-05 13:38:56.396044: train_loss -0.8276
2026-08-05 13:38:56.396364: val_loss -0.7887
2026-08-05 13:38:56.396600: Pseudo dice [np.float32(0.7), np.float32(0.9334), np.float32(0.939)]
2026-08-05 13:38:56.396706: Epoch time: 40.06 s
2026-08-05 13:38:58.367589: 
2026-08-05 13:38:58.367909: Epoch 308
2026-08-05 13:38:58.368021: Current learning rate: 0.00718
2026-08-05 13:39:38.453721: train_loss -0.7947
2026-08-05 13:39:38.454060: val_loss -0.7712
2026-08-05 13:39:38.454211: Pseudo dice [np.float32(0.7015), np.float32(0.9233), np.float32(0.9321)]
2026-08-05 13:39:38.454339: Epoch time: 40.09 s
2026-08-05 13:39:39.462292: 
2026-08-05 13:39:39.462634: Epoch 309
2026-08-05 13:39:39.462772: Current learning rate: 0.00717
2026-08-05 13:40:19.650108: train_loss -0.7881
2026-08-05 13:40:19.650951: val_loss -0.7618
2026-08-05 13:40:19.651021: Pseudo dice [np.float32(0.6985), np.float32(0.9095), np.float32(0.9326)]
2026-08-05 13:40:19.651091: Epoch time: 40.19 s
2026-08-05 13:40:20.427429: 
2026-08-05 13:40:20.427769: Epoch 310
2026-08-05 13:40:20.427954: Current learning rate: 0.00716
2026-08-05 13:41:00.857746: train_loss -0.7654
2026-08-05 13:41:00.858117: val_loss -0.7576
2026-08-05 13:41:00.858312: Pseudo dice [np.float32(0.6872), np.float32(0.9236), np.float32(0.9167)]
2026-08-05 13:41:00.858430: Epoch time: 40.43 s
2026-08-05 13:41:01.629287: 
2026-08-05 13:41:01.629655: Epoch 311
2026-08-05 13:41:01.629766: Current learning rate: 0.00715
2026-08-05 13:41:42.317025: train_loss -0.7772
2026-08-05 13:41:42.317340: val_loss -0.7667
2026-08-05 13:41:42.317413: Pseudo dice [np.float32(0.7027), np.float32(0.9165), np.float32(0.9365)]
2026-08-05 13:41:42.317472: Epoch time: 40.69 s
2026-08-05 13:41:43.084744: 
2026-08-05 13:41:43.085006: Epoch 312
2026-08-05 13:41:43.085301: Current learning rate: 0.00714
2026-08-05 13:42:23.634667: train_loss -0.7945
2026-08-05 13:42:23.635025: val_loss -0.7875
2026-08-05 13:42:23.635131: Pseudo dice [np.float32(0.7205), np.float32(0.9278), np.float32(0.9396)]
2026-08-05 13:42:23.635232: Epoch time: 40.55 s
2026-08-05 13:42:24.375636: 
2026-08-05 13:42:24.376031: Epoch 313
2026-08-05 13:42:24.376127: Current learning rate: 0.00713
2026-08-05 13:43:05.889358: train_loss -0.7823
2026-08-05 13:43:05.889636: val_loss -0.7693
2026-08-05 13:43:05.889691: Pseudo dice [np.float32(0.6886), np.float32(0.9249), np.float32(0.9315)]
2026-08-05 13:43:05.889746: Epoch time: 41.52 s
2026-08-05 13:43:07.047279: 
2026-08-05 13:43:07.047619: Epoch 314
2026-08-05 13:43:07.047729: Current learning rate: 0.00712
2026-08-05 13:43:47.724093: train_loss -0.8057
2026-08-05 13:43:47.724539: val_loss -0.7729
2026-08-05 13:43:47.724725: Pseudo dice [np.float32(0.703), np.float32(0.9197), np.float32(0.9379)]
2026-08-05 13:43:47.724847: Epoch time: 40.68 s
2026-08-05 13:43:49.793607: 
2026-08-05 13:43:49.793955: Epoch 315
2026-08-05 13:43:49.794209: Current learning rate: 0.00711
2026-08-05 13:44:30.331878: train_loss -0.809
2026-08-05 13:44:30.848428: val_loss -0.7857
2026-08-05 13:44:30.848669: Pseudo dice [np.float32(0.7125), np.float32(0.9302), np.float32(0.9361)]
2026-08-05 13:44:30.848746: Epoch time: 40.54 s
2026-08-05 13:44:31.767967: 
2026-08-05 13:44:31.768481: Epoch 316
2026-08-05 13:44:31.768673: Current learning rate: 0.0071
2026-08-05 13:45:12.101098: train_loss -0.8186
2026-08-05 13:45:12.383501: val_loss -0.7798
2026-08-05 13:45:12.383745: Pseudo dice [np.float32(0.707), np.float32(0.9265), np.float32(0.9356)]
2026-08-05 13:45:12.383859: Epoch time: 40.34 s
2026-08-05 13:45:13.284592: 
2026-08-05 13:45:13.284843: Epoch 317
2026-08-05 13:45:13.284961: Current learning rate: 0.0071
2026-08-05 13:45:53.624291: train_loss -0.8185
2026-08-05 13:45:53.635200: val_loss -0.7875
2026-08-05 13:45:53.635368: Pseudo dice [np.float32(0.7127), np.float32(0.9322), np.float32(0.9362)]
2026-08-05 13:45:53.635557: Epoch time: 40.34 s
2026-08-05 13:45:54.821457: 
2026-08-05 13:45:54.821762: Epoch 318
2026-08-05 13:45:54.821888: Current learning rate: 0.00709
2026-08-05 13:46:35.370903: train_loss -0.8274
2026-08-05 13:46:35.371204: val_loss -0.7905
2026-08-05 13:46:35.371258: Pseudo dice [np.float32(0.7157), np.float32(0.931), np.float32(0.9338)]
2026-08-05 13:46:35.371314: Epoch time: 40.55 s
2026-08-05 13:46:36.099719: 
2026-08-05 13:46:36.100117: Epoch 319
2026-08-05 13:46:36.100213: Current learning rate: 0.00708
2026-08-05 13:47:16.739490: train_loss -0.8255
2026-08-05 13:47:16.739830: val_loss -0.782
2026-08-05 13:47:16.739997: Pseudo dice [np.float32(0.7054), np.float32(0.9287), np.float32(0.9385)]
2026-08-05 13:47:16.740515: Epoch time: 40.64 s
2026-08-05 13:47:17.536294: 
2026-08-05 13:47:17.536646: Epoch 320
2026-08-05 13:47:17.536743: Current learning rate: 0.00707
2026-08-05 13:47:57.991990: train_loss -0.8302
2026-08-05 13:47:57.992219: val_loss -0.7815
2026-08-05 13:47:57.992278: Pseudo dice [np.float32(0.7046), np.float32(0.9292), np.float32(0.9319)]
2026-08-05 13:47:57.992343: Epoch time: 40.46 s
2026-08-05 13:47:58.755995: 
2026-08-05 13:47:58.756296: Epoch 321
2026-08-05 13:47:58.756409: Current learning rate: 0.00706
2026-08-05 13:48:39.325166: train_loss -0.8363
2026-08-05 13:48:39.325456: val_loss -0.7925
2026-08-05 13:48:39.325588: Pseudo dice [np.float32(0.7164), np.float32(0.9327), np.float32(0.9393)]
2026-08-05 13:48:39.325707: Epoch time: 40.57 s
2026-08-05 13:48:40.639033: 
2026-08-05 13:48:40.639380: Epoch 322
2026-08-05 13:48:40.639482: Current learning rate: 0.00705
2026-08-05 13:49:21.073923: train_loss -0.8352
2026-08-05 13:49:21.074406: val_loss -0.7874
2026-08-05 13:49:21.074651: Pseudo dice [np.float32(0.7086), np.float32(0.9339), np.float32(0.9362)]
2026-08-05 13:49:21.074851: Epoch time: 40.44 s
2026-08-05 13:49:21.902912: 
2026-08-05 13:49:21.903215: Epoch 323
2026-08-05 13:49:21.903305: Current learning rate: 0.00704
2026-08-05 13:50:02.495978: train_loss -0.8351
2026-08-05 13:50:02.496242: val_loss -0.787
2026-08-05 13:50:02.496360: Pseudo dice [np.float32(0.7117), np.float32(0.9274), np.float32(0.9395)]
2026-08-05 13:50:02.496471: Epoch time: 40.6 s
2026-08-05 13:50:03.291169: 
2026-08-05 13:50:03.291436: Epoch 324
2026-08-05 13:50:03.291547: Current learning rate: 0.00703
2026-08-05 13:50:43.935410: train_loss -0.8372
2026-08-05 13:50:43.935724: val_loss -0.7935
2026-08-05 13:50:43.935847: Pseudo dice [np.float32(0.7105), np.float32(0.9343), np.float32(0.9406)]
2026-08-05 13:50:43.935981: Epoch time: 40.65 s
2026-08-05 13:50:44.787421: 
2026-08-05 13:50:44.787744: Epoch 325
2026-08-05 13:50:44.787853: Current learning rate: 0.00702
2026-08-05 13:51:25.393046: train_loss -0.8386
2026-08-05 13:51:25.393446: val_loss -0.7875
2026-08-05 13:51:25.393533: Pseudo dice [np.float32(0.7167), np.float32(0.9281), np.float32(0.9422)]
2026-08-05 13:51:25.393617: Epoch time: 40.61 s
2026-08-05 13:51:26.231233: 
2026-08-05 13:51:26.235365: Epoch 326
2026-08-05 13:51:26.235480: Current learning rate: 0.00701
2026-08-05 13:52:07.046831: train_loss -0.8379
2026-08-05 13:52:07.047158: val_loss -0.7999
2026-08-05 13:52:07.047254: Pseudo dice [np.float32(0.7295), np.float32(0.9333), np.float32(0.9431)]
2026-08-05 13:52:07.047361: Epoch time: 40.82 s
2026-08-05 13:52:07.895154: 
2026-08-05 13:52:07.895465: Epoch 327
2026-08-05 13:52:07.895586: Current learning rate: 0.007
2026-08-05 13:52:48.390948: train_loss -0.8404
2026-08-05 13:52:48.657438: val_loss -0.7826
2026-08-05 13:52:48.657701: Pseudo dice [np.float32(0.712), np.float32(0.9256), np.float32(0.9395)]
2026-08-05 13:52:48.657793: Epoch time: 40.5 s
2026-08-05 13:52:49.653906: 
2026-08-05 13:52:49.654190: Epoch 328
2026-08-05 13:52:49.654323: Current learning rate: 0.00699
2026-08-05 13:53:30.037679: train_loss -0.8348
2026-08-05 13:53:30.038330: val_loss -0.8001
2026-08-05 13:53:30.038512: Pseudo dice [np.float32(0.7235), np.float32(0.9348), np.float32(0.9421)]
2026-08-05 13:53:30.038668: Epoch time: 40.39 s
2026-08-05 13:53:32.923295: 
2026-08-05 13:53:32.923746: Epoch 329
2026-08-05 13:53:32.923934: Current learning rate: 0.00698
2026-08-05 13:54:13.277819: train_loss -0.8396
2026-08-05 13:54:13.278133: val_loss -0.7907
2026-08-05 13:54:13.278208: Pseudo dice [np.float32(0.7166), np.float32(0.9318), np.float32(0.9371)]
2026-08-05 13:54:13.278291: Epoch time: 40.36 s
2026-08-05 13:54:14.085197: 
2026-08-05 13:54:14.085564: Epoch 330
2026-08-05 13:54:14.085685: Current learning rate: 0.00697
2026-08-05 13:54:54.477371: train_loss -0.8407
2026-08-05 13:54:54.478553: val_loss -0.7934
2026-08-05 13:54:54.478866: Pseudo dice [np.float32(0.7205), np.float32(0.9339), np.float32(0.9417)]
2026-08-05 13:54:54.479036: Epoch time: 40.4 s
2026-08-05 13:54:54.479089: Yayy! New best EMA pseudo Dice: 0.86080002784729
2026-08-05 13:55:03.595534: 
2026-08-05 13:55:03.600811: Epoch 331
2026-08-05 13:55:03.600956: Current learning rate: 0.00696
2026-08-05 13:55:43.833433: train_loss -0.8332
2026-08-05 13:55:44.129469: val_loss -0.7832
2026-08-05 13:55:44.129706: Pseudo dice [np.float32(0.7035), np.float32(0.9342), np.float32(0.9385)]
2026-08-05 13:55:44.129872: Epoch time: 40.24 s
2026-08-05 13:55:45.118087: 
2026-08-05 13:55:45.118300: Epoch 332
2026-08-05 13:55:45.118461: Current learning rate: 0.00696
2026-08-05 13:56:25.632326: train_loss -0.8382
2026-08-05 13:56:25.773153: val_loss -0.7871
2026-08-05 13:56:25.773444: Pseudo dice [np.float32(0.7074), np.float32(0.9318), np.float32(0.936)]
2026-08-05 13:56:25.773585: Epoch time: 40.52 s
2026-08-05 13:56:26.785686: 
2026-08-05 13:56:26.786228: Epoch 333
2026-08-05 13:56:26.786342: Current learning rate: 0.00695
2026-08-05 13:57:07.273533: train_loss -0.8425
2026-08-05 13:57:07.316683: val_loss -0.7918
2026-08-05 13:57:07.316843: Pseudo dice [np.float32(0.7153), np.float32(0.9329), np.float32(0.9366)]
2026-08-05 13:57:07.316985: Epoch time: 40.49 s
2026-08-05 13:57:08.239882: 
2026-08-05 13:57:08.374915: Epoch 334
2026-08-05 13:57:08.375197: Current learning rate: 0.00694
2026-08-05 13:57:48.800663: train_loss -0.845
2026-08-05 13:57:48.801741: val_loss -0.7861
2026-08-05 13:57:48.801805: Pseudo dice [np.float32(0.7113), np.float32(0.9287), np.float32(0.9379)]
2026-08-05 13:57:48.801874: Epoch time: 40.56 s
2026-08-05 13:57:49.602853: 
2026-08-05 13:57:49.603221: Epoch 335
2026-08-05 13:57:49.603336: Current learning rate: 0.00693
2026-08-05 13:58:30.568777: train_loss -0.8314
2026-08-05 13:58:30.574714: val_loss -0.7821
2026-08-05 13:58:30.574843: Pseudo dice [np.float32(0.7027), np.float32(0.9355), np.float32(0.9406)]
2026-08-05 13:58:30.574978: Epoch time: 40.97 s
2026-08-05 13:58:31.390090: 
2026-08-05 13:58:31.390496: Epoch 336
2026-08-05 13:58:31.390608: Current learning rate: 0.00692
2026-08-05 13:59:11.890665: train_loss -0.8377
2026-08-05 13:59:11.890984: val_loss -0.7883
2026-08-05 13:59:11.891042: Pseudo dice [np.float32(0.713), np.float32(0.9323), np.float32(0.9372)]
2026-08-05 13:59:11.891108: Epoch time: 40.5 s
2026-08-05 13:59:12.686258: 
2026-08-05 13:59:12.686662: Epoch 337
2026-08-05 13:59:12.686767: Current learning rate: 0.00691
2026-08-05 13:59:52.895721: train_loss -0.8454
2026-08-05 13:59:52.896040: val_loss -0.7853
2026-08-05 13:59:52.896188: Pseudo dice [np.float32(0.7132), np.float32(0.9287), np.float32(0.9398)]
2026-08-05 13:59:52.896266: Epoch time: 40.21 s
2026-08-05 13:59:53.853291: 
2026-08-05 13:59:53.853805: Epoch 338
2026-08-05 13:59:53.853952: Current learning rate: 0.0069
2026-08-05 14:00:35.329958: train_loss -0.8253
2026-08-05 14:00:35.330495: val_loss -0.7766
2026-08-05 14:00:35.330918: Pseudo dice [np.float32(0.71), np.float32(0.9264), np.float32(0.9345)]
2026-08-05 14:00:35.331197: Epoch time: 41.48 s
2026-08-05 14:00:36.859530: 
2026-08-05 14:00:36.859946: Epoch 339
2026-08-05 14:00:36.860059: Current learning rate: 0.00689
2026-08-05 14:01:17.432995: train_loss -0.8109
2026-08-05 14:01:17.433307: val_loss -0.7503
2026-08-05 14:01:17.433377: Pseudo dice [np.float32(0.6882), np.float32(0.9183), np.float32(0.9178)]
2026-08-05 14:01:17.433455: Epoch time: 40.58 s
2026-08-05 14:01:18.415002: 
2026-08-05 14:01:18.415264: Epoch 340
2026-08-05 14:01:18.415419: Current learning rate: 0.00688
2026-08-05 14:01:59.041521: train_loss -0.7935
2026-08-05 14:01:59.041802: val_loss -0.7616
2026-08-05 14:01:59.041862: Pseudo dice [np.float32(0.689), np.float32(0.9266), np.float32(0.9265)]
2026-08-05 14:01:59.041950: Epoch time: 40.63 s
2026-08-05 14:02:00.138403: 
2026-08-05 14:02:00.138725: Epoch 341
2026-08-05 14:02:00.138846: Current learning rate: 0.00687
2026-08-05 14:02:40.924862: train_loss -0.7931
2026-08-05 14:02:40.925361: val_loss -0.7836
2026-08-05 14:02:40.925418: Pseudo dice [np.float32(0.6971), np.float32(0.9354), np.float32(0.9415)]
2026-08-05 14:02:40.925472: Epoch time: 40.79 s
2026-08-05 14:02:42.653581: 
2026-08-05 14:02:42.653860: Epoch 342
2026-08-05 14:02:42.653977: Current learning rate: 0.00686
2026-08-05 14:03:25.427905: train_loss -0.802
2026-08-05 14:03:25.824301: val_loss -0.7832
2026-08-05 14:03:25.824523: Pseudo dice [np.float32(0.7019), np.float32(0.932), np.float32(0.9395)]
2026-08-05 14:03:25.824656: Epoch time: 42.78 s
2026-08-05 14:03:27.065912: 
2026-08-05 14:03:27.066442: Epoch 343
2026-08-05 14:03:27.066554: Current learning rate: 0.00685
2026-08-05 14:04:08.118984: train_loss -0.7955
2026-08-05 14:04:08.359119: val_loss -0.774
2026-08-05 14:04:08.359286: Pseudo dice [np.float32(0.7016), np.float32(0.9257), np.float32(0.9331)]
2026-08-05 14:04:08.359388: Epoch time: 41.06 s
2026-08-05 14:04:09.421136: 
2026-08-05 14:04:09.422903: Epoch 344
2026-08-05 14:04:09.423041: Current learning rate: 0.00684
2026-08-05 14:04:49.515960: train_loss -0.7651
2026-08-05 14:04:49.516559: val_loss -0.7722
2026-08-05 14:04:49.516650: Pseudo dice [np.float32(0.7022), np.float32(0.9252), np.float32(0.927)]
2026-08-05 14:04:49.516717: Epoch time: 40.1 s
2026-08-05 14:04:50.584013: 
2026-08-05 14:04:50.584425: Epoch 345
2026-08-05 14:04:50.584545: Current learning rate: 0.00683
2026-08-05 14:05:31.057818: train_loss -0.7709
2026-08-05 14:05:31.062863: val_loss -0.7905
2026-08-05 14:05:31.062934: Pseudo dice [np.float32(0.716), np.float32(0.934), np.float32(0.9414)]
2026-08-05 14:05:31.062997: Epoch time: 40.48 s
2026-08-05 14:05:32.272316: 
2026-08-05 14:05:32.573846: Epoch 346
2026-08-05 14:05:32.574165: Current learning rate: 0.00682
2026-08-05 14:06:13.407860: train_loss -0.7997
2026-08-05 14:06:14.031106: val_loss -0.7671
2026-08-05 14:06:14.031275: Pseudo dice [np.float32(0.68), np.float32(0.9289), np.float32(0.9329)]
2026-08-05 14:06:14.031366: Epoch time: 41.14 s
2026-08-05 14:06:14.901217: 
2026-08-05 14:06:14.901538: Epoch 347
2026-08-05 14:06:14.901648: Current learning rate: 0.00681
2026-08-05 14:06:55.585447: train_loss -0.7892
2026-08-05 14:06:56.074399: val_loss -0.7866
2026-08-05 14:06:56.074822: Pseudo dice [np.float32(0.7051), np.float32(0.9332), np.float32(0.9341)]
2026-08-05 14:06:56.075094: Epoch time: 40.69 s
2026-08-05 14:06:57.376267: 
2026-08-05 14:06:57.376645: Epoch 348
2026-08-05 14:06:57.376750: Current learning rate: 0.0068
2026-08-05 14:07:38.180773: train_loss -0.8002
2026-08-05 14:07:38.459414: val_loss -0.7665
2026-08-05 14:07:38.459743: Pseudo dice [np.float32(0.6978), np.float32(0.927), np.float32(0.9201)]
2026-08-05 14:07:38.459888: Epoch time: 40.81 s
2026-08-05 14:07:41.156527: 
2026-08-05 14:07:41.158280: Epoch 349
2026-08-05 14:07:41.158389: Current learning rate: 0.0068
2026-08-05 14:08:21.277336: train_loss -0.7853
2026-08-05 14:08:21.280676: val_loss -0.7849
2026-08-05 14:08:21.438133: Pseudo dice [np.float32(0.7035), np.float32(0.9289), np.float32(0.9376)]
2026-08-05 14:08:21.438462: Epoch time: 40.12 s
2026-08-05 14:08:28.503108: 
2026-08-05 14:08:28.515150: Epoch 350
2026-08-05 14:08:28.515276: Current learning rate: 0.00679
2026-08-05 14:09:09.137468: train_loss -0.7916
2026-08-05 14:09:09.137708: val_loss -0.7633
2026-08-05 14:09:09.137765: Pseudo dice [np.float32(0.6947), np.float32(0.9225), np.float32(0.9326)]
2026-08-05 14:09:09.137819: Epoch time: 40.64 s
2026-08-05 14:09:09.894795: 
2026-08-05 14:09:09.895167: Epoch 351
2026-08-05 14:09:09.895392: Current learning rate: 0.00678
2026-08-05 14:09:50.410340: train_loss -0.7862
2026-08-05 14:09:50.528780: val_loss -0.7861
2026-08-05 14:09:50.528976: Pseudo dice [np.float32(0.7053), np.float32(0.9321), np.float32(0.9384)]
2026-08-05 14:09:50.529100: Epoch time: 40.52 s
2026-08-05 14:09:51.518783: 
2026-08-05 14:09:51.519096: Epoch 352
2026-08-05 14:09:51.519208: Current learning rate: 0.00677
2026-08-05 14:10:32.180805: train_loss -0.81
2026-08-05 14:10:32.181230: val_loss -0.7958
2026-08-05 14:10:32.181286: Pseudo dice [np.float32(0.7139), np.float32(0.9345), np.float32(0.9364)]
2026-08-05 14:10:32.181342: Epoch time: 40.67 s
2026-08-05 14:10:33.074417: 
2026-08-05 14:10:33.074879: Epoch 353
2026-08-05 14:10:33.075003: Current learning rate: 0.00676
2026-08-05 14:11:13.667118: train_loss -0.8265
2026-08-05 14:11:13.667608: val_loss -0.7866
2026-08-05 14:11:13.667681: Pseudo dice [np.float32(0.7134), np.float32(0.9335), np.float32(0.9353)]
2026-08-05 14:11:13.667769: Epoch time: 40.6 s
2026-08-05 14:11:14.697294: 
2026-08-05 14:11:14.697600: Epoch 354
2026-08-05 14:11:14.697728: Current learning rate: 0.00675
2026-08-05 14:11:55.339617: train_loss -0.8307
2026-08-05 14:11:55.340072: val_loss -0.7907
2026-08-05 14:11:55.340367: Pseudo dice [np.float32(0.7124), np.float32(0.9325), np.float32(0.938)]
2026-08-05 14:11:55.340518: Epoch time: 40.64 s
2026-08-05 14:11:56.359270: 
2026-08-05 14:11:56.359627: Epoch 355
2026-08-05 14:11:56.359776: Current learning rate: 0.00674
2026-08-05 14:12:37.140633: train_loss -0.83
2026-08-05 14:12:37.141081: val_loss -0.7871
2026-08-05 14:12:37.141139: Pseudo dice [np.float32(0.7093), np.float32(0.9301), np.float32(0.9392)]
2026-08-05 14:12:37.141197: Epoch time: 40.78 s
2026-08-05 14:12:39.122623: 
2026-08-05 14:12:39.123047: Epoch 356
2026-08-05 14:12:39.123153: Current learning rate: 0.00673
2026-08-05 14:13:19.957603: train_loss -0.8266
2026-08-05 14:13:19.957932: val_loss -0.7865
2026-08-05 14:13:19.958076: Pseudo dice [np.float32(0.7061), np.float32(0.9331), np.float32(0.9387)]
2026-08-05 14:13:19.958160: Epoch time: 40.84 s
2026-08-05 14:13:20.730459: 
2026-08-05 14:13:20.730900: Epoch 357
2026-08-05 14:13:20.730989: Current learning rate: 0.00672
2026-08-05 14:14:01.537538: train_loss -0.8225
2026-08-05 14:14:01.537989: val_loss -0.7949
2026-08-05 14:14:01.538076: Pseudo dice [np.float32(0.7129), np.float32(0.9343), np.float32(0.9413)]
2026-08-05 14:14:01.538196: Epoch time: 40.81 s
2026-08-05 14:14:02.276727: 
2026-08-05 14:14:02.277208: Epoch 358
2026-08-05 14:14:02.277356: Current learning rate: 0.00671
2026-08-05 14:14:42.415646: train_loss -0.8264
2026-08-05 14:14:42.415927: val_loss -0.763
2026-08-05 14:14:42.416133: Pseudo dice [np.float32(0.6801), np.float32(0.9304), np.float32(0.9312)]
2026-08-05 14:14:42.416330: Epoch time: 40.14 s
2026-08-05 14:14:43.241912: 
2026-08-05 14:14:43.242394: Epoch 359
2026-08-05 14:14:43.242521: Current learning rate: 0.0067
2026-08-05 14:15:23.762376: train_loss -0.8099
2026-08-05 14:15:23.762559: val_loss -0.7923
2026-08-05 14:15:23.762611: Pseudo dice [np.float32(0.7203), np.float32(0.9288), np.float32(0.9377)]
2026-08-05 14:15:23.762667: Epoch time: 40.52 s
2026-08-05 14:15:24.555803: 
2026-08-05 14:15:24.556119: Epoch 360
2026-08-05 14:15:24.556252: Current learning rate: 0.00669
2026-08-05 14:16:04.814170: train_loss -0.8252
2026-08-05 14:16:04.814646: val_loss -0.7889
2026-08-05 14:16:04.814769: Pseudo dice [np.float32(0.7053), np.float32(0.9362), np.float32(0.9377)]
2026-08-05 14:16:04.815041: Epoch time: 40.26 s
2026-08-05 14:16:05.747736: 
2026-08-05 14:16:05.748091: Epoch 361
2026-08-05 14:16:05.748183: Current learning rate: 0.00668
2026-08-05 14:16:45.767786: train_loss -0.828
2026-08-05 14:16:45.768259: val_loss -0.7828
2026-08-05 14:16:45.768387: Pseudo dice [np.float32(0.7061), np.float32(0.9329), np.float32(0.9353)]
2026-08-05 14:16:45.768502: Epoch time: 40.02 s
2026-08-05 14:16:46.688531: 
2026-08-05 14:16:46.688724: Epoch 362
2026-08-05 14:16:46.688872: Current learning rate: 0.00667
2026-08-05 14:17:26.966252: train_loss -0.8266
2026-08-05 14:17:26.966562: val_loss -0.7803
2026-08-05 14:17:26.966687: Pseudo dice [np.float32(0.7065), np.float32(0.9307), np.float32(0.9328)]
2026-08-05 14:17:26.966800: Epoch time: 40.28 s
2026-08-05 14:17:28.718410: 
2026-08-05 14:17:28.718740: Epoch 363
2026-08-05 14:17:28.718971: Current learning rate: 0.00666
2026-08-05 14:18:09.387299: train_loss -0.8364
2026-08-05 14:18:09.387771: val_loss -0.7981
2026-08-05 14:18:09.387919: Pseudo dice [np.float32(0.7279), np.float32(0.9382), np.float32(0.942)]
2026-08-05 14:18:09.388053: Epoch time: 40.67 s
2026-08-05 14:18:10.255049: 
2026-08-05 14:18:10.255237: Epoch 364
2026-08-05 14:18:10.255457: Current learning rate: 0.00665
2026-08-05 14:18:51.063071: train_loss -0.8349
2026-08-05 14:18:51.063557: val_loss -0.7863
2026-08-05 14:18:51.063789: Pseudo dice [np.float32(0.7093), np.float32(0.9295), np.float32(0.94)]
2026-08-05 14:18:51.063946: Epoch time: 40.81 s
2026-08-05 14:18:51.906243: 
2026-08-05 14:18:51.906407: Epoch 365
2026-08-05 14:18:51.906719: Current learning rate: 0.00665
2026-08-05 14:19:32.504590: train_loss -0.8379
2026-08-05 14:19:32.504965: val_loss -0.7966
2026-08-05 14:19:32.505413: Pseudo dice [np.float32(0.7213), np.float32(0.9318), np.float32(0.9468)]
2026-08-05 14:19:32.505631: Epoch time: 40.6 s
2026-08-05 14:19:33.373820: 
2026-08-05 14:19:33.374200: Epoch 366
2026-08-05 14:19:33.374331: Current learning rate: 0.00664
2026-08-05 14:20:13.898979: train_loss -0.8351
2026-08-05 14:20:13.899183: val_loss -0.7772
2026-08-05 14:20:13.899240: Pseudo dice [np.float32(0.6983), np.float32(0.9305), np.float32(0.941)]
2026-08-05 14:20:13.899306: Epoch time: 40.53 s
2026-08-05 14:20:14.889728: 
2026-08-05 14:20:14.890120: Epoch 367
2026-08-05 14:20:14.890249: Current learning rate: 0.00663
2026-08-05 14:20:55.785283: train_loss -0.8285
2026-08-05 14:20:55.785614: val_loss -0.7843
2026-08-05 14:20:55.785702: Pseudo dice [np.float32(0.7126), np.float32(0.9303), np.float32(0.9377)]
2026-08-05 14:20:55.785765: Epoch time: 40.9 s
2026-08-05 14:20:56.601617: 
2026-08-05 14:20:56.601956: Epoch 368
2026-08-05 14:20:56.602145: Current learning rate: 0.00662
2026-08-05 14:21:37.485834: train_loss -0.8338
2026-08-05 14:21:37.618680: val_loss -0.7961
2026-08-05 14:21:37.618847: Pseudo dice [np.float32(0.7237), np.float32(0.9336), np.float32(0.9397)]
2026-08-05 14:21:37.619084: Epoch time: 40.89 s
2026-08-05 14:21:38.452488: 
2026-08-05 14:21:38.452727: Epoch 369
2026-08-05 14:21:38.452843: Current learning rate: 0.00661
2026-08-05 14:22:18.875740: train_loss -0.8365
2026-08-05 14:22:18.876012: val_loss -0.7932
2026-08-05 14:22:18.876128: Pseudo dice [np.float32(0.7159), np.float32(0.9376), np.float32(0.9382)]
2026-08-05 14:22:18.876198: Epoch time: 40.43 s
2026-08-05 14:22:20.380942: 
2026-08-05 14:22:20.381314: Epoch 370
2026-08-05 14:22:20.381433: Current learning rate: 0.0066
2026-08-05 14:23:00.854533: train_loss -0.8438
2026-08-05 14:23:00.855008: val_loss -0.786
2026-08-05 14:23:00.855142: Pseudo dice [np.float32(0.7101), np.float32(0.9351), np.float32(0.9385)]
2026-08-05 14:23:00.855260: Epoch time: 40.48 s
2026-08-05 14:23:01.806912: 
2026-08-05 14:23:01.807331: Epoch 371
2026-08-05 14:23:01.807449: Current learning rate: 0.00659
2026-08-05 14:23:42.376566: train_loss -0.8411
2026-08-05 14:23:42.376979: val_loss -0.7867
2026-08-05 14:23:42.377155: Pseudo dice [np.float32(0.7118), np.float32(0.9347), np.float32(0.9393)]
2026-08-05 14:23:42.377317: Epoch time: 40.57 s
2026-08-05 14:23:44.025349: 
2026-08-05 14:23:44.025830: Epoch 372
2026-08-05 14:23:44.025955: Current learning rate: 0.00658
2026-08-05 14:24:24.704548: train_loss -0.8404
2026-08-05 14:24:24.705115: val_loss -0.7938
2026-08-05 14:24:24.705250: Pseudo dice [np.float32(0.7162), np.float32(0.9347), np.float32(0.9421)]
2026-08-05 14:24:24.705384: Epoch time: 40.68 s
2026-08-05 14:24:24.705473: Yayy! New best EMA pseudo Dice: 0.8610000014305115
2026-08-05 14:24:33.323606: 
2026-08-05 14:24:33.323956: Epoch 373
2026-08-05 14:24:33.324111: Current learning rate: 0.00657
2026-08-05 14:25:13.782913: train_loss -0.8414
2026-08-05 14:25:13.960831: val_loss -0.8066
2026-08-05 14:25:13.961083: Pseudo dice [np.float32(0.7275), np.float32(0.9391), np.float32(0.9422)]
2026-08-05 14:25:13.961251: Epoch time: 40.46 s
2026-08-05 14:25:13.961354: Yayy! New best EMA pseudo Dice: 0.8618999719619751
2026-08-05 14:25:33.285850: 
2026-08-05 14:25:33.286406: Epoch 374
2026-08-05 14:25:33.286551: Current learning rate: 0.00656
2026-08-05 14:26:13.384975: train_loss -0.8398
2026-08-05 14:26:13.385317: val_loss -0.7938
2026-08-05 14:26:13.385390: Pseudo dice [np.float32(0.7245), np.float32(0.9352), np.float32(0.9448)]
2026-08-05 14:26:13.385468: Epoch time: 40.1 s
2026-08-05 14:26:13.385518: Yayy! New best EMA pseudo Dice: 0.862500011920929
2026-08-05 14:26:22.213061: 
2026-08-05 14:26:22.213477: Epoch 375
2026-08-05 14:26:22.213658: Current learning rate: 0.00655
2026-08-05 14:27:02.591386: train_loss -0.8364
2026-08-05 14:27:02.591630: val_loss -0.7849
2026-08-05 14:27:02.591726: Pseudo dice [np.float32(0.709), np.float32(0.9332), np.float32(0.9343)]
2026-08-05 14:27:02.591821: Epoch time: 40.38 s
2026-08-05 14:27:04.085748: 
2026-08-05 14:27:04.086135: Epoch 376
2026-08-05 14:27:04.086275: Current learning rate: 0.00654
2026-08-05 14:27:44.466378: train_loss -0.8385
2026-08-05 14:27:44.466995: val_loss -0.7864
2026-08-05 14:27:44.467133: Pseudo dice [np.float32(0.7134), np.float32(0.9257), np.float32(0.9401)]
2026-08-05 14:27:44.467249: Epoch time: 40.38 s
2026-08-05 14:27:45.274716: 
2026-08-05 14:27:45.275051: Epoch 377
2026-08-05 14:27:45.275182: Current learning rate: 0.00653
2026-08-05 14:28:25.815633: train_loss -0.8405
2026-08-05 14:28:25.816033: val_loss -0.7779
2026-08-05 14:28:25.816245: Pseudo dice [np.float32(0.703), np.float32(0.9236), np.float32(0.9381)]
2026-08-05 14:28:25.816361: Epoch time: 40.54 s
2026-08-05 14:28:26.825411: 
2026-08-05 14:28:26.825858: Epoch 378
2026-08-05 14:28:26.825996: Current learning rate: 0.00652
2026-08-05 14:29:06.892853: train_loss -0.8436
2026-08-05 14:29:06.893166: val_loss -0.7981
2026-08-05 14:29:06.893266: Pseudo dice [np.float32(0.7265), np.float32(0.9358), np.float32(0.9419)]
2026-08-05 14:29:06.893363: Epoch time: 40.07 s
2026-08-05 14:29:07.668942: 
2026-08-05 14:29:07.669341: Epoch 379
2026-08-05 14:29:07.669455: Current learning rate: 0.00651
2026-08-05 14:29:48.213282: train_loss -0.8456
2026-08-05 14:29:48.213479: val_loss -0.7826
2026-08-05 14:29:48.213534: Pseudo dice [np.float32(0.7079), np.float32(0.935), np.float32(0.9348)]
2026-08-05 14:29:48.213593: Epoch time: 40.55 s
2026-08-05 14:29:49.154936: 
2026-08-05 14:29:49.155276: Epoch 380
2026-08-05 14:29:49.155417: Current learning rate: 0.0065
2026-08-05 14:30:29.433006: train_loss -0.8505
2026-08-05 14:30:29.435055: val_loss -0.787
2026-08-05 14:30:29.435166: Pseudo dice [np.float32(0.7014), np.float32(0.9282), np.float32(0.939)]
2026-08-05 14:30:29.435266: Epoch time: 40.28 s
2026-08-05 14:30:30.261055: 
2026-08-05 14:30:30.261403: Epoch 381
2026-08-05 14:30:30.261528: Current learning rate: 0.00649
2026-08-05 14:31:10.218583: train_loss -0.8533
2026-08-05 14:31:10.218919: val_loss -0.7923
2026-08-05 14:31:10.219021: Pseudo dice [np.float32(0.7219), np.float32(0.9331), np.float32(0.9466)]
2026-08-05 14:31:10.219200: Epoch time: 39.96 s
2026-08-05 14:31:10.989770: 
2026-08-05 14:31:10.990029: Epoch 382
2026-08-05 14:31:10.990198: Current learning rate: 0.00648
2026-08-05 14:31:52.008174: train_loss -0.8538
2026-08-05 14:31:52.079916: val_loss -0.7928
2026-08-05 14:31:52.080137: Pseudo dice [np.float32(0.7156), np.float32(0.9355), np.float32(0.9405)]
2026-08-05 14:31:52.080351: Epoch time: 41.02 s
2026-08-05 14:31:52.834438: 
2026-08-05 14:31:52.834758: Epoch 383
2026-08-05 14:31:52.834904: Current learning rate: 0.00648
2026-08-05 14:32:34.993110: train_loss -0.8516
2026-08-05 14:32:34.993683: val_loss -0.7971
2026-08-05 14:32:34.993811: Pseudo dice [np.float32(0.7169), np.float32(0.9325), np.float32(0.9442)]
2026-08-05 14:32:34.993942: Epoch time: 42.16 s
2026-08-05 14:32:35.904955: 
2026-08-05 14:32:35.905240: Epoch 384
2026-08-05 14:32:35.905400: Current learning rate: 0.00647
2026-08-05 14:33:17.681466: train_loss -0.8242
2026-08-05 14:33:17.681800: val_loss -0.7938
2026-08-05 14:33:17.682019: Pseudo dice [np.float32(0.7208), np.float32(0.9366), np.float32(0.9388)]
2026-08-05 14:33:17.682178: Epoch time: 41.78 s
2026-08-05 14:33:19.288367: 
2026-08-05 14:33:19.288584: Epoch 385
2026-08-05 14:33:19.288707: Current learning rate: 0.00646
2026-08-05 14:34:00.169220: train_loss -0.8219
2026-08-05 14:34:00.326529: val_loss -0.7729
2026-08-05 14:34:00.326664: Pseudo dice [np.float32(0.7039), np.float32(0.9266), np.float32(0.9306)]
2026-08-05 14:34:00.326729: Epoch time: 40.88 s
2026-08-05 14:34:01.919403: 
2026-08-05 14:34:01.919869: Epoch 386
2026-08-05 14:34:01.919980: Current learning rate: 0.00645
2026-08-05 14:34:42.438404: train_loss -0.8321
2026-08-05 14:34:42.470036: val_loss -0.7811
2026-08-05 14:34:42.470212: Pseudo dice [np.float32(0.7002), np.float32(0.9333), np.float32(0.9395)]
2026-08-05 14:34:42.470336: Epoch time: 40.52 s
2026-08-05 14:34:43.532625: 
2026-08-05 14:34:43.533487: Epoch 387
2026-08-05 14:34:43.533601: Current learning rate: 0.00644
2026-08-05 14:35:24.094820: train_loss -0.8267
2026-08-05 14:35:24.421930: val_loss -0.7899
2026-08-05 14:35:24.422060: Pseudo dice [np.float32(0.7161), np.float32(0.9277), np.float32(0.9412)]
2026-08-05 14:35:24.422131: Epoch time: 40.57 s
2026-08-05 14:35:25.439107: 
2026-08-05 14:35:25.439367: Epoch 388
2026-08-05 14:35:25.439456: Current learning rate: 0.00643
2026-08-05 14:36:05.878729: train_loss -0.8206
2026-08-05 14:36:05.878949: val_loss -0.7869
2026-08-05 14:36:05.879005: Pseudo dice [np.float32(0.7027), np.float32(0.929), np.float32(0.9439)]
2026-08-05 14:36:05.879063: Epoch time: 40.44 s
2026-08-05 14:36:08.116270: 
2026-08-05 14:36:08.116609: Epoch 389
2026-08-05 14:36:08.116724: Current learning rate: 0.00642
2026-08-05 14:36:48.791028: train_loss -0.8216
2026-08-05 14:36:48.791557: val_loss -0.7788
2026-08-05 14:36:48.791689: Pseudo dice [np.float32(0.7001), np.float32(0.9303), np.float32(0.9375)]
2026-08-05 14:36:48.791811: Epoch time: 40.68 s
2026-08-05 14:36:49.808501: 
2026-08-05 14:36:49.808830: Epoch 390
2026-08-05 14:36:49.808950: Current learning rate: 0.00641
2026-08-05 14:37:30.602530: train_loss -0.8274
2026-08-05 14:37:30.602694: val_loss -0.7882
2026-08-05 14:37:30.602747: Pseudo dice [np.float32(0.7164), np.float32(0.9362), np.float32(0.9381)]
2026-08-05 14:37:30.602806: Epoch time: 40.8 s
2026-08-05 14:37:31.369029: 
2026-08-05 14:37:31.369410: Epoch 391
2026-08-05 14:37:31.369518: Current learning rate: 0.0064
2026-08-05 14:38:12.078303: train_loss -0.8084
2026-08-05 14:38:12.078662: val_loss -0.7635
2026-08-05 14:38:12.078806: Pseudo dice [np.float32(0.6898), np.float32(0.9216), np.float32(0.9338)]
2026-08-05 14:38:12.078914: Epoch time: 40.71 s
2026-08-05 14:38:12.986540: 
2026-08-05 14:38:12.986869: Epoch 392
2026-08-05 14:38:12.987056: Current learning rate: 0.00639
2026-08-05 14:38:53.713044: train_loss -0.7911
2026-08-05 14:38:53.713414: val_loss -0.771
2026-08-05 14:38:53.713525: Pseudo dice [np.float32(0.7003), np.float32(0.9186), np.float32(0.9371)]
2026-08-05 14:38:53.713716: Epoch time: 40.73 s
2026-08-05 14:38:54.922914: 
2026-08-05 14:38:54.923305: Epoch 393
2026-08-05 14:38:54.923475: Current learning rate: 0.00638
2026-08-05 14:39:35.367019: train_loss -0.7919
2026-08-05 14:39:35.367220: val_loss -0.7753
2026-08-05 14:39:35.367345: Pseudo dice [np.float32(0.6958), np.float32(0.9286), np.float32(0.9346)]
2026-08-05 14:39:35.368481: Epoch time: 40.45 s
2026-08-05 14:39:36.188859: 
2026-08-05 14:39:36.189228: Epoch 394
2026-08-05 14:39:36.189452: Current learning rate: 0.00637
2026-08-05 14:40:16.557968: train_loss -0.8067
2026-08-05 14:40:16.558350: val_loss -0.7928
2026-08-05 14:40:16.558519: Pseudo dice [np.float32(0.7195), np.float32(0.9317), np.float32(0.9399)]
2026-08-05 14:40:16.558672: Epoch time: 40.37 s
2026-08-05 14:40:18.198348: 
2026-08-05 14:40:18.198637: Epoch 395
2026-08-05 14:40:18.198756: Current learning rate: 0.00636
2026-08-05 14:40:59.129573: train_loss -0.8287
2026-08-05 14:40:59.129946: val_loss -0.7962
2026-08-05 14:40:59.130030: Pseudo dice [np.float32(0.7112), np.float32(0.9352), np.float32(0.9408)]
2026-08-05 14:40:59.130215: Epoch time: 40.93 s
2026-08-05 14:41:01.962992: 
2026-08-05 14:41:01.963288: Epoch 396
2026-08-05 14:41:01.963402: Current learning rate: 0.00635
2026-08-05 14:41:42.940606: train_loss -0.8353
2026-08-05 14:41:42.941437: val_loss -0.7839
2026-08-05 14:41:42.941501: Pseudo dice [np.float32(0.7019), np.float32(0.9323), np.float32(0.9365)]
2026-08-05 14:41:42.941574: Epoch time: 40.98 s
2026-08-05 14:41:43.794607: 
2026-08-05 14:41:43.795188: Epoch 397
2026-08-05 14:41:43.795315: Current learning rate: 0.00634
2026-08-05 14:42:25.285750: train_loss -0.8316
2026-08-05 14:42:25.681331: val_loss -0.7915
2026-08-05 14:42:25.681489: Pseudo dice [np.float32(0.7139), np.float32(0.927), np.float32(0.9435)]
2026-08-05 14:42:25.681574: Epoch time: 41.49 s
2026-08-05 14:42:27.598777: 
2026-08-05 14:42:27.599041: Epoch 398
2026-08-05 14:42:27.599198: Current learning rate: 0.00633
2026-08-05 14:43:09.016884: train_loss -0.8281
2026-08-05 14:43:09.199218: val_loss -0.7715
2026-08-05 14:43:09.199390: Pseudo dice [np.float32(0.6932), np.float32(0.9232), np.float32(0.9353)]
2026-08-05 14:43:09.199502: Epoch time: 41.42 s
2026-08-05 14:43:10.487373: 
2026-08-05 14:43:10.487715: Epoch 399
2026-08-05 14:43:10.487860: Current learning rate: 0.00632
2026-08-05 14:43:50.872375: train_loss -0.8229
2026-08-05 14:43:50.873045: val_loss -0.7799
2026-08-05 14:43:50.873230: Pseudo dice [np.float32(0.7083), np.float32(0.9296), np.float32(0.9364)]
2026-08-05 14:43:50.873297: Epoch time: 40.39 s
2026-08-05 14:44:07.564823: 
2026-08-05 14:44:07.565216: Epoch 400
2026-08-05 14:44:07.565495: Current learning rate: 0.00631
2026-08-05 14:44:48.447047: train_loss -0.8296
2026-08-05 14:44:48.447517: val_loss -0.7948
2026-08-05 14:44:48.447644: Pseudo dice [np.float32(0.7199), np.float32(0.935), np.float32(0.9419)]
2026-08-05 14:44:48.447763: Epoch time: 40.88 s
2026-08-05 14:44:50.637981: 
2026-08-05 14:44:50.638309: Epoch 401
2026-08-05 14:44:50.638414: Current learning rate: 0.0063
2026-08-05 14:45:31.154492: train_loss -0.8389
2026-08-05 14:45:31.154843: val_loss -0.7919
2026-08-05 14:45:31.154926: Pseudo dice [np.float32(0.7098), np.float32(0.9294), np.float32(0.936)]
2026-08-05 14:45:31.155133: Epoch time: 40.52 s
2026-08-05 14:45:32.403162: 
2026-08-05 14:45:32.403701: Epoch 402
2026-08-05 14:45:32.403829: Current learning rate: 0.0063
2026-08-05 14:46:13.735166: train_loss -0.8444
2026-08-05 14:46:13.735484: val_loss -0.7982
2026-08-05 14:46:13.735545: Pseudo dice [np.float32(0.724), np.float32(0.9318), np.float32(0.94)]
2026-08-05 14:46:13.735612: Epoch time: 41.34 s
2026-08-05 14:46:15.158819: 
2026-08-05 14:46:15.159229: Epoch 403
2026-08-05 14:46:15.159353: Current learning rate: 0.00629
2026-08-05 14:46:55.542075: train_loss -0.8485
2026-08-05 14:46:55.542297: val_loss -0.7924
2026-08-05 14:46:55.542360: Pseudo dice [np.float32(0.7137), np.float32(0.9321), np.float32(0.9403)]
2026-08-05 14:46:55.542478: Epoch time: 40.39 s
2026-08-05 14:46:56.305364: 
2026-08-05 14:46:56.305679: Epoch 404
2026-08-05 14:46:56.305800: Current learning rate: 0.00628
2026-08-05 14:47:36.362482: train_loss -0.8436
2026-08-05 14:47:36.362756: val_loss -0.7917
2026-08-05 14:47:36.362824: Pseudo dice [np.float32(0.711), np.float32(0.9348), np.float32(0.9398)]
2026-08-05 14:47:36.362906: Epoch time: 40.06 s
2026-08-05 14:47:37.332482: 
2026-08-05 14:47:37.332827: Epoch 405
2026-08-05 14:47:37.332964: Current learning rate: 0.00627
2026-08-05 14:48:17.805068: train_loss -0.8368
2026-08-05 14:48:17.805482: val_loss -0.7829
2026-08-05 14:48:17.805612: Pseudo dice [np.float32(0.7098), np.float32(0.9258), np.float32(0.9382)]
2026-08-05 14:48:17.805731: Epoch time: 40.48 s
2026-08-05 14:48:18.754144: 
2026-08-05 14:48:18.754501: Epoch 406
2026-08-05 14:48:18.754585: Current learning rate: 0.00626
2026-08-05 14:48:59.194116: train_loss -0.8377
2026-08-05 14:48:59.194355: val_loss -0.783
2026-08-05 14:48:59.194472: Pseudo dice [np.float32(0.71), np.float32(0.9267), np.float32(0.9375)]
2026-08-05 14:48:59.194577: Epoch time: 40.44 s
2026-08-05 14:48:59.989484: 
2026-08-05 14:48:59.989866: Epoch 407
2026-08-05 14:48:59.989967: Current learning rate: 0.00625
2026-08-05 14:49:40.509398: train_loss -0.8415
2026-08-05 14:49:40.509624: val_loss -0.7889
2026-08-05 14:49:40.509679: Pseudo dice [np.float32(0.7141), np.float32(0.9356), np.float32(0.9372)]
2026-08-05 14:49:40.509739: Epoch time: 40.52 s
2026-08-05 14:49:41.499626: 
2026-08-05 14:49:41.500092: Epoch 408
2026-08-05 14:49:41.500231: Current learning rate: 0.00624
2026-08-05 14:50:21.680233: train_loss -0.8317
2026-08-05 14:50:21.680680: val_loss -0.7844
2026-08-05 14:50:21.680873: Pseudo dice [np.float32(0.7088), np.float32(0.9315), np.float32(0.942)]
2026-08-05 14:50:21.681030: Epoch time: 40.18 s
2026-08-05 14:50:23.019509: 
2026-08-05 14:50:23.019859: Epoch 409
2026-08-05 14:50:23.019978: Current learning rate: 0.00623
2026-08-05 14:51:03.693572: train_loss -0.8164
2026-08-05 14:51:03.693922: val_loss -0.779
2026-08-05 14:51:03.694149: Pseudo dice [np.float32(0.7101), np.float32(0.9256), np.float32(0.9384)]
2026-08-05 14:51:03.694277: Epoch time: 40.68 s
2026-08-05 14:51:04.558993: 
2026-08-05 14:51:04.559340: Epoch 410
2026-08-05 14:51:04.559439: Current learning rate: 0.00622
2026-08-05 14:51:45.722722: train_loss -0.8284
2026-08-05 14:51:45.725796: val_loss -0.7818
2026-08-05 14:51:45.725936: Pseudo dice [np.float32(0.7097), np.float32(0.9266), np.float32(0.9393)]
2026-08-05 14:51:45.726645: Epoch time: 41.17 s
2026-08-05 14:51:46.529321: 
2026-08-05 14:51:46.529700: Epoch 411
2026-08-05 14:51:46.529790: Current learning rate: 0.00621
2026-08-05 14:52:27.014337: train_loss -0.8397
2026-08-05 14:52:27.168340: val_loss -0.7798
2026-08-05 14:52:27.168574: Pseudo dice [np.float32(0.7093), np.float32(0.9296), np.float32(0.9391)]
2026-08-05 14:52:27.168709: Epoch time: 40.49 s
2026-08-05 14:52:28.202910: 
2026-08-05 14:52:28.203223: Epoch 412
2026-08-05 14:52:28.203342: Current learning rate: 0.0062
2026-08-05 14:53:08.279675: train_loss -0.8475
2026-08-05 14:53:08.353482: val_loss -0.7985
2026-08-05 14:53:08.353847: Pseudo dice [np.float32(0.7221), np.float32(0.9323), np.float32(0.9437)]
2026-08-05 14:53:08.354088: Epoch time: 40.08 s
2026-08-05 14:53:09.562690: 
2026-08-05 14:53:09.563051: Epoch 413
2026-08-05 14:53:09.563171: Current learning rate: 0.00619
2026-08-05 14:53:49.733201: train_loss -0.8477
2026-08-05 14:53:50.038651: val_loss -0.7816
2026-08-05 14:53:50.038872: Pseudo dice [np.float32(0.6988), np.float32(0.932), np.float32(0.9349)]
2026-08-05 14:53:50.039189: Epoch time: 40.17 s
2026-08-05 14:53:51.387489: 
2026-08-05 14:53:51.388066: Epoch 414
2026-08-05 14:53:51.388194: Current learning rate: 0.00618
2026-08-05 14:54:32.405816: train_loss -0.8352
2026-08-05 14:54:32.440216: val_loss -0.7871
2026-08-05 14:54:32.440418: Pseudo dice [np.float32(0.7124), np.float32(0.9312), np.float32(0.9374)]
2026-08-05 14:54:32.440577: Epoch time: 41.02 s
2026-08-05 14:54:33.917789: 
2026-08-05 14:54:33.956298: Epoch 415
2026-08-05 14:54:33.956547: Current learning rate: 0.00617
2026-08-05 14:55:14.732404: train_loss -0.838
2026-08-05 14:55:14.759953: val_loss -0.7788
2026-08-05 14:55:14.760148: Pseudo dice [np.float32(0.7017), np.float32(0.9276), np.float32(0.9399)]
2026-08-05 14:55:14.760391: Epoch time: 40.82 s
2026-08-05 14:55:18.066588: 
2026-08-05 14:55:18.067577: Epoch 416
2026-08-05 14:55:18.067684: Current learning rate: 0.00616
2026-08-05 14:55:59.024363: train_loss -0.8433
2026-08-05 14:55:59.096962: val_loss -0.7852
2026-08-05 14:55:59.097196: Pseudo dice [np.float32(0.7105), np.float32(0.934), np.float32(0.9332)]
2026-08-05 14:55:59.097468: Epoch time: 40.96 s
2026-08-05 14:56:00.055796: 
2026-08-05 14:56:00.056199: Epoch 417
2026-08-05 14:56:00.056311: Current learning rate: 0.00615
2026-08-05 14:56:40.038347: train_loss -0.8479
2026-08-05 14:56:40.046920: val_loss -0.7823
2026-08-05 14:56:40.047058: Pseudo dice [np.float32(0.7125), np.float32(0.9308), np.float32(0.9368)]
2026-08-05 14:56:40.047121: Epoch time: 39.99 s
2026-08-05 14:56:40.795188: 
2026-08-05 14:56:40.801204: Epoch 418
2026-08-05 14:56:40.801350: Current learning rate: 0.00614
2026-08-05 14:57:21.649455: train_loss -0.8526
2026-08-05 14:57:21.652426: val_loss -0.7885
2026-08-05 14:57:21.652580: Pseudo dice [np.float32(0.7084), np.float32(0.9383), np.float32(0.934)]
2026-08-05 14:57:21.652723: Epoch time: 40.86 s
2026-08-05 14:57:22.927266: 
2026-08-05 14:57:22.927658: Epoch 419
2026-08-05 14:57:22.927774: Current learning rate: 0.00613
2026-08-05 14:58:03.949212: train_loss -0.8522
2026-08-05 14:58:03.950584: val_loss -0.7821
2026-08-05 14:58:03.950731: Pseudo dice [np.float32(0.6986), np.float32(0.9306), np.float32(0.9411)]
2026-08-05 14:58:03.950860: Epoch time: 41.02 s
2026-08-05 14:58:05.494695: 
2026-08-05 14:58:05.495416: Epoch 420
2026-08-05 14:58:05.495559: Current learning rate: 0.00612
2026-08-05 14:58:46.361033: train_loss -0.8387
2026-08-05 14:58:46.361720: val_loss -0.788
2026-08-05 14:58:46.361868: Pseudo dice [np.float32(0.7141), np.float32(0.9336), np.float32(0.9429)]
2026-08-05 14:58:46.362013: Epoch time: 40.87 s
2026-08-05 14:58:48.042918: 
2026-08-05 14:58:48.043279: Epoch 421
2026-08-05 14:58:48.043388: Current learning rate: 0.00612
2026-08-05 14:59:29.771688: train_loss -0.846
2026-08-05 14:59:29.772249: val_loss -0.7773
2026-08-05 14:59:29.772380: Pseudo dice [np.float32(0.6942), np.float32(0.9313), np.float32(0.9362)]
2026-08-05 14:59:29.772503: Epoch time: 41.74 s
2026-08-05 14:59:30.647619: 
2026-08-05 14:59:30.647935: Epoch 422
2026-08-05 14:59:30.648046: Current learning rate: 0.00611
2026-08-05 15:00:11.992446: train_loss -0.8478
2026-08-05 15:00:11.992856: val_loss -0.7914
2026-08-05 15:00:11.992941: Pseudo dice [np.float32(0.7092), np.float32(0.9337), np.float32(0.9421)]
2026-08-05 15:00:11.993081: Epoch time: 41.37 s
2026-08-05 15:00:18.411817: 
2026-08-05 15:00:18.412172: Epoch 423
2026-08-05 15:00:18.412285: Current learning rate: 0.0061
2026-08-05 15:01:10.212723: train_loss -0.8491
2026-08-05 15:01:10.213025: val_loss -0.7916
2026-08-05 15:01:10.213090: Pseudo dice [np.float32(0.7166), np.float32(0.9346), np.float32(0.9404)]
2026-08-05 15:01:10.213157: Epoch time: 51.8 s
2026-08-05 15:01:11.046164: 
2026-08-05 15:01:11.046502: Epoch 424
2026-08-05 15:01:11.046644: Current learning rate: 0.00609
2026-08-05 15:01:51.565341: train_loss -0.8572
2026-08-05 15:01:51.565514: val_loss -0.7832
2026-08-05 15:01:51.565588: Pseudo dice [np.float32(0.7108), np.float32(0.9329), np.float32(0.9442)]
2026-08-05 15:01:51.565654: Epoch time: 40.52 s
2026-08-05 15:01:52.347939: 
2026-08-05 15:01:52.348270: Epoch 425
2026-08-05 15:01:52.348415: Current learning rate: 0.00608
2026-08-05 15:02:33.198393: train_loss -0.8593
2026-08-05 15:02:33.214804: val_loss -0.7959
2026-08-05 15:02:33.215088: Pseudo dice [np.float32(0.7199), np.float32(0.9365), np.float32(0.9442)]
2026-08-05 15:02:33.215305: Epoch time: 40.85 s
2026-08-05 15:02:35.109296: 
2026-08-05 15:02:35.109639: Epoch 426
2026-08-05 15:02:35.109756: Current learning rate: 0.00607
2026-08-05 15:03:16.117387: train_loss -0.8527
2026-08-05 15:03:16.317393: val_loss -0.7916
2026-08-05 15:03:16.317559: Pseudo dice [np.float32(0.7162), np.float32(0.9329), np.float32(0.9362)]
2026-08-05 15:03:16.317632: Epoch time: 41.01 s
2026-08-05 15:03:17.159808: 
2026-08-05 15:03:17.160294: Epoch 427
2026-08-05 15:03:17.160375: Current learning rate: 0.00606
2026-08-05 15:03:59.150539: train_loss -0.8487
2026-08-05 15:03:59.161583: val_loss -0.7872
2026-08-05 15:03:59.161691: Pseudo dice [np.float32(0.717), np.float32(0.9372), np.float32(0.9409)]
2026-08-05 15:03:59.161769: Epoch time: 41.99 s
2026-08-05 15:04:01.881328: 
2026-08-05 15:04:01.881865: Epoch 428
2026-08-05 15:04:01.881981: Current learning rate: 0.00605
2026-08-05 15:04:43.083354: train_loss -0.8509
2026-08-05 15:04:43.083623: val_loss -0.7953
2026-08-05 15:04:43.084058: Pseudo dice [np.float32(0.7225), np.float32(0.9344), np.float32(0.9437)]
2026-08-05 15:04:43.084127: Epoch time: 41.2 s
2026-08-05 15:04:43.946476: 
2026-08-05 15:04:43.946865: Epoch 429
2026-08-05 15:04:43.946987: Current learning rate: 0.00604
2026-08-05 15:05:24.466521: train_loss -0.8507
2026-08-05 15:05:24.466856: val_loss -0.7846
2026-08-05 15:05:24.467042: Pseudo dice [np.float32(0.7167), np.float32(0.9333), np.float32(0.937)]
2026-08-05 15:05:24.467167: Epoch time: 40.52 s
2026-08-05 15:05:25.334902: 
2026-08-05 15:05:25.335259: Epoch 430
2026-08-05 15:05:25.335365: Current learning rate: 0.00603
2026-08-05 15:06:07.900047: train_loss -0.8516
2026-08-05 15:06:07.900386: val_loss -0.7874
2026-08-05 15:06:07.900515: Pseudo dice [np.float32(0.7098), np.float32(0.9292), np.float32(0.9406)]
2026-08-05 15:06:07.900733: Epoch time: 42.57 s
2026-08-05 15:06:08.951588: 
2026-08-05 15:06:08.951936: Epoch 431
2026-08-05 15:06:08.952043: Current learning rate: 0.00602
2026-08-05 15:06:49.557822: train_loss -0.8545
2026-08-05 15:06:49.558444: val_loss -0.7844
2026-08-05 15:06:49.558595: Pseudo dice [np.float32(0.7112), np.float32(0.928), np.float32(0.9405)]
2026-08-05 15:06:49.558721: Epoch time: 40.61 s
2026-08-05 15:06:50.398213: 
2026-08-05 15:06:50.398474: Epoch 432
2026-08-05 15:06:50.398605: Current learning rate: 0.00601
2026-08-05 15:07:31.319616: train_loss -0.8566
2026-08-05 15:07:31.320203: val_loss -0.7858
2026-08-05 15:07:31.320591: Pseudo dice [np.float32(0.7096), np.float32(0.9339), np.float32(0.9397)]
2026-08-05 15:07:31.320730: Epoch time: 40.92 s
2026-08-05 15:07:32.299816: 
2026-08-05 15:07:32.300263: Epoch 433
2026-08-05 15:07:32.300357: Current learning rate: 0.006
2026-08-05 15:08:12.823124: train_loss -0.854
2026-08-05 15:08:12.823327: val_loss -0.7894
2026-08-05 15:08:12.823389: Pseudo dice [np.float32(0.7132), np.float32(0.9371), np.float32(0.938)]
2026-08-05 15:08:12.823444: Epoch time: 40.53 s
2026-08-05 15:08:13.624626: 
2026-08-05 15:08:13.625004: Epoch 434
2026-08-05 15:08:13.625091: Current learning rate: 0.00599
2026-08-05 15:08:53.658706: train_loss -0.8563
2026-08-05 15:08:53.659508: val_loss -0.799
2026-08-05 15:08:53.659584: Pseudo dice [np.float32(0.7218), np.float32(0.9363), np.float32(0.9432)]
2026-08-05 15:08:53.659647: Epoch time: 40.04 s
2026-08-05 15:08:54.621161: 
2026-08-05 15:08:54.621516: Epoch 435
2026-08-05 15:08:54.621642: Current learning rate: 0.00598
2026-08-05 15:09:35.549960: train_loss -0.8561
2026-08-05 15:09:35.551453: val_loss -0.7889
2026-08-05 15:09:35.551590: Pseudo dice [np.float32(0.7181), np.float32(0.9282), np.float32(0.9396)]
2026-08-05 15:09:35.551774: Epoch time: 40.93 s
2026-08-05 15:09:36.571018: 
2026-08-05 15:09:36.571449: Epoch 436
2026-08-05 15:09:36.571541: Current learning rate: 0.00597
2026-08-05 15:10:17.403781: train_loss -0.857
2026-08-05 15:10:17.405913: val_loss -0.7999
2026-08-05 15:10:17.406160: Pseudo dice [np.float32(0.7256), np.float32(0.9341), np.float32(0.9451)]
2026-08-05 15:10:17.406358: Epoch time: 40.84 s
2026-08-05 15:10:17.406474: Yayy! New best EMA pseudo Dice: 0.8628000020980835
2026-08-05 15:10:24.466156: 
2026-08-05 15:10:24.466633: Epoch 437
2026-08-05 15:10:24.466743: Current learning rate: 0.00596
2026-08-05 15:11:04.791089: train_loss -0.8553
2026-08-05 15:11:04.860559: val_loss -0.7949
2026-08-05 15:11:04.860795: Pseudo dice [np.float32(0.7126), np.float32(0.9321), np.float32(0.9458)]
2026-08-05 15:11:04.860952: Epoch time: 40.33 s
2026-08-05 15:11:04.861040: Yayy! New best EMA pseudo Dice: 0.8628000020980835
2026-08-05 15:11:08.502105: 
2026-08-05 15:11:08.503201: Epoch 438
2026-08-05 15:11:08.503318: Current learning rate: 0.00595
2026-08-05 15:11:48.796014: train_loss -0.8542
2026-08-05 15:11:48.796735: val_loss -0.7955
2026-08-05 15:11:48.796803: Pseudo dice [np.float32(0.7103), np.float32(0.9401), np.float32(0.9455)]
2026-08-05 15:11:48.796875: Epoch time: 40.3 s
2026-08-05 15:11:48.796975: Yayy! New best EMA pseudo Dice: 0.863099992275238
2026-08-05 15:11:53.329837: 
2026-08-05 15:11:53.330052: Epoch 439
2026-08-05 15:11:53.330181: Current learning rate: 0.00594
2026-08-05 15:12:33.571189: train_loss -0.8564
2026-08-05 15:12:33.571855: val_loss -0.7974
2026-08-05 15:12:33.572015: Pseudo dice [np.float32(0.7208), np.float32(0.9374), np.float32(0.9429)]
2026-08-05 15:12:33.572137: Epoch time: 40.24 s
2026-08-05 15:12:33.572223: Yayy! New best EMA pseudo Dice: 0.8634999990463257
2026-08-05 15:12:39.885316: 
2026-08-05 15:12:39.885683: Epoch 440
2026-08-05 15:12:39.885801: Current learning rate: 0.00593
2026-08-05 15:13:20.932881: train_loss -0.8576
2026-08-05 15:13:21.005744: val_loss -0.7984
2026-08-05 15:13:21.005969: Pseudo dice [np.float32(0.7234), np.float32(0.9359), np.float32(0.9445)]
2026-08-05 15:13:21.006104: Epoch time: 41.05 s
2026-08-05 15:13:21.006197: Yayy! New best EMA pseudo Dice: 0.8639000058174133
2026-08-05 15:13:26.744689: 
2026-08-05 15:13:26.744992: Epoch 441
2026-08-05 15:13:26.745127: Current learning rate: 0.00592
2026-08-05 15:14:07.149869: train_loss -0.8445
2026-08-05 15:14:07.423412: val_loss -0.7568
2026-08-05 15:14:07.423711: Pseudo dice [np.float32(0.7082), np.float32(0.9069), np.float32(0.9426)]
2026-08-05 15:14:07.423847: Epoch time: 40.41 s
2026-08-05 15:14:08.874366: 
2026-08-05 15:14:08.874617: Epoch 442
2026-08-05 15:14:08.874746: Current learning rate: 0.00592
2026-08-05 15:14:50.704829: train_loss -0.8154
2026-08-05 15:14:50.891821: val_loss -0.7773
2026-08-05 15:14:50.892058: Pseudo dice [np.float32(0.7091), np.float32(0.9227), np.float32(0.9369)]
2026-08-05 15:14:50.892336: Epoch time: 41.83 s
2026-08-05 15:14:52.123729: 
2026-08-05 15:14:52.123984: Epoch 443
2026-08-05 15:14:52.124223: Current learning rate: 0.00591
2026-08-05 15:15:32.540869: train_loss -0.7979
2026-08-05 15:15:32.610690: val_loss -0.779
2026-08-05 15:15:32.610800: Pseudo dice [np.float32(0.7063), np.float32(0.9266), np.float32(0.9344)]
2026-08-05 15:15:32.610871: Epoch time: 40.42 s
2026-08-05 15:15:33.355409: 
2026-08-05 15:15:33.355816: Epoch 444
2026-08-05 15:15:33.355922: Current learning rate: 0.0059
2026-08-05 15:16:13.864576: train_loss -0.7773
2026-08-05 15:16:13.888201: val_loss -0.7581
2026-08-05 15:16:13.888352: Pseudo dice [np.float32(0.6933), np.float32(0.9231), np.float32(0.9216)]
2026-08-05 15:16:13.888474: Epoch time: 40.51 s
2026-08-05 15:16:14.903885: 
2026-08-05 15:16:14.904206: Epoch 445
2026-08-05 15:16:14.904374: Current learning rate: 0.00589
2026-08-05 15:16:54.858047: train_loss -0.773
2026-08-05 15:16:55.032381: val_loss -0.7563
2026-08-05 15:16:55.032532: Pseudo dice [np.float32(0.69), np.float32(0.9107), np.float32(0.9292)]
2026-08-05 15:16:55.032624: Epoch time: 39.96 s
2026-08-05 15:16:55.916693: 
2026-08-05 15:16:55.916950: Epoch 446
2026-08-05 15:16:55.917080: Current learning rate: 0.00588
2026-08-05 15:17:36.260675: train_loss -0.788
2026-08-05 15:17:36.261115: val_loss -0.7576
2026-08-05 15:17:36.261252: Pseudo dice [np.float32(0.7027), np.float32(0.9121), np.float32(0.9307)]
2026-08-05 15:17:36.261371: Epoch time: 40.35 s
2026-08-05 15:17:37.436853: 
2026-08-05 15:17:37.437140: Epoch 447
2026-08-05 15:17:37.437223: Current learning rate: 0.00587
2026-08-05 15:18:17.779704: train_loss -0.8045
2026-08-05 15:18:17.780103: val_loss -0.7873
2026-08-05 15:18:17.780234: Pseudo dice [np.float32(0.7128), np.float32(0.9307), np.float32(0.9416)]
2026-08-05 15:18:17.780354: Epoch time: 40.35 s
2026-08-05 15:18:18.976690: 
2026-08-05 15:18:18.976979: Epoch 448
2026-08-05 15:18:18.977086: Current learning rate: 0.00586
2026-08-05 15:18:59.096363: train_loss -0.807
2026-08-05 15:18:59.096785: val_loss -0.7618
2026-08-05 15:18:59.096943: Pseudo dice [np.float32(0.6963), np.float32(0.9279), np.float32(0.9145)]
2026-08-05 15:18:59.097146: Epoch time: 40.12 s
2026-08-05 15:18:59.997949: 
2026-08-05 15:18:59.998399: Epoch 449
2026-08-05 15:18:59.998529: Current learning rate: 0.00585
2026-08-05 15:19:42.363251: train_loss -0.7851
2026-08-05 15:19:42.483091: val_loss -0.7547
2026-08-05 15:19:42.483295: Pseudo dice [np.float32(0.6879), np.float32(0.9034), np.float32(0.9309)]
2026-08-05 15:19:42.483532: Epoch time: 42.37 s
2026-08-05 15:19:48.138962: 
2026-08-05 15:19:48.139351: Epoch 450
2026-08-05 15:19:48.139459: Current learning rate: 0.00584
2026-08-05 15:20:28.501724: train_loss -0.8058
2026-08-05 15:20:28.825443: val_loss -0.7859
2026-08-05 15:20:28.825694: Pseudo dice [np.float32(0.7166), np.float32(0.9317), np.float32(0.9393)]
2026-08-05 15:20:28.825853: Epoch time: 40.37 s
2026-08-05 15:20:29.825253: 
2026-08-05 15:20:29.825536: Epoch 451
2026-08-05 15:20:29.825636: Current learning rate: 0.00583
2026-08-05 15:21:10.122474: train_loss -0.8253
2026-08-05 15:21:10.144341: val_loss -0.7857
2026-08-05 15:21:10.144445: Pseudo dice [np.float32(0.7092), np.float32(0.935), np.float32(0.9346)]
2026-08-05 15:21:10.144524: Epoch time: 40.3 s
2026-08-05 15:21:11.104595: 
2026-08-05 15:21:11.105299: Epoch 452
2026-08-05 15:21:11.105432: Current learning rate: 0.00582
2026-08-05 15:21:51.484064: train_loss -0.8207
2026-08-05 15:21:51.763366: val_loss -0.783
2026-08-05 15:21:51.763558: Pseudo dice [np.float32(0.707), np.float32(0.9267), np.float32(0.9385)]
2026-08-05 15:21:51.763657: Epoch time: 40.38 s
2026-08-05 15:21:52.752902: 
2026-08-05 15:21:52.753321: Epoch 453
2026-08-05 15:21:52.753422: Current learning rate: 0.00581
2026-08-05 15:22:33.359683: train_loss -0.8209
2026-08-05 15:22:33.874012: val_loss -0.7818
2026-08-05 15:22:33.874336: Pseudo dice [np.float32(0.6999), np.float32(0.9222), np.float32(0.941)]
2026-08-05 15:22:33.874481: Epoch time: 40.61 s
2026-08-05 15:22:34.859068: 
2026-08-05 15:22:34.859292: Epoch 454
2026-08-05 15:22:34.859430: Current learning rate: 0.0058
2026-08-05 15:23:15.254320: train_loss -0.832
2026-08-05 15:23:15.284386: val_loss -0.7851
2026-08-05 15:23:15.284652: Pseudo dice [np.float32(0.7018), np.float32(0.9303), np.float32(0.9383)]
2026-08-05 15:23:15.284847: Epoch time: 40.4 s
2026-08-05 15:23:16.315372: 
2026-08-05 15:23:16.315633: Epoch 455
2026-08-05 15:23:16.315746: Current learning rate: 0.00579
2026-08-05 15:23:56.745871: train_loss -0.8412
2026-08-05 15:23:57.211620: val_loss -0.7907
2026-08-05 15:23:57.211803: Pseudo dice [np.float32(0.7134), np.float32(0.9318), np.float32(0.9356)]
2026-08-05 15:23:57.211870: Epoch time: 40.44 s
2026-08-05 15:23:59.390053: 
2026-08-05 15:23:59.390511: Epoch 456
2026-08-05 15:23:59.390707: Current learning rate: 0.00578
2026-08-05 15:24:39.905604: train_loss -0.8486
2026-08-05 15:24:39.996729: val_loss -0.7969
2026-08-05 15:24:39.996953: Pseudo dice [np.float32(0.7196), np.float32(0.9345), np.float32(0.9425)]
2026-08-05 15:24:39.997116: Epoch time: 40.52 s
2026-08-05 15:24:40.861367: 
2026-08-05 15:24:40.861664: Epoch 457
2026-08-05 15:24:40.861794: Current learning rate: 0.00577
2026-08-05 15:25:20.969007: train_loss -0.8421
2026-08-05 15:25:20.969620: val_loss -0.7914
2026-08-05 15:25:20.969685: Pseudo dice [np.float32(0.7233), np.float32(0.9333), np.float32(0.9413)]
2026-08-05 15:25:20.969749: Epoch time: 40.11 s
2026-08-05 15:25:21.911181: 
2026-08-05 15:25:21.911593: Epoch 458
2026-08-05 15:25:21.911722: Current learning rate: 0.00576
2026-08-05 15:26:02.319093: train_loss -0.8372
2026-08-05 15:26:02.319340: val_loss -0.795
2026-08-05 15:26:02.319394: Pseudo dice [np.float32(0.7157), np.float32(0.9344), np.float32(0.9424)]
2026-08-05 15:26:02.319454: Epoch time: 40.41 s
2026-08-05 15:26:03.053768: 
2026-08-05 15:26:03.054177: Epoch 459
2026-08-05 15:26:03.054362: Current learning rate: 0.00575
2026-08-05 15:26:43.407784: train_loss -0.8357
2026-08-05 15:26:43.409201: val_loss -0.7826
2026-08-05 15:26:43.412118: Pseudo dice [np.float32(0.7052), np.float32(0.9269), np.float32(0.9405)]
2026-08-05 15:26:43.412216: Epoch time: 40.36 s
2026-08-05 15:26:44.190864: 
2026-08-05 15:26:44.191258: Epoch 460
2026-08-05 15:26:44.191378: Current learning rate: 0.00574
2026-08-05 15:27:24.976999: train_loss -0.8335
2026-08-05 15:27:24.977351: val_loss -0.7913
2026-08-05 15:27:24.977413: Pseudo dice [np.float32(0.725), np.float32(0.9375), np.float32(0.9409)]
2026-08-05 15:27:24.977472: Epoch time: 40.79 s
2026-08-05 15:27:26.457684: 
2026-08-05 15:27:26.457996: Epoch 461
2026-08-05 15:27:26.458101: Current learning rate: 0.00573
2026-08-05 15:28:07.088667: train_loss -0.8434
2026-08-05 15:28:07.089277: val_loss -0.7852
2026-08-05 15:28:07.089520: Pseudo dice [np.float32(0.7098), np.float32(0.9298), np.float32(0.9434)]
2026-08-05 15:28:07.089647: Epoch time: 40.63 s
2026-08-05 15:28:07.875290: 
2026-08-05 15:28:08.148102: Epoch 462
2026-08-05 15:28:08.148403: Current learning rate: 0.00572
2026-08-05 15:28:48.433176: train_loss -0.8468
2026-08-05 15:28:48.433657: val_loss -0.7901
2026-08-05 15:28:48.433722: Pseudo dice [np.float32(0.7164), np.float32(0.9363), np.float32(0.9425)]
2026-08-05 15:28:48.433783: Epoch time: 40.56 s
2026-08-05 15:28:49.612089: 
2026-08-05 15:28:49.612354: Epoch 463
2026-08-05 15:28:49.612512: Current learning rate: 0.00571
2026-08-05 15:29:31.486398: train_loss -0.8401
2026-08-05 15:29:31.487540: val_loss -0.7847
2026-08-05 15:29:31.487616: Pseudo dice [np.float32(0.7105), np.float32(0.9313), np.float32(0.9408)]
2026-08-05 15:29:31.487686: Epoch time: 41.88 s
2026-08-05 15:29:32.492016: 
2026-08-05 15:29:32.492262: Epoch 464
2026-08-05 15:29:32.492379: Current learning rate: 0.0057
2026-08-05 15:30:12.811683: train_loss -0.8442
2026-08-05 15:30:12.812139: val_loss -0.7951
2026-08-05 15:30:12.812206: Pseudo dice [np.float32(0.7172), np.float32(0.9339), np.float32(0.9414)]
2026-08-05 15:30:12.812285: Epoch time: 40.32 s
2026-08-05 15:30:13.749837: 
2026-08-05 15:30:13.750241: Epoch 465
2026-08-05 15:30:13.750398: Current learning rate: 0.0057
2026-08-05 15:30:54.354784: train_loss -0.8492
2026-08-05 15:30:54.371712: val_loss -0.7923
2026-08-05 15:30:54.372011: Pseudo dice [np.float32(0.7191), np.float32(0.9343), np.float32(0.9478)]
2026-08-05 15:30:54.372288: Epoch time: 40.61 s
2026-08-05 15:30:55.524177: 
2026-08-05 15:30:55.524505: Epoch 466
2026-08-05 15:30:55.524610: Current learning rate: 0.00569
2026-08-05 15:31:36.254650: train_loss -0.8475
2026-08-05 15:31:36.255409: val_loss -0.7842
2026-08-05 15:31:36.255570: Pseudo dice [np.float32(0.7084), np.float32(0.9248), np.float32(0.9407)]
2026-08-05 15:31:36.255746: Epoch time: 40.73 s
2026-08-05 15:31:37.847717: 
2026-08-05 15:31:37.848042: Epoch 467
2026-08-05 15:31:37.848145: Current learning rate: 0.00568
2026-08-05 15:32:18.149181: train_loss -0.8497
2026-08-05 15:32:18.182126: val_loss -0.7884
2026-08-05 15:32:18.182379: Pseudo dice [np.float32(0.72), np.float32(0.9249), np.float32(0.9424)]
2026-08-05 15:32:18.182462: Epoch time: 40.3 s
2026-08-05 15:32:19.161333: 
2026-08-05 15:32:19.161545: Epoch 468
2026-08-05 15:32:19.161677: Current learning rate: 0.00567
2026-08-05 15:32:59.145886: train_loss -0.8514
2026-08-05 15:32:59.191990: val_loss -0.783
2026-08-05 15:32:59.192146: Pseudo dice [np.float32(0.7135), np.float32(0.9275), np.float32(0.9419)]
2026-08-05 15:32:59.192218: Epoch time: 39.99 s
2026-08-05 15:33:00.186294: 
2026-08-05 15:33:00.186590: Epoch 469
2026-08-05 15:33:00.186707: Current learning rate: 0.00566
2026-08-05 15:33:40.329747: train_loss -0.8528
2026-08-05 15:33:40.410172: val_loss -0.7986
2026-08-05 15:33:40.410302: Pseudo dice [np.float32(0.7279), np.float32(0.9337), np.float32(0.9428)]
2026-08-05 15:33:40.410376: Epoch time: 40.15 s
2026-08-05 15:33:41.791390: 
2026-08-05 15:33:41.791842: Epoch 470
2026-08-05 15:33:41.791977: Current learning rate: 0.00565
2026-08-05 15:34:23.079795: train_loss -0.8518
2026-08-05 15:34:23.161120: val_loss -0.7924
2026-08-05 15:34:23.161304: Pseudo dice [np.float32(0.716), np.float32(0.9362), np.float32(0.9427)]
2026-08-05 15:34:23.161429: Epoch time: 41.29 s
2026-08-05 15:34:24.027798: 
2026-08-05 15:34:24.028078: Epoch 471
2026-08-05 15:34:24.028233: Current learning rate: 0.00564
2026-08-05 15:35:04.700841: train_loss -0.8562
2026-08-05 15:35:04.712556: val_loss -0.7843
2026-08-05 15:35:04.712736: Pseudo dice [np.float32(0.7104), np.float32(0.9305), np.float32(0.9384)]
2026-08-05 15:35:04.712916: Epoch time: 40.68 s
2026-08-05 15:35:05.533159: 
2026-08-05 15:35:05.533482: Epoch 472
2026-08-05 15:35:05.533602: Current learning rate: 0.00563
2026-08-05 15:35:46.055966: train_loss -0.8474
2026-08-05 15:35:46.105917: val_loss -0.7681
2026-08-05 15:35:46.106116: Pseudo dice [np.float32(0.6935), np.float32(0.921), np.float32(0.9379)]
2026-08-05 15:35:46.106251: Epoch time: 40.53 s
2026-08-05 15:35:47.353280: 
2026-08-05 15:35:47.353450: Epoch 473
2026-08-05 15:35:47.353745: Current learning rate: 0.00562
2026-08-05 15:36:27.594817: train_loss -0.8507
2026-08-05 15:36:27.625179: val_loss -0.7776
2026-08-05 15:36:27.625272: Pseudo dice [np.float32(0.7068), np.float32(0.9313), np.float32(0.94)]
2026-08-05 15:36:27.625335: Epoch time: 40.24 s
2026-08-05 15:36:28.372154: 
2026-08-05 15:36:28.372508: Epoch 474
2026-08-05 15:36:28.372608: Current learning rate: 0.00561
2026-08-05 15:37:08.967028: train_loss -0.8439
2026-08-05 15:37:08.968191: val_loss -0.7844
2026-08-05 15:37:08.968402: Pseudo dice [np.float32(0.7097), np.float32(0.9329), np.float32(0.9373)]
2026-08-05 15:37:08.968599: Epoch time: 40.6 s
2026-08-05 15:37:10.093519: 
2026-08-05 15:37:10.093775: Epoch 475
2026-08-05 15:37:10.093877: Current learning rate: 0.0056
2026-08-05 15:37:50.529625: train_loss -0.8339
2026-08-05 15:37:50.585681: val_loss -0.7746
2026-08-05 15:37:50.585864: Pseudo dice [np.float32(0.7038), np.float32(0.9228), np.float32(0.9399)]
2026-08-05 15:37:50.586009: Epoch time: 40.44 s
2026-08-05 15:37:51.683673: 
2026-08-05 15:37:51.684062: Epoch 476
2026-08-05 15:37:51.684165: Current learning rate: 0.00559
2026-08-05 15:38:32.347206: train_loss -0.8311
2026-08-05 15:38:32.350108: val_loss -0.7803
2026-08-05 15:38:32.350219: Pseudo dice [np.float32(0.7076), np.float32(0.9254), np.float32(0.9383)]
2026-08-05 15:38:32.350375: Epoch time: 40.67 s
2026-08-05 15:38:33.110378: 
2026-08-05 15:38:33.110757: Epoch 477
2026-08-05 15:38:33.110856: Current learning rate: 0.00558
2026-08-05 15:39:15.339866: train_loss -0.8374
2026-08-05 15:39:15.480014: val_loss -0.7727
2026-08-05 15:39:15.480137: Pseudo dice [np.float32(0.6977), np.float32(0.9278), np.float32(0.9345)]
2026-08-05 15:39:15.480220: Epoch time: 42.23 s
2026-08-05 15:39:16.408241: 
2026-08-05 15:39:16.408630: Epoch 478
2026-08-05 15:39:16.408743: Current learning rate: 0.00557
2026-08-05 15:39:56.770757: train_loss -0.8508
2026-08-05 15:39:57.006805: val_loss -0.7935
2026-08-05 15:39:57.007028: Pseudo dice [np.float32(0.7183), np.float32(0.9289), np.float32(0.9448)]
2026-08-05 15:39:57.007162: Epoch time: 40.37 s
2026-08-05 15:39:57.913003: 
2026-08-05 15:39:57.913284: Epoch 479
2026-08-05 15:39:57.913430: Current learning rate: 0.00556
2026-08-05 15:40:38.183253: train_loss -0.8501
2026-08-05 15:40:38.183684: val_loss -0.7798
2026-08-05 15:40:38.183820: Pseudo dice [np.float32(0.7064), np.float32(0.9281), np.float32(0.942)]
2026-08-05 15:40:38.183958: Epoch time: 40.27 s
2026-08-05 15:40:39.029605: 
2026-08-05 15:40:39.029882: Epoch 480
2026-08-05 15:40:39.030034: Current learning rate: 0.00555
2026-08-05 15:41:19.595015: train_loss -0.8479
2026-08-05 15:41:19.595268: val_loss -0.7956
2026-08-05 15:41:19.595346: Pseudo dice [np.float32(0.7175), np.float32(0.9363), np.float32(0.9426)]
2026-08-05 15:41:19.595449: Epoch time: 40.57 s
2026-08-05 15:41:20.336834: 
2026-08-05 15:41:20.337182: Epoch 481
2026-08-05 15:41:20.337283: Current learning rate: 0.00554
2026-08-05 15:42:00.886434: train_loss -0.8556
2026-08-05 15:42:00.886690: val_loss -0.7896
2026-08-05 15:42:00.889435: Pseudo dice [np.float32(0.7169), np.float32(0.9326), np.float32(0.9432)]
2026-08-05 15:42:00.889654: Epoch time: 40.55 s
2026-08-05 15:42:02.255043: 
2026-08-05 15:42:02.255482: Epoch 482
2026-08-05 15:42:02.255590: Current learning rate: 0.00553
2026-08-05 15:42:42.545763: train_loss -0.8571
2026-08-05 15:42:42.605674: val_loss -0.7862
2026-08-05 15:42:42.605790: Pseudo dice [np.float32(0.6994), np.float32(0.9344), np.float32(0.9403)]
2026-08-05 15:42:42.605869: Epoch time: 40.29 s
2026-08-05 15:42:43.582828: 
2026-08-05 15:42:43.583073: Epoch 483
2026-08-05 15:42:43.583203: Current learning rate: 0.00552
2026-08-05 15:43:23.934205: train_loss -0.8614
2026-08-05 15:43:23.934479: val_loss -0.7935
2026-08-05 15:43:23.934533: Pseudo dice [np.float32(0.7189), np.float32(0.932), np.float32(0.9468)]
2026-08-05 15:43:23.934588: Epoch time: 40.36 s
2026-08-05 15:43:25.160721: 
2026-08-05 15:43:25.160990: Epoch 484
2026-08-05 15:43:25.161237: Current learning rate: 0.00551
2026-08-05 15:44:06.594140: train_loss -0.8603
2026-08-05 15:44:06.594332: val_loss -0.7896
2026-08-05 15:44:06.594386: Pseudo dice [np.float32(0.7205), np.float32(0.9268), np.float32(0.9432)]
2026-08-05 15:44:06.594444: Epoch time: 41.44 s
2026-08-05 15:44:07.327825: 
2026-08-05 15:44:07.328210: Epoch 485
2026-08-05 15:44:07.328335: Current learning rate: 0.0055
2026-08-05 15:44:47.750852: train_loss -0.851
2026-08-05 15:44:47.751184: val_loss -0.7745
2026-08-05 15:44:47.751311: Pseudo dice [np.float32(0.6993), np.float32(0.9317), np.float32(0.9406)]
2026-08-05 15:44:47.751436: Epoch time: 40.43 s
2026-08-05 15:44:48.629153: 
2026-08-05 15:44:48.629472: Epoch 486
2026-08-05 15:44:48.629595: Current learning rate: 0.00549
2026-08-05 15:45:29.026872: train_loss -0.8568
2026-08-05 15:45:29.027153: val_loss -0.7872
2026-08-05 15:45:29.027496: Pseudo dice [np.float32(0.7088), np.float32(0.9345), np.float32(0.9403)]
2026-08-05 15:45:29.027619: Epoch time: 40.4 s
2026-08-05 15:45:29.843397: 
2026-08-05 15:45:29.843681: Epoch 487
2026-08-05 15:45:29.843841: Current learning rate: 0.00548
2026-08-05 15:46:09.951500: train_loss -0.8525
2026-08-05 15:46:09.951704: val_loss -0.797
2026-08-05 15:46:09.951757: Pseudo dice [np.float32(0.7204), np.float32(0.936), np.float32(0.9439)]
2026-08-05 15:46:09.951819: Epoch time: 40.11 s
2026-08-05 15:46:10.888434: 
2026-08-05 15:46:10.888819: Epoch 488
2026-08-05 15:46:10.889036: Current learning rate: 0.00547
2026-08-05 15:46:51.350233: train_loss -0.8531
2026-08-05 15:46:51.350437: val_loss -0.7929
2026-08-05 15:46:51.350493: Pseudo dice [np.float32(0.7177), np.float32(0.9269), np.float32(0.9415)]
2026-08-05 15:46:51.350557: Epoch time: 40.47 s
2026-08-05 15:46:52.289773: 
2026-08-05 15:46:52.290111: Epoch 489
2026-08-05 15:46:52.290397: Current learning rate: 0.00546
2026-08-05 15:47:33.042137: train_loss -0.8491
2026-08-05 15:47:33.042471: val_loss -0.7867
2026-08-05 15:47:33.042596: Pseudo dice [np.float32(0.7093), np.float32(0.9343), np.float32(0.9413)]
2026-08-05 15:47:33.042711: Epoch time: 40.76 s
2026-08-05 15:47:33.835336: 
2026-08-05 15:47:33.835724: Epoch 490
2026-08-05 15:47:33.835835: Current learning rate: 0.00546
2026-08-05 15:48:14.626970: train_loss -0.835
2026-08-05 15:48:14.629162: val_loss -0.769
2026-08-05 15:48:14.629439: Pseudo dice [np.float32(0.701), np.float32(0.9206), np.float32(0.9363)]
2026-08-05 15:48:14.629689: Epoch time: 40.79 s
2026-08-05 15:48:16.787652: 
2026-08-05 15:48:16.787973: Epoch 491
2026-08-05 15:48:16.788104: Current learning rate: 0.00545
2026-08-05 15:48:57.755732: train_loss -0.7977
2026-08-05 15:48:57.755975: val_loss -0.7724
2026-08-05 15:48:57.756078: Pseudo dice [np.float32(0.6904), np.float32(0.9241), np.float32(0.9354)]
2026-08-05 15:48:57.756139: Epoch time: 40.97 s
2026-08-05 15:48:58.502461: 
2026-08-05 15:48:58.502820: Epoch 492
2026-08-05 15:48:58.502950: Current learning rate: 0.00544
2026-08-05 15:49:39.139036: train_loss -0.7974
2026-08-05 15:49:39.139794: val_loss -0.7845
2026-08-05 15:49:39.140115: Pseudo dice [np.float32(0.7053), np.float32(0.9206), np.float32(0.9395)]
2026-08-05 15:49:39.140381: Epoch time: 40.64 s
2026-08-05 15:49:39.911442: 
2026-08-05 15:49:39.911813: Epoch 493
2026-08-05 15:49:39.911930: Current learning rate: 0.00543
2026-08-05 15:50:20.642720: train_loss -0.8137
2026-08-05 15:50:20.643073: val_loss -0.7702
2026-08-05 15:50:20.643141: Pseudo dice [np.float32(0.7073), np.float32(0.9157), np.float32(0.9378)]
2026-08-05 15:50:20.643199: Epoch time: 40.73 s
2026-08-05 15:50:21.523097: 
2026-08-05 15:50:21.523469: Epoch 494
2026-08-05 15:50:21.523617: Current learning rate: 0.00542
2026-08-05 15:51:02.210721: train_loss -0.8146
2026-08-05 15:51:02.211034: val_loss -0.7703
2026-08-05 15:51:02.211088: Pseudo dice [np.float32(0.6973), np.float32(0.924), np.float32(0.9333)]
2026-08-05 15:51:02.211143: Epoch time: 40.69 s
2026-08-05 15:51:02.932720: 
2026-08-05 15:51:02.933116: Epoch 495
2026-08-05 15:51:02.933247: Current learning rate: 0.00541
2026-08-05 15:51:43.145283: train_loss -0.8254
2026-08-05 15:51:43.171980: val_loss -0.7728
2026-08-05 15:51:43.172082: Pseudo dice [np.float32(0.701), np.float32(0.9217), np.float32(0.9398)]
2026-08-05 15:51:43.172145: Epoch time: 40.22 s
2026-08-05 15:51:43.933822: 
2026-08-05 15:51:43.934191: Epoch 496
2026-08-05 15:51:43.934458: Current learning rate: 0.0054
2026-08-05 15:52:24.031932: train_loss -0.8391
2026-08-05 15:52:24.032213: val_loss -0.7841
2026-08-05 15:52:24.032274: Pseudo dice [np.float32(0.7045), np.float32(0.9333), np.float32(0.9388)]
2026-08-05 15:52:24.032349: Epoch time: 40.1 s
2026-08-05 15:52:24.976356: 
2026-08-05 15:52:24.976694: Epoch 497
2026-08-05 15:52:24.976926: Current learning rate: 0.00539
2026-08-05 15:53:05.563540: train_loss -0.8482
2026-08-05 15:53:05.564036: val_loss -0.7889
2026-08-05 15:53:05.564146: Pseudo dice [np.float32(0.714), np.float32(0.9379), np.float32(0.9435)]
2026-08-05 15:53:05.564254: Epoch time: 40.59 s
2026-08-05 15:53:06.387048: 
2026-08-05 15:53:06.387428: Epoch 498
2026-08-05 15:53:06.387594: Current learning rate: 0.00538
2026-08-05 15:53:47.972639: train_loss -0.8496
2026-08-05 15:53:47.972964: val_loss -0.7844
2026-08-05 15:53:47.973267: Pseudo dice [np.float32(0.7079), np.float32(0.927), np.float32(0.9424)]
2026-08-05 15:53:47.973402: Epoch time: 41.59 s
2026-08-05 15:53:48.942449: 
2026-08-05 15:53:48.942839: Epoch 499
2026-08-05 15:53:48.942962: Current learning rate: 0.00537
2026-08-05 15:54:29.944579: train_loss -0.8449
2026-08-05 15:54:29.944921: val_loss -0.7977
2026-08-05 15:54:29.945047: Pseudo dice [np.float32(0.7278), np.float32(0.9363), np.float32(0.9429)]
2026-08-05 15:54:29.945275: Epoch time: 41.01 s
2026-08-05 15:54:38.617077: 
2026-08-05 15:54:38.617464: Epoch 500
2026-08-05 15:54:38.617608: Current learning rate: 0.00536
2026-08-05 15:55:19.267048: train_loss -0.8581
2026-08-05 15:55:19.267215: val_loss -0.7898
2026-08-05 15:55:19.267271: Pseudo dice [np.float32(0.7164), np.float32(0.9303), np.float32(0.942)]
2026-08-05 15:55:19.267325: Epoch time: 40.65 s
2026-08-05 15:55:20.032419: 
2026-08-05 15:55:20.032839: Epoch 501
2026-08-05 15:55:20.033081: Current learning rate: 0.00535
2026-08-05 15:56:00.927752: train_loss -0.861
2026-08-05 15:56:00.927971: val_loss -0.7836
2026-08-05 15:56:00.928041: Pseudo dice [np.float32(0.7096), np.float32(0.9311), np.float32(0.9398)]
2026-08-05 15:56:00.928113: Epoch time: 40.9 s
2026-08-05 15:56:01.876382: 
2026-08-05 15:56:01.876722: Epoch 502
2026-08-05 15:56:01.876924: Current learning rate: 0.00534
2026-08-05 15:56:42.618256: train_loss -0.8585
2026-08-05 15:56:42.618605: val_loss -0.7874
2026-08-05 15:56:42.618707: Pseudo dice [np.float32(0.7056), np.float32(0.9339), np.float32(0.9411)]
2026-08-05 15:56:42.618812: Epoch time: 40.75 s
2026-08-05 15:56:43.540146: 
2026-08-05 15:56:43.540488: Epoch 503
2026-08-05 15:56:43.540633: Current learning rate: 0.00533
2026-08-05 15:57:24.196938: train_loss -0.8597
2026-08-05 15:57:24.197323: val_loss -0.7915
2026-08-05 15:57:24.197483: Pseudo dice [np.float32(0.708), np.float32(0.9321), np.float32(0.9388)]
2026-08-05 15:57:24.197598: Epoch time: 40.66 s
2026-08-05 15:57:24.962398: 
2026-08-05 15:57:24.962712: Epoch 504
2026-08-05 15:57:24.962820: Current learning rate: 0.00532
2026-08-05 15:58:05.697216: train_loss -0.8605
2026-08-05 15:58:05.697462: val_loss -0.7972
2026-08-05 15:58:05.697517: Pseudo dice [np.float32(0.7245), np.float32(0.935), np.float32(0.9454)]
2026-08-05 15:58:05.697576: Epoch time: 40.74 s
2026-08-05 15:58:06.947315: 
2026-08-05 15:58:06.947703: Epoch 505
2026-08-05 15:58:06.947818: Current learning rate: 0.00531
2026-08-05 15:58:47.688298: train_loss -0.8612
2026-08-05 15:58:47.805375: val_loss -0.7888
2026-08-05 15:58:47.805664: Pseudo dice [np.float32(0.7159), np.float32(0.9293), np.float32(0.9442)]
2026-08-05 15:58:47.805803: Epoch time: 40.74 s
2026-08-05 15:58:48.783422: 
2026-08-05 15:58:48.783691: Epoch 506
2026-08-05 15:58:48.783831: Current learning rate: 0.0053
2026-08-05 15:59:29.441102: train_loss -0.8619
2026-08-05 15:59:29.441303: val_loss -0.7864
2026-08-05 15:59:29.441441: Pseudo dice [np.float32(0.715), np.float32(0.9271), np.float32(0.9408)]
2026-08-05 15:59:29.441504: Epoch time: 40.66 s
2026-08-05 15:59:30.239056: 
2026-08-05 15:59:30.239312: Epoch 507
2026-08-05 15:59:30.239581: Current learning rate: 0.00529
2026-08-05 16:00:11.070250: train_loss -0.859
2026-08-05 16:00:11.070443: val_loss -0.754
2026-08-05 16:00:11.070501: Pseudo dice [np.float32(0.6928), np.float32(0.9006), np.float32(0.9388)]
2026-08-05 16:00:11.070559: Epoch time: 40.83 s
2026-08-05 16:00:11.812357: 
2026-08-05 16:00:11.812822: Epoch 508
2026-08-05 16:00:11.812944: Current learning rate: 0.00528
2026-08-05 16:00:52.289976: train_loss -0.8533
2026-08-05 16:00:52.290389: val_loss -0.7977
2026-08-05 16:00:52.290450: Pseudo dice [np.float32(0.7218), np.float32(0.9347), np.float32(0.9437)]
2026-08-05 16:00:52.290514: Epoch time: 40.48 s
2026-08-05 16:00:53.236730: 
2026-08-05 16:00:53.237098: Epoch 509
2026-08-05 16:00:53.237327: Current learning rate: 0.00527
2026-08-05 16:01:34.078678: train_loss -0.8535
2026-08-05 16:01:34.078986: val_loss -0.7873
2026-08-05 16:01:34.079043: Pseudo dice [np.float32(0.7198), np.float32(0.9337), np.float32(0.9412)]
2026-08-05 16:01:34.079204: Epoch time: 40.85 s
2026-08-05 16:01:34.940851: 
2026-08-05 16:01:34.941123: Epoch 510
2026-08-05 16:01:34.941365: Current learning rate: 0.00526
2026-08-05 16:02:15.642539: train_loss -0.8607
2026-08-05 16:02:15.878339: val_loss -0.789
2026-08-05 16:02:15.878559: Pseudo dice [np.float32(0.7168), np.float32(0.9343), np.float32(0.9406)]
2026-08-05 16:02:15.878727: Epoch time: 40.7 s
2026-08-05 16:02:16.711349: 
2026-08-05 16:02:16.711702: Epoch 511
2026-08-05 16:02:16.711831: Current learning rate: 0.00525
2026-08-05 16:02:57.692368: train_loss -0.8564
2026-08-05 16:02:57.692631: val_loss -0.7827
2026-08-05 16:02:57.692686: Pseudo dice [np.float32(0.71), np.float32(0.9312), np.float32(0.9416)]
2026-08-05 16:02:57.692758: Epoch time: 40.98 s
2026-08-05 16:02:59.358831: 
2026-08-05 16:02:59.359213: Epoch 512
2026-08-05 16:02:59.359332: Current learning rate: 0.00524
2026-08-05 16:03:40.028226: train_loss -0.8599
2026-08-05 16:03:40.053775: val_loss -0.7903
2026-08-05 16:03:40.054094: Pseudo dice [np.float32(0.7155), np.float32(0.9359), np.float32(0.9433)]
2026-08-05 16:03:40.054260: Epoch time: 40.67 s
2026-08-05 16:03:40.943095: 
2026-08-05 16:03:40.943442: Epoch 513
2026-08-05 16:03:40.943602: Current learning rate: 0.00523
2026-08-05 16:04:21.735056: train_loss -0.8658
2026-08-05 16:04:21.784681: val_loss -0.7743
2026-08-05 16:04:21.785026: Pseudo dice [np.float32(0.6948), np.float32(0.9284), np.float32(0.942)]
2026-08-05 16:04:21.785119: Epoch time: 40.8 s
2026-08-05 16:04:22.757967: 
2026-08-05 16:04:22.758271: Epoch 514
2026-08-05 16:04:22.758506: Current learning rate: 0.00522
2026-08-05 16:05:03.167526: train_loss -0.866
2026-08-05 16:05:03.167785: val_loss -0.7879
2026-08-05 16:05:03.167843: Pseudo dice [np.float32(0.7085), np.float32(0.9386), np.float32(0.9442)]
2026-08-05 16:05:03.167922: Epoch time: 40.41 s
2026-08-05 16:05:04.108820: 
2026-08-05 16:05:04.109291: Epoch 515
2026-08-05 16:05:04.109472: Current learning rate: 0.00521
2026-08-05 16:05:44.565480: train_loss -0.8625
2026-08-05 16:05:44.565776: val_loss -0.7924
2026-08-05 16:05:44.565830: Pseudo dice [np.float32(0.7142), np.float32(0.9352), np.float32(0.9451)]
2026-08-05 16:05:44.565907: Epoch time: 40.46 s
2026-08-05 16:05:45.310990: 
2026-08-05 16:05:45.311347: Epoch 516
2026-08-05 16:05:45.311438: Current learning rate: 0.0052
2026-08-05 16:06:25.954329: train_loss -0.8634
2026-08-05 16:06:25.954509: val_loss -0.7827
2026-08-05 16:06:25.954563: Pseudo dice [np.float32(0.7055), np.float32(0.9304), np.float32(0.9386)]
2026-08-05 16:06:25.954622: Epoch time: 40.65 s
2026-08-05 16:06:26.748346: 
2026-08-05 16:06:26.748731: Epoch 517
2026-08-05 16:06:26.748828: Current learning rate: 0.00519
2026-08-05 16:07:07.614608: train_loss -0.8623
2026-08-05 16:07:07.726861: val_loss -0.7913
2026-08-05 16:07:07.727030: Pseudo dice [np.float32(0.7186), np.float32(0.9365), np.float32(0.9433)]
2026-08-05 16:07:07.727116: Epoch time: 40.87 s
2026-08-05 16:07:08.638260: 
2026-08-05 16:07:08.638608: Epoch 518
2026-08-05 16:07:08.638722: Current learning rate: 0.00518
2026-08-05 16:07:49.392671: train_loss -0.8671
2026-08-05 16:07:49.437408: val_loss -0.7838
2026-08-05 16:07:49.437497: Pseudo dice [np.float32(0.7064), np.float32(0.9295), np.float32(0.9418)]
2026-08-05 16:07:49.437564: Epoch time: 40.76 s
2026-08-05 16:07:51.144989: 
2026-08-05 16:07:51.145463: Epoch 519
2026-08-05 16:07:51.145598: Current learning rate: 0.00518
2026-08-05 16:08:31.840806: train_loss -0.8576
2026-08-05 16:08:31.845778: val_loss -0.7616
2026-08-05 16:08:31.845956: Pseudo dice [np.float32(0.691), np.float32(0.9138), np.float32(0.9425)]
2026-08-05 16:08:31.846081: Epoch time: 40.7 s
2026-08-05 16:08:32.744681: 
2026-08-05 16:08:32.745193: Epoch 520
2026-08-05 16:08:32.745308: Current learning rate: 0.00517
2026-08-05 16:09:23.399004: train_loss -0.8495
2026-08-05 16:09:23.399600: val_loss -0.7884
2026-08-05 16:09:23.399677: Pseudo dice [np.float32(0.7119), np.float32(0.9345), np.float32(0.942)]
2026-08-05 16:09:23.399753: Epoch time: 50.66 s
2026-08-05 16:09:24.348595: 
2026-08-05 16:09:24.348994: Epoch 521
2026-08-05 16:09:24.349179: Current learning rate: 0.00516
2026-08-05 16:10:05.025269: train_loss -0.8563
2026-08-05 16:10:05.025956: val_loss -0.791
2026-08-05 16:10:05.026186: Pseudo dice [np.float32(0.7149), np.float32(0.9374), np.float32(0.9397)]
2026-08-05 16:10:05.026416: Epoch time: 40.68 s
2026-08-05 16:10:05.980334: 
2026-08-05 16:10:05.980593: Epoch 522
2026-08-05 16:10:05.980806: Current learning rate: 0.00515
2026-08-05 16:10:46.250634: train_loss -0.8543
2026-08-05 16:10:46.551631: val_loss -0.7643
2026-08-05 16:10:46.551911: Pseudo dice [np.float32(0.6923), np.float32(0.9198), np.float32(0.9379)]
2026-08-05 16:10:46.551995: Epoch time: 40.27 s
2026-08-05 16:10:47.513348: 
2026-08-05 16:10:47.513736: Epoch 523
2026-08-05 16:10:47.513861: Current learning rate: 0.00514
2026-08-05 16:11:28.231786: train_loss -0.8539
2026-08-05 16:11:28.245592: val_loss -0.783
2026-08-05 16:11:28.245693: Pseudo dice [np.float32(0.7032), np.float32(0.9329), np.float32(0.938)]
2026-08-05 16:11:28.245757: Epoch time: 40.72 s
2026-08-05 16:11:29.344788: 
2026-08-05 16:11:29.345129: Epoch 524
2026-08-05 16:11:29.345320: Current learning rate: 0.00513
2026-08-05 16:12:10.046452: train_loss -0.859
2026-08-05 16:12:10.081394: val_loss -0.792
2026-08-05 16:12:10.081574: Pseudo dice [np.float32(0.7143), np.float32(0.9364), np.float32(0.9444)]
2026-08-05 16:12:10.081705: Epoch time: 40.7 s
2026-08-05 16:12:10.954741: 
2026-08-05 16:12:10.955060: Epoch 525
2026-08-05 16:12:10.955169: Current learning rate: 0.00512
2026-08-05 16:12:51.714352: train_loss -0.8317
2026-08-05 16:12:51.714796: val_loss -0.7778
2026-08-05 16:12:51.714859: Pseudo dice [np.float32(0.7071), np.float32(0.9283), np.float32(0.9355)]
2026-08-05 16:12:51.714937: Epoch time: 40.76 s
2026-08-05 16:12:52.538322: 
2026-08-05 16:12:52.538572: Epoch 526
2026-08-05 16:12:52.538686: Current learning rate: 0.00511
2026-08-05 16:13:34.101773: train_loss -0.8064
2026-08-05 16:13:34.102841: val_loss -0.7675
2026-08-05 16:13:34.209342: Pseudo dice [np.float32(0.6908), np.float32(0.9172), np.float32(0.9378)]
2026-08-05 16:13:34.209514: Epoch time: 41.57 s
2026-08-05 16:13:35.244068: 
2026-08-05 16:13:35.244464: Epoch 527
2026-08-05 16:13:35.244625: Current learning rate: 0.0051
2026-08-05 16:14:15.325947: train_loss -0.8193
2026-08-05 16:14:15.338679: val_loss -0.7948
2026-08-05 16:14:15.338762: Pseudo dice [np.float32(0.7161), np.float32(0.9367), np.float32(0.9432)]
2026-08-05 16:14:15.338837: Epoch time: 40.09 s
2026-08-05 16:14:16.286668: 
2026-08-05 16:14:16.286930: Epoch 528
2026-08-05 16:14:16.287057: Current learning rate: 0.00509
2026-08-05 16:14:56.943759: train_loss -0.8202
2026-08-05 16:14:56.944253: val_loss -0.7774
2026-08-05 16:14:56.944316: Pseudo dice [np.float32(0.7141), np.float32(0.9255), np.float32(0.9262)]
2026-08-05 16:14:56.944381: Epoch time: 40.66 s
2026-08-05 16:14:57.755918: 
2026-08-05 16:14:57.756234: Epoch 529
2026-08-05 16:14:57.756329: Current learning rate: 0.00508
2026-08-05 16:15:37.954169: train_loss -0.8301
2026-08-05 16:15:37.954431: val_loss -0.7811
2026-08-05 16:15:37.954493: Pseudo dice [np.float32(0.706), np.float32(0.9296), np.float32(0.9383)]
2026-08-05 16:15:37.954557: Epoch time: 40.2 s
2026-08-05 16:15:38.932076: 
2026-08-05 16:15:38.932420: Epoch 530
2026-08-05 16:15:38.932647: Current learning rate: 0.00507
2026-08-05 16:16:19.642665: train_loss -0.847
2026-08-05 16:16:19.643072: val_loss -0.7908
2026-08-05 16:16:19.643297: Pseudo dice [np.float32(0.7187), np.float32(0.9368), np.float32(0.9436)]
2026-08-05 16:16:19.643486: Epoch time: 40.71 s
2026-08-05 16:16:20.649599: 
2026-08-05 16:16:20.650103: Epoch 531
2026-08-05 16:16:20.650197: Current learning rate: 0.00506
2026-08-05 16:17:01.584259: train_loss -0.8578
2026-08-05 16:17:01.587234: val_loss -0.7902
2026-08-05 16:17:01.587530: Pseudo dice [np.float32(0.7146), np.float32(0.9354), np.float32(0.9389)]
2026-08-05 16:17:01.587765: Epoch time: 40.94 s
2026-08-05 16:17:02.589078: 
2026-08-05 16:17:02.589514: Epoch 532
2026-08-05 16:17:02.589652: Current learning rate: 0.00505
2026-08-05 16:17:43.641235: train_loss -0.8628
2026-08-05 16:17:43.641698: val_loss -0.7901
2026-08-05 16:17:43.641861: Pseudo dice [np.float32(0.7217), np.float32(0.9363), np.float32(0.9428)]
2026-08-05 16:17:43.642033: Epoch time: 41.06 s
2026-08-05 16:17:44.536996: 
2026-08-05 16:17:44.537344: Epoch 533
2026-08-05 16:17:44.537454: Current learning rate: 0.00504
2026-08-05 16:18:26.004208: train_loss -0.8631
2026-08-05 16:18:26.004396: val_loss -0.7882
2026-08-05 16:18:26.004564: Pseudo dice [np.float32(0.7067), np.float32(0.9327), np.float32(0.9412)]
2026-08-05 16:18:26.004627: Epoch time: 41.47 s
2026-08-05 16:18:26.784686: 
2026-08-05 16:18:26.785015: Epoch 534
2026-08-05 16:18:26.785131: Current learning rate: 0.00503
2026-08-05 16:19:07.490617: train_loss -0.8581
2026-08-05 16:19:07.490814: val_loss -0.7945
2026-08-05 16:19:07.490867: Pseudo dice [np.float32(0.72), np.float32(0.9353), np.float32(0.9419)]
2026-08-05 16:19:07.490945: Epoch time: 40.71 s
2026-08-05 16:19:08.249189: 
2026-08-05 16:19:08.249513: Epoch 535
2026-08-05 16:19:08.249635: Current learning rate: 0.00502
2026-08-05 16:19:49.423542: train_loss -0.8573
2026-08-05 16:19:49.426958: val_loss -0.7774
2026-08-05 16:19:49.427054: Pseudo dice [np.float32(0.7089), np.float32(0.9238), np.float32(0.9382)]
2026-08-05 16:19:49.427146: Epoch time: 41.18 s
2026-08-05 16:19:50.270946: 
2026-08-05 16:19:50.271570: Epoch 536
2026-08-05 16:19:50.271697: Current learning rate: 0.00501
2026-08-05 16:20:31.457604: train_loss -0.8537
2026-08-05 16:20:31.460319: val_loss -0.7827
2026-08-05 16:20:31.461059: Pseudo dice [np.float32(0.7061), np.float32(0.9277), np.float32(0.9425)]
2026-08-05 16:20:31.461209: Epoch time: 41.19 s
2026-08-05 16:20:32.557216: 
2026-08-05 16:20:32.557563: Epoch 537
2026-08-05 16:20:32.557715: Current learning rate: 0.005
2026-08-05 16:21:13.884786: train_loss -0.8571
2026-08-05 16:21:14.197529: val_loss -0.7985
2026-08-05 16:21:14.197936: Pseudo dice [np.float32(0.7256), np.float32(0.9359), np.float32(0.9441)]
2026-08-05 16:21:14.198043: Epoch time: 41.33 s
2026-08-05 16:21:15.085160: 
2026-08-05 16:21:15.085617: Epoch 538
2026-08-05 16:21:15.085834: Current learning rate: 0.00499
2026-08-05 16:21:55.809987: train_loss -0.8615
2026-08-05 16:21:55.810626: val_loss -0.7924
2026-08-05 16:21:55.810695: Pseudo dice [np.float32(0.7197), np.float32(0.9365), np.float32(0.9434)]
2026-08-05 16:21:55.810783: Epoch time: 40.73 s
2026-08-05 16:21:56.621170: 
2026-08-05 16:21:56.621510: Epoch 539
2026-08-05 16:21:56.621661: Current learning rate: 0.00498
2026-08-05 16:22:37.292923: train_loss -0.8513
2026-08-05 16:22:37.293580: val_loss -0.7821
2026-08-05 16:22:37.293727: Pseudo dice [np.float32(0.7134), np.float32(0.9272), np.float32(0.9405)]
2026-08-05 16:22:37.293880: Epoch time: 40.67 s
2026-08-05 16:22:38.240527: 
2026-08-05 16:22:38.240928: Epoch 540
2026-08-05 16:22:38.241056: Current learning rate: 0.00497
2026-08-05 16:23:20.015870: train_loss -0.8469
2026-08-05 16:23:20.016123: val_loss -0.7904
2026-08-05 16:23:20.016180: Pseudo dice [np.float32(0.7106), np.float32(0.9361), np.float32(0.9427)]
2026-08-05 16:23:20.016256: Epoch time: 41.78 s
2026-08-05 16:23:20.994462: 
2026-08-05 16:23:20.994948: Epoch 541
2026-08-05 16:23:20.995484: Current learning rate: 0.00496
2026-08-05 16:24:01.485981: train_loss -0.8484
2026-08-05 16:24:01.486530: val_loss -0.7887
2026-08-05 16:24:01.486593: Pseudo dice [np.float32(0.715), np.float32(0.9269), np.float32(0.9431)]
2026-08-05 16:24:01.486673: Epoch time: 40.5 s
2026-08-05 16:24:02.239031: 
2026-08-05 16:24:02.239528: Epoch 542
2026-08-05 16:24:02.239623: Current learning rate: 0.00495
2026-08-05 16:24:43.088206: train_loss -0.8566
2026-08-05 16:24:43.088449: val_loss -0.7853
2026-08-05 16:24:43.088504: Pseudo dice [np.float32(0.7135), np.float32(0.9335), np.float32(0.9437)]
2026-08-05 16:24:43.088561: Epoch time: 40.85 s
2026-08-05 16:24:43.881448: 
2026-08-05 16:24:43.881761: Epoch 543
2026-08-05 16:24:43.881920: Current learning rate: 0.00494
2026-08-05 16:25:24.712036: train_loss -0.8634
2026-08-05 16:25:24.712422: val_loss -0.7944
2026-08-05 16:25:24.712488: Pseudo dice [np.float32(0.7144), np.float32(0.9353), np.float32(0.9421)]
2026-08-05 16:25:24.712562: Epoch time: 40.83 s
2026-08-05 16:25:25.552211: 
2026-08-05 16:25:25.552527: Epoch 544
2026-08-05 16:25:25.552643: Current learning rate: 0.00493
2026-08-05 16:26:14.056802: train_loss -0.8665
2026-08-05 16:26:14.279804: val_loss -0.7825
2026-08-05 16:26:14.280354: Pseudo dice [np.float32(0.7088), np.float32(0.9382), np.float32(0.9392)]
2026-08-05 16:26:14.280468: Epoch time: 48.51 s
2026-08-05 16:26:15.277546: 
2026-08-05 16:26:15.277930: Epoch 545
2026-08-05 16:26:15.278054: Current learning rate: 0.00492
2026-08-05 16:26:56.209280: train_loss -0.8668
2026-08-05 16:26:56.498862: val_loss -0.8049
2026-08-05 16:26:56.499043: Pseudo dice [np.float32(0.7338), np.float32(0.9339), np.float32(0.9509)]
2026-08-05 16:26:56.499125: Epoch time: 40.93 s
2026-08-05 16:26:57.855452: 
2026-08-05 16:26:57.855913: Epoch 546
2026-08-05 16:26:57.856053: Current learning rate: 0.00491
2026-08-05 16:27:38.633500: train_loss -0.8669
2026-08-05 16:27:38.784696: val_loss -0.7951
2026-08-05 16:27:38.785036: Pseudo dice [np.float32(0.7192), np.float32(0.9372), np.float32(0.9424)]
2026-08-05 16:27:38.785117: Epoch time: 40.78 s
2026-08-05 16:27:40.760226: 
2026-08-05 16:27:40.760655: Epoch 547
2026-08-05 16:27:40.760790: Current learning rate: 0.0049
2026-08-05 16:28:21.463042: train_loss -0.8638
2026-08-05 16:28:21.545394: val_loss -0.7834
2026-08-05 16:28:21.545621: Pseudo dice [np.float32(0.7052), np.float32(0.9344), np.float32(0.9461)]
2026-08-05 16:28:21.545771: Epoch time: 40.71 s
2026-08-05 16:28:22.680632: 
2026-08-05 16:28:22.681084: Epoch 548
2026-08-05 16:28:22.681262: Current learning rate: 0.00489
2026-08-05 16:29:03.862182: train_loss -0.8592
2026-08-05 16:29:03.862662: val_loss -0.7914
2026-08-05 16:29:03.862720: Pseudo dice [np.float32(0.7165), np.float32(0.9378), np.float32(0.9402)]
2026-08-05 16:29:03.862780: Epoch time: 41.18 s
2026-08-05 16:29:04.641259: 
2026-08-05 16:29:04.641734: Epoch 549
2026-08-05 16:29:04.641851: Current learning rate: 0.00488
2026-08-05 16:29:45.680325: train_loss -0.8636
2026-08-05 16:29:45.680578: val_loss -0.7809
2026-08-05 16:29:45.680696: Pseudo dice [np.float32(0.7147), np.float32(0.9323), np.float32(0.9404)]
2026-08-05 16:29:45.680806: Epoch time: 41.04 s
2026-08-05 16:29:51.996597: 
2026-08-05 16:29:51.997001: Epoch 550
2026-08-05 16:29:51.997169: Current learning rate: 0.00487
2026-08-05 16:30:32.913220: train_loss -0.8632
2026-08-05 16:30:32.914074: val_loss -0.7904
2026-08-05 16:30:32.914248: Pseudo dice [np.float32(0.7241), np.float32(0.9364), np.float32(0.9434)]
2026-08-05 16:30:32.914338: Epoch time: 40.92 s
2026-08-05 16:30:33.727231: 
2026-08-05 16:30:33.727644: Epoch 551
2026-08-05 16:30:33.727765: Current learning rate: 0.00486
2026-08-05 16:31:14.889363: train_loss -0.8676
2026-08-05 16:31:14.889553: val_loss -0.7911
2026-08-05 16:31:14.889603: Pseudo dice [np.float32(0.7204), np.float32(0.9341), np.float32(0.9444)]
2026-08-05 16:31:14.889676: Epoch time: 41.17 s
2026-08-05 16:31:14.889792: Yayy! New best EMA pseudo Dice: 0.8640999794006348
2026-08-05 16:31:21.502349: 
2026-08-05 16:31:21.502764: Epoch 552
2026-08-05 16:31:21.502874: Current learning rate: 0.00485
2026-08-05 16:32:02.508517: train_loss -0.8533
2026-08-05 16:32:02.508828: val_loss -0.7911
2026-08-05 16:32:02.508915: Pseudo dice [np.float32(0.7229), np.float32(0.9336), np.float32(0.9412)]
2026-08-05 16:32:02.509028: Epoch time: 41.01 s
2026-08-05 16:32:02.509123: Yayy! New best EMA pseudo Dice: 0.864300012588501
2026-08-05 16:32:11.006079: 
2026-08-05 16:32:11.006437: Epoch 553
2026-08-05 16:32:11.006630: Current learning rate: 0.00484
2026-08-05 16:32:52.337594: train_loss -0.8539
2026-08-05 16:32:52.338120: val_loss -0.7841
2026-08-05 16:32:52.338185: Pseudo dice [np.float32(0.7124), np.float32(0.9305), np.float32(0.9408)]
2026-08-05 16:32:52.338276: Epoch time: 41.33 s
2026-08-05 16:32:53.285569: 
2026-08-05 16:32:53.285958: Epoch 554
2026-08-05 16:32:53.286335: Current learning rate: 0.00484
2026-08-05 16:33:34.670811: train_loss -0.8514
2026-08-05 16:33:34.677667: val_loss -0.7704
2026-08-05 16:33:34.677780: Pseudo dice [np.float32(0.6993), np.float32(0.9304), np.float32(0.937)]
2026-08-05 16:33:34.677935: Epoch time: 41.39 s
2026-08-05 16:33:35.578806: 
2026-08-05 16:33:35.579189: Epoch 555
2026-08-05 16:33:35.579312: Current learning rate: 0.00483
2026-08-05 16:34:16.888247: train_loss -0.8466
2026-08-05 16:34:16.888810: val_loss -0.7839
2026-08-05 16:34:16.889029: Pseudo dice [np.float32(0.7133), np.float32(0.9358), np.float32(0.9389)]
2026-08-05 16:34:16.889158: Epoch time: 41.31 s
2026-08-05 16:34:17.944253: 
2026-08-05 16:34:17.944831: Epoch 556
2026-08-05 16:34:17.945078: Current learning rate: 0.00482
2026-08-05 16:34:59.162609: train_loss -0.8613
2026-08-05 16:34:59.162920: val_loss -0.7999
2026-08-05 16:34:59.163000: Pseudo dice [np.float32(0.7334), np.float32(0.9343), np.float32(0.9437)]
2026-08-05 16:34:59.163095: Epoch time: 41.22 s
2026-08-05 16:35:00.276368: 
2026-08-05 16:35:00.276616: Epoch 557
2026-08-05 16:35:00.276769: Current learning rate: 0.00481
2026-08-05 16:35:42.109822: train_loss -0.8665
2026-08-05 16:35:42.110131: val_loss -0.7876
2026-08-05 16:35:42.110331: Pseudo dice [np.float32(0.7103), np.float32(0.9344), np.float32(0.945)]
2026-08-05 16:35:42.110504: Epoch time: 41.84 s
2026-08-05 16:35:43.974408: 
2026-08-05 16:35:43.974875: Epoch 558
2026-08-05 16:35:43.975049: Current learning rate: 0.0048
2026-08-05 16:36:25.611424: train_loss -0.8646
2026-08-05 16:36:25.886158: val_loss -0.7781
2026-08-05 16:36:25.886405: Pseudo dice [np.float32(0.6974), np.float32(0.9318), np.float32(0.9357)]
2026-08-05 16:36:25.886614: Epoch time: 41.64 s
2026-08-05 16:36:26.781704: 
2026-08-05 16:36:26.782131: Epoch 559
2026-08-05 16:36:26.782245: Current learning rate: 0.00479
2026-08-05 16:37:08.037064: train_loss -0.8634
2026-08-05 16:37:08.037508: val_loss -0.794
2026-08-05 16:37:08.037859: Pseudo dice [np.float32(0.7136), np.float32(0.9332), np.float32(0.9475)]
2026-08-05 16:37:08.038039: Epoch time: 41.26 s
2026-08-05 16:37:09.545210: 
2026-08-05 16:37:09.545732: Epoch 560
2026-08-05 16:37:09.546099: Current learning rate: 0.00478
2026-08-05 16:37:52.132451: train_loss -0.866
2026-08-05 16:37:52.132833: val_loss -0.7795
2026-08-05 16:37:52.132905: Pseudo dice [np.float32(0.7094), np.float32(0.932), np.float32(0.9382)]
2026-08-05 16:37:52.133006: Epoch time: 42.59 s
2026-08-05 16:37:53.002417: 
2026-08-05 16:37:53.002962: Epoch 561
2026-08-05 16:37:53.003101: Current learning rate: 0.00477
2026-08-05 16:38:34.765698: train_loss -0.8663
2026-08-05 16:38:34.946188: val_loss -0.7888
2026-08-05 16:38:34.946557: Pseudo dice [np.float32(0.7101), np.float32(0.9396), np.float32(0.9408)]
2026-08-05 16:38:34.946716: Epoch time: 41.77 s
2026-08-05 16:38:35.872319: 
2026-08-05 16:38:35.872743: Epoch 562
2026-08-05 16:38:35.872964: Current learning rate: 0.00476
2026-08-05 16:39:17.639287: train_loss -0.8656
2026-08-05 16:39:17.639634: val_loss -0.7883
2026-08-05 16:39:17.639702: Pseudo dice [np.float32(0.7086), np.float32(0.9322), np.float32(0.9414)]
2026-08-05 16:39:17.639788: Epoch time: 41.77 s
2026-08-05 16:39:18.549606: 
2026-08-05 16:39:18.550061: Epoch 563
2026-08-05 16:39:18.550246: Current learning rate: 0.00475
2026-08-05 16:40:00.328246: train_loss -0.8651
2026-08-05 16:40:00.328706: val_loss -0.7787
2026-08-05 16:40:00.328781: Pseudo dice [np.float32(0.7017), np.float32(0.9316), np.float32(0.9403)]
2026-08-05 16:40:00.328869: Epoch time: 41.78 s
2026-08-05 16:40:01.220397: 
2026-08-05 16:40:01.220824: Epoch 564
2026-08-05 16:40:01.221072: Current learning rate: 0.00474
2026-08-05 16:40:42.762772: train_loss -0.8718
2026-08-05 16:40:42.763113: val_loss -0.7866
2026-08-05 16:40:42.763208: Pseudo dice [np.float32(0.7162), np.float32(0.93), np.float32(0.9467)]
2026-08-05 16:40:42.763278: Epoch time: 41.55 s
2026-08-05 16:40:43.528596: 
2026-08-05 16:40:43.529166: Epoch 565
2026-08-05 16:40:43.529284: Current learning rate: 0.00473
2026-08-05 16:41:25.277124: train_loss -0.8704
2026-08-05 16:41:25.277761: val_loss -0.7877
2026-08-05 16:41:25.278024: Pseudo dice [np.float32(0.7112), np.float32(0.9316), np.float32(0.9441)]
2026-08-05 16:41:25.278178: Epoch time: 41.75 s
2026-08-05 16:41:26.198762: 
2026-08-05 16:41:26.199199: Epoch 566
2026-08-05 16:41:26.199317: Current learning rate: 0.00472
2026-08-05 16:42:06.743123: train_loss -0.8642
2026-08-05 16:42:06.743449: val_loss -0.785
2026-08-05 16:42:06.743510: Pseudo dice [np.float32(0.7073), np.float32(0.9351), np.float32(0.9411)]
2026-08-05 16:42:06.743582: Epoch time: 40.55 s
2026-08-05 16:42:07.662014: 
2026-08-05 16:42:07.662389: Epoch 567
2026-08-05 16:42:07.662513: Current learning rate: 0.00471
2026-08-05 16:42:48.749243: train_loss -0.8732
2026-08-05 16:42:48.749532: val_loss -0.7989
2026-08-05 16:42:48.749601: Pseudo dice [np.float32(0.7269), np.float32(0.9394), np.float32(0.9441)]
2026-08-05 16:42:48.749691: Epoch time: 41.09 s
2026-08-05 16:42:49.820144: 
2026-08-05 16:42:49.820403: Epoch 568
2026-08-05 16:42:49.820527: Current learning rate: 0.0047
2026-08-05 16:43:30.237400: train_loss -0.8734
2026-08-05 16:43:30.237927: val_loss -0.7856
2026-08-05 16:43:30.238070: Pseudo dice [np.float32(0.7165), np.float32(0.9349), np.float32(0.9424)]
2026-08-05 16:43:30.238341: Epoch time: 40.42 s
2026-08-05 16:43:31.050706: 
2026-08-05 16:43:31.050976: Epoch 569
2026-08-05 16:43:31.051182: Current learning rate: 0.00469
2026-08-05 16:44:12.109605: train_loss -0.8638
2026-08-05 16:44:12.109900: val_loss -0.792
2026-08-05 16:44:12.109968: Pseudo dice [np.float32(0.7199), np.float32(0.9401), np.float32(0.9434)]
2026-08-05 16:44:12.110166: Epoch time: 41.06 s
2026-08-05 16:44:12.917091: 
2026-08-05 16:44:12.917737: Epoch 570
2026-08-05 16:44:12.917859: Current learning rate: 0.00468
2026-08-05 16:44:54.646938: train_loss -0.8671
2026-08-05 16:44:54.648225: val_loss -0.7921
2026-08-05 16:44:54.648295: Pseudo dice [np.float32(0.7227), np.float32(0.9357), np.float32(0.9442)]
2026-08-05 16:44:54.670007: Epoch time: 41.73 s
2026-08-05 16:44:55.799683: 
2026-08-05 16:44:55.800048: Epoch 571
2026-08-05 16:44:55.800219: Current learning rate: 0.00467
2026-08-05 16:45:37.225838: train_loss -0.8682
2026-08-05 16:45:37.226250: val_loss -0.8015
2026-08-05 16:45:37.226323: Pseudo dice [np.float32(0.7209), np.float32(0.938), np.float32(0.9464)]
2026-08-05 16:45:37.226416: Epoch time: 41.43 s
2026-08-05 16:45:37.226467: Yayy! New best EMA pseudo Dice: 0.8644999861717224
2026-08-05 16:45:43.557051: 
2026-08-05 16:45:43.557524: Epoch 572
2026-08-05 16:45:43.557670: Current learning rate: 0.00466
2026-08-05 16:46:25.511705: train_loss -0.8729
2026-08-05 16:46:25.512146: val_loss -0.7854
2026-08-05 16:46:25.512219: Pseudo dice [np.float32(0.7087), np.float32(0.9341), np.float32(0.942)]
2026-08-05 16:46:25.512306: Epoch time: 41.96 s
2026-08-05 16:46:26.332249: 
2026-08-05 16:46:26.332818: Epoch 573
2026-08-05 16:46:26.333042: Current learning rate: 0.00465
2026-08-05 16:47:08.177786: train_loss -0.8724
2026-08-05 16:47:08.178214: val_loss -0.7925
2026-08-05 16:47:08.178276: Pseudo dice [np.float32(0.7169), np.float32(0.9352), np.float32(0.9449)]
2026-08-05 16:47:08.178370: Epoch time: 41.85 s
2026-08-05 16:47:10.366775: 
2026-08-05 16:47:10.367458: Epoch 574
2026-08-05 16:47:10.367662: Current learning rate: 0.00464
2026-08-05 16:47:52.475377: train_loss -0.877
2026-08-05 16:47:52.475739: val_loss -0.7833
2026-08-05 16:47:52.475809: Pseudo dice [np.float32(0.7099), np.float32(0.9338), np.float32(0.9447)]
2026-08-05 16:47:52.475880: Epoch time: 42.11 s
2026-08-05 16:47:53.448989: 
2026-08-05 16:47:53.449445: Epoch 575
2026-08-05 16:47:53.449609: Current learning rate: 0.00463
2026-08-05 16:48:34.852257: train_loss -0.8728
2026-08-05 16:48:35.334041: val_loss -0.7922
2026-08-05 16:48:35.334261: Pseudo dice [np.float32(0.7191), np.float32(0.9378), np.float32(0.9455)]
2026-08-05 16:48:35.334342: Epoch time: 41.41 s
2026-08-05 16:48:35.334387: Yayy! New best EMA pseudo Dice: 0.8644999861717224
2026-08-05 16:48:43.307121: 
2026-08-05 16:48:43.307520: Epoch 576
2026-08-05 16:48:43.307655: Current learning rate: 0.00462
2026-08-05 16:49:24.813716: train_loss -0.8766
2026-08-05 16:49:24.814194: val_loss -0.7839
2026-08-05 16:49:24.814324: Pseudo dice [np.float32(0.7073), np.float32(0.9333), np.float32(0.9429)]
2026-08-05 16:49:24.814550: Epoch time: 41.51 s
2026-08-05 16:49:25.853056: 
2026-08-05 16:49:25.853626: Epoch 577
2026-08-05 16:49:25.853839: Current learning rate: 0.00461
2026-08-05 16:50:07.457098: train_loss -0.8743
2026-08-05 16:50:07.457373: val_loss -0.7909
2026-08-05 16:50:07.457430: Pseudo dice [np.float32(0.7255), np.float32(0.9337), np.float32(0.9465)]
2026-08-05 16:50:07.457498: Epoch time: 41.61 s
2026-08-05 16:50:07.457540: Yayy! New best EMA pseudo Dice: 0.8646000027656555
2026-08-05 16:50:17.242266: 
2026-08-05 16:50:17.242676: Epoch 578
2026-08-05 16:50:17.242781: Current learning rate: 0.0046
2026-08-05 16:50:58.592902: train_loss -0.8721
2026-08-05 16:50:58.593606: val_loss -0.7894
2026-08-05 16:50:58.593676: Pseudo dice [np.float32(0.729), np.float32(0.9337), np.float32(0.9447)]
2026-08-05 16:50:58.593924: Epoch time: 41.35 s
2026-08-05 16:50:58.594004: Yayy! New best EMA pseudo Dice: 0.8651000261306763
2026-08-05 16:51:04.936165: 
2026-08-05 16:51:04.936661: Epoch 579
2026-08-05 16:51:04.936777: Current learning rate: 0.00459
2026-08-05 16:51:46.925393: train_loss -0.8446
2026-08-05 16:51:46.925992: val_loss -0.7768
2026-08-05 16:51:46.926062: Pseudo dice [np.float32(0.7005), np.float32(0.9256), np.float32(0.935)]
2026-08-05 16:51:46.926184: Epoch time: 41.99 s
2026-08-05 16:51:49.237066: 
2026-08-05 16:51:49.237527: Epoch 580
2026-08-05 16:51:49.237762: Current learning rate: 0.00458
2026-08-05 16:52:31.140765: train_loss -0.8456
2026-08-05 16:52:31.141100: val_loss -0.7876
2026-08-05 16:52:31.141246: Pseudo dice [np.float32(0.7153), np.float32(0.9338), np.float32(0.9384)]
2026-08-05 16:52:31.141329: Epoch time: 41.91 s
2026-08-05 16:52:32.122047: 
2026-08-05 16:52:32.122593: Epoch 581
2026-08-05 16:52:32.122734: Current learning rate: 0.00457
2026-08-05 16:53:14.492260: train_loss -0.8557
2026-08-05 16:53:14.492662: val_loss -0.7906
2026-08-05 16:53:14.492722: Pseudo dice [np.float32(0.7156), np.float32(0.9352), np.float32(0.9459)]
2026-08-05 16:53:14.493058: Epoch time: 42.37 s
2026-08-05 16:53:15.444756: 
2026-08-05 16:53:15.445164: Epoch 582
2026-08-05 16:53:15.445344: Current learning rate: 0.00456
2026-08-05 16:53:56.936630: train_loss -0.863
2026-08-05 16:53:56.936888: val_loss -0.7745
2026-08-05 16:53:56.936959: Pseudo dice [np.float32(0.6958), np.float32(0.9315), np.float32(0.9378)]
2026-08-05 16:53:56.937034: Epoch time: 41.5 s
2026-08-05 16:53:57.999730: 
2026-08-05 16:53:58.000208: Epoch 583
2026-08-05 16:53:58.000392: Current learning rate: 0.00455
2026-08-05 16:54:39.568314: train_loss -0.8231
2026-08-05 16:54:39.568783: val_loss -0.772
2026-08-05 16:54:39.568942: Pseudo dice [np.float32(0.6912), np.float32(0.9232), np.float32(0.9362)]
2026-08-05 16:54:39.569048: Epoch time: 41.57 s
2026-08-05 16:54:40.692268: 
2026-08-05 16:54:40.692742: Epoch 584
2026-08-05 16:54:40.692876: Current learning rate: 0.00454
2026-08-05 16:55:22.420207: train_loss -0.8315
2026-08-05 16:55:22.421033: val_loss -0.7755
2026-08-05 16:55:22.421173: Pseudo dice [np.float32(0.6948), np.float32(0.9309), np.float32(0.9383)]
2026-08-05 16:55:22.421331: Epoch time: 41.73 s
2026-08-05 16:55:23.413943: 
2026-08-05 16:55:23.414371: Epoch 585
2026-08-05 16:55:23.414554: Current learning rate: 0.00453
2026-08-05 16:56:05.694603: train_loss -0.8475
2026-08-05 16:56:05.695286: val_loss -0.7959
2026-08-05 16:56:05.695438: Pseudo dice [np.float32(0.7176), np.float32(0.9354), np.float32(0.9439)]
2026-08-05 16:56:05.695592: Epoch time: 42.28 s
2026-08-05 16:56:06.571639: 
2026-08-05 16:56:06.572066: Epoch 586
2026-08-05 16:56:06.572183: Current learning rate: 0.00452
2026-08-05 16:56:48.012530: train_loss -0.8556
2026-08-05 16:56:48.012975: val_loss -0.7812
2026-08-05 16:56:48.013154: Pseudo dice [np.float32(0.7072), np.float32(0.9214), np.float32(0.9417)]
2026-08-05 16:56:48.013368: Epoch time: 41.44 s
2026-08-05 16:56:49.651233: 
2026-08-05 16:56:49.651528: Epoch 587
2026-08-05 16:56:49.651666: Current learning rate: 0.00451
2026-08-05 16:57:31.558503: train_loss -0.8567
2026-08-05 16:57:31.558815: val_loss -0.7794
2026-08-05 16:57:31.558877: Pseudo dice [np.float32(0.6997), np.float32(0.929), np.float32(0.9382)]
2026-08-05 16:57:31.558968: Epoch time: 41.91 s
2026-08-05 16:57:32.544087: 
2026-08-05 16:57:32.544542: Epoch 588
2026-08-05 16:57:32.544674: Current learning rate: 0.0045
2026-08-05 16:58:14.300585: train_loss -0.8513
2026-08-05 16:58:14.301133: val_loss -0.7838
2026-08-05 16:58:14.301514: Pseudo dice [np.float32(0.7063), np.float32(0.9327), np.float32(0.9389)]
2026-08-05 16:58:14.301850: Epoch time: 41.76 s
2026-08-05 16:58:15.634559: 
2026-08-05 16:58:15.635294: Epoch 589
2026-08-05 16:58:15.635514: Current learning rate: 0.00449
2026-08-05 16:58:57.715990: train_loss -0.8503
2026-08-05 16:58:57.716559: val_loss -0.7743
2026-08-05 16:58:57.716712: Pseudo dice [np.float32(0.7072), np.float32(0.9227), np.float32(0.9388)]
2026-08-05 16:58:57.716857: Epoch time: 42.09 s
2026-08-05 16:58:58.524530: 
2026-08-05 16:58:58.524826: Epoch 590
2026-08-05 16:58:58.524998: Current learning rate: 0.00448
2026-08-05 16:59:39.727720: train_loss -0.8558
2026-08-05 16:59:39.728068: val_loss -0.7915
2026-08-05 16:59:39.728133: Pseudo dice [np.float32(0.7182), np.float32(0.9323), np.float32(0.94)]
2026-08-05 16:59:39.728232: Epoch time: 41.21 s
2026-08-05 16:59:40.652040: 
2026-08-05 16:59:40.652426: Epoch 591
2026-08-05 16:59:40.652560: Current learning rate: 0.00447
2026-08-05 17:00:22.211312: train_loss -0.867
2026-08-05 17:00:22.211744: val_loss -0.791
2026-08-05 17:00:22.211801: Pseudo dice [np.float32(0.7151), np.float32(0.9329), np.float32(0.9425)]
2026-08-05 17:00:22.211872: Epoch time: 41.56 s
2026-08-05 17:00:23.045161: 
2026-08-05 17:00:23.045581: Epoch 592
2026-08-05 17:00:23.045781: Current learning rate: 0.00446
2026-08-05 17:01:04.553050: train_loss -0.8671
2026-08-05 17:01:04.874516: val_loss -0.7783
2026-08-05 17:01:04.874622: Pseudo dice [np.float32(0.7014), np.float32(0.9291), np.float32(0.9418)]
2026-08-05 17:01:04.874710: Epoch time: 41.51 s
2026-08-05 17:01:05.718843: 
2026-08-05 17:01:05.719129: Epoch 593
2026-08-05 17:01:05.719270: Current learning rate: 0.00445
2026-08-05 17:01:46.952061: train_loss -0.8577
2026-08-05 17:01:46.952489: val_loss -0.7934
2026-08-05 17:01:46.952595: Pseudo dice [np.float32(0.7151), np.float32(0.9311), np.float32(0.9442)]
2026-08-05 17:01:46.952705: Epoch time: 41.24 s
2026-08-05 17:01:47.911364: 
2026-08-05 17:01:47.911747: Epoch 594
2026-08-05 17:01:47.911881: Current learning rate: 0.00444
2026-08-05 17:02:30.437413: train_loss -0.861
2026-08-05 17:02:30.437766: val_loss -0.7931
2026-08-05 17:02:30.437821: Pseudo dice [np.float32(0.718), np.float32(0.9328), np.float32(0.9452)]
2026-08-05 17:02:30.437910: Epoch time: 42.53 s
2026-08-05 17:02:31.267855: 
2026-08-05 17:02:31.268341: Epoch 595
2026-08-05 17:02:31.268478: Current learning rate: 0.00443
2026-08-05 17:03:12.350650: train_loss -0.8621
2026-08-05 17:03:12.351279: val_loss -0.7958
2026-08-05 17:03:12.351375: Pseudo dice [np.float32(0.7248), np.float32(0.9366), np.float32(0.9471)]
2026-08-05 17:03:12.351556: Epoch time: 41.09 s
2026-08-05 17:03:13.166256: 
2026-08-05 17:03:13.166690: Epoch 596
2026-08-05 17:03:13.166801: Current learning rate: 0.00442
2026-08-05 17:03:54.580088: train_loss -0.8698
2026-08-05 17:03:54.585569: val_loss -0.7871
2026-08-05 17:03:54.585709: Pseudo dice [np.float32(0.7079), np.float32(0.9332), np.float32(0.9427)]
2026-08-05 17:03:54.585849: Epoch time: 41.42 s
2026-08-05 17:03:55.660351: 
2026-08-05 17:03:55.660687: Epoch 597
2026-08-05 17:03:55.660830: Current learning rate: 0.00441
2026-08-05 17:04:36.863887: train_loss -0.8718
2026-08-05 17:04:36.864842: val_loss -0.7816
2026-08-05 17:04:36.864942: Pseudo dice [np.float32(0.7037), np.float32(0.9328), np.float32(0.9415)]
2026-08-05 17:04:36.865078: Epoch time: 41.21 s
2026-08-05 17:04:37.652349: 
2026-08-05 17:04:37.652850: Epoch 598
2026-08-05 17:04:37.652956: Current learning rate: 0.0044
2026-08-05 17:05:19.371950: train_loss -0.8697
2026-08-05 17:05:19.372444: val_loss -0.7891
2026-08-05 17:05:19.372510: Pseudo dice [np.float32(0.7202), np.float32(0.9316), np.float32(0.9469)]
2026-08-05 17:05:19.372625: Epoch time: 41.72 s
2026-08-05 17:05:20.213978: 
2026-08-05 17:05:20.214669: Epoch 599
2026-08-05 17:05:20.214845: Current learning rate: 0.00439
2026-08-05 17:06:01.758340: train_loss -0.8706
2026-08-05 17:06:01.758936: val_loss -0.7882
2026-08-05 17:06:01.759103: Pseudo dice [np.float32(0.7186), np.float32(0.9331), np.float32(0.9425)]
2026-08-05 17:06:01.759205: Epoch time: 41.55 s
2026-08-05 17:06:08.453741: 
2026-08-05 17:06:08.454088: Epoch 600
2026-08-05 17:06:08.454233: Current learning rate: 0.00438
2026-08-05 17:06:50.043519: train_loss -0.8722
2026-08-05 17:06:50.043888: val_loss -0.789
2026-08-05 17:06:50.043966: Pseudo dice [np.float32(0.7146), np.float32(0.9336), np.float32(0.9464)]
2026-08-05 17:06:50.044106: Epoch time: 41.59 s
2026-08-05 17:06:52.295296: 
2026-08-05 17:06:52.295673: Epoch 601
2026-08-05 17:06:52.295801: Current learning rate: 0.00437
2026-08-05 17:07:33.660754: train_loss -0.8734
2026-08-05 17:07:33.661138: val_loss -0.7825
2026-08-05 17:07:33.661261: Pseudo dice [np.float32(0.709), np.float32(0.9366), np.float32(0.9428)]
2026-08-05 17:07:33.661372: Epoch time: 41.37 s
2026-08-05 17:07:34.471646: 
2026-08-05 17:07:34.472166: Epoch 602
2026-08-05 17:07:34.472325: Current learning rate: 0.00436
2026-08-05 17:08:15.574313: train_loss -0.8743
2026-08-05 17:08:15.574732: val_loss -0.7864
2026-08-05 17:08:15.574809: Pseudo dice [np.float32(0.7073), np.float32(0.9351), np.float32(0.9445)]
2026-08-05 17:08:15.574924: Epoch time: 41.11 s
2026-08-05 17:08:16.570620: 
2026-08-05 17:08:16.570941: Epoch 603
2026-08-05 17:08:16.571088: Current learning rate: 0.00435
2026-08-05 17:08:57.704982: train_loss -0.8739
2026-08-05 17:08:57.705435: val_loss -0.7776
2026-08-05 17:08:57.705625: Pseudo dice [np.float32(0.7035), np.float32(0.9329), np.float32(0.9353)]
2026-08-05 17:08:57.705719: Epoch time: 41.14 s
2026-08-05 17:08:58.458275: 
2026-08-05 17:08:58.458636: Epoch 604
2026-08-05 17:08:58.458728: Current learning rate: 0.00434
2026-08-05 17:09:39.690454: train_loss -0.8713
2026-08-05 17:09:39.690779: val_loss -0.7946
2026-08-05 17:09:39.690844: Pseudo dice [np.float32(0.7249), np.float32(0.936), np.float32(0.9449)]
2026-08-05 17:09:39.690931: Epoch time: 41.24 s
2026-08-05 17:09:40.754931: 
2026-08-05 17:09:40.755342: Epoch 605
2026-08-05 17:09:40.755487: Current learning rate: 0.00433
2026-08-05 17:10:21.823855: train_loss -0.8723
2026-08-05 17:10:21.824092: val_loss -0.7876
2026-08-05 17:10:21.824232: Pseudo dice [np.float32(0.714), np.float32(0.9357), np.float32(0.9441)]
2026-08-05 17:10:21.824327: Epoch time: 41.07 s
2026-08-05 17:10:22.599929: 
2026-08-05 17:10:22.600287: Epoch 606
2026-08-05 17:10:22.600397: Current learning rate: 0.00432
2026-08-05 17:11:03.356041: train_loss -0.8721
2026-08-05 17:11:03.356382: val_loss -0.7916
2026-08-05 17:11:03.356443: Pseudo dice [np.float32(0.7231), np.float32(0.9345), np.float32(0.947)]
2026-08-05 17:11:03.356523: Epoch time: 40.76 s
2026-08-05 17:11:04.409819: 
2026-08-05 17:11:04.410351: Epoch 607
2026-08-05 17:11:04.410513: Current learning rate: 0.00431
2026-08-05 17:11:44.992795: train_loss -0.8718
2026-08-05 17:11:44.993121: val_loss -0.7944
2026-08-05 17:11:44.993185: Pseudo dice [np.float32(0.721), np.float32(0.9357), np.float32(0.9462)]
2026-08-05 17:11:44.993261: Epoch time: 40.59 s
2026-08-05 17:11:46.749969: 
2026-08-05 17:11:46.750474: Epoch 608
2026-08-05 17:11:46.750601: Current learning rate: 0.0043
2026-08-05 17:12:27.868846: train_loss -0.876
2026-08-05 17:12:27.869173: val_loss -0.7832
2026-08-05 17:12:27.869228: Pseudo dice [np.float32(0.7041), np.float32(0.9324), np.float32(0.9445)]
2026-08-05 17:12:27.869294: Epoch time: 41.12 s
2026-08-05 17:12:28.610208: 
2026-08-05 17:12:28.610735: Epoch 609
2026-08-05 17:12:28.610878: Current learning rate: 0.00429
2026-08-05 17:13:09.580344: train_loss -0.8786
2026-08-05 17:13:09.581590: val_loss -0.784
2026-08-05 17:13:09.581963: Pseudo dice [np.float32(0.7089), np.float32(0.9368), np.float32(0.9398)]
2026-08-05 17:13:09.582063: Epoch time: 40.97 s
2026-08-05 17:13:10.637200: 
2026-08-05 17:13:10.637573: Epoch 610
2026-08-05 17:13:10.637743: Current learning rate: 0.00429
2026-08-05 17:13:51.678293: train_loss -0.8771
2026-08-05 17:13:51.678562: val_loss -0.7944
2026-08-05 17:13:51.678644: Pseudo dice [np.float32(0.7207), np.float32(0.9422), np.float32(0.9439)]
2026-08-05 17:13:51.678706: Epoch time: 41.05 s
2026-08-05 17:13:52.534745: 
2026-08-05 17:13:52.535123: Epoch 611
2026-08-05 17:13:52.535238: Current learning rate: 0.00428
2026-08-05 17:14:33.432805: train_loss -0.8743
2026-08-05 17:14:33.433104: val_loss -0.7887
2026-08-05 17:14:33.433156: Pseudo dice [np.float32(0.7192), np.float32(0.9333), np.float32(0.9442)]
2026-08-05 17:14:33.433213: Epoch time: 40.9 s
2026-08-05 17:14:34.408984: 
2026-08-05 17:14:34.409467: Epoch 612
2026-08-05 17:14:34.409569: Current learning rate: 0.00427
2026-08-05 17:15:15.310448: train_loss -0.8741
2026-08-05 17:15:15.310654: val_loss -0.7901
2026-08-05 17:15:15.310708: Pseudo dice [np.float32(0.7174), np.float32(0.9372), np.float32(0.9433)]
2026-08-05 17:15:15.310790: Epoch time: 40.9 s
2026-08-05 17:15:16.308803: 
2026-08-05 17:15:16.309334: Epoch 613
2026-08-05 17:15:16.309455: Current learning rate: 0.00426
2026-08-05 17:15:57.168950: train_loss -0.8786
2026-08-05 17:15:57.169455: val_loss -0.7929
2026-08-05 17:15:57.169518: Pseudo dice [np.float32(0.7186), np.float32(0.9383), np.float32(0.943)]
2026-08-05 17:15:57.169634: Epoch time: 40.86 s
2026-08-05 17:15:58.013783: 
2026-08-05 17:15:58.014109: Epoch 614
2026-08-05 17:15:58.014219: Current learning rate: 0.00425
2026-08-05 17:16:38.619751: train_loss -0.8808
2026-08-05 17:16:38.620238: val_loss -0.7844
2026-08-05 17:16:38.724493: Pseudo dice [np.float32(0.7131), np.float32(0.931), np.float32(0.9438)]
2026-08-05 17:16:38.724774: Epoch time: 40.61 s
2026-08-05 17:16:40.249697: 
2026-08-05 17:16:40.250222: Epoch 615
2026-08-05 17:16:40.250449: Current learning rate: 0.00424
2026-08-05 17:17:21.345287: train_loss -0.8769
2026-08-05 17:17:21.346101: val_loss -0.7901
2026-08-05 17:17:21.346303: Pseudo dice [np.float32(0.7164), np.float32(0.9363), np.float32(0.9434)]
2026-08-05 17:17:21.346491: Epoch time: 41.1 s
2026-08-05 17:17:22.337774: 
2026-08-05 17:17:22.338323: Epoch 616
2026-08-05 17:17:22.338413: Current learning rate: 0.00423
2026-08-05 17:18:03.289139: train_loss -0.8829
2026-08-05 17:18:03.289533: val_loss -0.7868
2026-08-05 17:18:03.289601: Pseudo dice [np.float32(0.7117), np.float32(0.9373), np.float32(0.9424)]
2026-08-05 17:18:03.289680: Epoch time: 40.95 s
2026-08-05 17:18:04.087948: 
2026-08-05 17:18:04.088439: Epoch 617
2026-08-05 17:18:04.088570: Current learning rate: 0.00422
2026-08-05 17:18:45.237466: train_loss -0.8807
2026-08-05 17:18:45.238088: val_loss -0.7874
2026-08-05 17:18:45.238300: Pseudo dice [np.float32(0.7155), np.float32(0.9368), np.float32(0.9452)]
2026-08-05 17:18:45.238441: Epoch time: 41.15 s
2026-08-05 17:18:46.182480: 
2026-08-05 17:18:46.182905: Epoch 618
2026-08-05 17:18:46.183023: Current learning rate: 0.00421
2026-08-05 17:19:26.972691: train_loss -0.8814
2026-08-05 17:19:26.973118: val_loss -0.7954
2026-08-05 17:19:26.973176: Pseudo dice [np.float32(0.7267), np.float32(0.9331), np.float32(0.9436)]
2026-08-05 17:19:26.973241: Epoch time: 40.79 s
2026-08-05 17:19:27.786090: 
2026-08-05 17:19:27.786468: Epoch 619
2026-08-05 17:19:27.786690: Current learning rate: 0.0042
2026-08-05 17:20:08.626553: train_loss -0.8823
2026-08-05 17:20:08.627276: val_loss -0.7785
2026-08-05 17:20:08.627336: Pseudo dice [np.float32(0.7081), np.float32(0.9342), np.float32(0.9452)]
2026-08-05 17:20:08.627405: Epoch time: 40.84 s
2026-08-05 17:20:09.479002: 
2026-08-05 17:20:09.479305: Epoch 620
2026-08-05 17:20:09.479412: Current learning rate: 0.00419
2026-08-05 17:20:50.218098: train_loss -0.8832
2026-08-05 17:20:50.218764: val_loss -0.7815
2026-08-05 17:20:50.219035: Pseudo dice [np.float32(0.7067), np.float32(0.934), np.float32(0.9395)]
2026-08-05 17:20:50.219185: Epoch time: 40.74 s
2026-08-05 17:20:51.164536: 
2026-08-05 17:20:51.164993: Epoch 621
2026-08-05 17:20:51.165117: Current learning rate: 0.00418
2026-08-05 17:21:32.163986: train_loss -0.8821
2026-08-05 17:21:32.164312: val_loss -0.7936
2026-08-05 17:21:32.164374: Pseudo dice [np.float32(0.721), np.float32(0.9372), np.float32(0.9441)]
2026-08-05 17:21:32.164452: Epoch time: 41.0 s
2026-08-05 17:21:33.003700: 
2026-08-05 17:21:33.004028: Epoch 622
2026-08-05 17:21:33.004142: Current learning rate: 0.00417
2026-08-05 17:22:48.489794: train_loss -0.879
2026-08-05 17:22:48.490141: val_loss -0.786
2026-08-05 17:22:48.490203: Pseudo dice [np.float32(0.7144), np.float32(0.9245), np.float32(0.9458)]
2026-08-05 17:22:48.490266: Epoch time: 75.49 s
2026-08-05 17:22:49.593594: 
2026-08-05 17:22:49.593954: Epoch 623
2026-08-05 17:22:49.594070: Current learning rate: 0.00416
2026-08-05 17:23:30.707306: train_loss -0.8827
2026-08-05 17:23:30.707551: val_loss -0.7837
2026-08-05 17:23:30.707608: Pseudo dice [np.float32(0.7156), np.float32(0.9301), np.float32(0.9433)]
2026-08-05 17:23:30.707694: Epoch time: 41.12 s
2026-08-05 17:23:31.527258: 
2026-08-05 17:23:31.527607: Epoch 624
2026-08-05 17:23:31.527776: Current learning rate: 0.00415
2026-08-05 17:24:12.860985: train_loss -0.8847
2026-08-05 17:24:12.861481: val_loss -0.7842
2026-08-05 17:24:12.861543: Pseudo dice [np.float32(0.7109), np.float32(0.9335), np.float32(0.9415)]
2026-08-05 17:24:12.861612: Epoch time: 41.34 s
2026-08-05 17:24:13.870087: 
2026-08-05 17:24:13.870457: Epoch 625
2026-08-05 17:24:13.870572: Current learning rate: 0.00414
2026-08-05 17:24:54.908775: train_loss -0.8823
2026-08-05 17:24:54.918027: val_loss -0.7906
2026-08-05 17:24:54.918519: Pseudo dice [np.float32(0.7186), np.float32(0.9363), np.float32(0.9436)]
2026-08-05 17:24:54.918750: Epoch time: 41.04 s
2026-08-05 17:24:55.790209: 
2026-08-05 17:24:55.790584: Epoch 626
2026-08-05 17:24:55.790718: Current learning rate: 0.00413
2026-08-05 17:25:37.260778: train_loss -0.8824
2026-08-05 17:25:37.262246: val_loss -0.7953
2026-08-05 17:25:37.262712: Pseudo dice [np.float32(0.727), np.float32(0.9435), np.float32(0.9477)]
2026-08-05 17:25:37.262967: Epoch time: 41.48 s
2026-08-05 17:25:38.157846: 
2026-08-05 17:25:38.158186: Epoch 627
2026-08-05 17:25:38.158308: Current learning rate: 0.00412
2026-08-05 17:26:19.332970: train_loss -0.8877
2026-08-05 17:26:19.333401: val_loss -0.7901
2026-08-05 17:26:19.333459: Pseudo dice [np.float32(0.7171), np.float32(0.9386), np.float32(0.9471)]
2026-08-05 17:26:19.333527: Epoch time: 41.18 s
2026-08-05 17:26:19.333571: Yayy! New best EMA pseudo Dice: 0.8651999831199646
2026-08-05 17:26:29.780733: 
2026-08-05 17:26:29.781155: Epoch 628
2026-08-05 17:26:29.781250: Current learning rate: 0.00411
2026-08-05 17:27:10.469042: train_loss -0.8824
2026-08-05 17:27:10.469336: val_loss -0.7917
2026-08-05 17:27:10.469423: Pseudo dice [np.float32(0.7175), np.float32(0.938), np.float32(0.9446)]
2026-08-05 17:27:10.469496: Epoch time: 40.69 s
2026-08-05 17:27:10.469535: Yayy! New best EMA pseudo Dice: 0.8654000163078308
2026-08-05 17:27:28.502575: 
2026-08-05 17:27:28.503017: Epoch 629
2026-08-05 17:27:28.503139: Current learning rate: 0.0041
2026-08-05 17:28:09.717233: train_loss -0.8792
2026-08-05 17:28:09.717586: val_loss -0.7885
2026-08-05 17:28:09.717668: Pseudo dice [np.float32(0.7154), np.float32(0.9394), np.float32(0.9465)]
2026-08-05 17:28:09.717750: Epoch time: 41.22 s
2026-08-05 17:28:09.717801: Yayy! New best EMA pseudo Dice: 0.8654999732971191
2026-08-05 17:28:22.043296: 
2026-08-05 17:28:22.043876: Epoch 630
2026-08-05 17:28:22.044145: Current learning rate: 0.00409
2026-08-05 17:29:02.923743: train_loss -0.8835
2026-08-05 17:29:02.924123: val_loss -0.7897
2026-08-05 17:29:02.924185: Pseudo dice [np.float32(0.7199), np.float32(0.9331), np.float32(0.9438)]
2026-08-05 17:29:02.924256: Epoch time: 40.88 s
2026-08-05 17:29:02.924298: Yayy! New best EMA pseudo Dice: 0.8654999732971191
2026-08-05 17:29:11.001412: 
2026-08-05 17:29:11.001699: Epoch 631
2026-08-05 17:29:11.001817: Current learning rate: 0.00408
2026-08-05 17:29:52.213992: train_loss -0.887
2026-08-05 17:29:52.214284: val_loss -0.7857
2026-08-05 17:29:52.214345: Pseudo dice [np.float32(0.7122), np.float32(0.9333), np.float32(0.9442)]
2026-08-05 17:29:52.214413: Epoch time: 41.22 s
2026-08-05 17:29:53.034214: 
2026-08-05 17:29:53.034587: Epoch 632
2026-08-05 17:29:53.034765: Current learning rate: 0.00407
2026-08-05 17:30:34.136721: train_loss -0.8822
2026-08-05 17:30:34.137145: val_loss -0.7937
2026-08-05 17:30:34.137207: Pseudo dice [np.float32(0.7237), np.float32(0.935), np.float32(0.9459)]
2026-08-05 17:30:34.137413: Epoch time: 41.11 s
2026-08-05 17:30:34.137460: Yayy! New best EMA pseudo Dice: 0.8655999898910522
2026-08-05 17:30:42.939854: 
2026-08-05 17:30:42.940140: Epoch 633
2026-08-05 17:30:42.940273: Current learning rate: 0.00406
2026-08-05 17:31:24.348889: train_loss -0.8753
2026-08-05 17:31:24.351417: val_loss -0.7845
2026-08-05 17:31:24.351533: Pseudo dice [np.float32(0.7144), np.float32(0.9318), np.float32(0.9434)]
2026-08-05 17:31:24.351705: Epoch time: 41.41 s
2026-08-05 17:31:25.158305: 
2026-08-05 17:31:25.158745: Epoch 634
2026-08-05 17:31:25.158851: Current learning rate: 0.00405
2026-08-05 17:32:06.763144: train_loss -0.8793
2026-08-05 17:32:06.763779: val_loss -0.7944
2026-08-05 17:32:06.763932: Pseudo dice [np.float32(0.7204), np.float32(0.9359), np.float32(0.9463)]
2026-08-05 17:32:06.764070: Epoch time: 41.61 s
2026-08-05 17:32:07.904420: 
2026-08-05 17:32:07.904799: Epoch 635
2026-08-05 17:32:07.905058: Current learning rate: 0.00404
2026-08-05 17:32:48.915277: train_loss -0.8816
2026-08-05 17:32:48.915712: val_loss -0.7798
2026-08-05 17:32:48.915781: Pseudo dice [np.float32(0.7094), np.float32(0.9349), np.float32(0.9425)]
2026-08-05 17:32:48.941325: Epoch time: 41.01 s
2026-08-05 17:32:49.990097: 
2026-08-05 17:32:49.990479: Epoch 636
2026-08-05 17:32:49.990593: Current learning rate: 0.00403
2026-08-05 17:33:31.705155: train_loss -0.8832
2026-08-05 17:33:31.706091: val_loss -0.7876
2026-08-05 17:33:31.706328: Pseudo dice [np.float32(0.718), np.float32(0.9384), np.float32(0.9434)]
2026-08-05 17:33:31.706493: Epoch time: 41.72 s
2026-08-05 17:33:32.648480: 
2026-08-05 17:33:32.648852: Epoch 637
2026-08-05 17:33:32.649014: Current learning rate: 0.00402
2026-08-05 17:34:14.166532: train_loss -0.8818
2026-08-05 17:34:14.166973: val_loss -0.7868
2026-08-05 17:34:14.167038: Pseudo dice [np.float32(0.7214), np.float32(0.9334), np.float32(0.943)]
2026-08-05 17:34:14.167124: Epoch time: 41.52 s
2026-08-05 17:34:15.058990: 
2026-08-05 17:34:15.059320: Epoch 638
2026-08-05 17:34:15.059488: Current learning rate: 0.00401
2026-08-05 17:34:56.265348: train_loss -0.8799
2026-08-05 17:34:56.266616: val_loss -0.7998
2026-08-05 17:34:56.267032: Pseudo dice [np.float32(0.7264), np.float32(0.9379), np.float32(0.9488)]
2026-08-05 17:34:56.267319: Epoch time: 41.21 s
2026-08-05 17:34:56.267461: Yayy! New best EMA pseudo Dice: 0.8659999966621399
2026-08-05 17:35:04.576740: 
2026-08-05 17:35:04.577149: Epoch 639
2026-08-05 17:35:04.577279: Current learning rate: 0.004
2026-08-05 17:35:45.499768: train_loss -0.8805
2026-08-05 17:35:45.500544: val_loss -0.8063
2026-08-05 17:35:45.500713: Pseudo dice [np.float32(0.7303), np.float32(0.9428), np.float32(0.9489)]
2026-08-05 17:35:45.500915: Epoch time: 40.93 s
2026-08-05 17:35:45.501032: Yayy! New best EMA pseudo Dice: 0.8668000102043152
2026-08-05 17:36:02.355912: 
2026-08-05 17:36:02.356318: Epoch 640
2026-08-05 17:36:02.356463: Current learning rate: 0.00399
2026-08-05 17:36:43.927384: train_loss -0.8847
2026-08-05 17:36:43.927686: val_loss -0.8038
2026-08-05 17:36:43.927803: Pseudo dice [np.float32(0.7281), np.float32(0.944), np.float32(0.947)]
2026-08-05 17:36:43.927969: Epoch time: 41.58 s
2026-08-05 17:36:43.928067: Yayy! New best EMA pseudo Dice: 0.8673999905586243
2026-08-05 17:37:05.965008: 
2026-08-05 17:37:05.965437: Epoch 641
2026-08-05 17:37:05.965686: Current learning rate: 0.00398
2026-08-05 17:37:47.955976: train_loss -0.8808
2026-08-05 17:37:47.956321: val_loss -0.7898
2026-08-05 17:37:47.956383: Pseudo dice [np.float32(0.7202), np.float32(0.9342), np.float32(0.9482)]
2026-08-05 17:37:47.956459: Epoch time: 42.0 s
2026-08-05 17:37:47.956501: Yayy! New best EMA pseudo Dice: 0.8673999905586243
2026-08-05 17:37:54.700607: 
2026-08-05 17:37:54.701109: Epoch 642
2026-08-05 17:37:54.701287: Current learning rate: 0.00397
2026-08-05 17:38:36.371489: train_loss -0.8851
2026-08-05 17:38:36.372270: val_loss -0.7898
2026-08-05 17:38:36.372357: Pseudo dice [np.float32(0.7154), np.float32(0.936), np.float32(0.9436)]
2026-08-05 17:38:36.372485: Epoch time: 41.67 s
2026-08-05 17:38:37.475075: 
2026-08-05 17:38:37.475745: Epoch 643
2026-08-05 17:38:37.475979: Current learning rate: 0.00396
2026-08-05 17:39:19.136371: train_loss -0.8828
2026-08-05 17:39:19.137767: val_loss -0.7997
2026-08-05 17:39:19.137845: Pseudo dice [np.float32(0.7223), np.float32(0.9409), np.float32(0.9471)]
2026-08-05 17:39:19.137998: Epoch time: 41.67 s
2026-08-05 17:39:19.138054: Yayy! New best EMA pseudo Dice: 0.8675000071525574
2026-08-05 17:39:27.621686: 
2026-08-05 17:39:27.622149: Epoch 644
2026-08-05 17:39:27.622300: Current learning rate: 0.00395
2026-08-05 17:40:10.030794: train_loss -0.8853
2026-08-05 17:40:10.031190: val_loss -0.7832
2026-08-05 17:40:10.031263: Pseudo dice [np.float32(0.7082), np.float32(0.9337), np.float32(0.9437)]
2026-08-05 17:40:10.031423: Epoch time: 42.41 s
2026-08-05 17:40:11.126796: 
2026-08-05 17:40:11.127163: Epoch 645
2026-08-05 17:40:11.127303: Current learning rate: 0.00394
2026-08-05 17:40:53.418469: train_loss -0.8818
2026-08-05 17:40:53.426018: val_loss -0.7919
2026-08-05 17:40:53.426511: Pseudo dice [np.float32(0.7276), np.float32(0.9377), np.float32(0.9464)]
2026-08-05 17:40:53.426692: Epoch time: 42.3 s
2026-08-05 17:40:55.649004: 
2026-08-05 17:40:55.649612: Epoch 646
2026-08-05 17:40:55.649756: Current learning rate: 0.00393
2026-08-05 17:41:37.830745: train_loss -0.887
2026-08-05 17:41:37.831194: val_loss -0.7927
2026-08-05 17:41:37.831266: Pseudo dice [np.float32(0.7222), np.float32(0.9371), np.float32(0.9469)]
2026-08-05 17:41:37.831359: Epoch time: 42.19 s
2026-08-05 17:41:38.859049: 
2026-08-05 17:41:38.859520: Epoch 647
2026-08-05 17:41:38.859654: Current learning rate: 0.00392
2026-08-05 17:42:20.946872: train_loss -0.8821
2026-08-05 17:42:20.948499: val_loss -0.7831
2026-08-05 17:42:20.948627: Pseudo dice [np.float32(0.7138), np.float32(0.9313), np.float32(0.9466)]
2026-08-05 17:42:20.948738: Epoch time: 42.09 s
2026-08-05 17:42:21.864722: 
2026-08-05 17:42:21.865251: Epoch 648
2026-08-05 17:42:21.865360: Current learning rate: 0.00391
2026-08-05 17:43:04.205632: train_loss -0.8826
2026-08-05 17:43:04.206294: val_loss -0.7991
2026-08-05 17:43:04.206373: Pseudo dice [np.float32(0.7268), np.float32(0.9435), np.float32(0.9432)]
2026-08-05 17:43:04.206446: Epoch time: 42.34 s
2026-08-05 17:43:04.206491: Yayy! New best EMA pseudo Dice: 0.8675000071525574
2026-08-05 17:43:18.488428: 
2026-08-05 17:43:18.488838: Epoch 649
2026-08-05 17:43:18.488968: Current learning rate: 0.0039
2026-08-05 17:44:00.281025: train_loss -0.8822
2026-08-05 17:44:00.281574: val_loss -0.7885
2026-08-05 17:44:00.281646: Pseudo dice [np.float32(0.7135), np.float32(0.9321), np.float32(0.9449)]
2026-08-05 17:44:00.281743: Epoch time: 41.8 s
2026-08-05 17:44:13.237073: 
2026-08-05 17:44:13.237601: Epoch 650
2026-08-05 17:44:13.237757: Current learning rate: 0.00389
2026-08-05 17:44:54.870459: train_loss -0.8775
2026-08-05 17:44:54.871130: val_loss -0.7952
2026-08-05 17:44:54.871302: Pseudo dice [np.float32(0.7194), np.float32(0.9383), np.float32(0.9467)]
2026-08-05 17:44:54.871407: Epoch time: 41.64 s
2026-08-05 17:44:56.185935: 
2026-08-05 17:44:56.186437: Epoch 651
2026-08-05 17:44:56.186579: Current learning rate: 0.00388
2026-08-05 17:45:37.683020: train_loss -0.8825
2026-08-05 17:45:37.683551: val_loss -0.7934
2026-08-05 17:45:37.683611: Pseudo dice [np.float32(0.7283), np.float32(0.9328), np.float32(0.9467)]
2026-08-05 17:45:37.683694: Epoch time: 41.5 s
2026-08-05 17:45:38.615676: 
2026-08-05 17:45:38.616035: Epoch 652
2026-08-05 17:45:38.616147: Current learning rate: 0.00387
2026-08-05 17:46:21.766735: train_loss -0.8828
2026-08-05 17:46:21.767217: val_loss -0.7895
2026-08-05 17:46:21.767287: Pseudo dice [np.float32(0.7221), np.float32(0.9333), np.float32(0.9463)]
2026-08-05 17:46:21.767374: Epoch time: 43.15 s
2026-08-05 17:46:22.686444: 
2026-08-05 17:46:22.686842: Epoch 653
2026-08-05 17:46:22.686978: Current learning rate: 0.00386
2026-08-05 17:47:05.109904: train_loss -0.8839
2026-08-05 17:47:05.110538: val_loss -0.7835
2026-08-05 17:47:05.110829: Pseudo dice [np.float32(0.7111), np.float32(0.9332), np.float32(0.9407)]
2026-08-05 17:47:05.111427: Epoch time: 42.43 s
2026-08-05 17:47:06.179999: 
2026-08-05 17:47:06.180513: Epoch 654
2026-08-05 17:47:06.180760: Current learning rate: 0.00385
2026-08-05 17:47:47.736085: train_loss -0.8805
2026-08-05 17:47:47.736585: val_loss -0.7817
2026-08-05 17:47:47.736653: Pseudo dice [np.float32(0.7113), np.float32(0.9336), np.float32(0.9452)]
2026-08-05 17:47:47.736735: Epoch time: 41.56 s
2026-08-05 17:47:48.791224: 
2026-08-05 17:47:48.791627: Epoch 655
2026-08-05 17:47:48.791796: Current learning rate: 0.00384
2026-08-05 17:48:30.882376: train_loss -0.8405
2026-08-05 17:48:30.882672: val_loss -0.7759
2026-08-05 17:48:30.882728: Pseudo dice [np.float32(0.6986), np.float32(0.9313), np.float32(0.9318)]
2026-08-05 17:48:30.882807: Epoch time: 42.1 s
2026-08-05 17:48:31.745663: 
2026-08-05 17:48:31.746154: Epoch 656
2026-08-05 17:48:31.746298: Current learning rate: 0.00383
2026-08-05 17:49:14.338523: train_loss -0.8412
2026-08-05 17:49:14.339031: val_loss -0.776
2026-08-05 17:49:14.339108: Pseudo dice [np.float32(0.7001), np.float32(0.9255), np.float32(0.9392)]
2026-08-05 17:49:14.369561: Epoch time: 42.6 s
2026-08-05 17:49:15.413786: 
2026-08-05 17:49:15.414148: Epoch 657
2026-08-05 17:49:15.414294: Current learning rate: 0.00382
2026-08-05 17:49:57.308604: train_loss -0.8342
2026-08-05 17:49:57.309030: val_loss -0.7681
2026-08-05 17:49:57.309099: Pseudo dice [np.float32(0.7005), np.float32(0.9242), np.float32(0.9384)]
2026-08-05 17:49:57.309192: Epoch time: 41.9 s
2026-08-05 17:49:58.337925: 
2026-08-05 17:49:58.338364: Epoch 658
2026-08-05 17:49:58.338494: Current learning rate: 0.00381
2026-08-05 17:50:40.376687: train_loss -0.8394
2026-08-05 17:50:40.378502: val_loss -0.7891
2026-08-05 17:50:40.378685: Pseudo dice [np.float32(0.71), np.float32(0.9341), np.float32(0.9369)]
2026-08-05 17:50:40.378783: Epoch time: 42.04 s
2026-08-05 17:50:42.817561: 
2026-08-05 17:50:42.817952: Epoch 659
2026-08-05 17:50:42.818125: Current learning rate: 0.0038
2026-08-05 17:51:25.125641: train_loss -0.8447
2026-08-05 17:51:25.126101: val_loss -0.7842
2026-08-05 17:51:25.126241: Pseudo dice [np.float32(0.7104), np.float32(0.9306), np.float32(0.9376)]
2026-08-05 17:51:25.126342: Epoch time: 42.31 s
2026-08-05 17:51:26.151644: 
2026-08-05 17:51:26.152000: Epoch 660
2026-08-05 17:51:26.152155: Current learning rate: 0.00379
2026-08-05 17:52:07.869462: train_loss -0.8596
2026-08-05 17:52:07.870261: val_loss -0.7844
2026-08-05 17:52:07.870413: Pseudo dice [np.float32(0.7153), np.float32(0.9321), np.float32(0.9382)]
2026-08-05 17:52:07.870602: Epoch time: 41.72 s
2026-08-05 17:52:09.035306: 
2026-08-05 17:52:09.035862: Epoch 661
2026-08-05 17:52:09.036056: Current learning rate: 0.00378
2026-08-05 17:52:51.690260: train_loss -0.8727
2026-08-05 17:52:51.690782: val_loss -0.7835
2026-08-05 17:52:51.690852: Pseudo dice [np.float32(0.7085), np.float32(0.9316), np.float32(0.9407)]
2026-08-05 17:52:51.690958: Epoch time: 42.66 s
2026-08-05 17:52:52.725294: 
2026-08-05 17:52:52.725786: Epoch 662
2026-08-05 17:52:52.725950: Current learning rate: 0.00377
2026-08-05 17:53:35.066416: train_loss -0.8742
2026-08-05 17:53:35.066924: val_loss -0.7864
2026-08-05 17:53:35.067008: Pseudo dice [np.float32(0.7129), np.float32(0.9312), np.float32(0.9412)]
2026-08-05 17:53:35.067094: Epoch time: 42.35 s
2026-08-05 17:53:36.091059: 
2026-08-05 17:53:36.091488: Epoch 663
2026-08-05 17:53:36.091636: Current learning rate: 0.00376
2026-08-05 17:54:18.628519: train_loss -0.877
2026-08-05 17:54:18.629243: val_loss -0.7996
2026-08-05 17:54:18.629328: Pseudo dice [np.float32(0.7288), np.float32(0.9336), np.float32(0.948)]
2026-08-05 17:54:18.629416: Epoch time: 42.54 s
2026-08-05 17:54:19.593936: 
2026-08-05 17:54:19.594435: Epoch 664
2026-08-05 17:54:19.594599: Current learning rate: 0.00375
2026-08-05 17:55:01.930233: train_loss -0.8781
2026-08-05 17:55:01.940219: val_loss -0.7866
2026-08-05 17:55:01.940343: Pseudo dice [np.float32(0.7076), np.float32(0.935), np.float32(0.9441)]
2026-08-05 17:55:01.940448: Epoch time: 42.34 s
2026-08-05 17:55:03.037402: 
2026-08-05 17:55:03.037768: Epoch 665
2026-08-05 17:55:03.037920: Current learning rate: 0.00374
2026-08-05 17:55:46.002345: train_loss -0.8821
2026-08-05 17:55:46.003015: val_loss -0.7805
2026-08-05 17:55:46.003109: Pseudo dice [np.float32(0.7042), np.float32(0.9319), np.float32(0.9441)]
2026-08-05 17:55:46.003220: Epoch time: 42.98 s
2026-08-05 17:55:47.071576: 
2026-08-05 17:55:47.071995: Epoch 666
2026-08-05 17:55:47.072226: Current learning rate: 0.00373
2026-08-05 17:56:31.176297: train_loss -0.8755
2026-08-05 17:56:31.185856: val_loss -0.797
2026-08-05 17:56:31.186040: Pseudo dice [np.float32(0.7249), np.float32(0.9352), np.float32(0.9471)]
2026-08-05 17:56:31.186172: Epoch time: 44.11 s
2026-08-05 17:56:32.264418: 
2026-08-05 17:56:32.264879: Epoch 667
2026-08-05 17:56:32.265124: Current learning rate: 0.00372
2026-08-05 17:57:14.295768: train_loss -0.876
2026-08-05 17:57:14.296538: val_loss -0.784
2026-08-05 17:57:14.296617: Pseudo dice [np.float32(0.7028), np.float32(0.9366), np.float32(0.9417)]
2026-08-05 17:57:14.296715: Epoch time: 42.04 s
2026-08-05 17:57:15.372507: 
2026-08-05 17:57:15.373076: Epoch 668
2026-08-05 17:57:15.373219: Current learning rate: 0.00371
2026-08-05 17:57:57.704604: train_loss -0.8777
2026-08-05 17:57:57.705120: val_loss -0.7951
2026-08-05 17:57:57.705212: Pseudo dice [np.float32(0.7287), np.float32(0.9396), np.float32(0.9441)]
2026-08-05 17:57:57.705319: Epoch time: 42.34 s
2026-08-05 17:57:58.663483: 
2026-08-05 17:57:58.663943: Epoch 669
2026-08-05 17:57:58.664101: Current learning rate: 0.0037
2026-08-05 17:58:40.933661: train_loss -0.8777
2026-08-05 17:58:40.940229: val_loss -0.7745
2026-08-05 17:58:40.940466: Pseudo dice [np.float32(0.7067), np.float32(0.9338), np.float32(0.9418)]
2026-08-05 17:58:40.940619: Epoch time: 42.27 s
2026-08-05 17:58:42.005686: 
2026-08-05 17:58:42.006220: Epoch 670
2026-08-05 17:58:42.006399: Current learning rate: 0.00369
2026-08-05 17:59:23.732547: train_loss -0.8773
2026-08-05 17:59:23.733097: val_loss -0.7887
2026-08-05 17:59:23.733182: Pseudo dice [np.float32(0.716), np.float32(0.9321), np.float32(0.9463)]
2026-08-05 17:59:23.733279: Epoch time: 41.73 s
2026-08-05 17:59:24.614329: 
2026-08-05 17:59:24.614732: Epoch 671
2026-08-05 17:59:24.614872: Current learning rate: 0.00368
2026-08-05 18:00:06.231034: train_loss -0.8801
2026-08-05 18:00:06.231451: val_loss -0.7965
2026-08-05 18:00:06.231727: Pseudo dice [np.float32(0.7258), np.float32(0.9346), np.float32(0.9492)]
2026-08-05 18:00:06.231940: Epoch time: 41.62 s
2026-08-05 18:00:07.379071: 
2026-08-05 18:00:07.379479: Epoch 672
2026-08-05 18:00:07.379651: Current learning rate: 0.00367
2026-08-05 18:00:49.193398: train_loss -0.8808
2026-08-05 18:00:49.194095: val_loss -0.7888
2026-08-05 18:00:49.194176: Pseudo dice [np.float32(0.7148), np.float32(0.9386), np.float32(0.9461)]
2026-08-05 18:00:49.194278: Epoch time: 41.82 s
2026-08-05 18:00:51.294011: 
2026-08-05 18:00:51.294573: Epoch 673
2026-08-05 18:00:51.294753: Current learning rate: 0.00366
2026-08-05 18:01:33.233229: train_loss -0.8842
2026-08-05 18:01:33.233747: val_loss -0.7903
2026-08-05 18:01:33.233827: Pseudo dice [np.float32(0.7249), np.float32(0.9341), np.float32(0.9497)]
2026-08-05 18:01:33.233940: Epoch time: 41.94 s
2026-08-05 18:01:34.303798: 
2026-08-05 18:01:34.304220: Epoch 674
2026-08-05 18:01:34.304437: Current learning rate: 0.00365
2026-08-05 18:02:34.109811: train_loss -0.8859
2026-08-05 18:02:34.110512: val_loss -0.8018
2026-08-05 18:02:34.110601: Pseudo dice [np.float32(0.7341), np.float32(0.9417), np.float32(0.9516)]
2026-08-05 18:02:34.110759: Epoch time: 59.81 s
2026-08-05 18:02:35.456460: 
2026-08-05 18:02:35.457180: Epoch 675
2026-08-05 18:02:35.457349: Current learning rate: 0.00364
2026-08-05 18:03:17.286078: train_loss -0.8874
2026-08-05 18:03:17.286488: val_loss -0.7824
2026-08-05 18:03:17.286621: Pseudo dice [np.float32(0.7069), np.float32(0.9364), np.float32(0.9411)]
2026-08-05 18:03:17.286842: Epoch time: 41.83 s
2026-08-05 18:03:18.212018: 
2026-08-05 18:03:18.212476: Epoch 676
2026-08-05 18:03:18.212615: Current learning rate: 0.00363
2026-08-05 18:04:00.457269: train_loss -0.8841
2026-08-05 18:04:00.457831: val_loss -0.7842
2026-08-05 18:04:00.458062: Pseudo dice [np.float32(0.718), np.float32(0.9317), np.float32(0.9459)]
2026-08-05 18:04:00.458193: Epoch time: 42.25 s
2026-08-05 18:04:01.311102: 
2026-08-05 18:04:01.311422: Epoch 677
2026-08-05 18:04:01.311522: Current learning rate: 0.00362
2026-08-05 18:04:42.606375: train_loss -0.8836
2026-08-05 18:04:42.606817: val_loss -0.7972
2026-08-05 18:04:42.606876: Pseudo dice [np.float32(0.7182), np.float32(0.9395), np.float32(0.9465)]
2026-08-05 18:04:42.606958: Epoch time: 41.3 s
2026-08-05 18:04:43.532107: 
2026-08-05 18:04:43.532479: Epoch 678
2026-08-05 18:04:43.532606: Current learning rate: 0.00361
2026-08-05 18:05:24.946827: train_loss -0.8879
2026-08-05 18:05:24.947267: val_loss -0.7926
2026-08-05 18:05:24.947329: Pseudo dice [np.float32(0.7141), np.float32(0.9364), np.float32(0.9455)]
2026-08-05 18:05:24.947402: Epoch time: 41.42 s
2026-08-05 18:05:25.916015: 
2026-08-05 18:05:25.976881: Epoch 679
2026-08-05 18:05:25.977293: Current learning rate: 0.0036
2026-08-05 18:06:07.328987: train_loss -0.885
2026-08-05 18:06:07.329661: val_loss -0.7976
2026-08-05 18:06:07.329794: Pseudo dice [np.float32(0.7312), np.float32(0.9388), np.float32(0.9502)]
2026-08-05 18:06:07.329969: Epoch time: 41.42 s
2026-08-05 18:06:08.928267: 
2026-08-05 18:06:08.928784: Epoch 680
2026-08-05 18:06:08.928943: Current learning rate: 0.00359
2026-08-05 18:06:50.154056: train_loss -0.8847
2026-08-05 18:06:50.154402: val_loss -0.798
2026-08-05 18:06:50.154472: Pseudo dice [np.float32(0.7328), np.float32(0.9406), np.float32(0.9465)]
2026-08-05 18:06:50.154550: Epoch time: 41.23 s
2026-08-05 18:06:50.952795: 
2026-08-05 18:06:50.953142: Epoch 681
2026-08-05 18:06:50.953279: Current learning rate: 0.00358
2026-08-05 18:07:32.633962: train_loss -0.8808
2026-08-05 18:07:32.634362: val_loss -0.7897
2026-08-05 18:07:32.634430: Pseudo dice [np.float32(0.723), np.float32(0.9394), np.float32(0.9403)]
2026-08-05 18:07:32.634505: Epoch time: 41.68 s
2026-08-05 18:07:33.459302: 
2026-08-05 18:07:33.459680: Epoch 682
2026-08-05 18:07:33.459855: Current learning rate: 0.00357
2026-08-05 18:08:14.805801: train_loss -0.8757
2026-08-05 18:08:14.806450: val_loss -0.7876
2026-08-05 18:08:14.806519: Pseudo dice [np.float32(0.7214), np.float32(0.9346), np.float32(0.9461)]
2026-08-05 18:08:14.806597: Epoch time: 41.35 s
2026-08-05 18:08:15.709193: 
2026-08-05 18:08:15.709683: Epoch 683
2026-08-05 18:08:15.709804: Current learning rate: 0.00356
2026-08-05 18:08:57.200528: train_loss -0.8782
2026-08-05 18:08:57.200727: val_loss -0.792
2026-08-05 18:08:57.200782: Pseudo dice [np.float32(0.7223), np.float32(0.9353), np.float32(0.9468)]
2026-08-05 18:08:57.200848: Epoch time: 41.49 s
2026-08-05 18:08:58.027496: 
2026-08-05 18:08:58.027835: Epoch 684
2026-08-05 18:08:58.028135: Current learning rate: 0.00355
2026-08-05 18:09:39.088008: train_loss -0.8813
2026-08-05 18:09:39.088793: val_loss -0.7888
2026-08-05 18:09:39.088979: Pseudo dice [np.float32(0.7184), np.float32(0.9374), np.float32(0.9469)]
2026-08-05 18:09:39.089272: Epoch time: 41.06 s
2026-08-05 18:09:39.867382: 
2026-08-05 18:09:39.867747: Epoch 685
2026-08-05 18:09:39.867904: Current learning rate: 0.00354
2026-08-05 18:10:21.579191: train_loss -0.8854
2026-08-05 18:10:21.579629: val_loss -0.7766
2026-08-05 18:10:21.579698: Pseudo dice [np.float32(0.7021), np.float32(0.9325), np.float32(0.9443)]
2026-08-05 18:10:21.579789: Epoch time: 41.72 s
2026-08-05 18:10:22.454262: 
2026-08-05 18:10:22.454550: Epoch 686
2026-08-05 18:10:22.454689: Current learning rate: 0.00353
2026-08-05 18:11:03.596364: train_loss -0.8823
2026-08-05 18:11:03.597773: val_loss -0.7753
2026-08-05 18:11:03.598033: Pseudo dice [np.float32(0.7029), np.float32(0.9314), np.float32(0.9477)]
2026-08-05 18:11:03.598123: Epoch time: 41.15 s
2026-08-05 18:11:05.617959: 
2026-08-05 18:11:05.618443: Epoch 687
2026-08-05 18:11:05.618635: Current learning rate: 0.00352
2026-08-05 18:11:47.146549: train_loss -0.8828
2026-08-05 18:11:47.146811: val_loss -0.8025
2026-08-05 18:11:47.146869: Pseudo dice [np.float32(0.7297), np.float32(0.9375), np.float32(0.9494)]
2026-08-05 18:11:47.146965: Epoch time: 41.53 s
2026-08-05 18:11:48.052631: 
2026-08-05 18:11:48.053161: Epoch 688
2026-08-05 18:11:48.053287: Current learning rate: 0.00351
2026-08-05 18:12:30.039008: train_loss -0.8849
2026-08-05 18:12:30.039259: val_loss -0.7852
2026-08-05 18:12:30.039319: Pseudo dice [np.float32(0.7132), np.float32(0.9382), np.float32(0.9459)]
2026-08-05 18:12:30.039391: Epoch time: 41.99 s
2026-08-05 18:12:30.964802: 
2026-08-05 18:12:30.965325: Epoch 689
2026-08-05 18:12:30.965508: Current learning rate: 0.0035
2026-08-05 18:13:13.193437: train_loss -0.8877
2026-08-05 18:13:13.193762: val_loss -0.7825
2026-08-05 18:13:13.193821: Pseudo dice [np.float32(0.7104), np.float32(0.9373), np.float32(0.9458)]
2026-08-05 18:13:13.193904: Epoch time: 42.23 s
2026-08-05 18:13:14.052181: 
2026-08-05 18:13:14.052497: Epoch 690
2026-08-05 18:13:14.052670: Current learning rate: 0.00349
2026-08-05 18:13:56.001054: train_loss -0.8873
2026-08-05 18:13:56.001854: val_loss -0.7912
2026-08-05 18:13:56.001936: Pseudo dice [np.float32(0.7163), np.float32(0.9397), np.float32(0.9453)]
2026-08-05 18:13:56.002034: Epoch time: 41.95 s
2026-08-05 18:13:57.026493: 
2026-08-05 18:13:57.026971: Epoch 691
2026-08-05 18:13:57.027145: Current learning rate: 0.00348
2026-08-05 18:14:38.990063: train_loss -0.8893
2026-08-05 18:14:38.990690: val_loss -0.7911
2026-08-05 18:14:38.990758: Pseudo dice [np.float32(0.7138), np.float32(0.9353), np.float32(0.9433)]
2026-08-05 18:14:38.990860: Epoch time: 41.97 s
2026-08-05 18:14:39.949349: 
2026-08-05 18:14:39.950017: Epoch 692
2026-08-05 18:14:39.950221: Current learning rate: 0.00346
2026-08-05 18:15:21.817461: train_loss -0.8856
2026-08-05 18:15:21.818645: val_loss -0.7835
2026-08-05 18:15:21.818719: Pseudo dice [np.float32(0.7129), np.float32(0.9335), np.float32(0.9451)]
2026-08-05 18:15:21.818805: Epoch time: 41.87 s
2026-08-05 18:15:22.688553: 
2026-08-05 18:15:22.689015: Epoch 693
2026-08-05 18:15:22.689135: Current learning rate: 0.00345
2026-08-05 18:16:04.836747: train_loss -0.8905
2026-08-05 18:16:04.837415: val_loss -0.7957
2026-08-05 18:16:04.837493: Pseudo dice [np.float32(0.7235), np.float32(0.9415), np.float32(0.9445)]
2026-08-05 18:16:04.837582: Epoch time: 42.15 s
2026-08-05 18:16:05.737419: 
2026-08-05 18:16:05.737767: Epoch 694
2026-08-05 18:16:05.737918: Current learning rate: 0.00344
2026-08-05 18:16:47.345921: train_loss -0.8891
2026-08-05 18:16:47.346226: val_loss -0.7839
2026-08-05 18:16:47.346295: Pseudo dice [np.float32(0.7176), np.float32(0.931), np.float32(0.9453)]
2026-08-05 18:16:47.346375: Epoch time: 41.61 s
2026-08-05 18:16:48.266012: 
2026-08-05 18:16:48.266385: Epoch 695
2026-08-05 18:16:48.266522: Current learning rate: 0.00343
2026-08-05 18:17:30.272467: train_loss -0.8844
2026-08-05 18:17:30.273064: val_loss -0.7727
2026-08-05 18:17:30.273130: Pseudo dice [np.float32(0.7016), np.float32(0.9286), np.float32(0.9432)]
2026-08-05 18:17:30.273215: Epoch time: 42.01 s
2026-08-05 18:17:31.136501: 
2026-08-05 18:17:31.137034: Epoch 696
2026-08-05 18:17:31.137196: Current learning rate: 0.00342
2026-08-05 18:18:12.487776: train_loss -0.8741
2026-08-05 18:18:12.506391: val_loss -0.7873
2026-08-05 18:18:12.506499: Pseudo dice [np.float32(0.7187), np.float32(0.9369), np.float32(0.9427)]
2026-08-05 18:18:12.506596: Epoch time: 41.36 s
2026-08-05 18:18:13.405223: 
2026-08-05 18:18:13.405517: Epoch 697
2026-08-05 18:18:13.405722: Current learning rate: 0.00341
2026-08-05 18:18:54.743749: train_loss -0.8747
2026-08-05 18:18:54.774752: val_loss -0.79
2026-08-05 18:18:54.775012: Pseudo dice [np.float32(0.7186), np.float32(0.9299), np.float32(0.9452)]
2026-08-05 18:18:54.775125: Epoch time: 41.34 s
2026-08-05 18:18:55.672607: 
2026-08-05 18:18:55.673150: Epoch 698
2026-08-05 18:18:55.673296: Current learning rate: 0.0034
2026-08-05 18:19:37.354885: train_loss -0.88
2026-08-05 18:19:37.355613: val_loss -0.7862
2026-08-05 18:19:37.355706: Pseudo dice [np.float32(0.7074), np.float32(0.9344), np.float32(0.9419)]
2026-08-05 18:19:37.355828: Epoch time: 41.69 s
2026-08-05 18:19:38.236435: 
2026-08-05 18:19:38.236833: Epoch 699
2026-08-05 18:19:38.236977: Current learning rate: 0.00339
2026-08-05 18:20:19.726084: train_loss -0.8856
2026-08-05 18:20:19.811059: val_loss -0.7829
2026-08-05 18:20:19.811396: Pseudo dice [np.float32(0.7156), np.float32(0.9366), np.float32(0.9431)]
2026-08-05 18:20:19.811509: Epoch time: 41.49 s
2026-08-05 18:20:32.960353: 
2026-08-05 18:20:32.960902: Epoch 700
2026-08-05 18:20:32.961093: Current learning rate: 0.00338
2026-08-05 18:21:14.348047: train_loss -0.8904
2026-08-05 18:21:14.348671: val_loss -0.7942
2026-08-05 18:21:14.348773: Pseudo dice [np.float32(0.7246), np.float32(0.9351), np.float32(0.9477)]
2026-08-05 18:21:14.348933: Epoch time: 41.39 s
2026-08-05 18:21:15.240323: 
2026-08-05 18:21:15.240747: Epoch 701
2026-08-05 18:21:15.240910: Current learning rate: 0.00337
2026-08-05 18:21:56.927205: train_loss -0.892
2026-08-05 18:21:56.944889: val_loss -0.7818
2026-08-05 18:21:56.945310: Pseudo dice [np.float32(0.7131), np.float32(0.9361), np.float32(0.9444)]
2026-08-05 18:21:56.945567: Epoch time: 41.69 s
2026-08-05 18:21:57.857185: 
2026-08-05 18:21:57.857622: Epoch 702
2026-08-05 18:21:57.857748: Current learning rate: 0.00336
2026-08-05 18:22:39.398976: train_loss -0.8913
2026-08-05 18:22:39.502819: val_loss -0.782
2026-08-05 18:22:39.503028: Pseudo dice [np.float32(0.7155), np.float32(0.9353), np.float32(0.9444)]
2026-08-05 18:22:39.503496: Epoch time: 41.54 s
2026-08-05 18:22:40.366231: 
2026-08-05 18:22:40.366685: Epoch 703
2026-08-05 18:22:40.366839: Current learning rate: 0.00335
2026-08-05 18:23:21.590995: train_loss -0.8924
2026-08-05 18:23:21.604456: val_loss -0.7823
2026-08-05 18:23:21.604851: Pseudo dice [np.float32(0.712), np.float32(0.9335), np.float32(0.9437)]
2026-08-05 18:23:21.605129: Epoch time: 41.23 s
2026-08-05 18:23:22.556473: 
2026-08-05 18:23:22.556839: Epoch 704
2026-08-05 18:23:22.556989: Current learning rate: 0.00334
2026-08-05 18:24:03.492371: train_loss -0.8861
2026-08-05 18:24:03.492752: val_loss -0.7997
2026-08-05 18:24:03.492823: Pseudo dice [np.float32(0.7267), np.float32(0.9377), np.float32(0.9454)]
2026-08-05 18:24:03.495593: Epoch time: 40.94 s
2026-08-05 18:24:04.442025: 
2026-08-05 18:24:04.442799: Epoch 705
2026-08-05 18:24:04.443077: Current learning rate: 0.00333
2026-08-05 18:24:45.839337: train_loss -0.8869
2026-08-05 18:24:46.041020: val_loss -0.7716
2026-08-05 18:24:46.041263: Pseudo dice [np.float32(0.7056), np.float32(0.9297), np.float32(0.9457)]
2026-08-05 18:24:46.041440: Epoch time: 41.4 s
2026-08-05 18:24:47.191182: 
2026-08-05 18:24:47.191499: Epoch 706
2026-08-05 18:24:47.191656: Current learning rate: 0.00332
2026-08-05 18:25:29.084679: train_loss -0.8843
2026-08-05 18:25:29.175780: val_loss -0.7952
2026-08-05 18:25:29.176158: Pseudo dice [np.float32(0.7227), np.float32(0.9406), np.float32(0.9459)]
2026-08-05 18:25:29.176330: Epoch time: 41.9 s
2026-08-05 18:25:31.250578: 
2026-08-05 18:25:31.252162: Epoch 707
2026-08-05 18:25:31.252424: Current learning rate: 0.00331
2026-08-05 18:26:14.425797: train_loss -0.8875
2026-08-05 18:26:14.551092: val_loss -0.7846
2026-08-05 18:26:14.551283: Pseudo dice [np.float32(0.7166), np.float32(0.9266), np.float32(0.9476)]
2026-08-05 18:26:14.551390: Epoch time: 43.18 s
2026-08-05 18:26:15.637249: 
2026-08-05 18:26:15.637850: Epoch 708
2026-08-05 18:26:15.637995: Current learning rate: 0.0033
2026-08-05 18:26:57.162205: train_loss -0.8926
2026-08-05 18:26:57.162758: val_loss -0.7996
2026-08-05 18:26:57.162831: Pseudo dice [np.float32(0.7258), np.float32(0.936), np.float32(0.9455)]
2026-08-05 18:26:57.162949: Epoch time: 41.53 s
2026-08-05 18:26:58.197421: 
2026-08-05 18:26:58.197957: Epoch 709
2026-08-05 18:26:58.198158: Current learning rate: 0.00329
2026-08-05 18:27:39.329119: train_loss -0.8918
2026-08-05 18:27:39.329359: val_loss -0.7845
2026-08-05 18:27:39.329418: Pseudo dice [np.float32(0.7143), np.float32(0.9314), np.float32(0.9428)]
2026-08-05 18:27:39.329505: Epoch time: 41.14 s
2026-08-05 18:27:40.349820: 
2026-08-05 18:27:40.350335: Epoch 710
2026-08-05 18:27:40.350548: Current learning rate: 0.00328
2026-08-05 18:28:21.678553: train_loss -0.8891
2026-08-05 18:28:21.678936: val_loss -0.7973
2026-08-05 18:28:21.678997: Pseudo dice [np.float32(0.7258), np.float32(0.9363), np.float32(0.9467)]
2026-08-05 18:28:21.679071: Epoch time: 41.33 s
2026-08-05 18:28:22.498424: 
2026-08-05 18:28:22.498946: Epoch 711
2026-08-05 18:28:22.499097: Current learning rate: 0.00327
2026-08-05 18:29:03.341953: train_loss -0.8899
2026-08-05 18:29:03.432641: val_loss -0.7866
2026-08-05 18:29:03.432957: Pseudo dice [np.float32(0.7174), np.float32(0.9328), np.float32(0.9479)]
2026-08-05 18:29:03.433070: Epoch time: 40.85 s
2026-08-05 18:29:04.351870: 
2026-08-05 18:29:04.352467: Epoch 712
2026-08-05 18:29:04.352587: Current learning rate: 0.00326
2026-08-05 18:29:45.780874: train_loss -0.8943
2026-08-05 18:29:45.781226: val_loss -0.7754
2026-08-05 18:29:45.781293: Pseudo dice [np.float32(0.7055), np.float32(0.9333), np.float32(0.9464)]
2026-08-05 18:29:45.781379: Epoch time: 41.43 s
2026-08-05 18:29:46.802216: 
2026-08-05 18:29:46.802683: Epoch 713
2026-08-05 18:29:46.802830: Current learning rate: 0.00325
2026-08-05 18:30:28.730574: train_loss -0.889
2026-08-05 18:30:28.731055: val_loss -0.793
2026-08-05 18:30:28.731220: Pseudo dice [np.float32(0.7169), np.float32(0.9394), np.float32(0.9486)]
2026-08-05 18:30:28.731527: Epoch time: 41.93 s
2026-08-05 18:30:29.585693: 
2026-08-05 18:30:29.586072: Epoch 714
2026-08-05 18:30:29.586170: Current learning rate: 0.00324
2026-08-05 18:31:10.718306: train_loss -0.8906
2026-08-05 18:31:10.803809: val_loss -0.775
2026-08-05 18:31:10.804150: Pseudo dice [np.float32(0.7107), np.float32(0.9263), np.float32(0.9432)]
2026-08-05 18:31:10.804298: Epoch time: 41.14 s
2026-08-05 18:31:11.841478: 
2026-08-05 18:31:11.841945: Epoch 715
2026-08-05 18:31:11.842266: Current learning rate: 0.00323
2026-08-05 18:31:53.153020: train_loss -0.8907
2026-08-05 18:31:53.153764: val_loss -0.7849
2026-08-05 18:31:53.153852: Pseudo dice [np.float32(0.7085), np.float32(0.932), np.float32(0.945)]
2026-08-05 18:31:53.153963: Epoch time: 41.32 s
2026-08-05 18:31:54.106668: 
2026-08-05 18:31:54.107250: Epoch 716
2026-08-05 18:31:54.107490: Current learning rate: 0.00322
2026-08-05 18:32:35.318965: train_loss -0.8933
2026-08-05 18:32:35.321231: val_loss -0.7804
2026-08-05 18:32:35.321311: Pseudo dice [np.float32(0.7058), np.float32(0.9332), np.float32(0.9423)]
2026-08-05 18:32:35.321403: Epoch time: 41.22 s
2026-08-05 18:32:36.155970: 
2026-08-05 18:32:36.156319: Epoch 717
2026-08-05 18:32:36.156471: Current learning rate: 0.00321
2026-08-05 18:33:18.403213: train_loss -0.8949
2026-08-05 18:33:18.633363: val_loss -0.7827
2026-08-05 18:33:18.633764: Pseudo dice [np.float32(0.7195), np.float32(0.934), np.float32(0.9456)]
2026-08-05 18:33:18.634050: Epoch time: 42.25 s
2026-08-05 18:33:19.672097: 
2026-08-05 18:33:19.672533: Epoch 718
2026-08-05 18:33:19.672781: Current learning rate: 0.0032
2026-08-05 18:34:01.015640: train_loss -0.893
2026-08-05 18:34:01.016117: val_loss -0.7851
2026-08-05 18:34:01.016180: Pseudo dice [np.float32(0.7079), np.float32(0.9376), np.float32(0.9426)]
2026-08-05 18:34:01.016271: Epoch time: 41.35 s
2026-08-05 18:34:02.005283: 
2026-08-05 18:34:02.005725: Epoch 719
2026-08-05 18:34:02.005922: Current learning rate: 0.00319
2026-08-05 18:34:43.060940: train_loss -0.8954
2026-08-05 18:34:43.061259: val_loss -0.776
2026-08-05 18:34:43.061318: Pseudo dice [np.float32(0.7101), np.float32(0.9363), np.float32(0.9428)]
2026-08-05 18:34:43.061418: Epoch time: 41.06 s
2026-08-05 18:34:44.706438: 
2026-08-05 18:34:44.706947: Epoch 720
2026-08-05 18:34:44.707102: Current learning rate: 0.00318
2026-08-05 18:35:26.286441: train_loss -0.8924
2026-08-05 18:35:26.286870: val_loss -0.7821
2026-08-05 18:35:26.286958: Pseudo dice [np.float32(0.7167), np.float32(0.9358), np.float32(0.9454)]
2026-08-05 18:35:26.287053: Epoch time: 41.59 s
2026-08-05 18:35:27.117183: 
2026-08-05 18:35:27.117485: Epoch 721
2026-08-05 18:35:27.117620: Current learning rate: 0.00317
2026-08-05 18:36:08.263409: train_loss -0.8947
2026-08-05 18:36:08.263933: val_loss -0.7876
2026-08-05 18:36:08.264010: Pseudo dice [np.float32(0.7094), np.float32(0.9356), np.float32(0.9462)]
2026-08-05 18:36:08.264118: Epoch time: 41.15 s
2026-08-05 18:36:09.106347: 
2026-08-05 18:36:09.106704: Epoch 722
2026-08-05 18:36:09.107097: Current learning rate: 0.00316
2026-08-05 18:36:50.313415: train_loss -0.8898
2026-08-05 18:36:50.314811: val_loss -0.7911
2026-08-05 18:36:50.314916: Pseudo dice [np.float32(0.7194), np.float32(0.942), np.float32(0.9465)]
2026-08-05 18:36:50.315019: Epoch time: 41.21 s
2026-08-05 18:36:51.339167: 
2026-08-05 18:36:51.339575: Epoch 723
2026-08-05 18:36:51.339701: Current learning rate: 0.00315
2026-08-05 18:37:32.727579: train_loss -0.8774
2026-08-05 18:37:32.727990: val_loss -0.7811
2026-08-05 18:37:32.728126: Pseudo dice [np.float32(0.7084), np.float32(0.9357), np.float32(0.9428)]
2026-08-05 18:37:32.730658: Epoch time: 41.39 s
2026-08-05 18:37:33.543274: 
2026-08-05 18:37:33.543777: Epoch 724
2026-08-05 18:37:33.544218: Current learning rate: 0.00314
2026-08-05 18:38:15.218937: train_loss -0.8796
2026-08-05 18:38:15.219284: val_loss -0.7788
2026-08-05 18:38:15.219343: Pseudo dice [np.float32(0.7017), np.float32(0.9331), np.float32(0.9443)]
2026-08-05 18:38:15.219425: Epoch time: 41.68 s
2026-08-05 18:38:16.062199: 
2026-08-05 18:38:16.062572: Epoch 725
2026-08-05 18:38:16.062689: Current learning rate: 0.00313
2026-08-05 18:38:57.367783: train_loss -0.8839
2026-08-05 18:38:57.368131: val_loss -0.7813
2026-08-05 18:38:57.368203: Pseudo dice [np.float32(0.7142), np.float32(0.934), np.float32(0.9434)]
2026-08-05 18:38:57.368292: Epoch time: 41.31 s
2026-08-05 18:38:58.490069: 
2026-08-05 18:38:58.490552: Epoch 726
2026-08-05 18:38:58.490716: Current learning rate: 0.00312
2026-08-05 18:39:39.684207: train_loss -0.8802
2026-08-05 18:39:39.684561: val_loss -0.7835
2026-08-05 18:39:39.684618: Pseudo dice [np.float32(0.709), np.float32(0.9327), np.float32(0.9422)]
2026-08-05 18:39:39.684690: Epoch time: 41.2 s
2026-08-05 18:39:41.269387: 
2026-08-05 18:39:41.269815: Epoch 727
2026-08-05 18:39:41.269951: Current learning rate: 0.00311
2026-08-05 18:40:22.283540: train_loss -0.8803
2026-08-05 18:40:22.283926: val_loss -0.7733
2026-08-05 18:40:22.283998: Pseudo dice [np.float32(0.7121), np.float32(0.9162), np.float32(0.9267)]
2026-08-05 18:40:22.284100: Epoch time: 41.02 s
2026-08-05 18:40:23.208644: 
2026-08-05 18:40:23.209013: Epoch 728
2026-08-05 18:40:23.209136: Current learning rate: 0.0031
2026-08-05 18:41:04.189842: train_loss -0.8644
2026-08-05 18:41:04.190298: val_loss -0.781
2026-08-05 18:41:04.190436: Pseudo dice [np.float32(0.7174), np.float32(0.9311), np.float32(0.9359)]
2026-08-05 18:41:04.190536: Epoch time: 40.98 s
2026-08-05 18:41:05.099419: 
2026-08-05 18:41:05.099781: Epoch 729
2026-08-05 18:41:05.099922: Current learning rate: 0.00309
2026-08-05 18:41:46.265919: train_loss -0.867
2026-08-05 18:41:46.266277: val_loss -0.7843
2026-08-05 18:41:46.266336: Pseudo dice [np.float32(0.7132), np.float32(0.938), np.float32(0.9396)]
2026-08-05 18:41:46.266426: Epoch time: 41.17 s
2026-08-05 18:41:47.144306: 
2026-08-05 18:41:47.144811: Epoch 730
2026-08-05 18:41:47.144955: Current learning rate: 0.00308
2026-08-05 18:42:28.230683: train_loss -0.8761
2026-08-05 18:42:28.230983: val_loss -0.773
2026-08-05 18:42:28.231046: Pseudo dice [np.float32(0.7), np.float32(0.9214), np.float32(0.9428)]
2026-08-05 18:42:28.231130: Epoch time: 41.09 s
2026-08-05 18:42:29.255272: 
2026-08-05 18:42:29.255715: Epoch 731
2026-08-05 18:42:29.255841: Current learning rate: 0.00307
2026-08-05 18:43:10.300434: train_loss -0.8849
2026-08-05 18:43:10.697557: val_loss -0.7876
2026-08-05 18:43:10.697791: Pseudo dice [np.float32(0.7097), np.float32(0.9319), np.float32(0.9441)]
2026-08-05 18:43:10.697909: Epoch time: 41.05 s
2026-08-05 18:43:11.762770: 
2026-08-05 18:43:11.763223: Epoch 732
2026-08-05 18:43:11.763339: Current learning rate: 0.00306
2026-08-05 18:43:53.237491: train_loss -0.8859
2026-08-05 18:43:53.390777: val_loss -0.7804
2026-08-05 18:43:53.391173: Pseudo dice [np.float32(0.7113), np.float32(0.9355), np.float32(0.9443)]
2026-08-05 18:43:53.391534: Epoch time: 41.48 s
2026-08-05 18:43:54.465333: 
2026-08-05 18:43:54.465588: Epoch 733
2026-08-05 18:43:54.465865: Current learning rate: 0.00305
2026-08-05 18:44:35.811764: train_loss -0.8836
2026-08-05 18:44:35.867231: val_loss -0.7913
2026-08-05 18:44:35.867607: Pseudo dice [np.float32(0.7199), np.float32(0.9366), np.float32(0.9463)]
2026-08-05 18:44:35.867748: Epoch time: 41.35 s
2026-08-05 18:44:37.544940: 
2026-08-05 18:44:37.545415: Epoch 734
2026-08-05 18:44:37.545580: Current learning rate: 0.00304
2026-08-05 18:45:18.822730: train_loss -0.8903
2026-08-05 18:45:18.824130: val_loss -0.7831
2026-08-05 18:45:18.824205: Pseudo dice [np.float32(0.7078), np.float32(0.9332), np.float32(0.9409)]
2026-08-05 18:45:18.824306: Epoch time: 41.28 s
2026-08-05 18:45:19.831848: 
2026-08-05 18:45:19.832367: Epoch 735
2026-08-05 18:45:19.832504: Current learning rate: 0.00303
2026-08-05 18:46:00.891074: train_loss -0.8895
2026-08-05 18:46:00.912016: val_loss -0.7937
2026-08-05 18:46:00.912221: Pseudo dice [np.float32(0.7243), np.float32(0.9374), np.float32(0.9477)]
2026-08-05 18:46:00.912357: Epoch time: 41.06 s
2026-08-05 18:46:01.856343: 
2026-08-05 18:46:01.856844: Epoch 736
2026-08-05 18:46:01.857064: Current learning rate: 0.00302
2026-08-05 18:46:43.186625: train_loss -0.8841
2026-08-05 18:46:43.196826: val_loss -0.7847
2026-08-05 18:46:43.197027: Pseudo dice [np.float32(0.7107), np.float32(0.9338), np.float32(0.946)]
2026-08-05 18:46:43.197198: Epoch time: 41.33 s
2026-08-05 18:46:44.080991: 
2026-08-05 18:46:44.081393: Epoch 737
2026-08-05 18:46:44.081517: Current learning rate: 0.00301
2026-08-05 18:47:25.142607: train_loss -0.8765
2026-08-05 18:47:25.198533: val_loss -0.7891
2026-08-05 18:47:25.198689: Pseudo dice [np.float32(0.716), np.float32(0.9337), np.float32(0.9462)]
2026-08-05 18:47:25.198824: Epoch time: 41.07 s
2026-08-05 18:47:26.299751: 
2026-08-05 18:47:26.300310: Epoch 738
2026-08-05 18:47:26.300450: Current learning rate: 0.003
2026-08-05 18:48:07.080813: train_loss -0.8845
2026-08-05 18:48:07.081254: val_loss -0.787
2026-08-05 18:48:07.081364: Pseudo dice [np.float32(0.7134), np.float32(0.9354), np.float32(0.9444)]
2026-08-05 18:48:07.081491: Epoch time: 40.79 s
2026-08-05 18:48:08.068124: 
2026-08-05 18:48:08.068409: Epoch 739
2026-08-05 18:48:08.068529: Current learning rate: 0.00299
2026-08-05 18:48:49.310401: train_loss -0.8809
2026-08-05 18:48:49.335293: val_loss -0.7861
2026-08-05 18:48:49.335416: Pseudo dice [np.float32(0.7121), np.float32(0.9352), np.float32(0.9419)]
2026-08-05 18:48:49.335517: Epoch time: 41.25 s
2026-08-05 18:48:50.150032: 
2026-08-05 18:48:50.150310: Epoch 740
2026-08-05 18:48:50.150447: Current learning rate: 0.00297
2026-08-05 18:49:31.208837: train_loss -0.8876
2026-08-05 18:49:31.209167: val_loss -0.8044
2026-08-05 18:49:31.209230: Pseudo dice [np.float32(0.7319), np.float32(0.9404), np.float32(0.9453)]
2026-08-05 18:49:31.209315: Epoch time: 41.06 s
2026-08-05 18:49:32.059960: 
2026-08-05 18:49:32.060353: Epoch 741
2026-08-05 18:49:32.060642: Current learning rate: 0.00296
2026-08-05 18:50:12.677524: train_loss -0.8894
2026-08-05 18:50:12.677786: val_loss -0.7932
2026-08-05 18:50:12.677840: Pseudo dice [np.float32(0.7212), np.float32(0.94), np.float32(0.948)]
2026-08-05 18:50:12.677916: Epoch time: 40.62 s
2026-08-05 18:50:13.484976: 
2026-08-05 18:50:13.485306: Epoch 742
2026-08-05 18:50:13.485427: Current learning rate: 0.00295
2026-08-05 18:50:54.078471: train_loss -0.8931
2026-08-05 18:50:54.078689: val_loss -0.7815
2026-08-05 18:50:54.078741: Pseudo dice [np.float32(0.705), np.float32(0.9373), np.float32(0.9449)]
2026-08-05 18:50:54.078799: Epoch time: 40.6 s
2026-08-05 18:50:54.878949: 
2026-08-05 18:50:54.879328: Epoch 743
2026-08-05 18:50:54.879496: Current learning rate: 0.00294
2026-08-05 18:51:35.664476: train_loss -0.8932
2026-08-05 18:51:35.664871: val_loss -0.7787
2026-08-05 18:51:35.664953: Pseudo dice [np.float32(0.7117), np.float32(0.9327), np.float32(0.9463)]
2026-08-05 18:51:35.665037: Epoch time: 40.79 s
2026-08-05 18:51:36.461600: 
2026-08-05 18:51:36.462024: Epoch 744
2026-08-05 18:51:36.462139: Current learning rate: 0.00293
2026-08-05 18:52:17.296997: train_loss -0.8931
2026-08-05 18:52:17.297230: val_loss -0.7893
2026-08-05 18:52:17.297289: Pseudo dice [np.float32(0.7241), np.float32(0.9391), np.float32(0.946)]
2026-08-05 18:52:17.297345: Epoch time: 40.84 s
2026-08-05 18:52:18.120000: 
2026-08-05 18:52:18.120308: Epoch 745
2026-08-05 18:52:18.120432: Current learning rate: 0.00292
2026-08-05 18:52:59.078671: train_loss -0.8941
2026-08-05 18:52:59.078920: val_loss -0.7772
2026-08-05 18:52:59.078975: Pseudo dice [np.float32(0.7034), np.float32(0.9328), np.float32(0.9449)]
2026-08-05 18:52:59.079044: Epoch time: 40.96 s
2026-08-05 18:52:59.891369: 
2026-08-05 18:52:59.891603: Epoch 746
2026-08-05 18:52:59.945050: Current learning rate: 0.00291
2026-08-05 18:53:40.697962: train_loss -0.892
2026-08-05 18:53:40.698267: val_loss -0.8033
2026-08-05 18:53:40.698326: Pseudo dice [np.float32(0.7376), np.float32(0.9399), np.float32(0.9514)]
2026-08-05 18:53:40.698394: Epoch time: 40.81 s
2026-08-05 18:53:42.000632: 
2026-08-05 18:53:42.000949: Epoch 747
2026-08-05 18:53:42.001096: Current learning rate: 0.0029
2026-08-05 18:54:22.886667: train_loss -0.8926
2026-08-05 18:54:22.916814: val_loss -0.7792
2026-08-05 18:54:22.917005: Pseudo dice [np.float32(0.7115), np.float32(0.9337), np.float32(0.9452)]
2026-08-05 18:54:22.917124: Epoch time: 40.89 s
2026-08-05 18:54:23.694051: 
2026-08-05 18:54:23.694433: Epoch 748
2026-08-05 18:54:23.694553: Current learning rate: 0.00289
2026-08-05 18:55:04.737187: train_loss -0.8848
2026-08-05 18:55:04.768934: val_loss -0.7833
2026-08-05 18:55:04.769115: Pseudo dice [np.float32(0.7093), np.float32(0.9326), np.float32(0.9446)]
2026-08-05 18:55:04.769232: Epoch time: 41.05 s
2026-08-05 18:55:05.593090: 
2026-08-05 18:55:05.593475: Epoch 749
2026-08-05 18:55:05.593572: Current learning rate: 0.00288
2026-08-05 18:55:46.539446: train_loss -0.879
2026-08-05 18:55:46.539816: val_loss -0.7939
2026-08-05 18:55:46.539886: Pseudo dice [np.float32(0.7161), np.float32(0.9302), np.float32(0.9458)]
2026-08-05 18:55:46.540135: Epoch time: 40.95 s
2026-08-05 18:56:00.287552: 
2026-08-05 18:56:00.287962: Epoch 750
2026-08-05 18:56:00.288079: Current learning rate: 0.00287
2026-08-05 18:56:40.859583: train_loss -0.8811
2026-08-05 18:56:40.859993: val_loss -0.7856
2026-08-05 18:56:40.860066: Pseudo dice [np.float32(0.7191), np.float32(0.9359), np.float32(0.9432)]
2026-08-05 18:56:40.860162: Epoch time: 40.57 s
2026-08-05 18:56:41.828395: 
2026-08-05 18:56:41.828696: Epoch 751
2026-08-05 18:56:41.828830: Current learning rate: 0.00286
2026-08-05 18:57:22.799929: train_loss -0.8923
2026-08-05 18:57:22.800295: val_loss -0.7902
2026-08-05 18:57:22.800428: Pseudo dice [np.float32(0.7206), np.float32(0.9333), np.float32(0.9492)]
2026-08-05 18:57:22.800552: Epoch time: 40.98 s
2026-08-05 18:57:23.724968: 
2026-08-05 18:57:23.725237: Epoch 752
2026-08-05 18:57:23.725384: Current learning rate: 0.00285
2026-08-05 18:58:04.045966: train_loss -0.891
2026-08-05 18:58:04.046496: val_loss -0.7864
2026-08-05 18:58:04.046659: Pseudo dice [np.float32(0.7087), np.float32(0.9342), np.float32(0.9439)]
2026-08-05 18:58:04.046803: Epoch time: 40.32 s
2026-08-05 18:58:04.981992: 
2026-08-05 18:58:04.982343: Epoch 753
2026-08-05 18:58:04.982466: Current learning rate: 0.00284
2026-08-05 18:58:45.667119: train_loss -0.8901
2026-08-05 18:58:45.667760: val_loss -0.7816
2026-08-05 18:58:45.667927: Pseudo dice [np.float32(0.7175), np.float32(0.9327), np.float32(0.945)]
2026-08-05 18:58:45.668075: Epoch time: 40.69 s
2026-08-05 18:58:46.901813: 
2026-08-05 18:58:46.902195: Epoch 754
2026-08-05 18:58:46.902344: Current learning rate: 0.00283
2026-08-05 18:59:27.478039: train_loss -0.8942
2026-08-05 18:59:27.478492: val_loss -0.7918
2026-08-05 18:59:27.478619: Pseudo dice [np.float32(0.7201), np.float32(0.9361), np.float32(0.9466)]
2026-08-05 18:59:27.478729: Epoch time: 40.58 s
2026-08-05 18:59:28.323506: 
2026-08-05 18:59:28.323766: Epoch 755
2026-08-05 18:59:28.324057: Current learning rate: 0.00282
2026-08-05 19:00:09.281400: train_loss -0.8921
2026-08-05 19:00:09.281839: val_loss -0.7961
2026-08-05 19:00:09.282049: Pseudo dice [np.float32(0.7221), np.float32(0.9395), np.float32(0.9447)]
2026-08-05 19:00:09.282153: Epoch time: 40.96 s
2026-08-05 19:00:10.094852: 
2026-08-05 19:00:10.095324: Epoch 756
2026-08-05 19:00:10.095442: Current learning rate: 0.00281
2026-08-05 19:00:50.842077: train_loss -0.8839
2026-08-05 19:00:50.842458: val_loss -0.7808
2026-08-05 19:00:50.842613: Pseudo dice [np.float32(0.7133), np.float32(0.9286), np.float32(0.9494)]
2026-08-05 19:00:50.842694: Epoch time: 40.75 s
2026-08-05 19:00:51.651151: 
2026-08-05 19:00:51.651549: Epoch 757
2026-08-05 19:00:51.651668: Current learning rate: 0.0028
2026-08-05 19:01:32.250565: train_loss -0.8859
2026-08-05 19:01:32.251235: val_loss -0.7977
2026-08-05 19:01:32.251859: Pseudo dice [np.float32(0.7288), np.float32(0.9381), np.float32(0.9448)]
2026-08-05 19:01:32.252454: Epoch time: 40.6 s
2026-08-05 19:01:33.213726: 
2026-08-05 19:01:33.214011: Epoch 758
2026-08-05 19:01:33.214179: Current learning rate: 0.00279
2026-08-05 19:02:13.829373: train_loss -0.8938
2026-08-05 19:02:13.830581: val_loss -0.7918
2026-08-05 19:02:13.830885: Pseudo dice [np.float32(0.7238), np.float32(0.9409), np.float32(0.9456)]
2026-08-05 19:02:13.831064: Epoch time: 40.62 s
2026-08-05 19:02:14.721669: 
2026-08-05 19:02:14.722049: Epoch 759
2026-08-05 19:02:14.722164: Current learning rate: 0.00278
2026-08-05 19:02:55.588715: train_loss -0.8932
2026-08-05 19:02:55.588986: val_loss -0.7852
2026-08-05 19:02:55.589046: Pseudo dice [np.float32(0.7162), np.float32(0.9369), np.float32(0.9437)]
2026-08-05 19:02:55.589119: Epoch time: 40.87 s
2026-08-05 19:02:56.439872: 
2026-08-05 19:02:56.440167: Epoch 760
2026-08-05 19:02:56.440335: Current learning rate: 0.00277
2026-08-05 19:03:37.906216: train_loss -0.8854
2026-08-05 19:03:37.906638: val_loss -0.7964
2026-08-05 19:03:37.906736: Pseudo dice [np.float32(0.7311), np.float32(0.9398), np.float32(0.9485)]
2026-08-05 19:03:37.906817: Epoch time: 41.47 s
2026-08-05 19:03:38.730597: 
2026-08-05 19:03:38.731038: Epoch 761
2026-08-05 19:03:38.731144: Current learning rate: 0.00276
2026-08-05 19:04:19.588344: train_loss -0.8887
2026-08-05 19:04:19.588722: val_loss -0.7738
2026-08-05 19:04:19.588803: Pseudo dice [np.float32(0.7056), np.float32(0.9304), np.float32(0.944)]
2026-08-05 19:04:19.588922: Epoch time: 40.86 s
2026-08-05 19:04:20.436502: 
2026-08-05 19:04:20.436998: Epoch 762
2026-08-05 19:04:20.437182: Current learning rate: 0.00275
2026-08-05 19:05:01.123806: train_loss -0.8956
2026-08-05 19:05:01.124437: val_loss -0.7894
2026-08-05 19:05:01.124514: Pseudo dice [np.float32(0.7225), np.float32(0.9346), np.float32(0.9465)]
2026-08-05 19:05:01.124617: Epoch time: 40.69 s
2026-08-05 19:05:01.998051: 
2026-08-05 19:05:01.998361: Epoch 763
2026-08-05 19:05:01.998590: Current learning rate: 0.00274
2026-08-05 19:05:42.451845: train_loss -0.8982
2026-08-05 19:05:42.452183: val_loss -0.7777
2026-08-05 19:05:42.452251: Pseudo dice [np.float32(0.7126), np.float32(0.9309), np.float32(0.9487)]
2026-08-05 19:05:42.452323: Epoch time: 40.46 s
2026-08-05 19:05:43.429396: 
2026-08-05 19:05:43.429808: Epoch 764
2026-08-05 19:05:43.429940: Current learning rate: 0.00273
2026-08-05 19:06:24.047689: train_loss -0.8961
2026-08-05 19:06:24.048249: val_loss -0.7814
2026-08-05 19:06:24.048337: Pseudo dice [np.float32(0.7096), np.float32(0.9307), np.float32(0.9496)]
2026-08-05 19:06:24.048428: Epoch time: 40.62 s
2026-08-05 19:06:25.062873: 
2026-08-05 19:06:25.063380: Epoch 765
2026-08-05 19:06:25.063567: Current learning rate: 0.00272
2026-08-05 19:07:05.806958: train_loss -0.8954
2026-08-05 19:07:05.807335: val_loss -0.7687
2026-08-05 19:07:05.807474: Pseudo dice [np.float32(0.6951), np.float32(0.9279), np.float32(0.9425)]
2026-08-05 19:07:05.807575: Epoch time: 40.75 s
2026-08-05 19:07:06.815693: 
2026-08-05 19:07:06.815954: Epoch 766
2026-08-05 19:07:06.816070: Current learning rate: 0.00271
2026-08-05 19:07:47.550000: train_loss -0.8936
2026-08-05 19:07:47.550301: val_loss -0.7837
2026-08-05 19:07:47.550364: Pseudo dice [np.float32(0.7195), np.float32(0.9325), np.float32(0.9486)]
2026-08-05 19:07:47.550443: Epoch time: 40.74 s
2026-08-05 19:07:49.180522: 
2026-08-05 19:07:49.180951: Epoch 767
2026-08-05 19:07:49.181088: Current learning rate: 0.0027
2026-08-05 19:08:29.937701: train_loss -0.8966
2026-08-05 19:08:29.938176: val_loss -0.7878
2026-08-05 19:08:29.938316: Pseudo dice [np.float32(0.7203), np.float32(0.9327), np.float32(0.9435)]
2026-08-05 19:08:29.938403: Epoch time: 40.76 s
2026-08-05 19:08:30.966843: 
2026-08-05 19:08:30.967371: Epoch 768
2026-08-05 19:08:30.967495: Current learning rate: 0.00268
2026-08-05 19:09:11.755624: train_loss -0.8882
2026-08-05 19:09:11.889569: val_loss -0.7866
2026-08-05 19:09:11.889695: Pseudo dice [np.float32(0.7093), np.float32(0.9358), np.float32(0.9457)]
2026-08-05 19:09:11.889773: Epoch time: 40.79 s
2026-08-05 19:09:12.726655: 
2026-08-05 19:09:12.727179: Epoch 769
2026-08-05 19:09:12.727295: Current learning rate: 0.00267
2026-08-05 19:09:53.336157: train_loss -0.8797
2026-08-05 19:09:53.336444: val_loss -0.7889
2026-08-05 19:09:53.336502: Pseudo dice [np.float32(0.7209), np.float32(0.9358), np.float32(0.9472)]
2026-08-05 19:09:53.336570: Epoch time: 40.61 s
2026-08-05 19:09:54.364149: 
2026-08-05 19:09:54.364643: Epoch 770
2026-08-05 19:09:54.364785: Current learning rate: 0.00266
2026-08-05 19:10:34.905178: train_loss -0.8783
2026-08-05 19:10:34.905522: val_loss -0.7796
2026-08-05 19:10:34.905636: Pseudo dice [np.float32(0.7146), np.float32(0.9296), np.float32(0.9458)]
2026-08-05 19:10:34.905699: Epoch time: 40.55 s
2026-08-05 19:10:35.774667: 
2026-08-05 19:10:35.775005: Epoch 771
2026-08-05 19:10:35.775136: Current learning rate: 0.00265
2026-08-05 19:11:16.857485: train_loss -0.8893
2026-08-05 19:11:16.857920: val_loss -0.79
2026-08-05 19:11:16.857992: Pseudo dice [np.float32(0.7231), np.float32(0.9348), np.float32(0.9444)]
2026-08-05 19:11:16.858072: Epoch time: 41.09 s
2026-08-05 19:11:17.706380: 
2026-08-05 19:11:17.706815: Epoch 772
2026-08-05 19:11:17.706996: Current learning rate: 0.00264
2026-08-05 19:11:58.619483: train_loss -0.8922
2026-08-05 19:11:58.619996: val_loss -0.7794
2026-08-05 19:11:58.620245: Pseudo dice [np.float32(0.7104), np.float32(0.9302), np.float32(0.9448)]
2026-08-05 19:11:58.620409: Epoch time: 40.92 s
2026-08-05 19:11:59.729942: 
2026-08-05 19:11:59.730258: Epoch 773
2026-08-05 19:11:59.730424: Current learning rate: 0.00263
2026-08-05 19:12:40.635489: train_loss -0.8863
2026-08-05 19:12:40.635877: val_loss -0.7657
2026-08-05 19:12:40.636053: Pseudo dice [np.float32(0.6993), np.float32(0.9222), np.float32(0.9396)]
2026-08-05 19:12:40.636155: Epoch time: 40.91 s
2026-08-05 19:12:42.268330: 
2026-08-05 19:12:42.268901: Epoch 774
2026-08-05 19:12:42.269046: Current learning rate: 0.00262
2026-08-05 19:13:23.516721: train_loss -0.8812
2026-08-05 19:13:23.517064: val_loss -0.7933
2026-08-05 19:13:23.517138: Pseudo dice [np.float32(0.7221), np.float32(0.9369), np.float32(0.949)]
2026-08-05 19:13:23.517217: Epoch time: 41.25 s
2026-08-05 19:13:24.347062: 
2026-08-05 19:13:24.347451: Epoch 775
2026-08-05 19:13:24.347660: Current learning rate: 0.00261
2026-08-05 19:14:05.320143: train_loss -0.8816
2026-08-05 19:14:05.320572: val_loss -0.7834
2026-08-05 19:14:05.320672: Pseudo dice [np.float32(0.7129), np.float32(0.9295), np.float32(0.944)]
2026-08-05 19:14:05.320768: Epoch time: 40.98 s
2026-08-05 19:14:06.124259: 
2026-08-05 19:14:06.124650: Epoch 776
2026-08-05 19:14:06.124773: Current learning rate: 0.0026
2026-08-05 19:14:47.045361: train_loss -0.8818
2026-08-05 19:14:47.045816: val_loss -0.7713
2026-08-05 19:14:47.045969: Pseudo dice [np.float32(0.7055), np.float32(0.9311), np.float32(0.9346)]
2026-08-05 19:14:47.046355: Epoch time: 40.92 s
2026-08-05 19:14:48.021844: 
2026-08-05 19:14:48.022166: Epoch 777
2026-08-05 19:14:48.022313: Current learning rate: 0.00259
2026-08-05 19:15:28.779718: train_loss -0.8458
2026-08-05 19:15:28.780179: val_loss -0.7744
2026-08-05 19:15:28.780308: Pseudo dice [np.float32(0.7104), np.float32(0.9312), np.float32(0.9394)]
2026-08-05 19:15:28.780450: Epoch time: 40.76 s
2026-08-05 19:15:29.627725: 
2026-08-05 19:15:29.628165: Epoch 778
2026-08-05 19:15:29.628279: Current learning rate: 0.00258
2026-08-05 19:16:10.103165: train_loss -0.8553
2026-08-05 19:16:10.103485: val_loss -0.7855
2026-08-05 19:16:10.103591: Pseudo dice [np.float32(0.7189), np.float32(0.9264), np.float32(0.9451)]
2026-08-05 19:16:10.103673: Epoch time: 40.48 s
2026-08-05 19:16:11.103926: 
2026-08-05 19:16:11.104320: Epoch 779
2026-08-05 19:16:11.104453: Current learning rate: 0.00257
2026-08-05 19:16:52.678583: train_loss -0.863
2026-08-05 19:16:52.679096: val_loss -0.7839
2026-08-05 19:16:52.679179: Pseudo dice [np.float32(0.7092), np.float32(0.9302), np.float32(0.9418)]
2026-08-05 19:16:52.679283: Epoch time: 41.58 s
2026-08-05 19:16:53.869174: 
2026-08-05 19:16:53.869560: Epoch 780
2026-08-05 19:16:53.869784: Current learning rate: 0.00256
2026-08-05 19:17:35.649849: train_loss -0.8804
2026-08-05 19:17:35.650297: val_loss -0.7921
2026-08-05 19:17:35.650378: Pseudo dice [np.float32(0.7257), np.float32(0.9358), np.float32(0.9444)]
2026-08-05 19:17:35.650457: Epoch time: 41.78 s
2026-08-05 19:17:37.558738: 
2026-08-05 19:17:37.559270: Epoch 781
2026-08-05 19:17:37.559412: Current learning rate: 0.00255
2026-08-05 19:18:18.747750: train_loss -0.8875
2026-08-05 19:18:18.748128: val_loss -0.7914
2026-08-05 19:18:18.748256: Pseudo dice [np.float32(0.7257), np.float32(0.931), np.float32(0.9501)]
2026-08-05 19:18:18.748395: Epoch time: 41.19 s
2026-08-05 19:18:20.562546: 
2026-08-05 19:18:20.563031: Epoch 782
2026-08-05 19:18:20.563262: Current learning rate: 0.00254
2026-08-05 19:19:01.737549: train_loss -0.8886
2026-08-05 19:19:01.737870: val_loss -0.7917
2026-08-05 19:19:01.737946: Pseudo dice [np.float32(0.7258), np.float32(0.9351), np.float32(0.9485)]
2026-08-05 19:19:01.738024: Epoch time: 41.18 s
2026-08-05 19:19:02.586133: 
2026-08-05 19:19:02.586589: Epoch 783
2026-08-05 19:19:02.586720: Current learning rate: 0.00253
2026-08-05 19:19:43.448817: train_loss -0.8661
2026-08-05 19:19:43.449209: val_loss -0.7958
2026-08-05 19:19:43.449404: Pseudo dice [np.float32(0.7221), np.float32(0.937), np.float32(0.9468)]
2026-08-05 19:19:43.449535: Epoch time: 40.87 s
2026-08-05 19:19:44.563558: 
2026-08-05 19:19:44.563866: Epoch 784
2026-08-05 19:19:44.564036: Current learning rate: 0.00252
2026-08-05 19:20:25.473316: train_loss -0.8721
2026-08-05 19:20:25.473691: val_loss -0.7932
2026-08-05 19:20:25.473809: Pseudo dice [np.float32(0.7325), np.float32(0.9349), np.float32(0.9432)]
2026-08-05 19:20:25.473880: Epoch time: 40.91 s
2026-08-05 19:20:26.317609: 
2026-08-05 19:20:26.318142: Epoch 785
2026-08-05 19:20:26.318355: Current learning rate: 0.00251
2026-08-05 19:21:07.566212: train_loss -0.8828
2026-08-05 19:21:07.566493: val_loss -0.7806
2026-08-05 19:21:07.566550: Pseudo dice [np.float32(0.7167), np.float32(0.9276), np.float32(0.9444)]
2026-08-05 19:21:07.566613: Epoch time: 41.25 s
2026-08-05 19:21:08.387632: 
2026-08-05 19:21:08.388112: Epoch 786
2026-08-05 19:21:08.388228: Current learning rate: 0.0025
2026-08-05 19:21:49.319734: train_loss -0.8866
2026-08-05 19:21:49.320210: val_loss -0.7892
2026-08-05 19:21:49.320277: Pseudo dice [np.float32(0.7199), np.float32(0.9359), np.float32(0.9479)]
2026-08-05 19:21:49.320359: Epoch time: 40.94 s
2026-08-05 19:21:50.310423: 
2026-08-05 19:21:50.310764: Epoch 787
2026-08-05 19:21:50.310915: Current learning rate: 0.00249
2026-08-05 19:22:32.012368: train_loss -0.8906
2026-08-05 19:22:32.012830: val_loss -0.779
2026-08-05 19:22:32.012953: Pseudo dice [np.float32(0.7101), np.float32(0.931), np.float32(0.9432)]
2026-08-05 19:22:32.013035: Epoch time: 41.71 s
2026-08-05 19:22:32.802138: 
2026-08-05 19:22:32.802541: Epoch 788
2026-08-05 19:22:32.802655: Current learning rate: 0.00248
2026-08-05 19:23:13.900842: train_loss -0.8805
2026-08-05 19:23:13.980613: val_loss -0.7848
2026-08-05 19:23:13.980752: Pseudo dice [np.float32(0.718), np.float32(0.9341), np.float32(0.9454)]
2026-08-05 19:23:13.980848: Epoch time: 41.1 s
2026-08-05 19:23:15.011317: 
2026-08-05 19:23:15.011647: Epoch 789
2026-08-05 19:23:15.011765: Current learning rate: 0.00247
2026-08-05 19:23:55.460244: train_loss -0.8855
2026-08-05 19:23:55.460560: val_loss -0.7888
2026-08-05 19:23:55.460616: Pseudo dice [np.float32(0.7181), np.float32(0.9347), np.float32(0.9451)]
2026-08-05 19:23:55.460689: Epoch time: 40.45 s
2026-08-05 19:23:56.283710: 
2026-08-05 19:23:56.284029: Epoch 790
2026-08-05 19:23:56.284166: Current learning rate: 0.00245
2026-08-05 19:24:36.704335: train_loss -0.8919
2026-08-05 19:24:36.704549: val_loss -0.7869
2026-08-05 19:24:36.704604: Pseudo dice [np.float32(0.7105), np.float32(0.9334), np.float32(0.9471)]
2026-08-05 19:24:37.005953: Epoch time: 40.42 s
2026-08-05 19:24:38.028531: 
2026-08-05 19:24:38.028785: Epoch 791
2026-08-05 19:24:38.028914: Current learning rate: 0.00244
2026-08-05 19:25:18.708448: train_loss -0.8948
2026-08-05 19:25:18.708779: val_loss -0.7811
2026-08-05 19:25:18.708840: Pseudo dice [np.float32(0.7144), np.float32(0.9341), np.float32(0.9454)]
2026-08-05 19:25:18.708922: Epoch time: 40.68 s
2026-08-05 19:25:19.557710: 
2026-08-05 19:25:19.558049: Epoch 792
2026-08-05 19:25:19.558176: Current learning rate: 0.00243
2026-08-05 19:26:00.804713: train_loss -0.8934
2026-08-05 19:26:00.813004: val_loss -0.7869
2026-08-05 19:26:00.813115: Pseudo dice [np.float32(0.7125), np.float32(0.938), np.float32(0.9478)]
2026-08-05 19:26:00.813206: Epoch time: 41.25 s
2026-08-05 19:26:01.612395: 
2026-08-05 19:26:01.612694: Epoch 793
2026-08-05 19:26:01.612942: Current learning rate: 0.00242
2026-08-05 19:26:42.746408: train_loss -0.8963
2026-08-05 19:26:42.781422: val_loss -0.7928
2026-08-05 19:26:42.781641: Pseudo dice [np.float32(0.7274), np.float32(0.9405), np.float32(0.9474)]
2026-08-05 19:26:42.781723: Epoch time: 41.14 s
2026-08-05 19:26:44.498791: 
2026-08-05 19:26:44.499149: Epoch 794
2026-08-05 19:26:44.499279: Current learning rate: 0.00241
2026-08-05 19:27:25.131750: train_loss -0.8948
2026-08-05 19:27:25.266555: val_loss -0.7681
2026-08-05 19:27:25.266951: Pseudo dice [np.float32(0.7046), np.float32(0.9362), np.float32(0.9417)]
2026-08-05 19:27:25.267045: Epoch time: 40.64 s
2026-08-05 19:27:26.391618: 
2026-08-05 19:27:26.392076: Epoch 795
2026-08-05 19:27:26.392231: Current learning rate: 0.0024
2026-08-05 19:28:07.220886: train_loss -0.8966
2026-08-05 19:28:07.221212: val_loss -0.7886
2026-08-05 19:28:07.221268: Pseudo dice [np.float32(0.7244), np.float32(0.9374), np.float32(0.947)]
2026-08-05 19:28:07.221343: Epoch time: 40.83 s
2026-08-05 19:28:08.245927: 
2026-08-05 19:28:08.246283: Epoch 796
2026-08-05 19:28:08.246412: Current learning rate: 0.00239
2026-08-05 19:28:49.356233: train_loss -0.8992
2026-08-05 19:28:49.356662: val_loss -0.7902
2026-08-05 19:28:49.356723: Pseudo dice [np.float32(0.7198), np.float32(0.9389), np.float32(0.9491)]
2026-08-05 19:28:49.356789: Epoch time: 41.11 s
2026-08-05 19:28:50.214912: 
2026-08-05 19:28:50.215297: Epoch 797
2026-08-05 19:28:50.215400: Current learning rate: 0.00238
2026-08-05 19:29:31.372253: train_loss -0.8984
2026-08-05 19:29:31.373478: val_loss -0.7974
2026-08-05 19:29:31.373912: Pseudo dice [np.float32(0.7284), np.float32(0.9333), np.float32(0.9524)]
2026-08-05 19:29:31.374179: Epoch time: 41.16 s
2026-08-05 19:29:32.348250: 
2026-08-05 19:29:32.348654: Epoch 798
2026-08-05 19:29:32.348804: Current learning rate: 0.00237
2026-08-05 19:30:13.150315: train_loss -0.8981
2026-08-05 19:30:13.150944: val_loss -0.794
2026-08-05 19:30:13.151030: Pseudo dice [np.float32(0.7322), np.float32(0.9394), np.float32(0.95)]
2026-08-05 19:30:13.151152: Epoch time: 40.81 s
2026-08-05 19:30:14.256509: 
2026-08-05 19:30:14.256972: Epoch 799
2026-08-05 19:30:14.257108: Current learning rate: 0.00236
2026-08-05 19:30:55.948677: train_loss -0.8998
2026-08-05 19:30:55.948992: val_loss -0.7996
2026-08-05 19:30:55.949102: Pseudo dice [np.float32(0.7269), np.float32(0.9389), np.float32(0.9531)]
2026-08-05 19:30:55.949177: Epoch time: 41.7 s
2026-08-05 19:31:06.993905: Yayy! New best EMA pseudo Dice: 0.867900013923645
2026-08-05 19:31:16.602769: 
2026-08-05 19:31:16.603055: Epoch 800
2026-08-05 19:31:16.603180: Current learning rate: 0.00235
2026-08-05 19:31:58.122848: train_loss -0.8975
2026-08-05 19:31:58.123497: val_loss -0.7895
2026-08-05 19:31:58.123559: Pseudo dice [np.float32(0.7208), np.float32(0.9381), np.float32(0.9487)]
2026-08-05 19:31:58.123638: Epoch time: 41.52 s
2026-08-05 19:31:58.123680: Yayy! New best EMA pseudo Dice: 0.8679999709129333
2026-08-05 19:32:04.950220: 
2026-08-05 19:32:04.950721: Epoch 801
2026-08-05 19:32:04.950876: Current learning rate: 0.00234
2026-08-05 19:32:46.504871: train_loss -0.8973
2026-08-05 19:32:46.505283: val_loss -0.781
2026-08-05 19:32:46.505359: Pseudo dice [np.float32(0.71), np.float32(0.9371), np.float32(0.9448)]
2026-08-05 19:32:46.505453: Epoch time: 41.56 s
2026-08-05 19:32:47.468500: 
2026-08-05 19:32:47.468727: Epoch 802
2026-08-05 19:32:47.468882: Current learning rate: 0.00233
2026-08-05 19:33:28.795433: train_loss -0.8994
2026-08-05 19:33:28.795819: val_loss -0.7834
2026-08-05 19:33:28.795916: Pseudo dice [np.float32(0.7173), np.float32(0.9349), np.float32(0.9437)]
2026-08-05 19:33:28.796011: Epoch time: 41.33 s
2026-08-05 19:33:29.868009: 
2026-08-05 19:33:29.868482: Epoch 803
2026-08-05 19:33:29.868612: Current learning rate: 0.00232
2026-08-05 19:34:11.897588: train_loss -0.8963
2026-08-05 19:34:11.898005: val_loss -0.7986
2026-08-05 19:34:11.898079: Pseudo dice [np.float32(0.7299), np.float32(0.9407), np.float32(0.9498)]
2026-08-05 19:34:11.898170: Epoch time: 42.03 s
2026-08-05 19:34:12.912954: 
2026-08-05 19:34:12.913353: Epoch 804
2026-08-05 19:34:12.913500: Current learning rate: 0.00231
2026-08-05 19:34:54.972516: train_loss -0.8976
2026-08-05 19:34:54.973224: val_loss -0.7904
2026-08-05 19:34:54.973336: Pseudo dice [np.float32(0.7215), np.float32(0.9374), np.float32(0.9477)]
2026-08-05 19:34:54.973454: Epoch time: 42.06 s
2026-08-05 19:34:54.973528: Yayy! New best EMA pseudo Dice: 0.8680999875068665
2026-08-05 19:35:00.853812: 
2026-08-05 19:35:00.854222: Epoch 805
2026-08-05 19:35:00.854334: Current learning rate: 0.0023
2026-08-05 19:35:42.707344: train_loss -0.8964
2026-08-05 19:35:42.707771: val_loss -0.7881
2026-08-05 19:35:42.707839: Pseudo dice [np.float32(0.7235), np.float32(0.9388), np.float32(0.9437)]
2026-08-05 19:35:42.707943: Epoch time: 41.86 s
2026-08-05 19:35:42.707995: Yayy! New best EMA pseudo Dice: 0.8680999875068665
2026-08-05 19:35:56.192698: 
2026-08-05 19:35:56.193112: Epoch 806
2026-08-05 19:35:56.193289: Current learning rate: 0.00229
2026-08-05 19:36:38.179782: train_loss -0.898
2026-08-05 19:36:38.180674: val_loss -0.7865
2026-08-05 19:36:38.180815: Pseudo dice [np.float32(0.7165), np.float32(0.9343), np.float32(0.9494)]
2026-08-05 19:36:38.181020: Epoch time: 41.99 s
2026-08-05 19:36:39.308715: 
2026-08-05 19:36:39.309280: Epoch 807
2026-08-05 19:36:39.309453: Current learning rate: 0.00228
2026-08-05 19:37:21.054883: train_loss -0.8953
2026-08-05 19:37:21.055582: val_loss -0.7869
2026-08-05 19:37:21.055651: Pseudo dice [np.float32(0.714), np.float32(0.9361), np.float32(0.9447)]
2026-08-05 19:37:21.055757: Epoch time: 41.75 s
2026-08-05 19:37:22.060048: 
2026-08-05 19:37:22.060448: Epoch 808
2026-08-05 19:37:22.060573: Current learning rate: 0.00226
2026-08-05 19:38:03.702105: train_loss -0.9009
2026-08-05 19:38:03.702665: val_loss -0.7826
2026-08-05 19:38:03.702747: Pseudo dice [np.float32(0.7173), np.float32(0.9369), np.float32(0.9445)]
2026-08-05 19:38:03.702872: Epoch time: 41.65 s
2026-08-05 19:38:04.615226: 
2026-08-05 19:38:04.615629: Epoch 809
2026-08-05 19:38:04.615790: Current learning rate: 0.00225
2026-08-05 19:38:46.268406: train_loss -0.8948
2026-08-05 19:38:46.268999: val_loss -0.7894
2026-08-05 19:38:46.269063: Pseudo dice [np.float32(0.7195), np.float32(0.9388), np.float32(0.952)]
2026-08-05 19:38:46.269140: Epoch time: 41.66 s
2026-08-05 19:38:47.132162: 
2026-08-05 19:38:47.132651: Epoch 810
2026-08-05 19:38:47.132783: Current learning rate: 0.00224
2026-08-05 19:39:28.714533: train_loss -0.9015
2026-08-05 19:39:28.715144: val_loss -0.7888
2026-08-05 19:39:28.715285: Pseudo dice [np.float32(0.719), np.float32(0.9372), np.float32(0.9476)]
2026-08-05 19:39:28.715460: Epoch time: 41.59 s
2026-08-05 19:39:29.566123: 
2026-08-05 19:39:29.566417: Epoch 811
2026-08-05 19:39:29.566549: Current learning rate: 0.00223
2026-08-05 19:40:10.776111: train_loss -0.8989
2026-08-05 19:40:10.776447: val_loss -0.7894
2026-08-05 19:40:10.776513: Pseudo dice [np.float32(0.7186), np.float32(0.9386), np.float32(0.9445)]
2026-08-05 19:40:10.776597: Epoch time: 41.21 s
2026-08-05 19:40:11.733637: 
2026-08-05 19:40:11.734157: Epoch 812
2026-08-05 19:40:11.734261: Current learning rate: 0.00222
2026-08-05 19:40:53.236379: train_loss -0.8994
2026-08-05 19:40:53.237032: val_loss -0.7908
2026-08-05 19:40:53.237145: Pseudo dice [np.float32(0.7236), np.float32(0.9358), np.float32(0.9492)]
2026-08-05 19:40:53.237260: Epoch time: 41.51 s
2026-08-05 19:40:54.111034: 
2026-08-05 19:40:54.111303: Epoch 813
2026-08-05 19:40:54.111507: Current learning rate: 0.00221
2026-08-05 19:41:36.818415: train_loss -0.9006
2026-08-05 19:41:36.819034: val_loss -0.7795
2026-08-05 19:41:36.819107: Pseudo dice [np.float32(0.7122), np.float32(0.9341), np.float32(0.9464)]
2026-08-05 19:41:36.819205: Epoch time: 42.71 s
2026-08-05 19:41:37.813316: 
2026-08-05 19:41:37.813682: Epoch 814
2026-08-05 19:41:37.813816: Current learning rate: 0.0022
2026-08-05 19:42:18.674380: train_loss -0.9046
2026-08-05 19:42:18.674763: val_loss -0.7855
2026-08-05 19:42:18.674818: Pseudo dice [np.float32(0.7223), np.float32(0.9374), np.float32(0.9459)]
2026-08-05 19:42:18.674887: Epoch time: 40.87 s
2026-08-05 19:42:19.479600: 
2026-08-05 19:42:19.480099: Epoch 815
2026-08-05 19:42:19.480234: Current learning rate: 0.00219
2026-08-05 19:43:00.535023: train_loss -0.9011
2026-08-05 19:43:00.535790: val_loss -0.7858
2026-08-05 19:43:00.535861: Pseudo dice [np.float32(0.7193), np.float32(0.9357), np.float32(0.9449)]
2026-08-05 19:43:00.535970: Epoch time: 41.06 s
2026-08-05 19:43:01.693099: 
2026-08-05 19:43:01.693631: Epoch 816
2026-08-05 19:43:01.693819: Current learning rate: 0.00218
2026-08-05 19:43:42.985986: train_loss -0.903
2026-08-05 19:43:42.986225: val_loss -0.783
2026-08-05 19:43:42.986283: Pseudo dice [np.float32(0.7193), np.float32(0.9346), np.float32(0.9439)]
2026-08-05 19:43:42.986356: Epoch time: 41.3 s
2026-08-05 19:43:43.777087: 
2026-08-05 19:43:43.777475: Epoch 817
2026-08-05 19:43:43.777585: Current learning rate: 0.00217
2026-08-05 19:44:24.781393: train_loss -0.9032
2026-08-05 19:44:24.781747: val_loss -0.7797
2026-08-05 19:44:24.781811: Pseudo dice [np.float32(0.7214), np.float32(0.9359), np.float32(0.9472)]
2026-08-05 19:44:24.781886: Epoch time: 41.01 s
2026-08-05 19:44:25.532055: 
2026-08-05 19:44:25.532394: Epoch 818
2026-08-05 19:44:25.532526: Current learning rate: 0.00216
2026-08-05 19:45:06.145006: train_loss -0.9027
2026-08-05 19:45:06.145561: val_loss -0.7821
2026-08-05 19:45:06.145698: Pseudo dice [np.float32(0.7212), np.float32(0.9379), np.float32(0.9482)]
2026-08-05 19:45:06.145832: Epoch time: 40.62 s
2026-08-05 19:45:07.544823: 
2026-08-05 19:45:07.545195: Epoch 819
2026-08-05 19:45:07.545395: Current learning rate: 0.00215
2026-08-05 19:45:48.428471: train_loss -0.9018
2026-08-05 19:45:48.428811: val_loss -0.7835
2026-08-05 19:45:48.428926: Pseudo dice [np.float32(0.7122), np.float32(0.9379), np.float32(0.9476)]
2026-08-05 19:45:48.429024: Epoch time: 40.89 s
2026-08-05 19:45:49.510998: 
2026-08-05 19:45:49.511479: Epoch 820
2026-08-05 19:45:49.511710: Current learning rate: 0.00214
2026-08-05 19:46:30.648305: train_loss -0.9052
2026-08-05 19:46:30.663414: val_loss -0.7771
2026-08-05 19:46:30.663542: Pseudo dice [np.float32(0.7129), np.float32(0.9347), np.float32(0.9468)]
2026-08-05 19:46:30.663646: Epoch time: 41.14 s
2026-08-05 19:46:31.498375: 
2026-08-05 19:46:31.498675: Epoch 821
2026-08-05 19:46:31.498795: Current learning rate: 0.00213
2026-08-05 19:47:12.712156: train_loss -0.9028
2026-08-05 19:47:12.713626: val_loss -0.7849
2026-08-05 19:47:12.713740: Pseudo dice [np.float32(0.7252), np.float32(0.9381), np.float32(0.9469)]
2026-08-05 19:47:12.713863: Epoch time: 41.22 s
2026-08-05 19:47:13.770168: 
2026-08-05 19:47:13.770500: Epoch 822
2026-08-05 19:47:13.770811: Current learning rate: 0.00212
2026-08-05 19:47:54.657794: train_loss -0.9009
2026-08-05 19:47:54.658445: val_loss -0.7734
2026-08-05 19:47:54.658517: Pseudo dice [np.float32(0.711), np.float32(0.9309), np.float32(0.9444)]
2026-08-05 19:47:54.658592: Epoch time: 40.89 s
2026-08-05 19:47:55.655248: 
2026-08-05 19:47:55.655752: Epoch 823
2026-08-05 19:47:55.655871: Current learning rate: 0.0021
2026-08-05 19:48:36.531052: train_loss -0.9029
2026-08-05 19:48:36.785166: val_loss -0.7902
2026-08-05 19:48:36.785419: Pseudo dice [np.float32(0.7205), np.float32(0.9385), np.float32(0.9462)]
2026-08-05 19:48:36.785490: Epoch time: 40.88 s
2026-08-05 19:48:37.676229: 
2026-08-05 19:48:37.676479: Epoch 824
2026-08-05 19:48:37.676599: Current learning rate: 0.00209
2026-08-05 19:49:18.835078: train_loss -0.9051
2026-08-05 19:49:18.953416: val_loss -0.7837
2026-08-05 19:49:18.953642: Pseudo dice [np.float32(0.7162), np.float32(0.9393), np.float32(0.946)]
2026-08-05 19:49:18.953784: Epoch time: 41.16 s
2026-08-05 19:49:19.779231: 
2026-08-05 19:49:19.779645: Epoch 825
2026-08-05 19:49:19.779760: Current learning rate: 0.00208
2026-08-05 19:50:00.714164: train_loss -0.907
2026-08-05 19:50:00.714748: val_loss -0.788
2026-08-05 19:50:00.714812: Pseudo dice [np.float32(0.7248), np.float32(0.9366), np.float32(0.9472)]
2026-08-05 19:50:00.714913: Epoch time: 40.94 s
2026-08-05 19:50:02.098427: 
2026-08-05 19:50:02.098751: Epoch 826
2026-08-05 19:50:02.098849: Current learning rate: 0.00207
2026-08-05 19:50:43.486617: train_loss -0.9044
2026-08-05 19:50:43.487128: val_loss -0.7817
2026-08-05 19:50:43.487249: Pseudo dice [np.float32(0.7135), np.float32(0.9371), np.float32(0.9441)]
2026-08-05 19:50:43.487338: Epoch time: 41.39 s
2026-08-05 19:50:44.318026: 
2026-08-05 19:50:44.318574: Epoch 827
2026-08-05 19:50:44.318796: Current learning rate: 0.00206
2026-08-05 19:51:25.585507: train_loss -0.9045
2026-08-05 19:51:25.586958: val_loss -0.7876
2026-08-05 19:51:25.587152: Pseudo dice [np.float32(0.7228), np.float32(0.9377), np.float32(0.9477)]
2026-08-05 19:51:25.587323: Epoch time: 41.27 s
2026-08-05 19:51:26.562095: 
2026-08-05 19:51:26.562531: Epoch 828
2026-08-05 19:51:26.562650: Current learning rate: 0.00205
2026-08-05 19:52:07.332507: train_loss -0.906
2026-08-05 19:52:07.335035: val_loss -0.7822
2026-08-05 19:52:07.335110: Pseudo dice [np.float32(0.7187), np.float32(0.9338), np.float32(0.9504)]
2026-08-05 19:52:07.335196: Epoch time: 40.77 s
2026-08-05 19:52:08.325463: 
2026-08-05 19:52:08.325787: Epoch 829
2026-08-05 19:52:08.325906: Current learning rate: 0.00204
2026-08-05 19:52:49.397804: train_loss -0.9073
2026-08-05 19:52:49.494740: val_loss -0.7812
2026-08-05 19:52:49.494981: Pseudo dice [np.float32(0.7238), np.float32(0.9364), np.float32(0.9469)]
2026-08-05 19:52:49.495100: Epoch time: 41.08 s
2026-08-05 19:52:50.358129: 
2026-08-05 19:52:50.358547: Epoch 830
2026-08-05 19:52:50.358659: Current learning rate: 0.00203
2026-08-05 19:53:31.365335: train_loss -0.906
2026-08-05 19:53:31.463128: val_loss -0.7832
2026-08-05 19:53:31.463273: Pseudo dice [np.float32(0.7255), np.float32(0.9374), np.float32(0.9485)]
2026-08-05 19:53:31.463374: Epoch time: 41.01 s
2026-08-05 19:53:32.464157: 
2026-08-05 19:53:32.464503: Epoch 831
2026-08-05 19:53:32.464665: Current learning rate: 0.00202
2026-08-05 19:54:12.815267: train_loss -0.9048
2026-08-05 19:54:12.856712: val_loss -0.7883
2026-08-05 19:54:12.856984: Pseudo dice [np.float32(0.7189), np.float32(0.9399), np.float32(0.9468)]
2026-08-05 19:54:12.857221: Epoch time: 40.36 s
2026-08-05 19:54:13.691035: 
2026-08-05 19:54:13.691479: Epoch 832
2026-08-05 19:54:13.691635: Current learning rate: 0.00201
2026-08-05 19:54:54.454226: train_loss -0.9032
2026-08-05 19:54:54.454564: val_loss -0.7805
2026-08-05 19:54:54.454627: Pseudo dice [np.float32(0.7195), np.float32(0.9389), np.float32(0.948)]
2026-08-05 19:54:54.454711: Epoch time: 40.77 s
2026-08-05 19:54:56.056439: 
2026-08-05 19:54:56.056745: Epoch 833
2026-08-05 19:54:56.056947: Current learning rate: 0.002
2026-08-05 19:55:37.008391: train_loss -0.9082
2026-08-05 19:55:37.009102: val_loss -0.7818
2026-08-05 19:55:37.009288: Pseudo dice [np.float32(0.719), np.float32(0.9355), np.float32(0.9466)]
2026-08-05 19:55:37.009456: Epoch time: 40.96 s
2026-08-05 19:55:38.014340: 
2026-08-05 19:55:38.014824: Epoch 834
2026-08-05 19:55:38.015030: Current learning rate: 0.00199
2026-08-05 19:56:19.729005: train_loss -0.9057
2026-08-05 19:56:19.729751: val_loss -0.7827
2026-08-05 19:56:19.747400: Pseudo dice [np.float32(0.7203), np.float32(0.937), np.float32(0.9457)]
2026-08-05 19:56:19.747678: Epoch time: 41.72 s
2026-08-05 19:56:20.591255: 
2026-08-05 19:56:20.591617: Epoch 835
2026-08-05 19:56:20.591767: Current learning rate: 0.00198
2026-08-05 19:57:01.404540: train_loss -0.9018
2026-08-05 19:57:01.404825: val_loss -0.7927
2026-08-05 19:57:01.404885: Pseudo dice [np.float32(0.7248), np.float32(0.9333), np.float32(0.9476)]
2026-08-05 19:57:01.404976: Epoch time: 40.82 s
2026-08-05 19:57:02.376913: 
2026-08-05 19:57:02.377338: Epoch 836
2026-08-05 19:57:02.377452: Current learning rate: 0.00196
2026-08-05 19:57:42.857492: train_loss -0.9036
2026-08-05 19:57:42.858050: val_loss -0.7884
2026-08-05 19:57:42.858252: Pseudo dice [np.float32(0.7248), np.float32(0.933), np.float32(0.9463)]
2026-08-05 19:57:42.858485: Epoch time: 40.48 s
2026-08-05 19:57:44.072287: 
2026-08-05 19:57:44.072660: Epoch 837
2026-08-05 19:57:44.072843: Current learning rate: 0.00195
2026-08-05 19:58:24.646848: train_loss -0.9007
2026-08-05 19:58:24.647409: val_loss -0.7844
2026-08-05 19:58:24.647473: Pseudo dice [np.float32(0.719), np.float32(0.9374), np.float32(0.9497)]
2026-08-05 19:58:24.647542: Epoch time: 40.58 s
2026-08-05 19:58:25.415381: 
2026-08-05 19:58:25.415667: Epoch 838
2026-08-05 19:58:25.415774: Current learning rate: 0.00194
2026-08-05 19:59:11.131850: train_loss -0.9061
2026-08-05 19:59:11.132183: val_loss -0.7857
2026-08-05 19:59:11.132240: Pseudo dice [np.float32(0.7224), np.float32(0.9377), np.float32(0.9486)]
2026-08-05 19:59:11.132308: Epoch time: 45.72 s
2026-08-05 19:59:11.132349: Yayy! New best EMA pseudo Dice: 0.8682000041007996
2026-08-05 19:59:24.343808: 
2026-08-05 19:59:24.344204: Epoch 839
2026-08-05 19:59:24.344312: Current learning rate: 0.00193
2026-08-05 20:00:06.258592: train_loss -0.9043
2026-08-05 20:00:07.663482: val_loss -0.7823
2026-08-05 20:00:07.663728: Pseudo dice [np.float32(0.7133), np.float32(0.9358), np.float32(0.9448)]
2026-08-05 20:00:07.663995: Epoch time: 41.92 s
2026-08-05 20:00:09.280445: 
2026-08-05 20:00:09.280853: Epoch 840
2026-08-05 20:00:09.280981: Current learning rate: 0.00192
2026-08-05 20:00:49.610574: train_loss -0.9063
2026-08-05 20:00:49.610747: val_loss -0.7763
2026-08-05 20:00:49.610809: Pseudo dice [np.float32(0.7148), np.float32(0.9344), np.float32(0.9471)]
2026-08-05 20:00:49.610886: Epoch time: 40.33 s
2026-08-05 20:00:50.375159: 
2026-08-05 20:00:50.375472: Epoch 841
2026-08-05 20:00:50.375615: Current learning rate: 0.00191
2026-08-05 20:01:30.702398: train_loss -0.9058
2026-08-05 20:01:30.702855: val_loss -0.7738
2026-08-05 20:01:30.702952: Pseudo dice [np.float32(0.709), np.float32(0.9343), np.float32(0.9463)]
2026-08-05 20:01:30.703026: Epoch time: 40.33 s
2026-08-05 20:01:31.512969: 
2026-08-05 20:01:31.513446: Epoch 842
2026-08-05 20:01:31.513562: Current learning rate: 0.0019
2026-08-05 20:02:14.052169: train_loss -0.9059
2026-08-05 20:02:14.110044: val_loss -0.7707
2026-08-05 20:02:14.110209: Pseudo dice [np.float32(0.7138), np.float32(0.926), np.float32(0.9488)]
2026-08-05 20:02:14.110284: Epoch time: 42.54 s
2026-08-05 20:02:15.148630: 
2026-08-05 20:02:15.148977: Epoch 843
2026-08-05 20:02:15.149141: Current learning rate: 0.00189
2026-08-05 20:02:55.616184: train_loss -0.9064
2026-08-05 20:02:55.616613: val_loss -0.7808
2026-08-05 20:02:55.616743: Pseudo dice [np.float32(0.7174), np.float32(0.9356), np.float32(0.9461)]
2026-08-05 20:02:55.616875: Epoch time: 40.47 s
2026-08-05 20:02:56.448912: 
2026-08-05 20:02:56.449307: Epoch 844
2026-08-05 20:02:56.449432: Current learning rate: 0.00188
2026-08-05 20:03:37.224114: train_loss -0.906
2026-08-05 20:03:37.224318: val_loss -0.7798
2026-08-05 20:03:37.224372: Pseudo dice [np.float32(0.7192), np.float32(0.9348), np.float32(0.9493)]
2026-08-05 20:03:37.224428: Epoch time: 40.78 s
2026-08-05 20:03:38.035915: 
2026-08-05 20:03:38.036297: Epoch 845
2026-08-05 20:03:38.036409: Current learning rate: 0.00187
2026-08-05 20:04:18.474304: train_loss -0.9073
2026-08-05 20:04:18.474575: val_loss -0.7822
2026-08-05 20:04:18.474628: Pseudo dice [np.float32(0.7195), np.float32(0.935), np.float32(0.9487)]
2026-08-05 20:04:18.474689: Epoch time: 40.44 s
2026-08-05 20:04:19.726534: 
2026-08-05 20:04:19.726840: Epoch 846
2026-08-05 20:04:19.726980: Current learning rate: 0.00186
2026-08-05 20:05:00.605184: train_loss -0.9069
2026-08-05 20:05:00.605776: val_loss -0.7833
2026-08-05 20:05:00.605839: Pseudo dice [np.float32(0.7229), np.float32(0.9412), np.float32(0.9448)]
2026-08-05 20:05:00.605934: Epoch time: 40.88 s
2026-08-05 20:05:01.951215: 
2026-08-05 20:05:01.951691: Epoch 847
2026-08-05 20:05:01.951828: Current learning rate: 0.00185
2026-08-05 20:05:42.630955: train_loss -0.8945
2026-08-05 20:05:42.719620: val_loss -0.7812
2026-08-05 20:05:42.720170: Pseudo dice [np.float32(0.7177), np.float32(0.9361), np.float32(0.946)]
2026-08-05 20:05:42.720494: Epoch time: 40.68 s
2026-08-05 20:05:43.626985: 
2026-08-05 20:05:43.627384: Epoch 848
2026-08-05 20:05:43.627494: Current learning rate: 0.00184
2026-08-05 20:06:24.616198: train_loss -0.8896
2026-08-05 20:06:24.619559: val_loss -0.7748
2026-08-05 20:06:24.619682: Pseudo dice [np.float32(0.714), np.float32(0.9306), np.float32(0.9431)]
2026-08-05 20:06:24.619828: Epoch time: 40.99 s
2026-08-05 20:06:25.464355: 
2026-08-05 20:06:25.464748: Epoch 849
2026-08-05 20:06:25.464930: Current learning rate: 0.00182
2026-08-05 20:07:06.094795: train_loss -0.882
2026-08-05 20:07:06.097999: val_loss -0.7723
2026-08-05 20:07:06.098331: Pseudo dice [np.float32(0.7059), np.float32(0.9246), np.float32(0.944)]
2026-08-05 20:07:06.099512: Epoch time: 40.63 s
2026-08-05 20:07:11.999772: 
2026-08-05 20:07:12.000114: Epoch 850
2026-08-05 20:07:12.000232: Current learning rate: 0.00181
2026-08-05 20:07:52.623363: train_loss -0.8873
2026-08-05 20:07:52.773528: val_loss -0.7847
2026-08-05 20:07:52.773706: Pseudo dice [np.float32(0.7183), np.float32(0.9365), np.float32(0.9477)]
2026-08-05 20:07:52.773790: Epoch time: 40.63 s
2026-08-05 20:07:53.976356: 
2026-08-05 20:07:53.976671: Epoch 851
2026-08-05 20:07:53.976819: Current learning rate: 0.0018
2026-08-05 20:08:34.386913: train_loss -0.8924
2026-08-05 20:08:34.387263: val_loss -0.7753
2026-08-05 20:08:34.387371: Pseudo dice [np.float32(0.7078), np.float32(0.9325), np.float32(0.9413)]
2026-08-05 20:08:34.387447: Epoch time: 40.41 s
2026-08-05 20:08:35.282345: 
2026-08-05 20:08:35.282667: Epoch 852
2026-08-05 20:08:35.282798: Current learning rate: 0.00179
2026-08-05 20:09:15.884980: train_loss -0.9
2026-08-05 20:09:15.888384: val_loss -0.7763
2026-08-05 20:09:15.888467: Pseudo dice [np.float32(0.7096), np.float32(0.935), np.float32(0.943)]
2026-08-05 20:09:15.888542: Epoch time: 40.61 s
2026-08-05 20:09:16.825128: 
2026-08-05 20:09:16.825533: Epoch 853
2026-08-05 20:09:16.825804: Current learning rate: 0.00178
2026-08-05 20:09:57.906667: train_loss -0.9013
2026-08-05 20:09:57.906943: val_loss -0.7673
2026-08-05 20:09:57.907006: Pseudo dice [np.float32(0.7111), np.float32(0.9352), np.float32(0.9427)]
2026-08-05 20:09:57.907101: Epoch time: 41.09 s
2026-08-05 20:09:58.885387: 
2026-08-05 20:09:58.885722: Epoch 854
2026-08-05 20:09:58.885858: Current learning rate: 0.00177
2026-08-05 20:10:38.500013: train_loss -0.9024
2026-08-05 20:10:38.500236: val_loss -0.7722
2026-08-05 20:10:38.500295: Pseudo dice [np.float32(0.705), np.float32(0.9288), np.float32(0.9427)]
2026-08-05 20:10:38.500360: Epoch time: 39.62 s
2026-08-05 20:10:39.482597: 
2026-08-05 20:10:39.482838: Epoch 855
2026-08-05 20:10:39.482976: Current learning rate: 0.00176
2026-08-05 20:11:19.836869: train_loss -0.9021
2026-08-05 20:11:19.837192: val_loss -0.7832
2026-08-05 20:11:19.837257: Pseudo dice [np.float32(0.7195), np.float32(0.9377), np.float32(0.9475)]
2026-08-05 20:11:19.837334: Epoch time: 40.36 s
2026-08-05 20:11:20.774998: 
2026-08-05 20:11:20.775276: Epoch 856
2026-08-05 20:11:20.775386: Current learning rate: 0.00175
2026-08-05 20:12:01.242851: train_loss -0.9033
2026-08-05 20:12:01.243096: val_loss -0.783
2026-08-05 20:12:01.243150: Pseudo dice [np.float32(0.7183), np.float32(0.9362), np.float32(0.945)]
2026-08-05 20:12:01.437973: Epoch time: 40.47 s
2026-08-05 20:12:02.332009: 
2026-08-05 20:12:02.332392: Epoch 857
2026-08-05 20:12:02.332500: Current learning rate: 0.00174
2026-08-05 20:12:42.133114: train_loss -0.9073
2026-08-05 20:12:42.133624: val_loss -0.7828
2026-08-05 20:12:42.133689: Pseudo dice [np.float32(0.7167), np.float32(0.9371), np.float32(0.9491)]
2026-08-05 20:12:42.133750: Epoch time: 39.8 s
2026-08-05 20:12:42.938222: 
2026-08-05 20:12:42.938557: Epoch 858
2026-08-05 20:12:42.938665: Current learning rate: 0.00173
2026-08-05 20:13:23.564116: train_loss -0.905
2026-08-05 20:13:23.564415: val_loss -0.7809
2026-08-05 20:13:23.564593: Pseudo dice [np.float32(0.7174), np.float32(0.9367), np.float32(0.9457)]
2026-08-05 20:13:23.564795: Epoch time: 40.63 s
2026-08-05 20:13:24.330578: 
2026-08-05 20:13:24.330829: Epoch 859
2026-08-05 20:13:24.330981: Current learning rate: 0.00172
2026-08-05 20:14:04.768923: train_loss -0.9079
2026-08-05 20:14:04.769376: val_loss -0.781
2026-08-05 20:14:04.769448: Pseudo dice [np.float32(0.7107), np.float32(0.9336), np.float32(0.9481)]
2026-08-05 20:14:04.769516: Epoch time: 40.44 s
2026-08-05 20:14:05.676938: 
2026-08-05 20:14:05.677415: Epoch 860
2026-08-05 20:14:05.677567: Current learning rate: 0.0017
2026-08-05 20:14:54.967846: train_loss -0.9071
2026-08-05 20:14:55.029799: val_loss -0.7782
2026-08-05 20:14:55.029956: Pseudo dice [np.float32(0.7138), np.float32(0.9337), np.float32(0.9469)]
2026-08-05 20:14:55.030051: Epoch time: 49.29 s
2026-08-05 20:14:55.997718: 
2026-08-05 20:14:55.998230: Epoch 861
2026-08-05 20:14:55.998364: Current learning rate: 0.00169
2026-08-05 20:15:40.738205: train_loss -0.9067
2026-08-05 20:15:40.738752: val_loss -0.7848
2026-08-05 20:15:40.738833: Pseudo dice [np.float32(0.7231), np.float32(0.9383), np.float32(0.9478)]
2026-08-05 20:15:40.738965: Epoch time: 44.74 s
2026-08-05 20:15:41.782317: 
2026-08-05 20:15:41.782739: Epoch 862
2026-08-05 20:15:41.782849: Current learning rate: 0.00168
2026-08-05 20:16:21.941830: train_loss -0.9026
2026-08-05 20:16:21.942089: val_loss -0.7904
2026-08-05 20:16:21.942159: Pseudo dice [np.float32(0.7251), np.float32(0.9379), np.float32(0.9469)]
2026-08-05 20:16:21.942349: Epoch time: 40.16 s
2026-08-05 20:16:22.762435: 
2026-08-05 20:16:22.762745: Epoch 863
2026-08-05 20:16:22.762885: Current learning rate: 0.00167
2026-08-05 20:17:02.927244: train_loss -0.9054
2026-08-05 20:17:02.927616: val_loss -0.7877
2026-08-05 20:17:02.927693: Pseudo dice [np.float32(0.7276), np.float32(0.9339), np.float32(0.9467)]
2026-08-05 20:17:02.927778: Epoch time: 40.17 s
2026-08-05 20:17:03.909699: 
2026-08-05 20:17:03.910020: Epoch 864
2026-08-05 20:17:03.910122: Current learning rate: 0.00166
2026-08-05 20:17:44.492665: train_loss -0.9072
2026-08-05 20:17:44.493078: val_loss -0.7691
2026-08-05 20:17:44.493137: Pseudo dice [np.float32(0.7121), np.float32(0.932), np.float32(0.9451)]
2026-08-05 20:17:44.493215: Epoch time: 40.59 s
2026-08-05 20:17:45.226238: 
2026-08-05 20:17:45.226559: Epoch 865
2026-08-05 20:17:45.226751: Current learning rate: 0.00165
2026-08-05 20:18:26.060622: train_loss -0.9063
2026-08-05 20:18:26.061749: val_loss -0.7871
2026-08-05 20:18:26.062293: Pseudo dice [np.float32(0.7266), np.float32(0.9408), np.float32(0.947)]
2026-08-05 20:18:26.062436: Epoch time: 40.84 s
2026-08-05 20:18:26.900471: 
2026-08-05 20:18:26.900933: Epoch 866
2026-08-05 20:18:26.901108: Current learning rate: 0.00164
2026-08-05 20:19:07.534119: train_loss -0.909
2026-08-05 20:19:07.534449: val_loss -0.7746
2026-08-05 20:19:07.534508: Pseudo dice [np.float32(0.7157), np.float32(0.9307), np.float32(0.948)]
2026-08-05 20:19:07.534574: Epoch time: 40.64 s
2026-08-05 20:19:08.914501: 
2026-08-05 20:19:08.914860: Epoch 867
2026-08-05 20:19:08.914977: Current learning rate: 0.00163
2026-08-05 20:19:49.711297: train_loss -0.9105
2026-08-05 20:19:49.711669: val_loss -0.7803
2026-08-05 20:19:49.711756: Pseudo dice [np.float32(0.7159), np.float32(0.9345), np.float32(0.9492)]
2026-08-05 20:19:49.711837: Epoch time: 40.8 s
2026-08-05 20:19:50.496136: 
2026-08-05 20:19:50.496583: Epoch 868
2026-08-05 20:19:50.496715: Current learning rate: 0.00162
2026-08-05 20:20:31.876746: train_loss -0.9085
2026-08-05 20:20:31.877353: val_loss -0.7712
2026-08-05 20:20:31.877457: Pseudo dice [np.float32(0.707), np.float32(0.937), np.float32(0.9438)]
2026-08-05 20:20:31.877541: Epoch time: 41.39 s
2026-08-05 20:20:32.747825: 
2026-08-05 20:20:32.748323: Epoch 869
2026-08-05 20:20:32.748441: Current learning rate: 0.00161
2026-08-05 20:21:13.653816: train_loss -0.9107
2026-08-05 20:21:13.654158: val_loss -0.7768
2026-08-05 20:21:13.654216: Pseudo dice [np.float32(0.716), np.float32(0.9356), np.float32(0.9443)]
2026-08-05 20:21:13.654289: Epoch time: 40.91 s
2026-08-05 20:21:14.387041: 
2026-08-05 20:21:14.387495: Epoch 870
2026-08-05 20:21:14.387666: Current learning rate: 0.00159
2026-08-05 20:21:55.103879: train_loss -0.9105
2026-08-05 20:21:55.104339: val_loss -0.7667
2026-08-05 20:21:55.104602: Pseudo dice [np.float32(0.7027), np.float32(0.9281), np.float32(0.9458)]
2026-08-05 20:21:55.104786: Epoch time: 40.72 s
2026-08-05 20:21:56.000290: 
2026-08-05 20:21:56.000535: Epoch 871
2026-08-05 20:21:56.000659: Current learning rate: 0.00158
2026-08-05 20:22:36.632360: train_loss -0.9113
2026-08-05 20:22:36.666871: val_loss -0.787
2026-08-05 20:22:36.667055: Pseudo dice [np.float32(0.7219), np.float32(0.9398), np.float32(0.9479)]
2026-08-05 20:22:36.667156: Epoch time: 40.63 s
2026-08-05 20:22:37.474275: 
2026-08-05 20:22:37.474497: Epoch 872
2026-08-05 20:22:37.474795: Current learning rate: 0.00157
2026-08-05 20:23:42.858413: train_loss -0.9095
2026-08-05 20:23:42.918856: val_loss -0.7836
2026-08-05 20:23:42.919008: Pseudo dice [np.float32(0.7265), np.float32(0.9293), np.float32(0.9513)]
2026-08-05 20:23:42.919101: Epoch time: 65.39 s
2026-08-05 20:23:43.732099: 
2026-08-05 20:23:43.732423: Epoch 873
2026-08-05 20:23:43.732540: Current learning rate: 0.00156
2026-08-05 20:24:24.226802: train_loss -0.9116
2026-08-05 20:24:24.504566: val_loss -0.7809
2026-08-05 20:24:24.504741: Pseudo dice [np.float32(0.7134), np.float32(0.9314), np.float32(0.9494)]
2026-08-05 20:24:24.504951: Epoch time: 40.5 s
2026-08-05 20:24:25.481201: 
2026-08-05 20:24:25.481556: Epoch 874
2026-08-05 20:24:25.481711: Current learning rate: 0.00155
2026-08-05 20:25:06.601290: train_loss -0.9107
2026-08-05 20:25:06.601640: val_loss -0.7745
2026-08-05 20:25:06.601700: Pseudo dice [np.float32(0.7119), np.float32(0.9365), np.float32(0.9451)]
2026-08-05 20:25:06.601810: Epoch time: 41.12 s
2026-08-05 20:25:07.337014: 
2026-08-05 20:25:07.337350: Epoch 875
2026-08-05 20:25:07.337499: Current learning rate: 0.00154
2026-08-05 20:25:47.828859: train_loss -0.9089
2026-08-05 20:25:47.829453: val_loss -0.7721
2026-08-05 20:25:47.829545: Pseudo dice [np.float32(0.7063), np.float32(0.9309), np.float32(0.9457)]
2026-08-05 20:25:47.829629: Epoch time: 40.49 s
2026-08-05 20:25:48.671990: 
2026-08-05 20:25:48.672319: Epoch 876
2026-08-05 20:25:48.672448: Current learning rate: 0.00153
2026-08-05 20:26:29.512044: train_loss -0.9103
2026-08-05 20:26:29.536192: val_loss -0.7823
2026-08-05 20:26:29.536538: Pseudo dice [np.float32(0.7249), np.float32(0.9369), np.float32(0.9481)]
2026-08-05 20:26:29.536708: Epoch time: 40.84 s
2026-08-05 20:26:30.364427: 
2026-08-05 20:26:30.364729: Epoch 877
2026-08-05 20:26:30.364967: Current learning rate: 0.00152
2026-08-05 20:27:10.920758: train_loss -0.9085
2026-08-05 20:27:10.921341: val_loss -0.7906
2026-08-05 20:27:10.921413: Pseudo dice [np.float32(0.7254), np.float32(0.9353), np.float32(0.9486)]
2026-08-05 20:27:10.921490: Epoch time: 40.56 s
2026-08-05 20:27:11.689766: 
2026-08-05 20:27:11.690093: Epoch 878
2026-08-05 20:27:11.690181: Current learning rate: 0.00151
2026-08-05 20:27:52.423445: train_loss -0.9112
2026-08-05 20:27:52.424125: val_loss -0.7767
2026-08-05 20:27:52.424271: Pseudo dice [np.float32(0.7205), np.float32(0.9392), np.float32(0.9465)]
2026-08-05 20:27:52.424408: Epoch time: 40.74 s
2026-08-05 20:27:53.252675: 
2026-08-05 20:27:53.253496: Epoch 879
2026-08-05 20:27:53.253619: Current learning rate: 0.00149
2026-08-05 20:28:33.660972: train_loss -0.9104
2026-08-05 20:28:33.662234: val_loss -0.7902
2026-08-05 20:28:33.662306: Pseudo dice [np.float32(0.726), np.float32(0.9401), np.float32(0.9498)]
2026-08-05 20:28:33.662384: Epoch time: 40.41 s
2026-08-05 20:28:34.611789: 
2026-08-05 20:28:34.612216: Epoch 880
2026-08-05 20:28:34.612458: Current learning rate: 0.00148
2026-08-05 20:29:15.207258: train_loss -0.9133
2026-08-05 20:29:15.208103: val_loss -0.799
2026-08-05 20:29:15.208174: Pseudo dice [np.float32(0.7375), np.float32(0.9426), np.float32(0.9505)]
2026-08-05 20:29:15.210611: Epoch time: 40.6 s
2026-08-05 20:29:16.182755: 
2026-08-05 20:29:16.183125: Epoch 881
2026-08-05 20:29:16.183367: Current learning rate: 0.00147
2026-08-05 20:29:57.395852: train_loss -0.9106
2026-08-05 20:29:57.396870: val_loss -0.7808
2026-08-05 20:29:57.397075: Pseudo dice [np.float32(0.7172), np.float32(0.9318), np.float32(0.9479)]
2026-08-05 20:29:57.397227: Epoch time: 41.22 s
2026-08-05 20:29:58.225673: 
2026-08-05 20:29:58.226038: Epoch 882
2026-08-05 20:29:58.226194: Current learning rate: 0.00146
2026-08-05 20:30:39.424911: train_loss -0.9068
2026-08-05 20:30:39.425385: val_loss -0.7764
2026-08-05 20:30:39.425448: Pseudo dice [np.float32(0.7105), np.float32(0.9344), np.float32(0.9467)]
2026-08-05 20:30:39.425526: Epoch time: 41.2 s
2026-08-05 20:30:40.208239: 
2026-08-05 20:30:40.208485: Epoch 883
2026-08-05 20:30:40.208671: Current learning rate: 0.00145
2026-08-05 20:31:21.166884: train_loss -0.9085
2026-08-05 20:31:21.168083: val_loss -0.7649
2026-08-05 20:31:21.168258: Pseudo dice [np.float32(0.7063), np.float32(0.9296), np.float32(0.9461)]
2026-08-05 20:31:21.168375: Epoch time: 40.96 s
2026-08-05 20:31:22.002827: 
2026-08-05 20:31:22.003153: Epoch 884
2026-08-05 20:31:22.003311: Current learning rate: 0.00144
2026-08-05 20:32:05.345723: train_loss -0.909
2026-08-05 20:32:05.631996: val_loss -0.7738
2026-08-05 20:32:05.632150: Pseudo dice [np.float32(0.7132), np.float32(0.9313), np.float32(0.9464)]
2026-08-05 20:32:05.632237: Epoch time: 43.35 s
2026-08-05 20:32:06.565328: 
2026-08-05 20:32:06.565719: Epoch 885
2026-08-05 20:32:06.565886: Current learning rate: 0.00143
2026-08-05 20:32:48.643364: train_loss -0.9127
2026-08-05 20:32:48.645085: val_loss -0.7812
2026-08-05 20:32:48.645149: Pseudo dice [np.float32(0.7203), np.float32(0.9384), np.float32(0.947)]
2026-08-05 20:32:48.645221: Epoch time: 42.08 s
2026-08-05 20:32:49.647966: 
2026-08-05 20:32:49.648381: Epoch 886
2026-08-05 20:32:49.648583: Current learning rate: 0.00142
2026-08-05 20:33:29.716379: train_loss -0.9096
2026-08-05 20:33:29.716591: val_loss -0.7771
2026-08-05 20:33:29.716647: Pseudo dice [np.float32(0.7154), np.float32(0.9324), np.float32(0.9448)]
2026-08-05 20:33:29.716710: Epoch time: 40.07 s
2026-08-05 20:33:30.959826: 
2026-08-05 20:33:30.960095: Epoch 887
2026-08-05 20:33:30.960227: Current learning rate: 0.00141
2026-08-05 20:34:11.121078: train_loss -0.9109
2026-08-05 20:34:11.121640: val_loss -0.7773
2026-08-05 20:34:11.121708: Pseudo dice [np.float32(0.722), np.float32(0.9332), np.float32(0.9485)]
2026-08-05 20:34:11.121803: Epoch time: 40.17 s
2026-08-05 20:34:12.117703: 
2026-08-05 20:34:12.117953: Epoch 888
2026-08-05 20:34:12.118093: Current learning rate: 0.00139
2026-08-05 20:34:53.724516: train_loss -0.9127
2026-08-05 20:34:53.728026: val_loss -0.7692
2026-08-05 20:34:53.728326: Pseudo dice [np.float32(0.7083), np.float32(0.9351), np.float32(0.9483)]
2026-08-05 20:34:53.728474: Epoch time: 41.61 s
2026-08-05 20:34:54.504620: 
2026-08-05 20:34:54.504931: Epoch 889
2026-08-05 20:34:54.505044: Current learning rate: 0.00138
2026-08-05 20:36:12.514920: train_loss -0.9125
2026-08-05 20:36:12.561516: val_loss -0.7754
2026-08-05 20:36:12.561761: Pseudo dice [np.float32(0.7146), np.float32(0.9324), np.float32(0.9465)]
2026-08-05 20:36:12.564508: Epoch time: 78.01 s
2026-08-05 20:36:14.806919: 
2026-08-05 20:36:14.807272: Epoch 890
2026-08-05 20:36:14.807362: Current learning rate: 0.00137
2026-08-05 20:36:56.394236: train_loss -0.9125
2026-08-05 20:36:56.394526: val_loss -0.7987
2026-08-05 20:36:56.394616: Pseudo dice [np.float32(0.7385), np.float32(0.9403), np.float32(0.9502)]
2026-08-05 20:36:56.394687: Epoch time: 41.59 s
2026-08-05 20:36:58.572875: 
2026-08-05 20:36:58.573331: Epoch 891
2026-08-05 20:36:58.573439: Current learning rate: 0.00136
2026-08-05 20:37:50.146540: train_loss -0.9112
2026-08-05 20:37:50.146980: val_loss -0.7726
2026-08-05 20:37:50.147044: Pseudo dice [np.float32(0.7138), np.float32(0.9332), np.float32(0.9462)]
2026-08-05 20:37:50.147131: Epoch time: 51.58 s
2026-08-05 20:37:51.284527: 
2026-08-05 20:37:51.284914: Epoch 892
2026-08-05 20:37:51.285089: Current learning rate: 0.00135
2026-08-05 20:38:41.999928: train_loss -0.911
2026-08-05 20:38:42.007736: val_loss -0.7833
2026-08-05 20:38:42.007875: Pseudo dice [np.float32(0.7172), np.float32(0.9378), np.float32(0.9479)]
2026-08-05 20:38:42.008074: Epoch time: 50.72 s
2026-08-05 20:38:43.130065: 
2026-08-05 20:38:43.130459: Epoch 893
2026-08-05 20:38:43.130598: Current learning rate: 0.00134
2026-08-05 20:39:33.039291: train_loss -0.9123
2026-08-05 20:39:33.339714: val_loss -0.7878
2026-08-05 20:39:33.340045: Pseudo dice [np.float32(0.734), np.float32(0.9372), np.float32(0.9496)]
2026-08-05 20:39:33.340143: Epoch time: 49.91 s
2026-08-05 20:39:34.625337: 
2026-08-05 20:39:34.625627: Epoch 894
2026-08-05 20:39:34.625740: Current learning rate: 0.00133
2026-08-05 20:40:15.076728: train_loss -0.9144
2026-08-05 20:40:15.078465: val_loss -0.7885
2026-08-05 20:40:15.078670: Pseudo dice [np.float32(0.7267), np.float32(0.9386), np.float32(0.9471)]
2026-08-05 20:40:15.078832: Epoch time: 40.45 s
2026-08-05 20:40:16.369384: 
2026-08-05 20:40:16.369677: Epoch 895
2026-08-05 20:40:16.370101: Current learning rate: 0.00132
2026-08-05 20:41:01.846998: train_loss -0.9142
2026-08-05 20:41:01.974929: val_loss -0.7842
2026-08-05 20:41:01.975290: Pseudo dice [np.float32(0.7199), np.float32(0.9381), np.float32(0.9473)]
2026-08-05 20:41:01.975470: Epoch time: 45.48 s
2026-08-05 20:41:02.863313: 
2026-08-05 20:41:02.863723: Epoch 896
2026-08-05 20:41:02.863835: Current learning rate: 0.0013
2026-08-05 20:41:44.820684: train_loss -0.914
2026-08-05 20:41:44.859407: val_loss -0.7757
2026-08-05 20:41:44.860742: Pseudo dice [np.float32(0.7207), np.float32(0.9374), np.float32(0.9486)]
2026-08-05 20:41:44.860947: Epoch time: 41.96 s
2026-08-05 20:41:45.869827: 
2026-08-05 20:41:45.870187: Epoch 897
2026-08-05 20:41:45.870310: Current learning rate: 0.00129
2026-08-05 20:42:26.583489: train_loss -0.9119
2026-08-05 20:42:26.584045: val_loss -0.7825
2026-08-05 20:42:26.584162: Pseudo dice [np.float32(0.725), np.float32(0.9431), np.float32(0.9456)]
2026-08-05 20:42:26.584303: Epoch time: 40.72 s
2026-08-05 20:42:26.584362: Yayy! New best EMA pseudo Dice: 0.868399977684021
2026-08-05 20:42:34.661362: 
2026-08-05 20:42:34.661741: Epoch 898
2026-08-05 20:42:34.661937: Current learning rate: 0.00128
2026-08-05 20:43:15.124252: train_loss -0.9148
2026-08-05 20:43:15.352324: val_loss -0.7725
2026-08-05 20:43:15.352469: Pseudo dice [np.float32(0.7207), np.float32(0.9328), np.float32(0.9487)]
2026-08-05 20:43:15.352562: Epoch time: 40.47 s
2026-08-05 20:43:16.237268: 
2026-08-05 20:43:16.237654: Epoch 899
2026-08-05 20:43:16.237851: Current learning rate: 0.00127
2026-08-05 20:43:57.029237: train_loss -0.914
2026-08-05 20:43:57.162510: val_loss -0.772
2026-08-05 20:43:57.162720: Pseudo dice [np.float32(0.7111), np.float32(0.9368), np.float32(0.9433)]
2026-08-05 20:43:57.162886: Epoch time: 40.79 s
2026-08-05 20:44:11.785661: 
2026-08-05 20:44:11.786072: Epoch 900
2026-08-05 20:44:11.786199: Current learning rate: 0.00126
2026-08-05 20:44:53.152181: train_loss -0.9116
2026-08-05 20:44:53.167689: val_loss -0.7756
2026-08-05 20:44:53.168108: Pseudo dice [np.float32(0.7105), np.float32(0.936), np.float32(0.9479)]
2026-08-05 20:44:53.168401: Epoch time: 41.37 s
2026-08-05 20:44:54.073450: 
2026-08-05 20:44:54.073860: Epoch 901
2026-08-05 20:44:54.261569: Current learning rate: 0.00125
2026-08-05 20:45:35.303156: train_loss -0.9156
2026-08-05 20:45:35.303813: val_loss -0.7801
2026-08-05 20:45:35.303977: Pseudo dice [np.float32(0.7221), np.float32(0.9318), np.float32(0.9467)]
2026-08-05 20:45:35.304127: Epoch time: 41.23 s
2026-08-05 20:45:37.610718: 
2026-08-05 20:45:37.611276: Epoch 902
2026-08-05 20:45:37.611421: Current learning rate: 0.00124
2026-08-05 20:46:18.325386: train_loss -0.9139
2026-08-05 20:46:18.325935: val_loss -0.7782
2026-08-05 20:46:18.326087: Pseudo dice [np.float32(0.7203), np.float32(0.9327), np.float32(0.9488)]
2026-08-05 20:46:18.326304: Epoch time: 40.72 s
2026-08-05 20:46:19.200119: 
2026-08-05 20:46:19.200550: Epoch 903
2026-08-05 20:46:19.200740: Current learning rate: 0.00122
2026-08-05 20:47:00.034637: train_loss -0.9124
2026-08-05 20:47:00.035161: val_loss -0.775
2026-08-05 20:47:00.035297: Pseudo dice [np.float32(0.7159), np.float32(0.9359), np.float32(0.9466)]
2026-08-05 20:47:00.035441: Epoch time: 40.84 s
2026-08-05 20:47:01.316641: 
2026-08-05 20:47:01.316987: Epoch 904
2026-08-05 20:47:01.317087: Current learning rate: 0.00121
2026-08-05 20:47:42.326346: train_loss -0.9168
2026-08-05 20:47:42.327321: val_loss -0.77
2026-08-05 20:47:42.327394: Pseudo dice [np.float32(0.7096), np.float32(0.9361), np.float32(0.9454)]
2026-08-05 20:47:42.327477: Epoch time: 41.01 s
2026-08-05 20:47:43.148033: 
2026-08-05 20:47:43.148394: Epoch 905
2026-08-05 20:47:43.148504: Current learning rate: 0.0012
2026-08-05 20:48:23.940927: train_loss -0.9132
2026-08-05 20:48:23.997724: val_loss -0.7771
2026-08-05 20:48:23.997907: Pseudo dice [np.float32(0.72), np.float32(0.9363), np.float32(0.9487)]
2026-08-05 20:48:23.998047: Epoch time: 40.8 s
2026-08-05 20:48:24.904931: 
2026-08-05 20:48:24.905287: Epoch 906
2026-08-05 20:48:24.905426: Current learning rate: 0.00119
2026-08-05 20:49:05.578476: train_loss -0.9151
2026-08-05 20:49:05.616699: val_loss -0.7838
2026-08-05 20:49:05.616904: Pseudo dice [np.float32(0.7218), np.float32(0.9373), np.float32(0.9494)]
2026-08-05 20:49:05.617002: Epoch time: 40.68 s
2026-08-05 20:49:06.409750: 
2026-08-05 20:49:06.410125: Epoch 907
2026-08-05 20:49:06.410281: Current learning rate: 0.00118
2026-08-05 20:49:47.044065: train_loss -0.9129
2026-08-05 20:49:47.052575: val_loss -0.7788
2026-08-05 20:49:47.052639: Pseudo dice [np.float32(0.714), np.float32(0.9356), np.float32(0.9495)]
2026-08-05 20:49:47.052709: Epoch time: 40.64 s
2026-08-05 20:49:48.235801: 
2026-08-05 20:49:48.236193: Epoch 908
2026-08-05 20:49:48.236299: Current learning rate: 0.00117
2026-08-05 20:50:32.467932: train_loss -0.9146
2026-08-05 20:50:32.470748: val_loss -0.7831
2026-08-05 20:50:32.470954: Pseudo dice [np.float32(0.7264), np.float32(0.9424), np.float32(0.947)]
2026-08-05 20:50:32.471102: Epoch time: 44.23 s
2026-08-05 20:50:34.466351: 
2026-08-05 20:50:34.466785: Epoch 909
2026-08-05 20:50:34.466877: Current learning rate: 0.00116
2026-08-05 20:51:15.137259: train_loss -0.9142
2026-08-05 20:51:15.305158: val_loss -0.781
2026-08-05 20:51:15.305457: Pseudo dice [np.float32(0.7237), np.float32(0.9304), np.float32(0.9476)]
2026-08-05 20:51:15.305629: Epoch time: 40.67 s
2026-08-05 20:51:16.304538: 
2026-08-05 20:51:16.304948: Epoch 910
2026-08-05 20:51:16.305075: Current learning rate: 0.00115
2026-08-05 20:51:57.081372: train_loss -0.9142
2026-08-05 20:51:57.123837: val_loss -0.7825
2026-08-05 20:51:57.123930: Pseudo dice [np.float32(0.7177), np.float32(0.9371), np.float32(0.946)]
2026-08-05 20:51:57.124006: Epoch time: 40.78 s
2026-08-05 20:51:57.934668: 
2026-08-05 20:51:57.935064: Epoch 911
2026-08-05 20:51:57.935180: Current learning rate: 0.00113
2026-08-05 20:52:39.385435: train_loss -0.9143
2026-08-05 20:52:39.386643: val_loss -0.7732
2026-08-05 20:52:39.386860: Pseudo dice [np.float32(0.7138), np.float32(0.9341), np.float32(0.945)]
2026-08-05 20:52:39.386971: Epoch time: 41.45 s
2026-08-05 20:52:40.583848: 
2026-08-05 20:52:40.584231: Epoch 912
2026-08-05 20:52:40.584365: Current learning rate: 0.00112
2026-08-05 20:53:20.665522: train_loss -0.9154
2026-08-05 20:53:20.666046: val_loss -0.7758
2026-08-05 20:53:20.666125: Pseudo dice [np.float32(0.717), np.float32(0.9357), np.float32(0.9467)]
2026-08-05 20:53:20.666215: Epoch time: 40.09 s
2026-08-05 20:53:21.523624: 
2026-08-05 20:53:21.523944: Epoch 913
2026-08-05 20:53:21.524185: Current learning rate: 0.00111
2026-08-05 20:54:02.205992: train_loss -0.9162
2026-08-05 20:54:02.272217: val_loss -0.7673
2026-08-05 20:54:02.272503: Pseudo dice [np.float32(0.7081), np.float32(0.9349), np.float32(0.9471)]
2026-08-05 20:54:02.272579: Epoch time: 40.69 s
2026-08-05 20:54:03.177438: 
2026-08-05 20:54:03.177727: Epoch 914
2026-08-05 20:54:03.177862: Current learning rate: 0.0011
2026-08-05 20:54:43.528209: train_loss -0.9172
2026-08-05 20:54:43.528663: val_loss -0.7742
2026-08-05 20:54:43.528727: Pseudo dice [np.float32(0.7126), np.float32(0.9325), np.float32(0.9454)]
2026-08-05 20:54:43.528797: Epoch time: 40.35 s
2026-08-05 20:54:44.673881: 
2026-08-05 20:54:44.674347: Epoch 915
2026-08-05 20:54:44.674614: Current learning rate: 0.00109
2026-08-05 20:55:25.483967: train_loss -0.9177
2026-08-05 20:55:25.484823: val_loss -0.7869
2026-08-05 20:55:25.484999: Pseudo dice [np.float32(0.7258), np.float32(0.9422), np.float32(0.9502)]
2026-08-05 20:55:25.485148: Epoch time: 40.81 s
2026-08-05 20:55:27.160626: 
2026-08-05 20:55:27.160975: Epoch 916
2026-08-05 20:55:27.161100: Current learning rate: 0.00108
2026-08-05 20:56:07.593841: train_loss -0.9178
2026-08-05 20:56:07.595021: val_loss -0.7828
2026-08-05 20:56:07.595121: Pseudo dice [np.float32(0.7177), np.float32(0.9343), np.float32(0.9454)]
2026-08-05 20:56:07.595222: Epoch time: 40.44 s
2026-08-05 20:56:08.366144: 
2026-08-05 20:56:08.366535: Epoch 917
2026-08-05 20:56:08.366647: Current learning rate: 0.00106
2026-08-05 20:56:48.126261: train_loss -0.9175
2026-08-05 20:56:48.126564: val_loss -0.7773
2026-08-05 20:56:48.126623: Pseudo dice [np.float32(0.7267), np.float32(0.9352), np.float32(0.949)]
2026-08-05 20:56:48.126688: Epoch time: 39.76 s
2026-08-05 20:56:48.910323: 
2026-08-05 20:56:48.910630: Epoch 918
2026-08-05 20:56:48.910837: Current learning rate: 0.00105
2026-08-05 20:57:29.430036: train_loss -0.9173
2026-08-05 20:57:29.430275: val_loss -0.7739
2026-08-05 20:57:29.430334: Pseudo dice [np.float32(0.7212), np.float32(0.9395), np.float32(0.9475)]
2026-08-05 20:57:29.430397: Epoch time: 40.52 s
2026-08-05 20:57:30.225326: 
2026-08-05 20:57:30.225908: Epoch 919
2026-08-05 20:57:30.226151: Current learning rate: 0.00104
2026-08-05 20:58:10.703056: train_loss -0.9174
2026-08-05 20:58:10.703516: val_loss -0.7768
2026-08-05 20:58:10.703603: Pseudo dice [np.float32(0.7092), np.float32(0.9407), np.float32(0.9468)]
2026-08-05 20:58:10.703666: Epoch time: 40.48 s
2026-08-05 20:58:11.466437: 
2026-08-05 20:58:11.466866: Epoch 920
2026-08-05 20:58:11.467046: Current learning rate: 0.00103
2026-08-05 20:58:52.129460: train_loss -0.9175
2026-08-05 20:58:52.129748: val_loss -0.7779
2026-08-05 20:58:52.129812: Pseudo dice [np.float32(0.7214), np.float32(0.9375), np.float32(0.9447)]
2026-08-05 20:58:52.129879: Epoch time: 40.67 s
2026-08-05 20:58:53.083476: 
2026-08-05 20:58:53.083859: Epoch 921
2026-08-05 20:58:53.084035: Current learning rate: 0.00102
2026-08-05 20:59:36.155347: train_loss -0.9178
2026-08-05 20:59:36.273016: val_loss -0.776
2026-08-05 20:59:36.273535: Pseudo dice [np.float32(0.7138), np.float32(0.9359), np.float32(0.9466)]
2026-08-05 20:59:36.273705: Epoch time: 43.08 s
2026-08-05 20:59:37.459584: 
2026-08-05 20:59:37.460003: Epoch 922
2026-08-05 20:59:37.460112: Current learning rate: 0.00101
2026-08-05 21:00:18.013009: train_loss -0.9179
2026-08-05 21:00:18.014000: val_loss -0.77
2026-08-05 21:00:18.014143: Pseudo dice [np.float32(0.7111), np.float32(0.9337), np.float32(0.945)]
2026-08-05 21:00:18.014269: Epoch time: 40.56 s
2026-08-05 21:00:18.814572: 
2026-08-05 21:00:18.814994: Epoch 923
2026-08-05 21:00:18.815115: Current learning rate: 0.001
2026-08-05 21:01:00.158487: train_loss -0.9146
2026-08-05 21:01:00.459733: val_loss -0.7816
2026-08-05 21:01:00.460098: Pseudo dice [np.float32(0.7199), np.float32(0.9335), np.float32(0.9466)]
2026-08-05 21:01:00.460291: Epoch time: 41.35 s
2026-08-05 21:01:01.303689: 
2026-08-05 21:01:01.304055: Epoch 924
2026-08-05 21:01:01.304191: Current learning rate: 0.00098
2026-08-05 21:01:41.795107: train_loss -0.9179
2026-08-05 21:01:41.795515: val_loss -0.775
2026-08-05 21:01:41.795654: Pseudo dice [np.float32(0.7173), np.float32(0.939), np.float32(0.9464)]
2026-08-05 21:01:41.795784: Epoch time: 40.49 s
2026-08-05 21:01:42.641235: 
2026-08-05 21:01:42.641655: Epoch 925
2026-08-05 21:01:42.641748: Current learning rate: 0.00097
2026-08-05 21:02:23.398049: train_loss -0.9175
2026-08-05 21:02:23.398718: val_loss -0.7773
2026-08-05 21:02:23.398921: Pseudo dice [np.float32(0.714), np.float32(0.9353), np.float32(0.947)]
2026-08-05 21:02:23.399081: Epoch time: 40.76 s
2026-08-05 21:02:24.241511: 
2026-08-05 21:02:24.241783: Epoch 926
2026-08-05 21:02:24.241929: Current learning rate: 0.00096
2026-08-05 21:03:04.770875: train_loss -0.9172
2026-08-05 21:03:04.771178: val_loss -0.7845
2026-08-05 21:03:04.771234: Pseudo dice [np.float32(0.7278), np.float32(0.9365), np.float32(0.9504)]
2026-08-05 21:03:04.771305: Epoch time: 40.53 s
2026-08-05 21:03:05.947779: 
2026-08-05 21:03:05.948101: Epoch 927
2026-08-05 21:03:05.948227: Current learning rate: 0.00095
2026-08-05 21:03:46.347044: train_loss -0.9164
2026-08-05 21:03:46.347686: val_loss -0.7716
2026-08-05 21:03:46.347754: Pseudo dice [np.float32(0.7093), np.float32(0.938), np.float32(0.9443)]
2026-08-05 21:03:46.347831: Epoch time: 40.4 s
2026-08-05 21:03:47.315067: 
2026-08-05 21:03:47.315394: Epoch 928
2026-08-05 21:03:47.315515: Current learning rate: 0.00094
2026-08-05 21:04:27.846080: train_loss -0.9174
2026-08-05 21:04:27.847515: val_loss -0.7787
2026-08-05 21:04:27.847663: Pseudo dice [np.float32(0.7201), np.float32(0.9363), np.float32(0.9488)]
2026-08-05 21:04:27.848189: Epoch time: 40.54 s
2026-08-05 21:04:28.770841: 
2026-08-05 21:04:28.771179: Epoch 929
2026-08-05 21:04:28.771330: Current learning rate: 0.00092
2026-08-05 21:05:09.478793: train_loss -0.9169
2026-08-05 21:05:09.479083: val_loss -0.7792
2026-08-05 21:05:09.479139: Pseudo dice [np.float32(0.7142), np.float32(0.943), np.float32(0.9493)]
2026-08-05 21:05:09.479206: Epoch time: 40.71 s
2026-08-05 21:05:10.229771: 
2026-08-05 21:05:10.230106: Epoch 930
2026-08-05 21:05:10.230212: Current learning rate: 0.00091
2026-08-05 21:05:51.343798: train_loss -0.9177
2026-08-05 21:05:51.344435: val_loss -0.7799
2026-08-05 21:05:51.344504: Pseudo dice [np.float32(0.7259), np.float32(0.9382), np.float32(0.9489)]
2026-08-05 21:05:51.344581: Epoch time: 41.12 s
2026-08-05 21:05:52.372045: 
2026-08-05 21:05:52.372453: Epoch 931
2026-08-05 21:05:52.372590: Current learning rate: 0.0009
2026-08-05 21:06:32.673080: train_loss -0.9188
2026-08-05 21:06:32.680118: val_loss -0.7752
2026-08-05 21:06:32.680343: Pseudo dice [np.float32(0.7212), np.float32(0.9378), np.float32(0.9494)]
2026-08-05 21:06:32.680498: Epoch time: 40.3 s
2026-08-05 21:06:33.518449: 
2026-08-05 21:06:33.518878: Epoch 932
2026-08-05 21:06:33.519030: Current learning rate: 0.00089
2026-08-05 21:07:14.115506: train_loss -0.9167
2026-08-05 21:07:14.115999: val_loss -0.784
2026-08-05 21:07:14.116277: Pseudo dice [np.float32(0.721), np.float32(0.9332), np.float32(0.9495)]
2026-08-05 21:07:14.116435: Epoch time: 40.6 s
2026-08-05 21:07:14.930727: 
2026-08-05 21:07:14.931107: Epoch 933
2026-08-05 21:07:14.931297: Current learning rate: 0.00088
2026-08-05 21:07:55.538129: train_loss -0.9167
2026-08-05 21:07:55.539229: val_loss -0.7778
2026-08-05 21:07:55.539651: Pseudo dice [np.float32(0.7235), np.float32(0.9349), np.float32(0.9468)]
2026-08-05 21:07:55.540047: Epoch time: 40.61 s
2026-08-05 21:07:56.380275: 
2026-08-05 21:07:56.380571: Epoch 934
2026-08-05 21:07:56.380766: Current learning rate: 0.00087
2026-08-05 21:08:37.105456: train_loss -0.9191
2026-08-05 21:08:37.105964: val_loss -0.7776
2026-08-05 21:08:37.106064: Pseudo dice [np.float32(0.7209), np.float32(0.9425), np.float32(0.9457)]
2026-08-05 21:08:37.106147: Epoch time: 40.73 s
2026-08-05 21:08:37.936239: 
2026-08-05 21:08:37.936686: Epoch 935
2026-08-05 21:08:37.936804: Current learning rate: 0.00085
2026-08-05 21:09:18.402927: train_loss -0.9189
2026-08-05 21:09:18.403615: val_loss -0.7844
2026-08-05 21:09:18.403680: Pseudo dice [np.float32(0.7255), np.float32(0.9363), np.float32(0.9494)]
2026-08-05 21:09:18.403754: Epoch time: 40.47 s
2026-08-05 21:09:19.202551: 
2026-08-05 21:09:19.202879: Epoch 936
2026-08-05 21:09:19.203017: Current learning rate: 0.00084
2026-08-05 21:09:59.828589: train_loss -0.9188
2026-08-05 21:09:59.829130: val_loss -0.7676
2026-08-05 21:09:59.829247: Pseudo dice [np.float32(0.7129), np.float32(0.9351), np.float32(0.9476)]
2026-08-05 21:09:59.829359: Epoch time: 40.63 s
2026-08-05 21:10:00.868762: 
2026-08-05 21:10:00.869306: Epoch 937
2026-08-05 21:10:00.869550: Current learning rate: 0.00083
2026-08-05 21:10:42.355013: train_loss -0.9209
2026-08-05 21:10:42.355273: val_loss -0.7723
2026-08-05 21:10:42.355371: Pseudo dice [np.float32(0.7229), np.float32(0.9348), np.float32(0.9467)]
2026-08-05 21:10:42.355457: Epoch time: 41.49 s
2026-08-05 21:10:43.092740: 
2026-08-05 21:10:43.093156: Epoch 938
2026-08-05 21:10:43.093344: Current learning rate: 0.00082
2026-08-05 21:11:39.607636: train_loss -0.9189
2026-08-05 21:11:39.607982: val_loss -0.7689
2026-08-05 21:11:39.608055: Pseudo dice [np.float32(0.7127), np.float32(0.9329), np.float32(0.9463)]
2026-08-05 21:11:39.608135: Epoch time: 56.52 s
2026-08-05 21:11:40.619224: 
2026-08-05 21:11:40.619717: Epoch 939
2026-08-05 21:11:40.619911: Current learning rate: 0.00081
2026-08-05 21:12:20.629136: train_loss -0.9168
2026-08-05 21:12:20.629333: val_loss -0.7847
2026-08-05 21:12:20.629386: Pseudo dice [np.float32(0.7253), np.float32(0.9367), np.float32(0.9504)]
2026-08-05 21:12:20.629443: Epoch time: 40.01 s
2026-08-05 21:12:21.427587: 
2026-08-05 21:12:21.428010: Epoch 940
2026-08-05 21:12:21.428121: Current learning rate: 0.00079
2026-08-05 21:13:02.050657: train_loss -0.9176
2026-08-05 21:13:02.050943: val_loss -0.7645
2026-08-05 21:13:02.051068: Pseudo dice [np.float32(0.7035), np.float32(0.9346), np.float32(0.944)]
2026-08-05 21:13:02.051163: Epoch time: 40.63 s
2026-08-05 21:13:02.827567: 
2026-08-05 21:13:02.827991: Epoch 941
2026-08-05 21:13:02.828112: Current learning rate: 0.00078
2026-08-05 21:13:43.414520: train_loss -0.9183
2026-08-05 21:13:43.414796: val_loss -0.7797
2026-08-05 21:13:43.414866: Pseudo dice [np.float32(0.7283), np.float32(0.9366), np.float32(0.948)]
2026-08-05 21:13:43.414969: Epoch time: 40.59 s
2026-08-05 21:13:44.369709: 
2026-08-05 21:13:44.370112: Epoch 942
2026-08-05 21:13:44.370249: Current learning rate: 0.00077
2026-08-05 21:14:24.641523: train_loss -0.9177
2026-08-05 21:14:24.642755: val_loss -0.7671
2026-08-05 21:14:24.643125: Pseudo dice [np.float32(0.7104), np.float32(0.933), np.float32(0.9454)]
2026-08-05 21:14:24.643266: Epoch time: 40.28 s
2026-08-05 21:14:25.599051: 
2026-08-05 21:14:25.599504: Epoch 943
2026-08-05 21:14:25.599634: Current learning rate: 0.00076
2026-08-05 21:15:05.814626: train_loss -0.9173
2026-08-05 21:15:05.909319: val_loss -0.7806
2026-08-05 21:15:05.909731: Pseudo dice [np.float32(0.7248), np.float32(0.9384), np.float32(0.9471)]
2026-08-05 21:15:05.909996: Epoch time: 40.22 s
2026-08-05 21:15:07.692231: 
2026-08-05 21:15:07.692523: Epoch 944
2026-08-05 21:15:07.692646: Current learning rate: 0.00075
2026-08-05 21:15:48.428500: train_loss -0.9183
2026-08-05 21:15:48.428851: val_loss -0.7827
2026-08-05 21:15:48.428998: Pseudo dice [np.float32(0.7244), np.float32(0.9411), np.float32(0.9488)]
2026-08-05 21:15:48.429115: Epoch time: 40.74 s
2026-08-05 21:15:49.229232: 
2026-08-05 21:15:49.229672: Epoch 945
2026-08-05 21:15:49.229796: Current learning rate: 0.00074
2026-08-05 21:16:33.238452: train_loss -0.9177
2026-08-05 21:16:33.238667: val_loss -0.7805
2026-08-05 21:16:33.238733: Pseudo dice [np.float32(0.7193), np.float32(0.9375), np.float32(0.9494)]
2026-08-05 21:16:33.239938: Epoch time: 44.01 s
2026-08-05 21:16:34.173677: 
2026-08-05 21:16:34.174088: Epoch 946
2026-08-05 21:16:34.174223: Current learning rate: 0.00072
2026-08-05 21:17:14.419759: train_loss -0.921
2026-08-05 21:17:14.419940: val_loss -0.779
2026-08-05 21:17:14.419993: Pseudo dice [np.float32(0.7202), np.float32(0.9382), np.float32(0.9474)]
2026-08-05 21:17:14.420049: Epoch time: 40.25 s
2026-08-05 21:17:15.230569: 
2026-08-05 21:17:15.230988: Epoch 947
2026-08-05 21:17:15.231099: Current learning rate: 0.00071
2026-08-05 21:17:55.886877: train_loss -0.9202
2026-08-05 21:17:55.887075: val_loss -0.781
2026-08-05 21:17:55.887130: Pseudo dice [np.float32(0.7273), np.float32(0.9395), np.float32(0.9504)]
2026-08-05 21:17:55.887196: Epoch time: 40.66 s
2026-08-05 21:17:55.887236: Yayy! New best EMA pseudo Dice: 0.868399977684021
2026-08-05 21:18:04.884453: 
2026-08-05 21:18:04.884960: Epoch 948
2026-08-05 21:18:04.885087: Current learning rate: 0.0007
2026-08-05 21:18:45.658583: train_loss -0.9212
2026-08-05 21:18:45.658878: val_loss -0.771
2026-08-05 21:18:45.658973: Pseudo dice [np.float32(0.723), np.float32(0.935), np.float32(0.9473)]
2026-08-05 21:18:45.659036: Epoch time: 40.78 s
2026-08-05 21:18:45.659087: Yayy! New best EMA pseudo Dice: 0.868399977684021
2026-08-05 21:18:52.307077: 
2026-08-05 21:18:52.307319: Epoch 949
2026-08-05 21:18:52.307559: Current learning rate: 0.00069
2026-08-05 21:19:32.982505: train_loss -0.9208
2026-08-05 21:19:32.982853: val_loss -0.776
2026-08-05 21:19:32.982996: Pseudo dice [np.float32(0.725), np.float32(0.9386), np.float32(0.9481)]
2026-08-05 21:19:32.983116: Epoch time: 40.68 s
2026-08-05 21:19:41.451250: Yayy! New best EMA pseudo Dice: 0.8686000108718872
2026-08-05 21:19:52.109475: 
2026-08-05 21:19:52.109819: Epoch 950
2026-08-05 21:19:52.109923: Current learning rate: 0.00067
2026-08-05 21:20:32.941618: train_loss -0.9195
2026-08-05 21:20:32.970741: val_loss -0.7842
2026-08-05 21:20:32.970933: Pseudo dice [np.float32(0.7257), np.float32(0.9391), np.float32(0.9523)]
2026-08-05 21:20:32.971081: Epoch time: 40.83 s
2026-08-05 21:20:32.971156: Yayy! New best EMA pseudo Dice: 0.8690000176429749
2026-08-05 21:20:41.474242: 
2026-08-05 21:20:41.474656: Epoch 951
2026-08-05 21:20:41.474767: Current learning rate: 0.00066
2026-08-05 21:21:22.074627: train_loss -0.9187
2026-08-05 21:21:22.075032: val_loss -0.778
2026-08-05 21:21:22.075275: Pseudo dice [np.float32(0.7266), np.float32(0.937), np.float32(0.9522)]
2026-08-05 21:21:22.075389: Epoch time: 40.6 s
2026-08-05 21:21:22.075475: Yayy! New best EMA pseudo Dice: 0.8693000078201294
2026-08-05 21:21:27.169439: 
2026-08-05 21:21:27.169873: Epoch 952
2026-08-05 21:21:27.169982: Current learning rate: 0.00065
2026-08-05 21:22:07.736550: train_loss -0.9176
2026-08-05 21:22:07.736927: val_loss -0.7863
2026-08-05 21:22:07.736989: Pseudo dice [np.float32(0.7241), np.float32(0.9422), np.float32(0.9483)]
2026-08-05 21:22:07.737061: Epoch time: 40.57 s
2026-08-05 21:22:07.737103: Yayy! New best EMA pseudo Dice: 0.8694999814033508
2026-08-05 21:22:12.555483: 
2026-08-05 21:22:12.555846: Epoch 953
2026-08-05 21:22:12.555993: Current learning rate: 0.00064
2026-08-05 21:22:52.438219: train_loss -0.9213
2026-08-05 21:22:52.438643: val_loss -0.7619
2026-08-05 21:22:52.438713: Pseudo dice [np.float32(0.7153), np.float32(0.9371), np.float32(0.9456)]
2026-08-05 21:22:52.438796: Epoch time: 39.89 s
2026-08-05 21:22:53.391152: 
2026-08-05 21:22:53.391579: Epoch 954
2026-08-05 21:22:53.391773: Current learning rate: 0.00063
2026-08-05 21:23:33.828076: train_loss -0.9198
2026-08-05 21:23:33.828515: val_loss -0.7777
2026-08-05 21:23:33.828587: Pseudo dice [np.float32(0.7169), np.float32(0.9306), np.float32(0.9497)]
2026-08-05 21:23:33.828674: Epoch time: 40.44 s
2026-08-05 21:23:34.827458: 
2026-08-05 21:23:34.827957: Epoch 955
2026-08-05 21:23:34.828174: Current learning rate: 0.00061
2026-08-05 21:24:16.250965: train_loss -0.9169
2026-08-05 21:24:16.251334: val_loss -0.776
2026-08-05 21:24:16.251402: Pseudo dice [np.float32(0.7199), np.float32(0.936), np.float32(0.949)]
2026-08-05 21:24:16.251482: Epoch time: 41.43 s
2026-08-05 21:24:17.930484: 
2026-08-05 21:24:17.930883: Epoch 956
2026-08-05 21:24:17.931022: Current learning rate: 0.0006
2026-08-05 21:24:58.521175: train_loss -0.9193
2026-08-05 21:24:58.521463: val_loss -0.7775
2026-08-05 21:24:58.521526: Pseudo dice [np.float32(0.7223), np.float32(0.9376), np.float32(0.9458)]
2026-08-05 21:24:58.521591: Epoch time: 40.59 s
2026-08-05 21:24:59.483800: 
2026-08-05 21:24:59.484132: Epoch 957
2026-08-05 21:24:59.484252: Current learning rate: 0.00059
2026-08-05 21:25:40.123006: train_loss -0.9184
2026-08-05 21:25:40.123268: val_loss -0.7849
2026-08-05 21:25:40.123327: Pseudo dice [np.float32(0.726), np.float32(0.9395), np.float32(0.949)]
2026-08-05 21:25:40.123402: Epoch time: 40.64 s
2026-08-05 21:25:41.093151: 
2026-08-05 21:25:41.093489: Epoch 958
2026-08-05 21:25:41.093632: Current learning rate: 0.00058
2026-08-05 21:26:21.736605: train_loss -0.9196
2026-08-05 21:26:21.737428: val_loss -0.7682
2026-08-05 21:26:21.737584: Pseudo dice [np.float32(0.7135), np.float32(0.9325), np.float32(0.9505)]
2026-08-05 21:26:21.737737: Epoch time: 40.65 s
2026-08-05 21:26:22.655426: 
2026-08-05 21:26:22.655833: Epoch 959
2026-08-05 21:26:22.655988: Current learning rate: 0.00056
2026-08-05 21:27:03.185983: train_loss -0.9188
2026-08-05 21:27:03.186585: val_loss -0.7768
2026-08-05 21:27:03.186722: Pseudo dice [np.float32(0.7187), np.float32(0.9403), np.float32(0.9491)]
2026-08-05 21:27:03.186808: Epoch time: 40.53 s
2026-08-05 21:27:03.986187: 
2026-08-05 21:27:03.986438: Epoch 960
2026-08-05 21:27:03.986630: Current learning rate: 0.00055
2026-08-05 21:27:44.461314: train_loss -0.9188
2026-08-05 21:27:44.463082: val_loss -0.776
2026-08-05 21:27:44.463143: Pseudo dice [np.float32(0.7235), np.float32(0.9374), np.float32(0.9481)]
2026-08-05 21:27:44.463202: Epoch time: 40.48 s
2026-08-05 21:27:45.304197: 
2026-08-05 21:27:45.304502: Epoch 961
2026-08-05 21:27:45.304613: Current learning rate: 0.00054
2026-08-05 21:28:25.778925: train_loss -0.9196
2026-08-05 21:28:25.779366: val_loss -0.7676
2026-08-05 21:28:25.779437: Pseudo dice [np.float32(0.7126), np.float32(0.9358), np.float32(0.9461)]
2026-08-05 21:28:25.779532: Epoch time: 40.48 s
2026-08-05 21:28:26.774652: 
2026-08-05 21:28:26.774960: Epoch 962
2026-08-05 21:28:26.775210: Current learning rate: 0.00053
2026-08-05 21:29:06.903691: train_loss -0.9223
2026-08-05 21:29:07.075820: val_loss -0.7684
2026-08-05 21:29:07.076084: Pseudo dice [np.float32(0.7171), np.float32(0.9404), np.float32(0.9469)]
2026-08-05 21:29:07.076230: Epoch time: 40.13 s
2026-08-05 21:29:08.587504: 
2026-08-05 21:29:08.587976: Epoch 963
2026-08-05 21:29:08.588134: Current learning rate: 0.00051
2026-08-05 21:29:49.016237: train_loss -0.9216
2026-08-05 21:29:49.016788: val_loss -0.784
2026-08-05 21:29:49.016961: Pseudo dice [np.float32(0.7238), np.float32(0.9425), np.float32(0.9495)]
2026-08-05 21:29:49.017132: Epoch time: 40.43 s
2026-08-05 21:29:49.876709: 
2026-08-05 21:29:49.877044: Epoch 964
2026-08-05 21:29:49.877171: Current learning rate: 0.0005
2026-08-05 21:30:30.593209: train_loss -0.9212
2026-08-05 21:30:30.593467: val_loss -0.7727
2026-08-05 21:30:30.593533: Pseudo dice [np.float32(0.7137), np.float32(0.9346), np.float32(0.945)]
2026-08-05 21:30:30.593597: Epoch time: 40.72 s
2026-08-05 21:30:31.371567: 
2026-08-05 21:30:31.371833: Epoch 965
2026-08-05 21:30:31.372015: Current learning rate: 0.00049
2026-08-05 21:31:11.827759: train_loss -0.9224
2026-08-05 21:31:11.828005: val_loss -0.7804
2026-08-05 21:31:11.828055: Pseudo dice [np.float32(0.7275), np.float32(0.9391), np.float32(0.9505)]
2026-08-05 21:31:11.828120: Epoch time: 40.46 s
2026-08-05 21:31:12.612656: 
2026-08-05 21:31:12.613061: Epoch 966
2026-08-05 21:31:12.613238: Current learning rate: 0.00048
2026-08-05 21:31:53.437825: train_loss -0.9245
2026-08-05 21:31:53.438289: val_loss -0.7647
2026-08-05 21:31:53.438354: Pseudo dice [np.float32(0.7126), np.float32(0.9297), np.float32(0.9475)]
2026-08-05 21:31:53.624907: Epoch time: 40.83 s
2026-08-05 21:31:54.664854: 
2026-08-05 21:31:54.665225: Epoch 967
2026-08-05 21:31:54.665420: Current learning rate: 0.00046
2026-08-05 21:32:35.127637: train_loss -0.9194
2026-08-05 21:32:35.127989: val_loss -0.7789
2026-08-05 21:32:35.128044: Pseudo dice [np.float32(0.7209), np.float32(0.9374), np.float32(0.9491)]
2026-08-05 21:32:35.128112: Epoch time: 40.47 s
2026-08-05 21:32:37.070362: 
2026-08-05 21:32:37.070618: Epoch 968
2026-08-05 21:32:37.070738: Current learning rate: 0.00045
2026-08-05 21:33:17.392872: train_loss -0.9214
2026-08-05 21:33:17.393270: val_loss -0.7664
2026-08-05 21:33:17.393327: Pseudo dice [np.float32(0.7163), np.float32(0.9378), np.float32(0.9459)]
2026-08-05 21:33:17.393395: Epoch time: 40.33 s
2026-08-05 21:33:18.264323: 
2026-08-05 21:33:18.264678: Epoch 969
2026-08-05 21:33:18.264807: Current learning rate: 0.00044
2026-08-05 21:33:58.630954: train_loss -0.9217
2026-08-05 21:33:58.631142: val_loss -0.7812
2026-08-05 21:33:58.631195: Pseudo dice [np.float32(0.7231), np.float32(0.9368), np.float32(0.9494)]
2026-08-05 21:33:58.631367: Epoch time: 40.37 s
2026-08-05 21:34:00.213364: 
2026-08-05 21:34:00.213774: Epoch 970
2026-08-05 21:34:00.213912: Current learning rate: 0.00043
2026-08-05 21:34:41.053167: train_loss -0.9197
2026-08-05 21:34:41.053406: val_loss -0.7664
2026-08-05 21:34:41.053464: Pseudo dice [np.float32(0.7073), np.float32(0.9362), np.float32(0.948)]
2026-08-05 21:34:41.053525: Epoch time: 40.84 s
2026-08-05 21:34:41.897742: 
2026-08-05 21:34:41.897967: Epoch 971
2026-08-05 21:34:41.898262: Current learning rate: 0.00041
2026-08-05 21:35:22.462497: train_loss -0.9191
2026-08-05 21:35:22.462839: val_loss -0.7756
2026-08-05 21:35:22.462914: Pseudo dice [np.float32(0.7201), np.float32(0.9353), np.float32(0.951)]
2026-08-05 21:35:22.463074: Epoch time: 40.57 s
2026-08-05 21:35:23.493377: 
2026-08-05 21:35:23.493841: Epoch 972
2026-08-05 21:35:23.494019: Current learning rate: 0.0004
2026-08-05 21:36:03.543762: train_loss -0.9215
2026-08-05 21:36:03.544159: val_loss -0.7683
2026-08-05 21:36:03.544317: Pseudo dice [np.float32(0.711), np.float32(0.9353), np.float32(0.9441)]
2026-08-05 21:36:03.544606: Epoch time: 40.05 s
2026-08-05 21:36:04.473683: 
2026-08-05 21:36:04.474023: Epoch 973
2026-08-05 21:36:04.474173: Current learning rate: 0.00039
2026-08-05 21:36:45.012916: train_loss -0.9213
2026-08-05 21:36:45.013168: val_loss -0.7797
2026-08-05 21:36:45.013235: Pseudo dice [np.float32(0.7267), np.float32(0.9356), np.float32(0.951)]
2026-08-05 21:36:45.013341: Epoch time: 40.54 s
2026-08-05 21:36:45.959743: 
2026-08-05 21:36:45.960016: Epoch 974
2026-08-05 21:36:45.960171: Current learning rate: 0.00037
2026-08-05 21:37:26.243091: train_loss -0.9202
2026-08-05 21:37:26.244118: val_loss -0.7802
2026-08-05 21:37:26.244597: Pseudo dice [np.float32(0.7274), np.float32(0.9364), np.float32(0.95)]
2026-08-05 21:37:26.244866: Epoch time: 40.29 s
2026-08-05 21:37:27.086372: 
2026-08-05 21:37:27.086717: Epoch 975
2026-08-05 21:37:27.086836: Current learning rate: 0.00036
2026-08-05 21:38:07.689951: train_loss -0.9192
2026-08-05 21:38:07.690291: val_loss -0.7741
2026-08-05 21:38:07.690351: Pseudo dice [np.float32(0.7125), np.float32(0.9373), np.float32(0.9478)]
2026-08-05 21:38:07.690428: Epoch time: 40.61 s
2026-08-05 21:38:08.526968: 
2026-08-05 21:38:08.527347: Epoch 976
2026-08-05 21:38:08.527529: Current learning rate: 0.00035
2026-08-05 21:38:50.164765: train_loss -0.9233
2026-08-05 21:38:50.164975: val_loss -0.7757
2026-08-05 21:38:50.165028: Pseudo dice [np.float32(0.7115), np.float32(0.9391), np.float32(0.9484)]
2026-08-05 21:38:50.165088: Epoch time: 41.64 s
2026-08-05 21:38:50.978945: 
2026-08-05 21:38:50.979420: Epoch 977
2026-08-05 21:38:50.979536: Current learning rate: 0.00034
2026-08-05 21:39:31.723780: train_loss -0.9234
2026-08-05 21:39:31.724212: val_loss -0.7663
2026-08-05 21:39:31.724272: Pseudo dice [np.float32(0.7109), np.float32(0.9342), np.float32(0.9439)]
2026-08-05 21:39:31.724347: Epoch time: 40.75 s
2026-08-05 21:39:32.594954: 
2026-08-05 21:39:32.595397: Epoch 978
2026-08-05 21:39:32.595579: Current learning rate: 0.00032
2026-08-05 21:40:13.655522: train_loss -0.9234
2026-08-05 21:40:13.655937: val_loss -0.7665
2026-08-05 21:40:13.656070: Pseudo dice [np.float32(0.7139), np.float32(0.9317), np.float32(0.9508)]
2026-08-05 21:40:13.656254: Epoch time: 41.06 s
2026-08-05 21:40:14.514726: 
2026-08-05 21:40:14.515142: Epoch 979
2026-08-05 21:40:14.515259: Current learning rate: 0.00031
2026-08-05 21:40:55.388417: train_loss -0.9218
2026-08-05 21:40:55.388728: val_loss -0.7731
2026-08-05 21:40:55.388794: Pseudo dice [np.float32(0.7149), np.float32(0.9325), np.float32(0.9478)]
2026-08-05 21:40:55.388881: Epoch time: 40.88 s
2026-08-05 21:40:56.250026: 
2026-08-05 21:40:56.250434: Epoch 980
2026-08-05 21:40:56.250550: Current learning rate: 0.0003
2026-08-05 21:41:36.414415: train_loss -0.9233
2026-08-05 21:41:36.414776: val_loss -0.7716
2026-08-05 21:41:36.414840: Pseudo dice [np.float32(0.716), np.float32(0.9315), np.float32(0.9489)]
2026-08-05 21:41:36.414930: Epoch time: 40.17 s
2026-08-05 21:41:37.411359: 
2026-08-05 21:41:37.411958: Epoch 981
2026-08-05 21:41:37.412188: Current learning rate: 0.00028
2026-08-05 21:42:18.056261: train_loss -0.9234
2026-08-05 21:42:18.056931: val_loss -0.7745
2026-08-05 21:42:18.057004: Pseudo dice [np.float32(0.7171), np.float32(0.9346), np.float32(0.9471)]
2026-08-05 21:42:18.057091: Epoch time: 40.65 s
2026-08-05 21:42:18.887339: 
2026-08-05 21:42:18.887632: Epoch 982
2026-08-05 21:42:18.887770: Current learning rate: 0.00027
2026-08-05 21:42:59.770107: train_loss -0.9213
2026-08-05 21:42:59.786968: val_loss -0.7683
2026-08-05 21:42:59.787049: Pseudo dice [np.float32(0.7168), np.float32(0.938), np.float32(0.9479)]
2026-08-05 21:42:59.787117: Epoch time: 40.89 s
2026-08-05 21:43:00.583213: 
2026-08-05 21:43:00.583614: Epoch 983
2026-08-05 21:43:00.583803: Current learning rate: 0.00026
2026-08-05 21:43:41.571368: train_loss -0.924
2026-08-05 21:43:42.055737: val_loss -0.7853
2026-08-05 21:43:42.055911: Pseudo dice [np.float32(0.722), np.float32(0.9398), np.float32(0.9476)]
2026-08-05 21:43:42.056015: Epoch time: 40.99 s
2026-08-05 21:43:42.890157: 
2026-08-05 21:43:42.890490: Epoch 984
2026-08-05 21:43:42.890610: Current learning rate: 0.00024
2026-08-05 21:44:23.205739: train_loss -0.9227
2026-08-05 21:44:23.206161: val_loss -0.7733
2026-08-05 21:44:23.206232: Pseudo dice [np.float32(0.7208), np.float32(0.9386), np.float32(0.9478)]
2026-08-05 21:44:23.206311: Epoch time: 40.32 s
2026-08-05 21:44:24.268543: 
2026-08-05 21:44:24.268820: Epoch 985
2026-08-05 21:44:24.268979: Current learning rate: 0.00023
2026-08-05 21:45:04.642642: train_loss -0.9234
2026-08-05 21:45:04.642889: val_loss -0.7736
2026-08-05 21:45:04.642952: Pseudo dice [np.float32(0.7145), np.float32(0.9365), np.float32(0.9459)]
2026-08-05 21:45:04.643012: Epoch time: 40.38 s
2026-08-05 21:45:05.449041: 
2026-08-05 21:45:05.449373: Epoch 986
2026-08-05 21:45:05.449640: Current learning rate: 0.00021
2026-08-05 21:45:46.506941: train_loss -0.9226
2026-08-05 21:45:46.507331: val_loss -0.7793
2026-08-05 21:45:46.507407: Pseudo dice [np.float32(0.7283), np.float32(0.9372), np.float32(0.9495)]
2026-08-05 21:45:46.507481: Epoch time: 41.06 s
2026-08-05 21:45:47.296454: 
2026-08-05 21:45:47.296762: Epoch 987
2026-08-05 21:45:47.296941: Current learning rate: 0.0002
2026-08-05 21:46:28.200075: train_loss -0.921
2026-08-05 21:46:28.200404: val_loss -0.7692
2026-08-05 21:46:28.200458: Pseudo dice [np.float32(0.7154), np.float32(0.9391), np.float32(0.9469)]
2026-08-05 21:46:28.200531: Epoch time: 40.91 s
2026-08-05 21:46:29.013083: 
2026-08-05 21:46:29.013366: Epoch 988
2026-08-05 21:46:29.013560: Current learning rate: 0.00019
2026-08-05 21:47:09.745322: train_loss -0.9213
2026-08-05 21:47:09.745780: val_loss -0.7914
2026-08-05 21:47:09.745852: Pseudo dice [np.float32(0.7369), np.float32(0.9437), np.float32(0.9523)]
2026-08-05 21:47:09.745967: Epoch time: 40.74 s
2026-08-05 21:47:10.658666: 
2026-08-05 21:47:10.659257: Epoch 989
2026-08-05 21:47:10.659412: Current learning rate: 0.00017
2026-08-05 21:47:51.065100: train_loss -0.9217
2026-08-05 21:47:51.077744: val_loss -0.7715
2026-08-05 21:47:51.077865: Pseudo dice [np.float32(0.7079), np.float32(0.9352), np.float32(0.9466)]
2026-08-05 21:47:51.078008: Epoch time: 40.41 s
2026-08-05 21:47:52.902095: 
2026-08-05 21:47:52.902578: Epoch 990
2026-08-05 21:47:52.902703: Current learning rate: 0.00016
2026-08-05 21:48:33.880359: train_loss -0.9247
2026-08-05 21:48:33.954757: val_loss -0.7688
2026-08-05 21:48:33.954974: Pseudo dice [np.float32(0.7159), np.float32(0.941), np.float32(0.9446)]
2026-08-05 21:48:33.955089: Epoch time: 40.98 s
2026-08-05 21:48:34.938838: 
2026-08-05 21:48:34.939398: Epoch 991
2026-08-05 21:48:34.939551: Current learning rate: 0.00014
2026-08-05 21:49:15.245793: train_loss -0.9247
2026-08-05 21:49:15.245988: val_loss -0.7709
2026-08-05 21:49:15.246040: Pseudo dice [np.float32(0.7138), np.float32(0.9347), np.float32(0.945)]
2026-08-05 21:49:15.246111: Epoch time: 40.31 s
2026-08-05 21:49:16.049777: 
2026-08-05 21:49:16.050312: Epoch 992
2026-08-05 21:49:16.050537: Current learning rate: 0.00013
2026-08-05 21:49:56.476827: train_loss -0.9242
2026-08-05 21:49:56.477193: val_loss -0.7766
2026-08-05 21:49:56.477248: Pseudo dice [np.float32(0.7275), np.float32(0.9372), np.float32(0.9488)]
2026-08-05 21:49:56.477319: Epoch time: 40.43 s
2026-08-05 21:49:57.296054: 
2026-08-05 21:49:57.296346: Epoch 993
2026-08-05 21:49:57.296505: Current learning rate: 0.00011
2026-08-05 21:50:37.691623: train_loss -0.9247
2026-08-05 21:50:37.691873: val_loss -0.7812
2026-08-05 21:50:37.692019: Pseudo dice [np.float32(0.7281), np.float32(0.9388), np.float32(0.9514)]
2026-08-05 21:50:37.692081: Epoch time: 40.4 s
2026-08-05 21:50:38.451113: 
2026-08-05 21:50:38.451395: Epoch 994
2026-08-05 21:50:38.451602: Current learning rate: 0.0001
2026-08-05 21:51:18.780828: train_loss -0.9206
2026-08-05 21:51:18.781082: val_loss -0.7717
2026-08-05 21:51:18.781139: Pseudo dice [np.float32(0.7165), np.float32(0.9373), np.float32(0.9457)]
2026-08-05 21:51:18.781205: Epoch time: 40.33 s
2026-08-05 21:51:19.788332: 
2026-08-05 21:51:19.788662: Epoch 995
2026-08-05 21:51:19.789052: Current learning rate: 8e-05
2026-08-05 21:52:00.546062: train_loss -0.9247
2026-08-05 21:52:00.546756: val_loss -0.7638
2026-08-05 21:52:00.546852: Pseudo dice [np.float32(0.7148), np.float32(0.9369), np.float32(0.9453)]
2026-08-05 21:52:00.546967: Epoch time: 40.76 s
2026-08-05 21:52:01.354781: 
2026-08-05 21:52:01.355159: Epoch 996
2026-08-05 21:52:01.355382: Current learning rate: 7e-05
2026-08-05 21:52:42.517699: train_loss -0.9236
2026-08-05 21:52:42.543094: val_loss -0.7737
2026-08-05 21:52:42.543202: Pseudo dice [np.float32(0.7153), np.float32(0.9399), np.float32(0.9461)]
2026-08-05 21:52:42.543269: Epoch time: 41.17 s
2026-08-05 21:52:43.300339: 
2026-08-05 21:52:43.300675: Epoch 997
2026-08-05 21:52:43.300831: Current learning rate: 5e-05
2026-08-05 21:53:23.734271: train_loss -0.9213
2026-08-05 21:53:23.734873: val_loss -0.779
2026-08-05 21:53:23.735036: Pseudo dice [np.float32(0.7271), np.float32(0.9399), np.float32(0.9484)]
2026-08-05 21:53:23.735152: Epoch time: 40.44 s
2026-08-05 21:53:24.514880: 
2026-08-05 21:53:24.515188: Epoch 998
2026-08-05 21:53:24.515334: Current learning rate: 4e-05
2026-08-05 21:54:04.995175: train_loss -0.9262
2026-08-05 21:54:05.025317: val_loss -0.7588
2026-08-05 21:54:05.025465: Pseudo dice [np.float32(0.7056), np.float32(0.9355), np.float32(0.9457)]
2026-08-05 21:54:05.025584: Epoch time: 40.48 s
2026-08-05 21:54:05.884240: 
2026-08-05 21:54:05.884622: Epoch 999
2026-08-05 21:54:05.884737: Current learning rate: 2e-05
2026-08-05 21:54:46.392141: train_loss -0.9224
2026-08-05 21:54:46.825191: val_loss -0.7606
2026-08-05 21:54:46.825420: Pseudo dice [np.float32(0.706), np.float32(0.9368), np.float32(0.9426)]
2026-08-05 21:54:46.825554: Epoch time: 40.51 s
2026-08-05 21:54:54.520183: Training done.
2026-08-05 21:54:56.026658: Using splits from existing split file: /data1/youyou/workplace/nnUNet_quml/nnUNet_preprocessed/Dataset073_MBAS/splits_final.json
2026-08-05 21:54:56.252327: The split file contains 5 splits.
2026-08-05 21:54:56.252491: Desired fold for training: 3
2026-08-05 21:54:56.252556: This split has 56 training and 14 validation cases.
2026-08-05 21:54:56.252785: predicting MBAS_008
2026-08-05 21:54:56.423417: MBAS_008, shape torch.Size([1, 44, 638, 638]), rank 0
2026-08-05 21:55:15.637492: predicting MBAS_010
2026-08-05 21:55:16.099935: MBAS_010, shape torch.Size([1, 44, 573, 574]), rank 0
2026-08-05 21:55:26.508136: predicting MBAS_011
2026-08-05 21:55:26.587150: MBAS_011, shape torch.Size([1, 44, 574, 574]), rank 0
2026-08-05 21:55:37.000667: predicting MBAS_012
2026-08-05 21:55:37.065247: MBAS_012, shape torch.Size([1, 44, 574, 574]), rank 0
2026-08-05 21:55:47.442969: predicting MBAS_014
2026-08-05 21:55:47.574199: MBAS_014, shape torch.Size([1, 44, 574, 574]), rank 0
2026-08-05 21:55:57.989824: predicting MBAS_017
2026-08-05 21:56:00.724473: MBAS_017, shape torch.Size([1, 44, 638, 638]), rank 0
2026-08-05 21:56:11.237565: predicting MBAS_018
2026-08-05 21:56:11.652859: MBAS_018, shape torch.Size([1, 44, 638, 638]), rank 0
2026-08-05 21:56:22.140044: predicting MBAS_019
2026-08-05 21:56:22.599102: MBAS_019, shape torch.Size([1, 44, 638, 638]), rank 0
2026-08-05 21:56:33.105083: predicting MBAS_024
2026-08-05 21:56:33.454272: MBAS_024, shape torch.Size([1, 44, 638, 638]), rank 0
2026-08-05 21:56:43.944498: predicting MBAS_039
2026-08-05 21:56:46.326842: MBAS_039, shape torch.Size([1, 44, 574, 574]), rank 0
2026-08-05 21:56:56.765030: predicting MBAS_040
2026-08-05 21:56:57.613358: MBAS_040, shape torch.Size([1, 44, 638, 638]), rank 0
2026-08-05 21:57:08.100601: predicting MBAS_044
2026-08-05 21:57:08.232477: MBAS_044, shape torch.Size([1, 44, 638, 638]), rank 0
2026-08-05 21:57:18.718421: predicting MBAS_051
2026-08-05 21:57:20.931351: MBAS_051, shape torch.Size([1, 44, 574, 574]), rank 0
2026-08-05 21:57:31.400481: predicting MBAS_063
2026-08-05 21:57:32.196146: MBAS_063, shape torch.Size([1, 44, 574, 574]), rank 0
2026-08-05 21:58:30.990305: Validation complete
2026-08-05 21:58:30.990457: Mean Validation Dice:  0.8626698764017027
