Using device: cuda:0

#######################################################################
Please cite the following paper when using nnU-Net:
Isensee, F., Jaeger, P. F., Kohl, S. A., Petersen, J., & Maier-Hein, K. H. (2021). nnU-Net: a self-configuring method for deep learning-based biomedical image segmentation. Nature methods, 18(2), 203-211.
#######################################################################

2026-08-05 09:47:47.013329: Using torch.compile...
2026-08-05 09:47:47.684184: do_dummy_2d_data_aug: True
2026-08-05 09:47:47.684666: Creating new 5-fold cross-validation split...
2026-08-05 09:47:47.689485: Desired fold for training: 0
2026-08-05 09:47:47.689575: This split has 56 training and 14 validation cases.
using pin_memory on device 0
using pin_memory on device 0

This is the configuration used by this training:
Configuration name: 3d_fullres
 {'data_identifier': 'nnUNetPlans_3d_fullres', 'preprocessor_name': 'DefaultPreprocessor', 'batch_size': 2, 'patch_size': [20, 256, 256], 'median_image_size_in_voxels': [44.0, 592.5, 581.0], 'spacing': [2.5, 0.625, 0.625], 'normalization_schemes': ['ZScoreNormalization'], 'use_mask_for_norm': [False], 'resampling_fn_data': 'resample_data_or_seg_to_shape', 'resampling_fn_seg': 'resample_data_or_seg_to_shape', 'resampling_fn_data_kwargs': {'is_seg': False, 'order': 3, 'order_z': 0, 'force_separate_z': None}, 'resampling_fn_seg_kwargs': {'is_seg': True, 'order': 1, 'order_z': 0, 'force_separate_z': None}, 'resampling_fn_probabilities': 'resample_data_or_seg_to_shape', 'resampling_fn_probabilities_kwargs': {'is_seg': False, 'order': 1, 'order_z': 0, 'force_separate_z': None}, 'architecture': {'network_class_name': 'dynamic_network_architectures.architectures.unet.ResidualEncoderUNet', 'arch_kwargs': {'n_stages': 7, 'features_per_stage': [32, 64, 128, 256, 320, 320, 320], 'conv_op': 'torch.nn.modules.conv.Conv3d', 'kernel_sizes': [[1, 3, 3], [1, 3, 3], [3, 3, 3], [3, 3, 3], [3, 3, 3], [3, 3, 3], [3, 3, 3]], 'strides': [[1, 1, 1], [1, 2, 2], [1, 2, 2], [2, 2, 2], [2, 2, 2], [1, 2, 2], [1, 2, 2]], 'n_blocks_per_stage': [1, 3, 4, 6, 6, 6, 6], 'n_conv_per_stage_decoder': [1, 1, 1, 1, 1, 1], 'conv_bias': True, 'norm_op': 'torch.nn.modules.instancenorm.InstanceNorm3d', 'norm_op_kwargs': {'eps': 1e-05, 'affine': True}, 'dropout_op': None, 'dropout_op_kwargs': None, 'nonlin': 'torch.nn.LeakyReLU', 'nonlin_kwargs': {'inplace': True}}, '_kw_requires_import': ['conv_op', 'norm_op', 'dropout_op', 'nonlin']}, 'batch_dice': True} 

These are the global plan.json settings:
 {'dataset_name': 'Dataset073_MBAS', 'plans_name': 'nnUNetResEncUNetMPlans', 'original_median_spacing_after_transp': [2.5, 0.625, 0.625], 'original_median_shape_after_transp': [44, 592, 581], 'image_reader_writer': 'SimpleITKIO', 'transpose_forward': [0, 1, 2], 'transpose_backward': [0, 1, 2], 'experiment_planner_used': 'nnUNetPlannerResEncM', 'label_manager': 'LabelManager', 'foreground_intensity_properties_per_channel': {'0': {'max': 2101.0, 'mean': 362.0030822753906, 'median': 305.0, 'min': 0.0, 'percentile_00_5': 21.0, 'percentile_99_5': 1399.0, 'std': 260.2959289550781}}} 

2026-08-05 09:48:01.061023: Unable to plot network architecture: nnUNet_compile is enabled!
2026-08-05 09:48:01.099612: 
2026-08-05 09:48:01.099819: Epoch 0
2026-08-05 09:48:01.100183: Current learning rate: 0.01
2026-08-05 09:49:04.918361: train_loss 0.2669
2026-08-05 09:49:04.980479: val_loss 0.1409
2026-08-05 09:49:04.980574: Pseudo dice [np.float32(0.0), np.float32(0.0), np.float32(0.3398)]
2026-08-05 09:49:04.980632: Epoch time: 63.83 s
2026-08-05 09:49:04.980671: Yayy! New best EMA pseudo Dice: 0.11330000311136246
2026-08-05 09:49:20.386741: 
2026-08-05 09:49:20.387115: Epoch 1
2026-08-05 09:49:20.387224: Current learning rate: 0.00999
2026-08-05 09:50:01.537984: train_loss 0.0564
2026-08-05 09:50:01.538467: val_loss -0.0692
2026-08-05 09:50:01.538573: Pseudo dice [np.float32(0.0), np.float32(0.0), np.float32(0.6813)]
2026-08-05 09:50:01.538669: Epoch time: 41.15 s
2026-08-05 09:50:01.538817: Yayy! New best EMA pseudo Dice: 0.12470000237226486
2026-08-05 09:50:13.020958: 
2026-08-05 09:50:13.021257: Epoch 2
2026-08-05 09:50:13.021377: Current learning rate: 0.00998
2026-08-05 09:50:53.854560: train_loss -0.1119
2026-08-05 09:50:53.854932: val_loss -0.2552
2026-08-05 09:50:53.855172: Pseudo dice [np.float32(0.3218), np.float32(0.543), np.float32(0.7309)]
2026-08-05 09:50:53.855331: Epoch time: 40.84 s
2026-08-05 09:50:53.855554: Yayy! New best EMA pseudo Dice: 0.16539999842643738
2026-08-05 09:51:05.940134: 
2026-08-05 09:51:05.940548: Epoch 3
2026-08-05 09:51:05.940639: Current learning rate: 0.00997
2026-08-05 09:51:47.191610: train_loss -0.2506
2026-08-05 09:51:47.192237: val_loss -0.3671
2026-08-05 09:51:47.192374: Pseudo dice [np.float32(0.3882), np.float32(0.6417), np.float32(0.7854)]
2026-08-05 09:51:47.192503: Epoch time: 41.25 s
2026-08-05 09:51:47.192590: Yayy! New best EMA pseudo Dice: 0.2092999964952469
2026-08-05 09:51:56.657054: 
2026-08-05 09:51:56.657464: Epoch 4
2026-08-05 09:51:56.657588: Current learning rate: 0.00996
2026-08-05 09:52:38.147388: train_loss -0.3204
2026-08-05 09:52:38.148102: val_loss -0.3871
2026-08-05 09:52:38.148236: Pseudo dice [np.float32(0.4488), np.float32(0.6504), np.float32(0.7963)]
2026-08-05 09:52:38.148374: Epoch time: 41.49 s
2026-08-05 09:52:38.148463: Yayy! New best EMA pseudo Dice: 0.2515999972820282
2026-08-05 09:52:47.935401: 
2026-08-05 09:52:47.935929: Epoch 5
2026-08-05 09:52:47.936291: Current learning rate: 0.00995
2026-08-05 09:53:29.505256: train_loss -0.3683
2026-08-05 09:53:29.507875: val_loss -0.4293
2026-08-05 09:53:29.508604: Pseudo dice [np.float32(0.4704), np.float32(0.7269), np.float32(0.7959)]
2026-08-05 09:53:29.508955: Epoch time: 41.57 s
2026-08-05 09:53:29.509282: Yayy! New best EMA pseudo Dice: 0.2928999960422516
2026-08-05 09:53:40.620655: 
2026-08-05 09:53:40.621109: Epoch 6
2026-08-05 09:53:40.621276: Current learning rate: 0.00995
2026-08-05 09:54:21.858172: train_loss -0.4232
2026-08-05 09:54:21.858668: val_loss -0.4847
2026-08-05 09:54:21.858800: Pseudo dice [np.float32(0.498), np.float32(0.7024), np.float32(0.8327)]
2026-08-05 09:54:21.858952: Epoch time: 41.24 s
2026-08-05 09:54:21.859043: Yayy! New best EMA pseudo Dice: 0.3314000070095062
2026-08-05 09:54:31.607916: 
2026-08-05 09:54:31.608348: Epoch 7
2026-08-05 09:54:31.608510: Current learning rate: 0.00994
2026-08-05 09:55:13.064190: train_loss -0.4876
2026-08-05 09:55:13.128554: val_loss -0.5688
2026-08-05 09:55:13.128703: Pseudo dice [np.float32(0.5326), np.float32(0.8092), np.float32(0.8375)]
2026-08-05 09:55:13.128816: Epoch time: 41.46 s
2026-08-05 09:55:13.128886: Yayy! New best EMA pseudo Dice: 0.3709000051021576
2026-08-05 09:55:23.763923: 
2026-08-05 09:55:23.764311: Epoch 8
2026-08-05 09:55:23.764428: Current learning rate: 0.00993
2026-08-05 09:56:05.050638: train_loss -0.4961
2026-08-05 09:56:05.050988: val_loss -0.5437
2026-08-05 09:56:05.051045: Pseudo dice [np.float32(0.5336), np.float32(0.791), np.float32(0.8292)]
2026-08-05 09:56:05.051109: Epoch time: 41.29 s
2026-08-05 09:56:05.051147: Yayy! New best EMA pseudo Dice: 0.40560001134872437
2026-08-05 09:56:28.808056: 
2026-08-05 09:56:28.808583: Epoch 9
2026-08-05 09:56:28.808707: Current learning rate: 0.00992
2026-08-05 09:57:11.274887: train_loss -0.5304
2026-08-05 09:57:11.275382: val_loss -0.5822
2026-08-05 09:57:11.275557: Pseudo dice [np.float32(0.5552), np.float32(0.8303), np.float32(0.8568)]
2026-08-05 09:57:11.275668: Epoch time: 42.47 s
2026-08-05 09:57:11.275739: Yayy! New best EMA pseudo Dice: 0.4397999942302704
2026-08-05 09:57:22.122372: 
2026-08-05 09:57:22.122835: Epoch 10
2026-08-05 09:57:22.122970: Current learning rate: 0.00991
2026-08-05 09:58:03.779141: train_loss -0.5401
2026-08-05 09:58:03.780421: val_loss -0.6191
2026-08-05 09:58:03.780574: Pseudo dice [np.float32(0.5826), np.float32(0.8537), np.float32(0.8609)]
2026-08-05 09:58:03.780766: Epoch time: 41.66 s
2026-08-05 09:58:03.780864: Yayy! New best EMA pseudo Dice: 0.4724000096321106
2026-08-05 09:58:09.912705: 
2026-08-05 09:58:09.913184: Epoch 11
2026-08-05 09:58:09.913322: Current learning rate: 0.0099
2026-08-05 09:58:51.524589: train_loss -0.566
2026-08-05 09:58:51.588406: val_loss -0.6455
2026-08-05 09:58:51.588712: Pseudo dice [np.float32(0.6081), np.float32(0.8622), np.float32(0.8773)]
2026-08-05 09:58:51.588850: Epoch time: 41.61 s
2026-08-05 09:58:51.588962: Yayy! New best EMA pseudo Dice: 0.5034000277519226
2026-08-05 09:59:19.130296: 
2026-08-05 09:59:19.130639: Epoch 12
2026-08-05 09:59:19.130755: Current learning rate: 0.00989
2026-08-05 10:00:00.701122: train_loss -0.5758
2026-08-05 10:00:01.109655: val_loss -0.6068
2026-08-05 10:00:01.109972: Pseudo dice [np.float32(0.5781), np.float32(0.8495), np.float32(0.8611)]
2026-08-05 10:00:01.110135: Epoch time: 41.57 s
2026-08-05 10:00:01.110231: Yayy! New best EMA pseudo Dice: 0.5292999744415283
2026-08-05 10:00:29.426915: 
2026-08-05 10:00:29.427352: Epoch 13
2026-08-05 10:00:29.427472: Current learning rate: 0.00988
2026-08-05 10:01:10.977501: train_loss -0.604
2026-08-05 10:01:11.102432: val_loss -0.663
2026-08-05 10:01:11.102838: Pseudo dice [np.float32(0.6121), np.float32(0.8795), np.float32(0.8841)]
2026-08-05 10:01:11.103089: Epoch time: 41.55 s
2026-08-05 10:01:11.103322: Yayy! New best EMA pseudo Dice: 0.5555999875068665
2026-08-05 10:01:39.881027: 
2026-08-05 10:01:39.881460: Epoch 14
2026-08-05 10:01:39.881588: Current learning rate: 0.00987
2026-08-05 10:02:21.716031: train_loss -0.6138
2026-08-05 10:02:21.716966: val_loss -0.6476
2026-08-05 10:02:21.717212: Pseudo dice [np.float32(0.6081), np.float32(0.8518), np.float32(0.8818)]
2026-08-05 10:02:21.717381: Epoch time: 41.84 s
2026-08-05 10:02:21.717474: Yayy! New best EMA pseudo Dice: 0.5781000256538391
2026-08-05 10:02:48.068887: 
2026-08-05 10:02:48.069340: Epoch 15
2026-08-05 10:02:48.069469: Current learning rate: 0.00986
2026-08-05 10:03:30.187983: train_loss -0.6041
2026-08-05 10:03:30.188682: val_loss -0.6082
2026-08-05 10:03:30.188830: Pseudo dice [np.float32(0.573), np.float32(0.8205), np.float32(0.8897)]
2026-08-05 10:03:30.188997: Epoch time: 42.12 s
2026-08-05 10:03:30.189093: Yayy! New best EMA pseudo Dice: 0.5964000225067139
2026-08-05 10:03:50.294343: 
2026-08-05 10:03:50.294937: Epoch 16
2026-08-05 10:03:50.295062: Current learning rate: 0.00986
2026-08-05 10:04:31.817102: train_loss -0.6137
2026-08-05 10:04:31.817662: val_loss -0.6876
2026-08-05 10:04:31.817859: Pseudo dice [np.float32(0.6188), np.float32(0.8832), np.float32(0.9002)]
2026-08-05 10:04:31.818029: Epoch time: 41.53 s
2026-08-05 10:04:31.818124: Yayy! New best EMA pseudo Dice: 0.6168000102043152
2026-08-05 10:04:48.244571: 
2026-08-05 10:04:48.245072: Epoch 17
2026-08-05 10:04:48.245217: Current learning rate: 0.00985
2026-08-05 10:05:29.524999: train_loss -0.6441
2026-08-05 10:05:29.525878: val_loss -0.654
2026-08-05 10:05:29.526054: Pseudo dice [np.float32(0.6071), np.float32(0.8455), np.float32(0.8923)]
2026-08-05 10:05:29.526200: Epoch time: 41.28 s
2026-08-05 10:05:29.526290: Yayy! New best EMA pseudo Dice: 0.6333000063896179
2026-08-05 10:05:47.906710: 
2026-08-05 10:05:47.907035: Epoch 18
2026-08-05 10:05:47.907234: Current learning rate: 0.00984
2026-08-05 10:06:29.111532: train_loss -0.6483
2026-08-05 10:06:29.112118: val_loss -0.6729
2026-08-05 10:06:29.112334: Pseudo dice [np.float32(0.6484), np.float32(0.861), np.float32(0.8998)]
2026-08-05 10:06:29.112480: Epoch time: 41.21 s
2026-08-05 10:06:29.112569: Yayy! New best EMA pseudo Dice: 0.6503000259399414
2026-08-05 10:06:40.623755: 
2026-08-05 10:06:40.624295: Epoch 19
2026-08-05 10:06:40.624415: Current learning rate: 0.00983
2026-08-05 10:07:22.109241: train_loss -0.6632
2026-08-05 10:07:22.109724: val_loss -0.6774
2026-08-05 10:07:22.109852: Pseudo dice [np.float32(0.6312), np.float32(0.8739), np.float32(0.8955)]
2026-08-05 10:07:22.110124: Epoch time: 41.49 s
2026-08-05 10:07:22.110220: Yayy! New best EMA pseudo Dice: 0.6653000116348267
2026-08-05 10:07:28.360384: 
2026-08-05 10:07:28.360911: Epoch 20
2026-08-05 10:07:28.361006: Current learning rate: 0.00982
2026-08-05 10:08:09.560698: train_loss -0.6722
2026-08-05 10:08:09.561076: val_loss -0.6991
2026-08-05 10:08:09.561261: Pseudo dice [np.float32(0.6442), np.float32(0.8847), np.float32(0.8948)]
2026-08-05 10:08:09.561326: Epoch time: 41.2 s
2026-08-05 10:08:09.561364: Yayy! New best EMA pseudo Dice: 0.6794999837875366
2026-08-05 10:08:18.626960: 
2026-08-05 10:08:18.627814: Epoch 21
2026-08-05 10:08:18.628008: Current learning rate: 0.00981
2026-08-05 10:08:59.851011: train_loss -0.6739
2026-08-05 10:08:59.851223: val_loss -0.6861
2026-08-05 10:08:59.851275: Pseudo dice [np.float32(0.6298), np.float32(0.885), np.float32(0.8916)]
2026-08-05 10:08:59.851336: Epoch time: 41.23 s
2026-08-05 10:08:59.851477: Yayy! New best EMA pseudo Dice: 0.6917999982833862
2026-08-05 10:09:06.694696: 
2026-08-05 10:09:06.695159: Epoch 22
2026-08-05 10:09:06.695250: Current learning rate: 0.0098
2026-08-05 10:09:47.874831: train_loss -0.6708
2026-08-05 10:09:47.875263: val_loss -0.7022
2026-08-05 10:09:47.875365: Pseudo dice [np.float32(0.629), np.float32(0.8815), np.float32(0.8984)]
2026-08-05 10:09:47.875600: Epoch time: 41.18 s
2026-08-05 10:09:47.875714: Yayy! New best EMA pseudo Dice: 0.7028999924659729
2026-08-05 10:09:56.760013: 
2026-08-05 10:09:56.760687: Epoch 23
2026-08-05 10:09:56.760840: Current learning rate: 0.00979
2026-08-05 10:10:38.679702: train_loss -0.6811
2026-08-05 10:10:38.680388: val_loss -0.7002
2026-08-05 10:10:38.680541: Pseudo dice [np.float32(0.6566), np.float32(0.8864), np.float32(0.9019)]
2026-08-05 10:10:38.680677: Epoch time: 41.92 s
2026-08-05 10:10:38.680767: Yayy! New best EMA pseudo Dice: 0.7141000032424927
2026-08-05 10:10:50.497874: 
2026-08-05 10:10:50.498329: Epoch 24
2026-08-05 10:10:50.498421: Current learning rate: 0.00978
2026-08-05 10:11:31.835465: train_loss -0.6592
2026-08-05 10:11:31.836129: val_loss -0.692
2026-08-05 10:11:31.836261: Pseudo dice [np.float32(0.6356), np.float32(0.8955), np.float32(0.895)]
2026-08-05 10:11:31.836387: Epoch time: 41.34 s
2026-08-05 10:11:31.836473: Yayy! New best EMA pseudo Dice: 0.7235999703407288
2026-08-05 10:11:37.939135: 
2026-08-05 10:11:37.939620: Epoch 25
2026-08-05 10:11:37.939744: Current learning rate: 0.00977
2026-08-05 10:12:18.802822: train_loss -0.6564
2026-08-05 10:12:18.803293: val_loss -0.7046
2026-08-05 10:12:18.803427: Pseudo dice [np.float32(0.6454), np.float32(0.9032), np.float32(0.8958)]
2026-08-05 10:12:18.803556: Epoch time: 40.87 s
2026-08-05 10:12:18.803642: Yayy! New best EMA pseudo Dice: 0.732699990272522
2026-08-05 10:12:26.107945: 
2026-08-05 10:12:26.108265: Epoch 26
2026-08-05 10:12:26.108367: Current learning rate: 0.00977
2026-08-05 10:13:06.918301: train_loss -0.6901
2026-08-05 10:13:06.918802: val_loss -0.7194
2026-08-05 10:13:06.919149: Pseudo dice [np.float32(0.66), np.float32(0.893), np.float32(0.9099)]
2026-08-05 10:13:06.919289: Epoch time: 40.81 s
2026-08-05 10:13:06.919379: Yayy! New best EMA pseudo Dice: 0.7415000200271606
2026-08-05 10:13:12.412657: 
2026-08-05 10:13:12.412987: Epoch 27
2026-08-05 10:13:12.413211: Current learning rate: 0.00976
2026-08-05 10:13:53.345828: train_loss -0.6741
2026-08-05 10:13:53.346301: val_loss -0.6935
2026-08-05 10:13:53.346583: Pseudo dice [np.float32(0.6494), np.float32(0.8883), np.float32(0.8999)]
2026-08-05 10:13:53.346732: Epoch time: 40.94 s
2026-08-05 10:13:53.346825: Yayy! New best EMA pseudo Dice: 0.7486000061035156
2026-08-05 10:14:00.138209: 
2026-08-05 10:14:00.138634: Epoch 28
2026-08-05 10:14:00.138722: Current learning rate: 0.00975
2026-08-05 10:14:40.847115: train_loss -0.6954
2026-08-05 10:14:40.847419: val_loss -0.7193
2026-08-05 10:14:40.847477: Pseudo dice [np.float32(0.6601), np.float32(0.8908), np.float32(0.9074)]
2026-08-05 10:14:40.847532: Epoch time: 40.71 s
2026-08-05 10:14:40.847568: Yayy! New best EMA pseudo Dice: 0.7556999921798706
2026-08-05 10:14:45.856593: 
2026-08-05 10:14:45.856963: Epoch 29
2026-08-05 10:14:45.857051: Current learning rate: 0.00974
2026-08-05 10:15:26.536775: train_loss -0.704
2026-08-05 10:15:26.537645: val_loss -0.6936
2026-08-05 10:15:26.537788: Pseudo dice [np.float32(0.6429), np.float32(0.8849), np.float32(0.9047)]
2026-08-05 10:15:26.537938: Epoch time: 40.68 s
2026-08-05 10:15:26.538033: Yayy! New best EMA pseudo Dice: 0.7612000107765198
2026-08-05 10:15:39.562958: 
2026-08-05 10:15:39.563337: Epoch 30
2026-08-05 10:15:39.563421: Current learning rate: 0.00973
2026-08-05 10:16:20.463732: train_loss -0.6996
2026-08-05 10:16:20.464083: val_loss -0.7008
2026-08-05 10:16:20.464215: Pseudo dice [np.float32(0.6281), np.float32(0.8859), np.float32(0.9105)]
2026-08-05 10:16:20.464339: Epoch time: 40.9 s
2026-08-05 10:16:20.464440: Yayy! New best EMA pseudo Dice: 0.7659000158309937
2026-08-05 10:16:27.781817: 
2026-08-05 10:16:27.782171: Epoch 31
2026-08-05 10:16:27.782308: Current learning rate: 0.00972
2026-08-05 10:17:08.695839: train_loss -0.6947
2026-08-05 10:17:08.748335: val_loss -0.7171
2026-08-05 10:17:08.748515: Pseudo dice [np.float32(0.659), np.float32(0.8961), np.float32(0.9011)]
2026-08-05 10:17:08.748650: Epoch time: 40.92 s
2026-08-05 10:17:08.748739: Yayy! New best EMA pseudo Dice: 0.7712000012397766
2026-08-05 10:17:13.544259: 
2026-08-05 10:17:13.544681: Epoch 32
2026-08-05 10:17:13.544770: Current learning rate: 0.00971
2026-08-05 10:17:54.343997: train_loss -0.7189
2026-08-05 10:17:54.344680: val_loss -0.7213
2026-08-05 10:17:54.344840: Pseudo dice [np.float32(0.6636), np.float32(0.9065), np.float32(0.9074)]
2026-08-05 10:17:54.345000: Epoch time: 40.8 s
2026-08-05 10:17:54.345100: Yayy! New best EMA pseudo Dice: 0.7767000198364258
2026-08-05 10:18:00.140420: 
2026-08-05 10:18:00.140725: Epoch 33
2026-08-05 10:18:00.140800: Current learning rate: 0.0097
2026-08-05 10:18:40.851503: train_loss -0.7328
2026-08-05 10:18:40.852005: val_loss -0.7378
2026-08-05 10:18:40.852111: Pseudo dice [np.float32(0.672), np.float32(0.9004), np.float32(0.9209)]
2026-08-05 10:18:40.852225: Epoch time: 40.71 s
2026-08-05 10:18:40.852411: Yayy! New best EMA pseudo Dice: 0.7821000218391418
2026-08-05 10:18:48.379649: 
2026-08-05 10:18:48.380048: Epoch 34
2026-08-05 10:18:48.380140: Current learning rate: 0.00969
2026-08-05 10:19:29.261375: train_loss -0.7223
2026-08-05 10:19:29.261787: val_loss -0.7188
2026-08-05 10:19:29.261982: Pseudo dice [np.float32(0.6635), np.float32(0.9038), np.float32(0.9125)]
2026-08-05 10:19:29.262087: Epoch time: 40.88 s
2026-08-05 10:19:29.262158: Yayy! New best EMA pseudo Dice: 0.7865999937057495
2026-08-05 10:19:35.392944: 
2026-08-05 10:19:35.393301: Epoch 35
2026-08-05 10:19:35.393392: Current learning rate: 0.00968
2026-08-05 10:20:16.218955: train_loss -0.7253
2026-08-05 10:20:16.219515: val_loss -0.7308
2026-08-05 10:20:16.219646: Pseudo dice [np.float32(0.6671), np.float32(0.9067), np.float32(0.9109)]
2026-08-05 10:20:16.219754: Epoch time: 40.83 s
2026-08-05 10:20:16.219839: Yayy! New best EMA pseudo Dice: 0.7907000184059143
2026-08-05 10:20:22.127249: 
2026-08-05 10:20:22.127642: Epoch 36
2026-08-05 10:20:22.127734: Current learning rate: 0.00968
2026-08-05 10:21:03.085071: train_loss -0.7057
2026-08-05 10:21:03.085518: val_loss -0.7135
2026-08-05 10:21:03.085647: Pseudo dice [np.float32(0.667), np.float32(0.8917), np.float32(0.8993)]
2026-08-05 10:21:03.085763: Epoch time: 40.96 s
2026-08-05 10:21:03.085982: Yayy! New best EMA pseudo Dice: 0.7936000227928162
2026-08-05 10:21:07.359812: 
2026-08-05 10:21:07.360322: Epoch 37
2026-08-05 10:21:07.360432: Current learning rate: 0.00967
2026-08-05 10:21:48.125062: train_loss -0.7079
2026-08-05 10:21:48.125966: val_loss -0.7158
2026-08-05 10:21:48.126219: Pseudo dice [np.float32(0.6414), np.float32(0.8919), np.float32(0.9001)]
2026-08-05 10:21:48.126414: Epoch time: 40.77 s
2026-08-05 10:21:48.126679: Yayy! New best EMA pseudo Dice: 0.7953000068664551
2026-08-05 10:21:56.198500: 
2026-08-05 10:21:56.198918: Epoch 38
2026-08-05 10:21:56.198998: Current learning rate: 0.00966
2026-08-05 10:22:37.391737: train_loss -0.718
2026-08-05 10:22:37.392301: val_loss -0.7487
2026-08-05 10:22:37.392420: Pseudo dice [np.float32(0.6893), np.float32(0.9136), np.float32(0.9173)]
2026-08-05 10:22:37.392524: Epoch time: 41.2 s
2026-08-05 10:22:37.392592: Yayy! New best EMA pseudo Dice: 0.7997999787330627
2026-08-05 10:22:42.950645: 
2026-08-05 10:22:42.951041: Epoch 39
2026-08-05 10:22:42.951129: Current learning rate: 0.00965
2026-08-05 10:23:23.872982: train_loss -0.7043
2026-08-05 10:23:23.873484: val_loss -0.7177
2026-08-05 10:23:23.873619: Pseudo dice [np.float32(0.6731), np.float32(0.8919), np.float32(0.9015)]
2026-08-05 10:23:23.873869: Epoch time: 40.92 s
2026-08-05 10:23:23.873989: Yayy! New best EMA pseudo Dice: 0.8019999861717224
2026-08-05 10:23:32.541975: 
2026-08-05 10:23:32.542280: Epoch 40
2026-08-05 10:23:32.542378: Current learning rate: 0.00964
2026-08-05 10:24:13.506886: train_loss -0.6937
2026-08-05 10:24:13.507163: val_loss -0.7325
2026-08-05 10:24:13.507262: Pseudo dice [np.float32(0.6699), np.float32(0.9057), np.float32(0.9084)]
2026-08-05 10:24:13.507323: Epoch time: 40.97 s
2026-08-05 10:24:13.507361: Yayy! New best EMA pseudo Dice: 0.8046000003814697
2026-08-05 10:24:18.428926: 
2026-08-05 10:24:18.429319: Epoch 41
2026-08-05 10:24:18.429426: Current learning rate: 0.00963
2026-08-05 10:24:59.139919: train_loss -0.7093
2026-08-05 10:24:59.140294: val_loss -0.7106
2026-08-05 10:24:59.140399: Pseudo dice [np.float32(0.6568), np.float32(0.8828), np.float32(0.9092)]
2026-08-05 10:24:59.140498: Epoch time: 40.71 s
2026-08-05 10:24:59.140570: Yayy! New best EMA pseudo Dice: 0.8058000206947327
2026-08-05 10:25:04.088504: 
2026-08-05 10:25:04.088905: Epoch 42
2026-08-05 10:25:04.088989: Current learning rate: 0.00962
2026-08-05 10:25:44.927352: train_loss -0.7048
2026-08-05 10:25:44.927589: val_loss -0.7486
2026-08-05 10:25:44.927641: Pseudo dice [np.float32(0.6744), np.float32(0.9174), np.float32(0.9161)]
2026-08-05 10:25:44.927813: Epoch time: 40.84 s
2026-08-05 10:25:44.927865: Yayy! New best EMA pseudo Dice: 0.8087999820709229
2026-08-05 10:25:50.866696: 
2026-08-05 10:25:50.867146: Epoch 43
2026-08-05 10:25:50.867229: Current learning rate: 0.00961
2026-08-05 10:26:31.701949: train_loss -0.7276
2026-08-05 10:26:31.702323: val_loss -0.7328
2026-08-05 10:26:31.702610: Pseudo dice [np.float32(0.6752), np.float32(0.9058), np.float32(0.9121)]
2026-08-05 10:26:31.702738: Epoch time: 40.84 s
2026-08-05 10:26:31.702824: Yayy! New best EMA pseudo Dice: 0.8109999895095825
2026-08-05 10:26:36.790960: 
2026-08-05 10:26:36.791283: Epoch 44
2026-08-05 10:26:36.791383: Current learning rate: 0.0096
2026-08-05 10:27:17.626528: train_loss -0.7336
2026-08-05 10:27:17.626825: val_loss -0.7427
2026-08-05 10:27:17.626879: Pseudo dice [np.float32(0.6821), np.float32(0.9083), np.float32(0.9167)]
2026-08-05 10:27:17.626956: Epoch time: 40.84 s
2026-08-05 10:27:17.626994: Yayy! New best EMA pseudo Dice: 0.8134999871253967
2026-08-05 10:27:22.988014: 
2026-08-05 10:27:22.988324: Epoch 45
2026-08-05 10:27:22.988532: Current learning rate: 0.00959
2026-08-05 10:28:03.926285: train_loss -0.7386
2026-08-05 10:28:03.926804: val_loss -0.7542
2026-08-05 10:28:03.927150: Pseudo dice [np.float32(0.6893), np.float32(0.9158), np.float32(0.9216)]
2026-08-05 10:28:03.927286: Epoch time: 40.94 s
2026-08-05 10:28:03.927460: Yayy! New best EMA pseudo Dice: 0.8163999915122986
2026-08-05 10:28:10.572132: 
2026-08-05 10:28:10.572652: Epoch 46
2026-08-05 10:28:10.572753: Current learning rate: 0.00959
2026-08-05 10:28:51.344043: train_loss -0.7485
2026-08-05 10:28:51.344529: val_loss -0.7305
2026-08-05 10:28:51.344666: Pseudo dice [np.float32(0.6729), np.float32(0.9043), np.float32(0.9074)]
2026-08-05 10:28:51.344779: Epoch time: 40.77 s
2026-08-05 10:28:51.344862: Yayy! New best EMA pseudo Dice: 0.8176000118255615
2026-08-05 10:28:56.129176: 
2026-08-05 10:28:56.129561: Epoch 47
2026-08-05 10:28:56.129670: Current learning rate: 0.00958
2026-08-05 10:29:37.049025: train_loss -0.7433
2026-08-05 10:29:37.049447: val_loss -0.7556
2026-08-05 10:29:37.049581: Pseudo dice [np.float32(0.6906), np.float32(0.9203), np.float32(0.9239)]
2026-08-05 10:29:37.049699: Epoch time: 40.92 s
2026-08-05 10:29:37.049785: Yayy! New best EMA pseudo Dice: 0.8202999830245972
2026-08-05 10:30:00.413651: 
2026-08-05 10:30:00.414031: Epoch 48
2026-08-05 10:30:00.414144: Current learning rate: 0.00957
2026-08-05 10:30:40.954613: train_loss -0.7453
2026-08-05 10:30:40.955130: val_loss -0.7398
2026-08-05 10:30:40.955271: Pseudo dice [np.float32(0.6807), np.float32(0.9107), np.float32(0.9166)]
2026-08-05 10:30:40.955401: Epoch time: 40.54 s
2026-08-05 10:30:40.955503: Yayy! New best EMA pseudo Dice: 0.8219000101089478
2026-08-05 10:30:48.009435: 
2026-08-05 10:30:48.009755: Epoch 49
2026-08-05 10:30:48.009932: Current learning rate: 0.00956
2026-08-05 10:31:28.903969: train_loss -0.7532
2026-08-05 10:31:28.904504: val_loss -0.7132
2026-08-05 10:31:28.904641: Pseudo dice [np.float32(0.6493), np.float32(0.9007), np.float32(0.8955)]
2026-08-05 10:31:29.738394: Epoch time: 40.9 s
2026-08-05 10:31:32.021258: 
2026-08-05 10:31:32.021646: Epoch 50
2026-08-05 10:31:32.021745: Current learning rate: 0.00955
2026-08-05 10:32:12.981274: train_loss -0.7165
2026-08-05 10:32:12.981663: val_loss -0.7496
2026-08-05 10:32:12.981869: Pseudo dice [np.float32(0.6808), np.float32(0.9122), np.float32(0.9203)]
2026-08-05 10:32:12.981993: Epoch time: 40.96 s
2026-08-05 10:32:12.982065: Yayy! New best EMA pseudo Dice: 0.8228999972343445
2026-08-05 10:32:54.997003: 
2026-08-05 10:32:54.997362: Epoch 51
2026-08-05 10:32:54.997485: Current learning rate: 0.00954
2026-08-05 10:33:35.848410: train_loss -0.7412
2026-08-05 10:33:35.848851: val_loss -0.7443
2026-08-05 10:33:35.849004: Pseudo dice [np.float32(0.6771), np.float32(0.915), np.float32(0.9188)]
2026-08-05 10:33:35.849132: Epoch time: 40.85 s
2026-08-05 10:33:35.849219: Yayy! New best EMA pseudo Dice: 0.8242999911308289
2026-08-05 10:33:55.256320: 
2026-08-05 10:33:55.256713: Epoch 52
2026-08-05 10:33:55.256811: Current learning rate: 0.00953
2026-08-05 10:34:36.050735: train_loss -0.7329
2026-08-05 10:34:36.069258: val_loss -0.7506
2026-08-05 10:34:36.069388: Pseudo dice [np.float32(0.6863), np.float32(0.9155), np.float32(0.9217)]
2026-08-05 10:34:36.069496: Epoch time: 40.8 s
2026-08-05 10:34:36.069567: Yayy! New best EMA pseudo Dice: 0.8259999752044678
2026-08-05 10:34:43.687085: 
2026-08-05 10:34:43.687474: Epoch 53
2026-08-05 10:34:43.687568: Current learning rate: 0.00952
2026-08-05 10:35:24.578760: train_loss -0.7475
2026-08-05 10:35:25.359300: val_loss -0.7404
2026-08-05 10:35:25.359541: Pseudo dice [np.float32(0.6739), np.float32(0.9089), np.float32(0.9069)]
2026-08-05 10:35:25.359696: Epoch time: 40.89 s
2026-08-05 10:35:25.359789: Yayy! New best EMA pseudo Dice: 0.8263999819755554
2026-08-05 10:35:39.745291: 
2026-08-05 10:35:39.745658: Epoch 54
2026-08-05 10:35:39.745756: Current learning rate: 0.00951
2026-08-05 10:36:20.479234: train_loss -0.747
2026-08-05 10:36:20.479633: val_loss -0.7412
2026-08-05 10:36:20.479756: Pseudo dice [np.float32(0.6847), np.float32(0.9051), np.float32(0.9218)]
2026-08-05 10:36:20.479874: Epoch time: 40.74 s
2026-08-05 10:36:20.480147: Yayy! New best EMA pseudo Dice: 0.8274000287055969
2026-08-05 10:36:35.067815: 
2026-08-05 10:36:35.068237: Epoch 55
2026-08-05 10:36:35.068324: Current learning rate: 0.0095
2026-08-05 10:37:15.875535: train_loss -0.7554
2026-08-05 10:37:15.875997: val_loss -0.7577
2026-08-05 10:37:15.876125: Pseudo dice [np.float32(0.6944), np.float32(0.9272), np.float32(0.9136)]
2026-08-05 10:37:15.876336: Epoch time: 40.81 s
2026-08-05 10:37:15.876475: Yayy! New best EMA pseudo Dice: 0.829200029373169
2026-08-05 10:37:28.730123: 
2026-08-05 10:37:28.730346: Epoch 56
2026-08-05 10:37:28.730571: Current learning rate: 0.00949
2026-08-05 10:38:10.000954: train_loss -0.7565
2026-08-05 10:38:10.001457: val_loss -0.7527
2026-08-05 10:38:10.001593: Pseudo dice [np.float32(0.6827), np.float32(0.9176), np.float32(0.9233)]
2026-08-05 10:38:10.001736: Epoch time: 41.27 s
2026-08-05 10:38:10.001823: Yayy! New best EMA pseudo Dice: 0.8303999900817871
2026-08-05 10:38:17.385001: 
2026-08-05 10:38:17.385416: Epoch 57
2026-08-05 10:38:17.385502: Current learning rate: 0.00949
2026-08-05 10:38:58.763624: train_loss -0.7428
2026-08-05 10:38:58.765130: val_loss -0.7308
2026-08-05 10:38:58.765288: Pseudo dice [np.float32(0.6731), np.float32(0.906), np.float32(0.9046)]
2026-08-05 10:38:58.765440: Epoch time: 41.38 s
2026-08-05 10:38:59.578382: 
2026-08-05 10:38:59.578757: Epoch 58
2026-08-05 10:38:59.578884: Current learning rate: 0.00948
2026-08-05 10:39:40.904042: train_loss -0.7189
2026-08-05 10:39:40.904428: val_loss -0.7324
2026-08-05 10:39:40.904558: Pseudo dice [np.float32(0.6578), np.float32(0.9117), np.float32(0.9187)]
2026-08-05 10:39:40.904697: Epoch time: 41.33 s
2026-08-05 10:39:41.712656: 
2026-08-05 10:39:41.712974: Epoch 59
2026-08-05 10:39:41.713085: Current learning rate: 0.00947
2026-08-05 10:40:23.187668: train_loss -0.7314
2026-08-05 10:40:23.188049: val_loss -0.7413
2026-08-05 10:40:23.188155: Pseudo dice [np.float32(0.6756), np.float32(0.9161), np.float32(0.9134)]
2026-08-05 10:40:23.188256: Epoch time: 41.48 s
2026-08-05 10:40:23.188329: Yayy! New best EMA pseudo Dice: 0.8306000232696533
2026-08-05 10:40:31.914936: 
2026-08-05 10:40:31.915359: Epoch 60
2026-08-05 10:40:31.915478: Current learning rate: 0.00946
2026-08-05 10:41:13.409591: train_loss -0.7499
2026-08-05 10:41:13.410234: val_loss -0.7491
2026-08-05 10:41:13.410372: Pseudo dice [np.float32(0.6907), np.float32(0.9081), np.float32(0.912)]
2026-08-05 10:41:13.410504: Epoch time: 41.5 s
2026-08-05 10:41:13.410593: Yayy! New best EMA pseudo Dice: 0.8312000036239624
2026-08-05 10:41:28.804963: 
2026-08-05 10:41:28.805297: Epoch 61
2026-08-05 10:41:28.805459: Current learning rate: 0.00945
2026-08-05 10:42:10.097305: train_loss -0.7458
2026-08-05 10:42:10.097749: val_loss -0.7617
2026-08-05 10:42:10.097884: Pseudo dice [np.float32(0.6931), np.float32(0.9224), np.float32(0.9223)]
2026-08-05 10:42:10.098022: Epoch time: 41.3 s
2026-08-05 10:42:10.098106: Yayy! New best EMA pseudo Dice: 0.8327000141143799
2026-08-05 10:42:15.222604: 
2026-08-05 10:42:15.223037: Epoch 62
2026-08-05 10:42:15.223217: Current learning rate: 0.00944
2026-08-05 10:42:56.476353: train_loss -0.7531
2026-08-05 10:42:56.476911: val_loss -0.759
2026-08-05 10:42:56.477074: Pseudo dice [np.float32(0.6941), np.float32(0.9186), np.float32(0.9214)]
2026-08-05 10:42:56.477220: Epoch time: 41.26 s
2026-08-05 10:42:56.477300: Yayy! New best EMA pseudo Dice: 0.833899974822998
2026-08-05 10:43:02.890466: 
2026-08-05 10:43:02.890864: Epoch 63
2026-08-05 10:43:02.890986: Current learning rate: 0.00943
2026-08-05 10:43:44.386224: train_loss -0.7412
2026-08-05 10:43:44.386816: val_loss -0.7667
2026-08-05 10:43:44.387100: Pseudo dice [np.float32(0.6985), np.float32(0.9239), np.float32(0.9266)]
2026-08-05 10:43:44.387237: Epoch time: 41.5 s
2026-08-05 10:43:44.387327: Yayy! New best EMA pseudo Dice: 0.8355000019073486
2026-08-05 10:43:54.814315: 
2026-08-05 10:43:54.814685: Epoch 64
2026-08-05 10:43:54.814805: Current learning rate: 0.00942
2026-08-05 10:44:36.147738: train_loss -0.7561
2026-08-05 10:44:36.148426: val_loss -0.7516
2026-08-05 10:44:36.148558: Pseudo dice [np.float32(0.6832), np.float32(0.9172), np.float32(0.9229)]
2026-08-05 10:44:36.148698: Epoch time: 41.34 s
2026-08-05 10:44:36.148788: Yayy! New best EMA pseudo Dice: 0.8360000252723694
2026-08-05 10:44:47.323825: 
2026-08-05 10:44:47.324209: Epoch 65
2026-08-05 10:44:47.324306: Current learning rate: 0.00941
2026-08-05 10:45:28.474455: train_loss -0.7608
2026-08-05 10:45:28.475075: val_loss -0.756
2026-08-05 10:45:28.475213: Pseudo dice [np.float32(0.6844), np.float32(0.9177), np.float32(0.9222)]
2026-08-05 10:45:28.475354: Epoch time: 41.15 s
2026-08-05 10:45:28.475443: Yayy! New best EMA pseudo Dice: 0.8366000056266785
2026-08-05 10:45:46.343116: 
2026-08-05 10:45:46.343426: Epoch 66
2026-08-05 10:45:46.343596: Current learning rate: 0.0094
2026-08-05 10:46:27.247206: train_loss -0.7577
2026-08-05 10:46:27.247654: val_loss -0.7391
2026-08-05 10:46:27.247877: Pseudo dice [np.float32(0.6828), np.float32(0.9063), np.float32(0.9194)]
2026-08-05 10:46:27.248092: Epoch time: 40.91 s
2026-08-05 10:46:28.010736: 
2026-08-05 10:46:28.011096: Epoch 67
2026-08-05 10:46:28.011310: Current learning rate: 0.00939
2026-08-05 10:47:08.950332: train_loss -0.7605
2026-08-05 10:47:08.950728: val_loss -0.7561
2026-08-05 10:47:08.950853: Pseudo dice [np.float32(0.6898), np.float32(0.9171), np.float32(0.9262)]
2026-08-05 10:47:08.951002: Epoch time: 40.94 s
2026-08-05 10:47:08.951101: Yayy! New best EMA pseudo Dice: 0.8373000025749207
2026-08-05 10:47:18.879379: 
2026-08-05 10:47:18.879713: Epoch 68
2026-08-05 10:47:18.879817: Current learning rate: 0.00939
2026-08-05 10:48:00.050337: train_loss -0.7624
2026-08-05 10:48:00.050730: val_loss -0.7507
2026-08-05 10:48:00.050855: Pseudo dice [np.float32(0.6789), np.float32(0.9108), np.float32(0.9225)]
2026-08-05 10:48:00.051016: Epoch time: 41.17 s
2026-08-05 10:48:00.161223: Yayy! New best EMA pseudo Dice: 0.8373000025749207
2026-08-05 10:48:04.809490: 
2026-08-05 10:48:04.809898: Epoch 69
2026-08-05 10:48:04.810006: Current learning rate: 0.00938
2026-08-05 10:48:46.035953: train_loss -0.7603
2026-08-05 10:48:46.296335: val_loss -0.7571
2026-08-05 10:48:46.296620: Pseudo dice [np.float32(0.6943), np.float32(0.9167), np.float32(0.9245)]
2026-08-05 10:48:46.296889: Epoch time: 41.23 s
2026-08-05 10:48:46.297014: Yayy! New best EMA pseudo Dice: 0.838100016117096
2026-08-05 10:48:51.713226: 
2026-08-05 10:48:51.713627: Epoch 70
2026-08-05 10:48:51.713733: Current learning rate: 0.00937
2026-08-05 10:49:32.647458: train_loss -0.7617
2026-08-05 10:49:32.996253: val_loss -0.771
2026-08-05 10:49:32.996496: Pseudo dice [np.float32(0.7036), np.float32(0.9218), np.float32(0.9273)]
2026-08-05 10:49:32.996720: Epoch time: 40.94 s
2026-08-05 10:49:32.996944: Yayy! New best EMA pseudo Dice: 0.8393999934196472
2026-08-05 10:49:37.806820: 
2026-08-05 10:49:37.807330: Epoch 71
2026-08-05 10:49:37.807442: Current learning rate: 0.00936
2026-08-05 10:50:22.173726: train_loss -0.7557
2026-08-05 10:50:22.237637: val_loss -0.755
2026-08-05 10:50:22.237799: Pseudo dice [np.float32(0.6891), np.float32(0.923), np.float32(0.9203)]
2026-08-05 10:50:22.237959: Epoch time: 44.37 s
2026-08-05 10:50:22.238062: Yayy! New best EMA pseudo Dice: 0.839900016784668
2026-08-05 10:50:30.057389: 
2026-08-05 10:50:30.057749: Epoch 72
2026-08-05 10:50:30.057861: Current learning rate: 0.00935
2026-08-05 10:51:11.443555: train_loss -0.7512
2026-08-05 10:51:11.694911: val_loss -0.7457
2026-08-05 10:51:11.695113: Pseudo dice [np.float32(0.6831), np.float32(0.9103), np.float32(0.918)]
2026-08-05 10:51:11.695229: Epoch time: 41.39 s
2026-08-05 10:51:12.577296: 
2026-08-05 10:51:12.577564: Epoch 73
2026-08-05 10:51:12.577724: Current learning rate: 0.00934
2026-08-05 10:51:53.718052: train_loss -0.7603
2026-08-05 10:51:53.913422: val_loss -0.7537
2026-08-05 10:51:53.913849: Pseudo dice [np.float32(0.6892), np.float32(0.9146), np.float32(0.9236)]
2026-08-05 10:51:53.914003: Epoch time: 41.14 s
2026-08-05 10:51:53.914093: Yayy! New best EMA pseudo Dice: 0.839900016784668
2026-08-05 10:52:00.119084: 
2026-08-05 10:52:00.244418: Epoch 74
2026-08-05 10:52:00.244589: Current learning rate: 0.00933
2026-08-05 10:52:41.482165: train_loss -0.7461
2026-08-05 10:52:41.663366: val_loss -0.7564
2026-08-05 10:52:41.663628: Pseudo dice [np.float32(0.6927), np.float32(0.92), np.float32(0.9169)]
2026-08-05 10:52:41.663795: Epoch time: 41.37 s
2026-08-05 10:52:41.663917: Yayy! New best EMA pseudo Dice: 0.8402000069618225
2026-08-05 10:52:45.599600: 
2026-08-05 10:52:45.599899: Epoch 75
2026-08-05 10:52:45.600014: Current learning rate: 0.00932
2026-08-05 10:53:26.564985: train_loss -0.7498
2026-08-05 10:53:27.097520: val_loss -0.7359
2026-08-05 10:53:27.098109: Pseudo dice [np.float32(0.6621), np.float32(0.9091), np.float32(0.922)]
2026-08-05 10:53:27.098264: Epoch time: 40.97 s
2026-08-05 10:53:27.979739: 
2026-08-05 10:53:27.979986: Epoch 76
2026-08-05 10:53:27.980224: Current learning rate: 0.00931
2026-08-05 10:54:09.009494: train_loss -0.7625
2026-08-05 10:54:09.208969: val_loss -0.7558
2026-08-05 10:54:09.209161: Pseudo dice [np.float32(0.6847), np.float32(0.9221), np.float32(0.9215)]
2026-08-05 10:54:09.209285: Epoch time: 41.03 s
2026-08-05 10:54:10.130049: 
2026-08-05 10:54:10.130428: Epoch 77
2026-08-05 10:54:10.130536: Current learning rate: 0.0093
2026-08-05 10:54:51.134094: train_loss -0.7681
2026-08-05 10:54:51.310527: val_loss -0.7555
2026-08-05 10:54:51.310808: Pseudo dice [np.float32(0.686), np.float32(0.9208), np.float32(0.9216)]
2026-08-05 10:54:51.311014: Epoch time: 41.01 s
2026-08-05 10:54:52.337216: 
2026-08-05 10:54:52.337644: Epoch 78
2026-08-05 10:54:52.337746: Current learning rate: 0.0093
2026-08-05 10:55:33.393941: train_loss -0.7738
2026-08-05 10:55:33.528554: val_loss -0.7505
2026-08-05 10:55:33.528703: Pseudo dice [np.float32(0.6792), np.float32(0.9165), np.float32(0.9146)]
2026-08-05 10:55:33.528769: Epoch time: 41.06 s
2026-08-05 10:55:34.384860: 
2026-08-05 10:55:34.385322: Epoch 79
2026-08-05 10:55:34.385432: Current learning rate: 0.00929
2026-08-05 10:56:15.351831: train_loss -0.7561
2026-08-05 10:56:15.355138: val_loss -0.7665
2026-08-05 10:56:15.355276: Pseudo dice [np.float32(0.6951), np.float32(0.9239), np.float32(0.9281)]
2026-08-05 10:56:15.355388: Epoch time: 40.97 s
2026-08-05 10:56:15.355474: Yayy! New best EMA pseudo Dice: 0.8406000137329102
2026-08-05 10:56:21.181911: 
2026-08-05 10:56:21.182347: Epoch 80
2026-08-05 10:56:21.182451: Current learning rate: 0.00928
2026-08-05 10:57:02.554954: train_loss -0.7631
2026-08-05 10:57:02.621297: val_loss -0.7599
2026-08-05 10:57:02.621571: Pseudo dice [np.float32(0.6927), np.float32(0.9206), np.float32(0.9201)]
2026-08-05 10:57:02.621811: Epoch time: 41.38 s
2026-08-05 10:57:02.621930: Yayy! New best EMA pseudo Dice: 0.8410000205039978
2026-08-05 10:57:08.612170: 
2026-08-05 10:57:08.612492: Epoch 81
2026-08-05 10:57:08.612632: Current learning rate: 0.00927
2026-08-05 10:57:49.760624: train_loss -0.7712
2026-08-05 10:57:49.870968: val_loss -0.771
2026-08-05 10:57:49.871143: Pseudo dice [np.float32(0.6997), np.float32(0.9209), np.float32(0.9343)]
2026-08-05 10:57:49.871273: Epoch time: 41.15 s
2026-08-05 10:57:49.871361: Yayy! New best EMA pseudo Dice: 0.8420000076293945
2026-08-05 10:57:57.498088: 
2026-08-05 10:57:57.498508: Epoch 82
2026-08-05 10:57:57.498621: Current learning rate: 0.00926
2026-08-05 10:58:38.256054: train_loss -0.7697
2026-08-05 10:58:38.378304: val_loss -0.7593
2026-08-05 10:58:38.378510: Pseudo dice [np.float32(0.6898), np.float32(0.9065), np.float32(0.9311)]
2026-08-05 10:58:38.378634: Epoch time: 40.76 s
2026-08-05 10:58:38.378721: Yayy! New best EMA pseudo Dice: 0.8421000242233276
2026-08-05 10:58:48.172136: 
2026-08-05 10:58:48.172549: Epoch 83
2026-08-05 10:58:48.172711: Current learning rate: 0.00925
2026-08-05 10:59:28.929022: train_loss -0.7593
2026-08-05 10:59:29.393181: val_loss -0.7613
2026-08-05 10:59:29.393479: Pseudo dice [np.float32(0.6916), np.float32(0.9093), np.float32(0.924)]
2026-08-05 10:59:29.393607: Epoch time: 40.76 s
2026-08-05 10:59:30.260954: 
2026-08-05 10:59:30.261248: Epoch 84
2026-08-05 10:59:30.261360: Current learning rate: 0.00924
2026-08-05 11:00:11.350568: train_loss -0.77
2026-08-05 11:00:11.486188: val_loss -0.7615
2026-08-05 11:00:11.486301: Pseudo dice [np.float32(0.6952), np.float32(0.919), np.float32(0.9234)]
2026-08-05 11:00:11.486375: Epoch time: 41.09 s
2026-08-05 11:00:11.486415: Yayy! New best EMA pseudo Dice: 0.8424000144004822
2026-08-05 11:00:23.130610: 
2026-08-05 11:00:23.356867: Epoch 85
2026-08-05 11:00:23.357165: Current learning rate: 0.00923
2026-08-05 11:01:04.093445: train_loss -0.7667
2026-08-05 11:01:04.186578: val_loss -0.7539
2026-08-05 11:01:04.186853: Pseudo dice [np.float32(0.6916), np.float32(0.9166), np.float32(0.9202)]
2026-08-05 11:01:04.187079: Epoch time: 40.97 s
2026-08-05 11:01:04.187177: Yayy! New best EMA pseudo Dice: 0.8424999713897705
2026-08-05 11:01:14.160342: 
2026-08-05 11:01:14.160719: Epoch 86
2026-08-05 11:01:14.160882: Current learning rate: 0.00922
2026-08-05 11:01:54.989849: train_loss -0.7774
2026-08-05 11:01:54.990389: val_loss -0.7613
2026-08-05 11:01:54.990563: Pseudo dice [np.float32(0.6956), np.float32(0.9199), np.float32(0.9274)]
2026-08-05 11:01:54.990693: Epoch time: 40.83 s
2026-08-05 11:01:54.990779: Yayy! New best EMA pseudo Dice: 0.8429999947547913
2026-08-05 11:02:04.910532: 
2026-08-05 11:02:04.910845: Epoch 87
2026-08-05 11:02:04.911113: Current learning rate: 0.00921
2026-08-05 11:02:46.060136: train_loss -0.7783
2026-08-05 11:02:46.060916: val_loss -0.7604
2026-08-05 11:02:46.061074: Pseudo dice [np.float32(0.6937), np.float32(0.9157), np.float32(0.9256)]
2026-08-05 11:02:46.061230: Epoch time: 41.15 s
2026-08-05 11:02:46.061329: Yayy! New best EMA pseudo Dice: 0.8432000279426575
2026-08-05 11:02:56.833419: 
2026-08-05 11:02:56.833734: Epoch 88
2026-08-05 11:02:56.833842: Current learning rate: 0.0092
2026-08-05 11:03:37.971753: train_loss -0.776
2026-08-05 11:03:37.972358: val_loss -0.7671
2026-08-05 11:03:37.972486: Pseudo dice [np.float32(0.693), np.float32(0.9261), np.float32(0.9266)]
2026-08-05 11:03:37.972619: Epoch time: 41.14 s
2026-08-05 11:03:37.972704: Yayy! New best EMA pseudo Dice: 0.8436999917030334
2026-08-05 11:03:44.269522: 
2026-08-05 11:03:44.269898: Epoch 89
2026-08-05 11:03:44.270002: Current learning rate: 0.0092
2026-08-05 11:04:25.145627: train_loss -0.7729
2026-08-05 11:04:25.168628: val_loss -0.7592
2026-08-05 11:04:25.168776: Pseudo dice [np.float32(0.6978), np.float32(0.9136), np.float32(0.9243)]
2026-08-05 11:04:25.168920: Epoch time: 40.88 s
2026-08-05 11:04:25.169015: Yayy! New best EMA pseudo Dice: 0.8439000248908997
2026-08-05 11:04:29.756443: 
2026-08-05 11:04:29.756857: Epoch 90
2026-08-05 11:04:29.756969: Current learning rate: 0.00919
2026-08-05 11:05:10.992098: train_loss -0.7665
2026-08-05 11:05:11.360813: val_loss -0.7697
2026-08-05 11:05:11.361098: Pseudo dice [np.float32(0.7055), np.float32(0.9273), np.float32(0.9318)]
2026-08-05 11:05:11.361251: Epoch time: 41.24 s
2026-08-05 11:05:11.361345: Yayy! New best EMA pseudo Dice: 0.8450000286102295
2026-08-05 11:05:18.599899: 
2026-08-05 11:05:18.600291: Epoch 91
2026-08-05 11:05:18.600402: Current learning rate: 0.00918
2026-08-05 11:06:00.712782: train_loss -0.7708
2026-08-05 11:06:00.713130: val_loss -0.7644
2026-08-05 11:06:00.713303: Pseudo dice [np.float32(0.6926), np.float32(0.9225), np.float32(0.9235)]
2026-08-05 11:06:00.713546: Epoch time: 42.12 s
2026-08-05 11:06:00.713624: Yayy! New best EMA pseudo Dice: 0.8450999855995178
2026-08-05 11:06:06.839337: 
2026-08-05 11:06:07.107734: Epoch 92
2026-08-05 11:06:07.107948: Current learning rate: 0.00917
2026-08-05 11:06:48.160447: train_loss -0.7601
2026-08-05 11:06:48.368363: val_loss -0.748
2026-08-05 11:06:48.368661: Pseudo dice [np.float32(0.6942), np.float32(0.9054), np.float32(0.9205)]
2026-08-05 11:06:48.368819: Epoch time: 41.32 s
2026-08-05 11:06:49.201869: 
2026-08-05 11:06:49.202188: Epoch 93
2026-08-05 11:06:49.202316: Current learning rate: 0.00916
2026-08-05 11:07:30.195193: train_loss -0.7647
2026-08-05 11:07:30.336915: val_loss -0.7649
2026-08-05 11:07:30.337073: Pseudo dice [np.float32(0.6938), np.float32(0.9228), np.float32(0.9261)]
2026-08-05 11:07:30.337297: Epoch time: 41.0 s
2026-08-05 11:07:31.207086: 
2026-08-05 11:07:31.207440: Epoch 94
2026-08-05 11:07:31.207600: Current learning rate: 0.00915
2026-08-05 11:08:12.042103: train_loss -0.7741
2026-08-05 11:08:12.297171: val_loss -0.7653
2026-08-05 11:08:12.297393: Pseudo dice [np.float32(0.6979), np.float32(0.9242), np.float32(0.9248)]
2026-08-05 11:08:12.297502: Epoch time: 40.84 s
2026-08-05 11:08:12.297618: Yayy! New best EMA pseudo Dice: 0.845300018787384
2026-08-05 11:08:16.682342: 
2026-08-05 11:08:16.682969: Epoch 95
2026-08-05 11:08:16.683081: Current learning rate: 0.00914
2026-08-05 11:08:57.693887: train_loss -0.7825
2026-08-05 11:08:57.992720: val_loss -0.7512
2026-08-05 11:08:57.992851: Pseudo dice [np.float32(0.6904), np.float32(0.9051), np.float32(0.9232)]
2026-08-05 11:08:57.992931: Epoch time: 41.01 s
2026-08-05 11:08:58.840970: 
2026-08-05 11:08:58.841378: Epoch 96
2026-08-05 11:08:58.841489: Current learning rate: 0.00913
2026-08-05 11:09:39.817940: train_loss -0.7832
2026-08-05 11:09:40.036813: val_loss -0.7644
2026-08-05 11:09:40.037135: Pseudo dice [np.float32(0.7094), np.float32(0.9222), np.float32(0.9222)]
2026-08-05 11:09:40.037286: Epoch time: 40.98 s
2026-08-05 11:09:40.037384: Yayy! New best EMA pseudo Dice: 0.8453999757766724
2026-08-05 11:09:44.787808: 
2026-08-05 11:09:44.918390: Epoch 97
2026-08-05 11:09:44.918741: Current learning rate: 0.00912
2026-08-05 11:10:26.401013: train_loss -0.74
2026-08-05 11:10:26.721064: val_loss -0.7541
2026-08-05 11:10:26.721274: Pseudo dice [np.float32(0.6888), np.float32(0.9159), np.float32(0.9181)]
2026-08-05 11:10:26.721396: Epoch time: 41.62 s
2026-08-05 11:10:27.702532: 
2026-08-05 11:10:27.702968: Epoch 98
2026-08-05 11:10:27.703119: Current learning rate: 0.00911
2026-08-05 11:11:08.762053: train_loss -0.76
2026-08-05 11:11:08.762434: val_loss -0.7565
2026-08-05 11:11:08.762676: Pseudo dice [np.float32(0.688), np.float32(0.911), np.float32(0.9192)]
2026-08-05 11:11:08.762809: Epoch time: 41.06 s
2026-08-05 11:11:09.546035: 
2026-08-05 11:11:09.546364: Epoch 99
2026-08-05 11:11:09.546482: Current learning rate: 0.0091
2026-08-05 11:11:50.527352: train_loss -0.7635
2026-08-05 11:11:50.784098: val_loss -0.7569
2026-08-05 11:11:50.784374: Pseudo dice [np.float32(0.6954), np.float32(0.9102), np.float32(0.9184)]
2026-08-05 11:11:50.784516: Epoch time: 40.98 s
2026-08-05 11:11:55.770058: 
2026-08-05 11:11:55.770476: Epoch 100
2026-08-05 11:11:55.770585: Current learning rate: 0.0091
2026-08-05 11:12:36.750875: train_loss -0.765
2026-08-05 11:12:36.826751: val_loss -0.7476
2026-08-05 11:12:36.827097: Pseudo dice [np.float32(0.6914), np.float32(0.912), np.float32(0.9194)]
2026-08-05 11:12:36.827233: Epoch time: 40.98 s
2026-08-05 11:12:37.766710: 
2026-08-05 11:12:37.767010: Epoch 101
2026-08-05 11:12:37.767194: Current learning rate: 0.00909
2026-08-05 11:13:18.820358: train_loss -0.7576
2026-08-05 11:13:18.820633: val_loss -0.7749
2026-08-05 11:13:18.820687: Pseudo dice [np.float32(0.7129), np.float32(0.9262), np.float32(0.9273)]
2026-08-05 11:13:18.820742: Epoch time: 41.06 s
2026-08-05 11:13:19.513942: 
2026-08-05 11:13:19.514335: Epoch 102
2026-08-05 11:13:19.514498: Current learning rate: 0.00908
2026-08-05 11:14:00.259658: train_loss -0.7602
2026-08-05 11:14:00.298359: val_loss -0.7639
2026-08-05 11:14:00.298427: Pseudo dice [np.float32(0.6908), np.float32(0.9211), np.float32(0.9267)]
2026-08-05 11:14:00.298484: Epoch time: 40.75 s
2026-08-05 11:14:00.991560: 
2026-08-05 11:14:00.991822: Epoch 103
2026-08-05 11:14:00.992126: Current learning rate: 0.00907
2026-08-05 11:14:41.837560: train_loss -0.7723
2026-08-05 11:14:41.917610: val_loss -0.7529
2026-08-05 11:14:41.917794: Pseudo dice [np.float32(0.689), np.float32(0.9122), np.float32(0.9221)]
2026-08-05 11:14:41.917943: Epoch time: 40.85 s
2026-08-05 11:14:43.112506: 
2026-08-05 11:14:43.112900: Epoch 104
2026-08-05 11:14:43.113017: Current learning rate: 0.00906
2026-08-05 11:15:24.205344: train_loss -0.7819
2026-08-05 11:15:24.205669: val_loss -0.7684
2026-08-05 11:15:24.205789: Pseudo dice [np.float32(0.7006), np.float32(0.9296), np.float32(0.9174)]
2026-08-05 11:15:24.205967: Epoch time: 41.1 s
2026-08-05 11:15:24.951473: 
2026-08-05 11:15:24.951834: Epoch 105
2026-08-05 11:15:24.951982: Current learning rate: 0.00905
2026-08-05 11:16:05.859418: train_loss -0.7849
2026-08-05 11:16:05.859787: val_loss -0.7753
2026-08-05 11:16:05.860250: Pseudo dice [np.float32(0.7021), np.float32(0.9282), np.float32(0.9222)]
2026-08-05 11:16:05.860377: Epoch time: 40.91 s
2026-08-05 11:16:05.860463: Yayy! New best EMA pseudo Dice: 0.8457000255584717
2026-08-05 11:16:16.507546: 
2026-08-05 11:16:16.507954: Epoch 106
2026-08-05 11:16:16.508109: Current learning rate: 0.00904
2026-08-05 11:16:57.461371: train_loss -0.7782
2026-08-05 11:16:57.461907: val_loss -0.763
2026-08-05 11:16:57.462039: Pseudo dice [np.float32(0.7043), np.float32(0.9169), np.float32(0.9282)]
2026-08-05 11:16:57.462152: Epoch time: 40.96 s
2026-08-05 11:16:57.462234: Yayy! New best EMA pseudo Dice: 0.8460999727249146
2026-08-05 11:17:02.921514: 
2026-08-05 11:17:02.922002: Epoch 107
2026-08-05 11:17:02.922124: Current learning rate: 0.00903
2026-08-05 11:17:43.909100: train_loss -0.7785
2026-08-05 11:17:43.909461: val_loss -0.7386
2026-08-05 11:17:43.909586: Pseudo dice [np.float32(0.6759), np.float32(0.9053), np.float32(0.9145)]
2026-08-05 11:17:43.909715: Epoch time: 40.99 s
2026-08-05 11:17:44.712534: 
2026-08-05 11:17:44.712848: Epoch 108
2026-08-05 11:17:44.713005: Current learning rate: 0.00902
2026-08-05 11:18:25.698156: train_loss -0.7673
2026-08-05 11:18:25.698401: val_loss -0.7732
2026-08-05 11:18:25.698452: Pseudo dice [np.float32(0.7045), np.float32(0.9176), np.float32(0.9277)]
2026-08-05 11:18:25.698576: Epoch time: 40.99 s
2026-08-05 11:18:26.674755: 
2026-08-05 11:18:26.675148: Epoch 109
2026-08-05 11:18:26.675287: Current learning rate: 0.00901
2026-08-05 11:19:07.752246: train_loss -0.7865
2026-08-05 11:19:07.752753: val_loss -0.765
2026-08-05 11:19:07.752880: Pseudo dice [np.float32(0.701), np.float32(0.9171), np.float32(0.9288)]
2026-08-05 11:19:07.753049: Epoch time: 41.08 s
2026-08-05 11:19:08.562308: 
2026-08-05 11:19:08.562726: Epoch 110
2026-08-05 11:19:08.562827: Current learning rate: 0.009
2026-08-05 11:19:49.857598: train_loss -0.7923
2026-08-05 11:19:49.858147: val_loss -0.7696
2026-08-05 11:19:49.858253: Pseudo dice [np.float32(0.7005), np.float32(0.9202), np.float32(0.9246)]
2026-08-05 11:19:49.858364: Epoch time: 41.3 s
2026-08-05 11:19:50.583188: 
2026-08-05 11:19:50.583572: Epoch 111
2026-08-05 11:19:50.583676: Current learning rate: 0.009
2026-08-05 11:20:31.297025: train_loss -0.7857
2026-08-05 11:20:31.430871: val_loss -0.7669
2026-08-05 11:20:31.431132: Pseudo dice [np.float32(0.6964), np.float32(0.9122), np.float32(0.9262)]
2026-08-05 11:20:31.431374: Epoch time: 40.72 s
2026-08-05 11:20:32.275580: 
2026-08-05 11:20:32.276003: Epoch 112
2026-08-05 11:20:32.276105: Current learning rate: 0.00899
2026-08-05 11:21:13.289548: train_loss -0.7824
2026-08-05 11:21:13.289805: val_loss -0.7689
2026-08-05 11:21:13.289918: Pseudo dice [np.float32(0.7044), np.float32(0.9246), np.float32(0.9235)]
2026-08-05 11:21:13.290142: Epoch time: 41.02 s
2026-08-05 11:21:13.290251: Yayy! New best EMA pseudo Dice: 0.8463000059127808
2026-08-05 11:21:23.078089: 
2026-08-05 11:21:23.078441: Epoch 113
2026-08-05 11:21:23.078578: Current learning rate: 0.00898
2026-08-05 11:22:04.001135: train_loss -0.7872
2026-08-05 11:22:04.132694: val_loss -0.7692
2026-08-05 11:22:04.132936: Pseudo dice [np.float32(0.7009), np.float32(0.9248), np.float32(0.9278)]
2026-08-05 11:22:04.133176: Epoch time: 40.93 s
2026-08-05 11:22:04.133335: Yayy! New best EMA pseudo Dice: 0.8468000292778015
2026-08-05 11:22:09.805032: 
2026-08-05 11:22:09.805365: Epoch 114
2026-08-05 11:22:09.805540: Current learning rate: 0.00897
2026-08-05 11:22:50.780695: train_loss -0.7964
2026-08-05 11:22:50.781201: val_loss -0.7801
2026-08-05 11:22:50.781396: Pseudo dice [np.float32(0.7083), np.float32(0.9306), np.float32(0.9328)]
2026-08-05 11:22:50.781613: Epoch time: 40.98 s
2026-08-05 11:22:50.781753: Yayy! New best EMA pseudo Dice: 0.8478000164031982
2026-08-05 11:22:56.256683: 
2026-08-05 11:22:56.256975: Epoch 115
2026-08-05 11:22:56.257286: Current learning rate: 0.00896
2026-08-05 11:23:37.286674: train_loss -0.7895
2026-08-05 11:23:37.328159: val_loss -0.7677
2026-08-05 11:23:37.328292: Pseudo dice [np.float32(0.6982), np.float32(0.9205), np.float32(0.9272)]
2026-08-05 11:23:37.328399: Epoch time: 41.03 s
2026-08-05 11:23:37.328472: Yayy! New best EMA pseudo Dice: 0.8478999733924866
2026-08-05 11:23:41.291351: 
2026-08-05 11:23:41.291788: Epoch 116
2026-08-05 11:23:41.291901: Current learning rate: 0.00895
2026-08-05 11:24:22.418790: train_loss -0.7796
2026-08-05 11:24:22.419069: val_loss -0.7471
2026-08-05 11:24:22.419122: Pseudo dice [np.float32(0.6912), np.float32(0.9102), np.float32(0.9243)]
2026-08-05 11:24:22.419175: Epoch time: 41.13 s
2026-08-05 11:24:23.126508: 
2026-08-05 11:24:23.126907: Epoch 117
2026-08-05 11:24:23.127011: Current learning rate: 0.00894
2026-08-05 11:25:04.060449: train_loss -0.7618
2026-08-05 11:25:04.441966: val_loss -0.7722
2026-08-05 11:25:04.442187: Pseudo dice [np.float32(0.7027), np.float32(0.9213), np.float32(0.9245)]
2026-08-05 11:25:04.442332: Epoch time: 40.94 s
2026-08-05 11:25:05.294791: 
2026-08-05 11:25:05.295149: Epoch 118
2026-08-05 11:25:05.295311: Current learning rate: 0.00893
2026-08-05 11:25:46.211052: train_loss -0.7797
2026-08-05 11:25:46.211225: val_loss -0.7672
2026-08-05 11:25:46.211274: Pseudo dice [np.float32(0.6971), np.float32(0.9218), np.float32(0.9247)]
2026-08-05 11:25:46.211328: Epoch time: 40.92 s
2026-08-05 11:25:46.927407: 
2026-08-05 11:25:46.927749: Epoch 119
2026-08-05 11:25:46.928064: Current learning rate: 0.00892
2026-08-05 11:26:27.823354: train_loss -0.7819
2026-08-05 11:26:27.823632: val_loss -0.7777
2026-08-05 11:26:27.823750: Pseudo dice [np.float32(0.7137), np.float32(0.9303), np.float32(0.9293)]
2026-08-05 11:26:27.823862: Epoch time: 40.9 s
2026-08-05 11:26:27.823963: Yayy! New best EMA pseudo Dice: 0.8485999703407288
2026-08-05 11:26:34.649361: 
2026-08-05 11:26:34.649728: Epoch 120
2026-08-05 11:26:34.649832: Current learning rate: 0.00891
2026-08-05 11:27:15.306633: train_loss -0.7765
2026-08-05 11:27:15.645994: val_loss -0.7735
2026-08-05 11:27:15.646291: Pseudo dice [np.float32(0.7053), np.float32(0.9245), np.float32(0.9252)]
2026-08-05 11:27:15.646431: Epoch time: 40.66 s
2026-08-05 11:27:15.646526: Yayy! New best EMA pseudo Dice: 0.8489000201225281
2026-08-05 11:27:24.668751: 
2026-08-05 11:27:24.669132: Epoch 121
2026-08-05 11:27:24.669224: Current learning rate: 0.0089
2026-08-05 11:28:05.408479: train_loss -0.7924
2026-08-05 11:28:05.511739: val_loss -0.7774
2026-08-05 11:28:05.511925: Pseudo dice [np.float32(0.7073), np.float32(0.9273), np.float32(0.9284)]
2026-08-05 11:28:05.512045: Epoch time: 40.74 s
2026-08-05 11:28:05.512132: Yayy! New best EMA pseudo Dice: 0.849399983882904
2026-08-05 11:28:29.792742: 
2026-08-05 11:28:29.793062: Epoch 122
2026-08-05 11:28:29.793247: Current learning rate: 0.00889
2026-08-05 11:29:10.991506: train_loss -0.7966
2026-08-05 11:29:10.998972: val_loss -0.7781
2026-08-05 11:29:10.999122: Pseudo dice [np.float32(0.7141), np.float32(0.9196), np.float32(0.9349)]
2026-08-05 11:29:10.999249: Epoch time: 41.2 s
2026-08-05 11:29:10.999336: Yayy! New best EMA pseudo Dice: 0.8500999808311462
2026-08-05 11:29:33.804786: 
2026-08-05 11:29:33.939023: Epoch 123
2026-08-05 11:29:33.939265: Current learning rate: 0.00889
2026-08-05 11:30:14.971968: train_loss -0.7911
2026-08-05 11:30:15.158328: val_loss -0.7729
2026-08-05 11:30:15.158648: Pseudo dice [np.float32(0.7014), np.float32(0.9245), np.float32(0.9272)]
2026-08-05 11:30:15.158825: Epoch time: 41.17 s
2026-08-05 11:30:15.158947: Yayy! New best EMA pseudo Dice: 0.8501999974250793
2026-08-05 11:30:28.989053: 
2026-08-05 11:30:29.145314: Epoch 124
2026-08-05 11:30:29.145637: Current learning rate: 0.00888
2026-08-05 11:31:10.312374: train_loss -0.7953
2026-08-05 11:31:10.356678: val_loss -0.7655
2026-08-05 11:31:10.356853: Pseudo dice [np.float32(0.7004), np.float32(0.9109), np.float32(0.9286)]
2026-08-05 11:31:10.357028: Epoch time: 41.33 s
2026-08-05 11:31:11.176085: 
2026-08-05 11:31:11.176405: Epoch 125
2026-08-05 11:31:11.176669: Current learning rate: 0.00887
2026-08-05 11:31:52.290660: train_loss -0.7995
2026-08-05 11:31:52.334909: val_loss -0.7729
2026-08-05 11:31:52.335114: Pseudo dice [np.float32(0.7024), np.float32(0.926), np.float32(0.9288)]
2026-08-05 11:31:52.335330: Epoch time: 41.12 s
2026-08-05 11:31:53.162747: 
2026-08-05 11:31:53.163084: Epoch 126
2026-08-05 11:31:53.163258: Current learning rate: 0.00886
2026-08-05 11:32:34.373502: train_loss -0.7879
2026-08-05 11:32:34.387016: val_loss -0.7651
2026-08-05 11:32:34.387103: Pseudo dice [np.float32(0.6989), np.float32(0.9253), np.float32(0.9249)]
2026-08-05 11:32:34.387165: Epoch time: 41.21 s
2026-08-05 11:32:35.095929: 
2026-08-05 11:32:35.096304: Epoch 127
2026-08-05 11:32:35.096421: Current learning rate: 0.00885
2026-08-05 11:33:16.461270: train_loss -0.7923
2026-08-05 11:33:16.589261: val_loss -0.7913
2026-08-05 11:33:16.589455: Pseudo dice [np.float32(0.7204), np.float32(0.9329), np.float32(0.9345)]
2026-08-05 11:33:16.589595: Epoch time: 41.37 s
2026-08-05 11:33:16.589769: Yayy! New best EMA pseudo Dice: 0.8513000011444092
2026-08-05 11:33:22.045020: 
2026-08-05 11:33:22.180280: Epoch 128
2026-08-05 11:33:22.180442: Current learning rate: 0.00884
2026-08-05 11:34:03.692275: train_loss -0.7931
2026-08-05 11:34:03.922966: val_loss -0.7799
2026-08-05 11:34:03.923173: Pseudo dice [np.float32(0.7047), np.float32(0.9288), np.float32(0.9291)]
2026-08-05 11:34:03.923333: Epoch time: 41.65 s
2026-08-05 11:34:03.923424: Yayy! New best EMA pseudo Dice: 0.8515999913215637
2026-08-05 11:34:11.640409: 
2026-08-05 11:34:11.670133: Epoch 129
2026-08-05 11:34:11.670310: Current learning rate: 0.00883
2026-08-05 11:34:53.309785: train_loss -0.8008
2026-08-05 11:34:53.347438: val_loss -0.7813
2026-08-05 11:34:53.347595: Pseudo dice [np.float32(0.7126), np.float32(0.9302), np.float32(0.9318)]
2026-08-05 11:34:53.347713: Epoch time: 41.67 s
2026-08-05 11:34:53.347785: Yayy! New best EMA pseudo Dice: 0.8522999882698059
2026-08-05 11:35:00.993957: 
2026-08-05 11:35:00.994383: Epoch 130
2026-08-05 11:35:00.994592: Current learning rate: 0.00882
2026-08-05 11:35:42.219153: train_loss -0.7784
2026-08-05 11:35:42.405440: val_loss -0.7557
2026-08-05 11:35:42.405621: Pseudo dice [np.float32(0.682), np.float32(0.924), np.float32(0.9171)]
2026-08-05 11:35:42.405778: Epoch time: 41.23 s
2026-08-05 11:35:43.246194: 
2026-08-05 11:35:43.246559: Epoch 131
2026-08-05 11:35:43.246690: Current learning rate: 0.00881
2026-08-05 11:36:24.579845: train_loss -0.7831
2026-08-05 11:36:24.580287: val_loss -0.7642
2026-08-05 11:36:24.580443: Pseudo dice [np.float32(0.7009), np.float32(0.9139), np.float32(0.9264)]
2026-08-05 11:36:24.580588: Epoch time: 41.34 s
2026-08-05 11:36:25.364866: 
2026-08-05 11:36:25.365233: Epoch 132
2026-08-05 11:36:25.365364: Current learning rate: 0.0088
2026-08-05 11:37:06.456686: train_loss -0.7873
2026-08-05 11:37:06.456915: val_loss -0.7717
2026-08-05 11:37:06.456973: Pseudo dice [np.float32(0.708), np.float32(0.9248), np.float32(0.9184)]
2026-08-05 11:37:06.457029: Epoch time: 41.09 s
2026-08-05 11:37:07.181702: 
2026-08-05 11:37:07.182009: Epoch 133
2026-08-05 11:37:07.182151: Current learning rate: 0.00879
2026-08-05 11:37:48.258829: train_loss -0.7943
2026-08-05 11:37:48.259111: val_loss -0.761
2026-08-05 11:37:48.259164: Pseudo dice [np.float32(0.7067), np.float32(0.9127), np.float32(0.9219)]
2026-08-05 11:37:48.259222: Epoch time: 41.08 s
2026-08-05 11:37:49.014423: 
2026-08-05 11:37:49.014865: Epoch 134
2026-08-05 11:37:49.014977: Current learning rate: 0.00879
2026-08-05 11:38:30.606609: train_loss -0.7464
2026-08-05 11:38:30.606976: val_loss -0.7522
2026-08-05 11:38:30.607076: Pseudo dice [np.float32(0.6811), np.float32(0.9151), np.float32(0.9219)]
2026-08-05 11:38:30.607255: Epoch time: 41.59 s
2026-08-05 11:38:31.413732: 
2026-08-05 11:38:31.414207: Epoch 135
2026-08-05 11:38:31.414321: Current learning rate: 0.00878
2026-08-05 11:39:17.056369: train_loss -0.75
2026-08-05 11:39:17.059444: val_loss -0.7486
2026-08-05 11:39:17.059634: Pseudo dice [np.float32(0.6913), np.float32(0.917), np.float32(0.9255)]
2026-08-05 11:39:17.059752: Epoch time: 45.65 s
2026-08-05 11:39:17.848230: 
2026-08-05 11:39:17.848592: Epoch 136
2026-08-05 11:39:17.848696: Current learning rate: 0.00877
2026-08-05 11:39:59.009331: train_loss -0.7597
2026-08-05 11:39:59.009668: val_loss -0.7569
2026-08-05 11:39:59.009793: Pseudo dice [np.float32(0.6958), np.float32(0.9169), np.float32(0.9148)]
2026-08-05 11:39:59.009990: Epoch time: 41.16 s
2026-08-05 11:39:59.817515: 
2026-08-05 11:39:59.817852: Epoch 137
2026-08-05 11:39:59.818043: Current learning rate: 0.00876
2026-08-05 11:40:40.939054: train_loss -0.7619
2026-08-05 11:40:40.939398: val_loss -0.7567
2026-08-05 11:40:40.939521: Pseudo dice [np.float32(0.6895), np.float32(0.9118), np.float32(0.9218)]
2026-08-05 11:40:40.939633: Epoch time: 41.12 s
2026-08-05 11:40:41.696538: 
2026-08-05 11:40:41.696805: Epoch 138
2026-08-05 11:40:41.696956: Current learning rate: 0.00875
2026-08-05 11:41:22.864188: train_loss -0.773
2026-08-05 11:41:22.864604: val_loss -0.77
2026-08-05 11:41:22.864808: Pseudo dice [np.float32(0.7042), np.float32(0.9228), np.float32(0.9252)]
2026-08-05 11:41:22.864952: Epoch time: 41.17 s
2026-08-05 11:41:23.638365: 
2026-08-05 11:41:23.638723: Epoch 139
2026-08-05 11:41:23.638960: Current learning rate: 0.00874
2026-08-05 11:42:04.929923: train_loss -0.7729
2026-08-05 11:42:04.930295: val_loss -0.7775
2026-08-05 11:42:04.930419: Pseudo dice [np.float32(0.7104), np.float32(0.9324), np.float32(0.9288)]
2026-08-05 11:42:04.930614: Epoch time: 41.29 s
2026-08-05 11:42:05.791356: 
2026-08-05 11:42:05.791787: Epoch 140
2026-08-05 11:42:05.791923: Current learning rate: 0.00873
2026-08-05 11:42:47.009176: train_loss -0.7703
2026-08-05 11:42:47.009635: val_loss -0.7511
2026-08-05 11:42:47.009768: Pseudo dice [np.float32(0.6856), np.float32(0.9076), np.float32(0.9155)]
2026-08-05 11:42:47.009883: Epoch time: 41.22 s
2026-08-05 11:42:47.834326: 
2026-08-05 11:42:47.834671: Epoch 141
2026-08-05 11:42:47.834786: Current learning rate: 0.00872
2026-08-05 11:43:29.017733: train_loss -0.7703
2026-08-05 11:43:29.018057: val_loss -0.7664
2026-08-05 11:43:29.018192: Pseudo dice [np.float32(0.7026), np.float32(0.9282), np.float32(0.9206)]
2026-08-05 11:43:29.018331: Epoch time: 41.19 s
2026-08-05 11:43:29.864439: 
2026-08-05 11:43:29.864793: Epoch 142
2026-08-05 11:43:29.864906: Current learning rate: 0.00871
2026-08-05 11:44:11.703080: train_loss -0.7757
2026-08-05 11:44:11.703442: val_loss -0.7658
2026-08-05 11:44:11.703569: Pseudo dice [np.float32(0.6996), np.float32(0.9211), np.float32(0.9275)]
2026-08-05 11:44:11.703681: Epoch time: 41.84 s
2026-08-05 11:44:12.477037: 
2026-08-05 11:44:12.477396: Epoch 143
2026-08-05 11:44:12.477558: Current learning rate: 0.0087
2026-08-05 11:44:53.748091: train_loss -0.7512
2026-08-05 11:44:53.748389: val_loss -0.7526
2026-08-05 11:44:53.748515: Pseudo dice [np.float32(0.6905), np.float32(0.9158), np.float32(0.9207)]
2026-08-05 11:44:53.748698: Epoch time: 41.27 s
2026-08-05 11:44:54.524364: 
2026-08-05 11:44:54.524677: Epoch 144
2026-08-05 11:44:54.524978: Current learning rate: 0.00869
2026-08-05 11:45:35.528971: train_loss -0.7569
2026-08-05 11:45:35.529320: val_loss -0.7236
2026-08-05 11:45:35.529442: Pseudo dice [np.float32(0.6624), np.float32(0.9013), np.float32(0.8938)]
2026-08-05 11:45:35.529664: Epoch time: 41.01 s
2026-08-05 11:45:36.338082: 
2026-08-05 11:45:36.338495: Epoch 145
2026-08-05 11:45:36.338600: Current learning rate: 0.00868
2026-08-05 11:46:17.493006: train_loss -0.7697
2026-08-05 11:46:17.493342: val_loss -0.7697
2026-08-05 11:46:17.493464: Pseudo dice [np.float32(0.7002), np.float32(0.9242), np.float32(0.9275)]
2026-08-05 11:46:17.493684: Epoch time: 41.16 s
2026-08-05 11:46:18.268030: 
2026-08-05 11:46:18.268454: Epoch 146
2026-08-05 11:46:18.268549: Current learning rate: 0.00868
2026-08-05 11:46:59.420440: train_loss -0.7665
2026-08-05 11:46:59.421019: val_loss -0.7605
2026-08-05 11:46:59.421146: Pseudo dice [np.float32(0.6938), np.float32(0.9223), np.float32(0.9243)]
2026-08-05 11:46:59.421260: Epoch time: 41.16 s
2026-08-05 11:47:00.208541: 
2026-08-05 11:47:00.208808: Epoch 147
2026-08-05 11:47:00.209006: Current learning rate: 0.00867
2026-08-05 11:47:41.596443: train_loss -0.7669
2026-08-05 11:47:41.596885: val_loss -0.75
2026-08-05 11:47:41.597046: Pseudo dice [np.float32(0.6893), np.float32(0.9079), np.float32(0.922)]
2026-08-05 11:47:41.597180: Epoch time: 41.39 s
2026-08-05 11:47:42.443676: 
2026-08-05 11:47:42.444057: Epoch 148
2026-08-05 11:47:42.444310: Current learning rate: 0.00866
2026-08-05 11:48:24.013424: train_loss -0.7577
2026-08-05 11:48:24.013908: val_loss -0.7601
2026-08-05 11:48:24.014041: Pseudo dice [np.float32(0.7097), np.float32(0.9109), np.float32(0.9303)]
2026-08-05 11:48:24.014278: Epoch time: 41.57 s
2026-08-05 11:48:24.863108: 
2026-08-05 11:48:24.863405: Epoch 149
2026-08-05 11:48:24.863583: Current learning rate: 0.00865
2026-08-05 11:49:06.654274: train_loss -0.76
2026-08-05 11:49:06.654723: val_loss -0.7605
2026-08-05 11:49:06.654852: Pseudo dice [np.float32(0.6969), np.float32(0.9175), np.float32(0.9286)]
2026-08-05 11:49:06.654998: Epoch time: 41.79 s
2026-08-05 11:49:12.221123: 
2026-08-05 11:49:12.221471: Epoch 150
2026-08-05 11:49:12.221635: Current learning rate: 0.00864
2026-08-05 11:49:53.482154: train_loss -0.7803
2026-08-05 11:49:53.482626: val_loss -0.7596
2026-08-05 11:49:53.482753: Pseudo dice [np.float32(0.6884), np.float32(0.9213), np.float32(0.9231)]
2026-08-05 11:49:53.482880: Epoch time: 41.26 s
2026-08-05 11:49:54.289685: 
2026-08-05 11:49:54.472129: Epoch 151
2026-08-05 11:49:54.472337: Current learning rate: 0.00863
2026-08-05 11:50:42.430019: train_loss -0.7823
2026-08-05 11:50:42.430407: val_loss -0.7651
2026-08-05 11:50:42.430541: Pseudo dice [np.float32(0.6975), np.float32(0.9239), np.float32(0.9282)]
2026-08-05 11:50:42.430658: Epoch time: 48.14 s
2026-08-05 11:50:43.200047: 
2026-08-05 11:50:43.200442: Epoch 152
2026-08-05 11:50:43.200598: Current learning rate: 0.00862
2026-08-05 11:51:24.304103: train_loss -0.7564
2026-08-05 11:51:24.304565: val_loss -0.7388
2026-08-05 11:51:24.304699: Pseudo dice [np.float32(0.6822), np.float32(0.9083), np.float32(0.9165)]
2026-08-05 11:51:24.304976: Epoch time: 41.11 s
2026-08-05 11:51:25.076405: 
2026-08-05 11:51:25.076780: Epoch 153
2026-08-05 11:51:25.076946: Current learning rate: 0.00861
2026-08-05 11:52:06.675730: train_loss -0.7729
2026-08-05 11:52:06.676172: val_loss -0.7677
2026-08-05 11:52:06.676232: Pseudo dice [np.float32(0.6921), np.float32(0.9197), np.float32(0.9268)]
2026-08-05 11:52:06.676300: Epoch time: 41.6 s
2026-08-05 11:52:07.398239: 
2026-08-05 11:52:07.398554: Epoch 154
2026-08-05 11:52:07.398694: Current learning rate: 0.0086
2026-08-05 11:52:48.816129: train_loss -0.7766
2026-08-05 11:52:48.816539: val_loss -0.7686
2026-08-05 11:52:48.816677: Pseudo dice [np.float32(0.6964), np.float32(0.9277), np.float32(0.9255)]
2026-08-05 11:52:48.816790: Epoch time: 41.42 s
2026-08-05 11:52:49.561967: 
2026-08-05 11:52:49.562181: Epoch 155
2026-08-05 11:52:49.562291: Current learning rate: 0.00859
2026-08-05 11:53:30.732755: train_loss -0.7858
2026-08-05 11:53:30.733009: val_loss -0.771
2026-08-05 11:53:30.733063: Pseudo dice [np.float32(0.703), np.float32(0.9168), np.float32(0.9267)]
2026-08-05 11:53:30.733176: Epoch time: 41.17 s
2026-08-05 11:53:31.948776: 
2026-08-05 11:53:31.949150: Epoch 156
2026-08-05 11:53:31.949349: Current learning rate: 0.00858
2026-08-05 11:54:13.391174: train_loss -0.785
2026-08-05 11:54:13.391564: val_loss -0.7661
2026-08-05 11:54:13.391785: Pseudo dice [np.float32(0.7058), np.float32(0.9222), np.float32(0.9316)]
2026-08-05 11:54:13.392004: Epoch time: 41.44 s
2026-08-05 11:54:14.263084: 
2026-08-05 11:54:14.263424: Epoch 157
2026-08-05 11:54:14.263541: Current learning rate: 0.00858
2026-08-05 11:54:55.654732: train_loss -0.7894
2026-08-05 11:54:55.655015: val_loss -0.7825
2026-08-05 11:54:55.655070: Pseudo dice [np.float32(0.7107), np.float32(0.9292), np.float32(0.9313)]
2026-08-05 11:54:55.655131: Epoch time: 41.39 s
2026-08-05 11:54:56.546026: 
2026-08-05 11:54:56.546397: Epoch 158
2026-08-05 11:54:56.546513: Current learning rate: 0.00857
2026-08-05 11:55:38.389675: train_loss -0.7974
2026-08-05 11:55:38.390222: val_loss -0.7822
2026-08-05 11:55:38.390460: Pseudo dice [np.float32(0.7138), np.float32(0.921), np.float32(0.9346)]
2026-08-05 11:55:38.390602: Epoch time: 41.85 s
2026-08-05 11:55:39.187286: 
2026-08-05 11:55:39.187601: Epoch 159
2026-08-05 11:55:39.187744: Current learning rate: 0.00856
2026-08-05 11:56:20.616643: train_loss -0.7964
2026-08-05 11:56:20.617173: val_loss -0.7719
2026-08-05 11:56:20.617304: Pseudo dice [np.float32(0.7017), np.float32(0.9269), np.float32(0.9258)]
2026-08-05 11:56:20.617439: Epoch time: 41.43 s
2026-08-05 11:56:21.455647: 
2026-08-05 11:56:21.456072: Epoch 160
2026-08-05 11:56:21.456187: Current learning rate: 0.00855
2026-08-05 11:57:02.990359: train_loss -0.7866
2026-08-05 11:57:02.991291: val_loss -0.7791
2026-08-05 11:57:02.991648: Pseudo dice [np.float32(0.7222), np.float32(0.9249), np.float32(0.9334)]
2026-08-05 11:57:02.991829: Epoch time: 41.54 s
2026-08-05 11:57:03.809084: 
2026-08-05 11:57:03.809472: Epoch 161
2026-08-05 11:57:03.809607: Current learning rate: 0.00854
2026-08-05 11:57:45.236406: train_loss -0.7788
2026-08-05 11:57:45.236704: val_loss -0.7717
2026-08-05 11:57:45.236758: Pseudo dice [np.float32(0.7075), np.float32(0.9261), np.float32(0.9303)]
2026-08-05 11:57:45.236817: Epoch time: 41.43 s
2026-08-05 11:57:45.967435: 
2026-08-05 11:57:45.967762: Epoch 162
2026-08-05 11:57:45.967919: Current learning rate: 0.00853
2026-08-05 11:58:27.762148: train_loss -0.7866
2026-08-05 11:58:27.762412: val_loss -0.7869
2026-08-05 11:58:27.762469: Pseudo dice [np.float32(0.7151), np.float32(0.9348), np.float32(0.9338)]
2026-08-05 11:58:27.762526: Epoch time: 41.8 s
2026-08-05 11:58:28.492387: 
2026-08-05 11:58:28.492707: Epoch 163
2026-08-05 11:58:28.492829: Current learning rate: 0.00852
2026-08-05 11:59:09.991050: train_loss -0.7999
2026-08-05 11:59:09.991362: val_loss -0.7906
2026-08-05 11:59:09.991464: Pseudo dice [np.float32(0.7199), np.float32(0.9309), np.float32(0.9298)]
2026-08-05 11:59:09.991535: Epoch time: 41.5 s
2026-08-05 11:59:09.991578: Yayy! New best EMA pseudo Dice: 0.8522999882698059
2026-08-05 11:59:19.050476: 
2026-08-05 11:59:19.050731: Epoch 164
2026-08-05 11:59:19.051147: Current learning rate: 0.00851
2026-08-05 12:00:00.356491: train_loss -0.7972
2026-08-05 12:00:00.357023: val_loss -0.782
2026-08-05 12:00:00.357217: Pseudo dice [np.float32(0.716), np.float32(0.9298), np.float32(0.9309)]
2026-08-05 12:00:00.357363: Epoch time: 41.31 s
2026-08-05 12:00:00.357463: Yayy! New best EMA pseudo Dice: 0.8529999852180481
2026-08-05 12:00:04.316499: 
2026-08-05 12:00:04.316831: Epoch 165
2026-08-05 12:00:04.317026: Current learning rate: 0.0085
2026-08-05 12:00:46.204643: train_loss -0.8001
2026-08-05 12:00:46.263944: val_loss -0.7769
2026-08-05 12:00:46.264191: Pseudo dice [np.float32(0.7028), np.float32(0.9295), np.float32(0.9285)]
2026-08-05 12:00:46.264421: Epoch time: 41.89 s
2026-08-05 12:00:46.264507: Yayy! New best EMA pseudo Dice: 0.8531000018119812
2026-08-05 12:00:56.759889: 
2026-08-05 12:00:56.760314: Epoch 166
2026-08-05 12:00:56.760563: Current learning rate: 0.00849
2026-08-05 12:01:38.479551: train_loss -0.7823
2026-08-05 12:01:38.562303: val_loss -0.7754
2026-08-05 12:01:38.562412: Pseudo dice [np.float32(0.7114), np.float32(0.9249), np.float32(0.9273)]
2026-08-05 12:01:38.562485: Epoch time: 41.72 s
2026-08-05 12:01:38.562526: Yayy! New best EMA pseudo Dice: 0.8532000184059143
2026-08-05 12:01:48.193742: 
2026-08-05 12:01:48.194085: Epoch 167
2026-08-05 12:01:48.194197: Current learning rate: 0.00848
2026-08-05 12:02:29.216505: train_loss -0.7971
2026-08-05 12:02:29.217179: val_loss -0.7789
2026-08-05 12:02:29.217396: Pseudo dice [np.float32(0.7103), np.float32(0.9306), np.float32(0.93)]
2026-08-05 12:02:29.217524: Epoch time: 41.03 s
2026-08-05 12:02:29.217613: Yayy! New best EMA pseudo Dice: 0.853600025177002
2026-08-05 12:02:35.403668: 
2026-08-05 12:02:35.404063: Epoch 168
2026-08-05 12:02:35.404273: Current learning rate: 0.00847
2026-08-05 12:03:16.277685: train_loss -0.8083
2026-08-05 12:03:16.278053: val_loss -0.7788
2026-08-05 12:03:16.278127: Pseudo dice [np.float32(0.707), np.float32(0.9273), np.float32(0.9295)]
2026-08-05 12:03:16.278206: Epoch time: 40.88 s
2026-08-05 12:03:16.278255: Yayy! New best EMA pseudo Dice: 0.8536999821662903
2026-08-05 12:03:21.698707: 
2026-08-05 12:03:21.699025: Epoch 169
2026-08-05 12:03:21.699134: Current learning rate: 0.00847
2026-08-05 12:04:02.244104: train_loss -0.8111
2026-08-05 12:04:02.528167: val_loss -0.7832
2026-08-05 12:04:02.528496: Pseudo dice [np.float32(0.7154), np.float32(0.9293), np.float32(0.9303)]
2026-08-05 12:04:02.528674: Epoch time: 40.55 s
2026-08-05 12:04:02.528770: Yayy! New best EMA pseudo Dice: 0.854200005531311
2026-08-05 12:04:08.582450: 
2026-08-05 12:04:08.582826: Epoch 170
2026-08-05 12:04:08.582961: Current learning rate: 0.00846
2026-08-05 12:04:49.750967: train_loss -0.8104
2026-08-05 12:04:49.751482: val_loss -0.7819
2026-08-05 12:04:49.751682: Pseudo dice [np.float32(0.7082), np.float32(0.9287), np.float32(0.9281)]
2026-08-05 12:04:49.751944: Epoch time: 41.17 s
2026-08-05 12:04:49.752091: Yayy! New best EMA pseudo Dice: 0.854200005531311
2026-08-05 12:04:54.878150: 
2026-08-05 12:04:54.878539: Epoch 171
2026-08-05 12:04:54.878624: Current learning rate: 0.00845
2026-08-05 12:05:35.997041: train_loss -0.8075
2026-08-05 12:05:35.997458: val_loss -0.7812
2026-08-05 12:05:35.997563: Pseudo dice [np.float32(0.7079), np.float32(0.9268), np.float32(0.9339)]
2026-08-05 12:05:36.248027: Epoch time: 41.12 s
2026-08-05 12:05:36.248338: Yayy! New best EMA pseudo Dice: 0.8543999791145325
2026-08-05 12:05:46.490294: 
2026-08-05 12:05:46.490646: Epoch 172
2026-08-05 12:05:46.490736: Current learning rate: 0.00844
2026-08-05 12:06:27.639348: train_loss -0.8115
2026-08-05 12:06:27.639745: val_loss -0.7824
2026-08-05 12:06:27.639867: Pseudo dice [np.float32(0.7092), np.float32(0.9281), np.float32(0.9339)]
2026-08-05 12:06:27.639961: Epoch time: 41.15 s
2026-08-05 12:06:27.640013: Yayy! New best EMA pseudo Dice: 0.8547000288963318
2026-08-05 12:06:42.028770: 
2026-08-05 12:06:42.029128: Epoch 173
2026-08-05 12:06:42.029302: Current learning rate: 0.00843
2026-08-05 12:07:23.376368: train_loss -0.8072
2026-08-05 12:07:23.376623: val_loss -0.7581
2026-08-05 12:07:23.376739: Pseudo dice [np.float32(0.7019), np.float32(0.9156), np.float32(0.9224)]
2026-08-05 12:07:23.377003: Epoch time: 41.35 s
2026-08-05 12:07:24.150975: 
2026-08-05 12:07:24.151255: Epoch 174
2026-08-05 12:07:24.151404: Current learning rate: 0.00842
2026-08-05 12:08:05.373158: train_loss -0.7907
2026-08-05 12:08:05.373412: val_loss -0.7763
2026-08-05 12:08:05.373466: Pseudo dice [np.float32(0.7026), np.float32(0.9281), np.float32(0.9237)]
2026-08-05 12:08:05.373520: Epoch time: 41.22 s
2026-08-05 12:08:06.100275: 
2026-08-05 12:08:06.100491: Epoch 175
2026-08-05 12:08:06.100743: Current learning rate: 0.00841
2026-08-05 12:08:47.249089: train_loss -0.7928
2026-08-05 12:08:47.249675: val_loss -0.7763
2026-08-05 12:08:47.249738: Pseudo dice [np.float32(0.6998), np.float32(0.9288), np.float32(0.9264)]
2026-08-05 12:08:47.249803: Epoch time: 41.15 s
2026-08-05 12:08:48.182947: 
2026-08-05 12:08:48.183237: Epoch 176
2026-08-05 12:08:48.183466: Current learning rate: 0.0084
2026-08-05 12:09:29.638730: train_loss -0.794
2026-08-05 12:09:29.639683: val_loss -0.7654
2026-08-05 12:09:29.639768: Pseudo dice [np.float32(0.6972), np.float32(0.9212), np.float32(0.9242)]
2026-08-05 12:09:29.639847: Epoch time: 41.46 s
2026-08-05 12:09:30.406344: 
2026-08-05 12:09:30.406724: Epoch 177
2026-08-05 12:09:30.406825: Current learning rate: 0.00839
2026-08-05 12:10:11.742986: train_loss -0.8011
2026-08-05 12:10:11.908010: val_loss -0.7795
2026-08-05 12:10:11.908199: Pseudo dice [np.float32(0.71), np.float32(0.9233), np.float32(0.9325)]
2026-08-05 12:10:11.908321: Epoch time: 41.34 s
2026-08-05 12:10:12.901413: 
2026-08-05 12:10:12.901763: Epoch 178
2026-08-05 12:10:12.901868: Current learning rate: 0.00838
2026-08-05 12:10:54.245948: train_loss -0.7796
2026-08-05 12:10:54.246375: val_loss -0.7678
2026-08-05 12:10:54.246441: Pseudo dice [np.float32(0.7023), np.float32(0.9257), np.float32(0.9275)]
2026-08-05 12:10:54.246500: Epoch time: 41.35 s
2026-08-05 12:10:55.295702: 
2026-08-05 12:10:55.296006: Epoch 179
2026-08-05 12:10:55.296159: Current learning rate: 0.00837
2026-08-05 12:11:36.564284: train_loss -0.7828
2026-08-05 12:11:36.564947: val_loss -0.7752
2026-08-05 12:11:36.565091: Pseudo dice [np.float32(0.7027), np.float32(0.9225), np.float32(0.9261)]
2026-08-05 12:11:36.565186: Epoch time: 41.27 s
2026-08-05 12:11:37.949047: 
2026-08-05 12:11:37.949389: Epoch 180
2026-08-05 12:11:37.949479: Current learning rate: 0.00836
2026-08-05 12:12:19.175078: train_loss -0.7859
2026-08-05 12:12:19.332020: val_loss -0.7617
2026-08-05 12:12:19.332148: Pseudo dice [np.float32(0.7006), np.float32(0.9245), np.float32(0.9294)]
2026-08-05 12:12:19.332215: Epoch time: 41.23 s
2026-08-05 12:12:20.060456: 
2026-08-05 12:12:20.060750: Epoch 181
2026-08-05 12:12:20.060960: Current learning rate: 0.00836
2026-08-05 12:13:01.614044: train_loss -0.7886
2026-08-05 12:13:01.615525: val_loss -0.7686
2026-08-05 12:13:01.615737: Pseudo dice [np.float32(0.6995), np.float32(0.9204), np.float32(0.9303)]
2026-08-05 12:13:01.615913: Epoch time: 41.56 s
2026-08-05 12:13:02.393447: 
2026-08-05 12:13:02.590211: Epoch 182
2026-08-05 12:13:02.590497: Current learning rate: 0.00835
2026-08-05 12:13:43.938880: train_loss -0.7803
2026-08-05 12:13:43.970234: val_loss -0.7664
2026-08-05 12:13:43.970392: Pseudo dice [np.float32(0.704), np.float32(0.9155), np.float32(0.929)]
2026-08-05 12:13:43.970576: Epoch time: 41.55 s
2026-08-05 12:13:44.752662: 
2026-08-05 12:13:44.752965: Epoch 183
2026-08-05 12:13:44.753075: Current learning rate: 0.00834
2026-08-05 12:14:26.039178: train_loss -0.7905
2026-08-05 12:14:26.040487: val_loss -0.786
2026-08-05 12:14:26.040854: Pseudo dice [np.float32(0.7122), np.float32(0.9356), np.float32(0.9302)]
2026-08-05 12:14:26.041001: Epoch time: 41.29 s
2026-08-05 12:14:26.876750: 
2026-08-05 12:14:26.877189: Epoch 184
2026-08-05 12:14:26.877298: Current learning rate: 0.00833
2026-08-05 12:15:08.291576: train_loss -0.795
2026-08-05 12:15:08.292002: val_loss -0.7896
2026-08-05 12:15:08.292209: Pseudo dice [np.float32(0.7207), np.float32(0.9277), np.float32(0.9382)]
2026-08-05 12:15:08.292329: Epoch time: 41.42 s
2026-08-05 12:15:09.127908: 
2026-08-05 12:15:09.128292: Epoch 185
2026-08-05 12:15:09.128405: Current learning rate: 0.00832
2026-08-05 12:15:50.441626: train_loss -0.7957
2026-08-05 12:15:50.442314: val_loss -0.7767
2026-08-05 12:15:50.442446: Pseudo dice [np.float32(0.7146), np.float32(0.9301), np.float32(0.9279)]
2026-08-05 12:15:50.442570: Epoch time: 41.32 s
2026-08-05 12:15:51.325993: 
2026-08-05 12:15:51.326282: Epoch 186
2026-08-05 12:15:51.326384: Current learning rate: 0.00831
2026-08-05 12:16:32.863983: train_loss -0.7973
2026-08-05 12:16:32.864742: val_loss -0.7833
2026-08-05 12:16:32.864882: Pseudo dice [np.float32(0.7149), np.float32(0.9268), np.float32(0.9315)]
2026-08-05 12:16:32.865049: Epoch time: 41.54 s
2026-08-05 12:16:34.198223: 
2026-08-05 12:16:34.198673: Epoch 187
2026-08-05 12:16:34.198790: Current learning rate: 0.0083
2026-08-05 12:17:15.291039: train_loss -0.8071
2026-08-05 12:17:15.291406: val_loss -0.7897
2026-08-05 12:17:15.291487: Pseudo dice [np.float32(0.7141), np.float32(0.9366), np.float32(0.9323)]
2026-08-05 12:17:15.291575: Epoch time: 41.1 s
2026-08-05 12:17:15.291625: Yayy! New best EMA pseudo Dice: 0.8550999760627747
2026-08-05 12:17:20.587012: 
2026-08-05 12:17:20.587449: Epoch 188
2026-08-05 12:17:20.587568: Current learning rate: 0.00829
2026-08-05 12:18:01.805117: train_loss -0.8095
2026-08-05 12:18:01.805447: val_loss -0.7906
2026-08-05 12:18:01.805564: Pseudo dice [np.float32(0.7192), np.float32(0.9323), np.float32(0.9342)]
2026-08-05 12:18:01.805670: Epoch time: 41.22 s
2026-08-05 12:18:01.805747: Yayy! New best EMA pseudo Dice: 0.8557999730110168
2026-08-05 12:18:06.728173: 
2026-08-05 12:18:06.728695: Epoch 189
2026-08-05 12:18:06.728796: Current learning rate: 0.00828
2026-08-05 12:18:48.511169: train_loss -0.8151
2026-08-05 12:18:48.511426: val_loss -0.7779
2026-08-05 12:18:48.511547: Pseudo dice [np.float32(0.7075), np.float32(0.925), np.float32(0.9304)]
2026-08-05 12:18:48.511658: Epoch time: 41.79 s
2026-08-05 12:18:49.356321: 
2026-08-05 12:18:49.356669: Epoch 190
2026-08-05 12:18:49.356760: Current learning rate: 0.00827
2026-08-05 12:19:30.838540: train_loss -0.8173
2026-08-05 12:19:30.838840: val_loss -0.7744
2026-08-05 12:19:30.838991: Pseudo dice [np.float32(0.7075), np.float32(0.9221), np.float32(0.93)]
2026-08-05 12:19:30.839195: Epoch time: 41.48 s
2026-08-05 12:19:31.654098: 
2026-08-05 12:19:31.654342: Epoch 191
2026-08-05 12:19:31.654496: Current learning rate: 0.00826
2026-08-05 12:20:13.374153: train_loss -0.8069
2026-08-05 12:20:13.375184: val_loss -0.7892
2026-08-05 12:20:13.375718: Pseudo dice [np.float32(0.7148), np.float32(0.9299), np.float32(0.9328)]
2026-08-05 12:20:13.375937: Epoch time: 41.72 s
2026-08-05 12:20:14.209663: 
2026-08-05 12:20:14.209962: Epoch 192
2026-08-05 12:20:14.210209: Current learning rate: 0.00825
2026-08-05 12:20:55.824641: train_loss -0.8038
2026-08-05 12:20:55.824924: val_loss -0.7791
2026-08-05 12:20:55.825053: Pseudo dice [np.float32(0.706), np.float32(0.9338), np.float32(0.9263)]
2026-08-05 12:20:55.825247: Epoch time: 41.62 s
2026-08-05 12:20:56.810721: 
2026-08-05 12:20:56.811052: Epoch 193
2026-08-05 12:20:56.822591: Current learning rate: 0.00824
2026-08-05 12:22:03.493925: train_loss -0.7938
2026-08-05 12:22:03.494156: val_loss -0.7727
2026-08-05 12:22:03.494216: Pseudo dice [np.float32(0.6978), np.float32(0.9272), np.float32(0.9319)]
2026-08-05 12:22:03.494279: Epoch time: 66.69 s
2026-08-05 12:22:04.506802: 
2026-08-05 12:22:04.507125: Epoch 194
2026-08-05 12:22:04.507244: Current learning rate: 0.00824
2026-08-05 12:22:47.241069: train_loss -0.7998
2026-08-05 12:22:47.241445: val_loss -0.7829
2026-08-05 12:22:47.241571: Pseudo dice [np.float32(0.7093), np.float32(0.9302), np.float32(0.9329)]
2026-08-05 12:22:47.241690: Epoch time: 42.74 s
2026-08-05 12:22:48.046822: 
2026-08-05 12:22:48.047081: Epoch 195
2026-08-05 12:22:48.047210: Current learning rate: 0.00823
2026-08-05 12:23:29.233428: train_loss -0.8116
2026-08-05 12:23:29.233593: val_loss -0.7864
2026-08-05 12:23:29.233644: Pseudo dice [np.float32(0.7234), np.float32(0.9317), np.float32(0.9368)]
2026-08-05 12:23:29.233699: Epoch time: 41.19 s
2026-08-05 12:23:29.233737: Yayy! New best EMA pseudo Dice: 0.8564000129699707
2026-08-05 12:23:39.723012: 
2026-08-05 12:23:39.723379: Epoch 196
2026-08-05 12:23:39.723482: Current learning rate: 0.00822
2026-08-05 12:24:21.192544: train_loss -0.8129
2026-08-05 12:24:21.192808: val_loss -0.7825
2026-08-05 12:24:21.192968: Pseudo dice [np.float32(0.7152), np.float32(0.9285), np.float32(0.9297)]
2026-08-05 12:24:21.193057: Epoch time: 41.47 s
2026-08-05 12:24:21.193099: Yayy! New best EMA pseudo Dice: 0.8565999865531921
2026-08-05 12:24:27.305400: 
2026-08-05 12:24:27.305859: Epoch 197
2026-08-05 12:24:27.305972: Current learning rate: 0.00821
2026-08-05 12:25:08.533865: train_loss -0.8052
2026-08-05 12:25:08.534205: val_loss -0.7863
2026-08-05 12:25:08.534328: Pseudo dice [np.float32(0.7171), np.float32(0.9301), np.float32(0.9321)]
2026-08-05 12:25:08.534445: Epoch time: 41.23 s
2026-08-05 12:25:08.534535: Yayy! New best EMA pseudo Dice: 0.8568999767303467
2026-08-05 12:25:24.156650: 
2026-08-05 12:25:24.157056: Epoch 198
2026-08-05 12:25:24.157148: Current learning rate: 0.0082
2026-08-05 12:26:05.559508: train_loss -0.7987
2026-08-05 12:26:05.666985: val_loss -0.7768
2026-08-05 12:26:05.667184: Pseudo dice [np.float32(0.7131), np.float32(0.9219), np.float32(0.9317)]
2026-08-05 12:26:05.667341: Epoch time: 41.41 s
2026-08-05 12:26:09.683643: 
2026-08-05 12:26:09.684070: Epoch 199
2026-08-05 12:26:09.684216: Current learning rate: 0.00819
2026-08-05 12:26:51.447542: train_loss -0.8063
2026-08-05 12:26:51.527304: val_loss -0.7667
2026-08-05 12:26:51.527472: Pseudo dice [np.float32(0.6985), np.float32(0.9221), np.float32(0.9296)]
2026-08-05 12:26:51.527560: Epoch time: 41.77 s
2026-08-05 12:27:01.508757: 
2026-08-05 12:27:01.509103: Epoch 200
2026-08-05 12:27:01.509208: Current learning rate: 0.00818
2026-08-05 12:27:43.075091: train_loss -0.8132
2026-08-05 12:27:43.483443: val_loss -0.7917
2026-08-05 12:27:43.483666: Pseudo dice [np.float32(0.7169), np.float32(0.9349), np.float32(0.9356)]
2026-08-05 12:27:43.484082: Epoch time: 41.57 s
2026-08-05 12:27:44.519753: 
2026-08-05 12:27:44.520077: Epoch 201
2026-08-05 12:27:44.520203: Current learning rate: 0.00817
2026-08-05 12:28:25.981999: train_loss -0.8116
2026-08-05 12:28:25.982885: val_loss -0.7593
2026-08-05 12:28:25.982973: Pseudo dice [np.float32(0.6999), np.float32(0.9188), np.float32(0.9332)]
2026-08-05 12:28:25.983046: Epoch time: 41.46 s
2026-08-05 12:28:27.011755: 
2026-08-05 12:28:27.012081: Epoch 202
2026-08-05 12:28:27.012237: Current learning rate: 0.00816
2026-08-05 12:29:08.569470: train_loss -0.8116
2026-08-05 12:29:08.970783: val_loss -0.7749
2026-08-05 12:29:08.971048: Pseudo dice [np.float32(0.7097), np.float32(0.9235), np.float32(0.9297)]
2026-08-05 12:29:08.971225: Epoch time: 41.56 s
2026-08-05 12:29:09.872999: 
2026-08-05 12:29:09.873341: Epoch 203
2026-08-05 12:29:09.873458: Current learning rate: 0.00815
2026-08-05 12:29:51.455143: train_loss -0.8162
2026-08-05 12:29:51.455453: val_loss -0.7904
2026-08-05 12:29:51.455575: Pseudo dice [np.float32(0.7215), np.float32(0.9315), np.float32(0.9339)]
2026-08-05 12:29:51.455688: Epoch time: 41.58 s
2026-08-05 12:29:53.490661: 
2026-08-05 12:29:53.490948: Epoch 204
2026-08-05 12:29:53.491053: Current learning rate: 0.00814
2026-08-05 12:30:35.676435: train_loss -0.8105
2026-08-05 12:30:35.678724: val_loss -0.7795
2026-08-05 12:30:35.678793: Pseudo dice [np.float32(0.7097), np.float32(0.9318), np.float32(0.9298)]
2026-08-05 12:30:35.678861: Epoch time: 42.19 s
2026-08-05 12:30:37.146402: 
2026-08-05 12:30:37.146784: Epoch 205
2026-08-05 12:30:37.146969: Current learning rate: 0.00813
2026-08-05 12:31:21.029929: train_loss -0.8158
2026-08-05 12:31:21.030136: val_loss -0.7876
2026-08-05 12:31:21.030187: Pseudo dice [np.float32(0.7192), np.float32(0.9259), np.float32(0.9316)]
2026-08-05 12:31:21.030240: Epoch time: 43.89 s
2026-08-05 12:31:21.762509: 
2026-08-05 12:31:21.762765: Epoch 206
2026-08-05 12:31:21.762929: Current learning rate: 0.00813
2026-08-05 12:32:03.306695: train_loss -0.8159
2026-08-05 12:32:03.307095: val_loss -0.7936
2026-08-05 12:32:03.307224: Pseudo dice [np.float32(0.7174), np.float32(0.9341), np.float32(0.9334)]
2026-08-05 12:32:03.307339: Epoch time: 41.55 s
2026-08-05 12:32:03.307424: Yayy! New best EMA pseudo Dice: 0.8572999835014343
2026-08-05 12:32:11.624985: 
2026-08-05 12:32:11.625383: Epoch 207
2026-08-05 12:32:11.625501: Current learning rate: 0.00812
2026-08-05 12:32:53.032832: train_loss -0.8151
2026-08-05 12:32:53.033088: val_loss -0.7799
2026-08-05 12:32:53.033146: Pseudo dice [np.float32(0.7159), np.float32(0.9292), np.float32(0.9292)]
2026-08-05 12:32:53.033211: Epoch time: 41.41 s
2026-08-05 12:32:53.033309: Yayy! New best EMA pseudo Dice: 0.8574000000953674
2026-08-05 12:32:58.594915: 
2026-08-05 12:32:58.595503: Epoch 208
2026-08-05 12:32:58.595593: Current learning rate: 0.00811
2026-08-05 12:33:40.154122: train_loss -0.8063
2026-08-05 12:33:40.154381: val_loss -0.7707
2026-08-05 12:33:40.154471: Pseudo dice [np.float32(0.7022), np.float32(0.9282), np.float32(0.9225)]
2026-08-05 12:33:40.154538: Epoch time: 41.56 s
2026-08-05 12:33:41.537674: 
2026-08-05 12:33:41.538067: Epoch 209
2026-08-05 12:33:41.538176: Current learning rate: 0.0081
2026-08-05 12:34:23.649406: train_loss -0.8018
2026-08-05 12:34:23.822043: val_loss -0.7787
2026-08-05 12:34:23.822311: Pseudo dice [np.float32(0.7083), np.float32(0.9233), np.float32(0.9308)]
2026-08-05 12:34:23.822452: Epoch time: 42.11 s
2026-08-05 12:34:25.121992: 
2026-08-05 12:34:25.122421: Epoch 210
2026-08-05 12:34:25.122537: Current learning rate: 0.00809
2026-08-05 12:35:06.813101: train_loss -0.8147
2026-08-05 12:35:06.841523: val_loss -0.7821
2026-08-05 12:35:06.841620: Pseudo dice [np.float32(0.7097), np.float32(0.9305), np.float32(0.9276)]
2026-08-05 12:35:06.841696: Epoch time: 41.69 s
2026-08-05 12:35:08.480296: 
2026-08-05 12:35:08.480651: Epoch 211
2026-08-05 12:35:08.480804: Current learning rate: 0.00808
2026-08-05 12:35:49.567682: train_loss -0.8102
2026-08-05 12:35:49.708987: val_loss -0.7522
2026-08-05 12:35:49.709127: Pseudo dice [np.float32(0.6924), np.float32(0.9164), np.float32(0.9118)]
2026-08-05 12:35:49.709206: Epoch time: 41.09 s
2026-08-05 12:35:52.063698: 
2026-08-05 12:35:52.064071: Epoch 212
2026-08-05 12:35:52.064247: Current learning rate: 0.00807
2026-08-05 12:36:33.615194: train_loss -0.7763
2026-08-05 12:36:33.615714: val_loss -0.7552
2026-08-05 12:36:33.615854: Pseudo dice [np.float32(0.6945), np.float32(0.9127), np.float32(0.9245)]
2026-08-05 12:36:33.616006: Epoch time: 41.55 s
2026-08-05 12:36:34.673622: 
2026-08-05 12:36:34.674071: Epoch 213
2026-08-05 12:36:34.674188: Current learning rate: 0.00806
2026-08-05 12:37:18.000140: train_loss -0.7536
2026-08-05 12:37:18.000444: val_loss -0.7441
2026-08-05 12:37:18.000503: Pseudo dice [np.float32(0.6867), np.float32(0.9118), np.float32(0.9167)]
2026-08-05 12:37:18.000573: Epoch time: 43.33 s
2026-08-05 12:37:19.012064: 
2026-08-05 12:37:19.012512: Epoch 214
2026-08-05 12:37:19.012638: Current learning rate: 0.00805
2026-08-05 12:38:00.281719: train_loss -0.7431
2026-08-05 12:38:00.282131: val_loss -0.7629
2026-08-05 12:38:00.282188: Pseudo dice [np.float32(0.6908), np.float32(0.9189), np.float32(0.9236)]
2026-08-05 12:38:00.282254: Epoch time: 41.27 s
2026-08-05 12:38:01.587019: 
2026-08-05 12:38:01.587359: Epoch 215
2026-08-05 12:38:01.587467: Current learning rate: 0.00804
2026-08-05 12:38:43.675396: train_loss -0.7797
2026-08-05 12:38:43.675826: val_loss -0.7718
2026-08-05 12:38:43.675985: Pseudo dice [np.float32(0.7045), np.float32(0.9277), np.float32(0.927)]
2026-08-05 12:38:43.676211: Epoch time: 42.09 s
2026-08-05 12:38:44.609948: 
2026-08-05 12:38:44.610353: Epoch 216
2026-08-05 12:38:44.610451: Current learning rate: 0.00803
2026-08-05 12:39:26.429520: train_loss -0.7871
2026-08-05 12:39:26.429801: val_loss -0.7839
2026-08-05 12:39:26.429867: Pseudo dice [np.float32(0.7132), np.float32(0.925), np.float32(0.9335)]
2026-08-05 12:39:26.429949: Epoch time: 41.82 s
2026-08-05 12:39:27.327049: 
2026-08-05 12:39:27.327359: Epoch 217
2026-08-05 12:39:27.327505: Current learning rate: 0.00802
2026-08-05 12:40:08.850181: train_loss -0.7826
2026-08-05 12:40:08.850689: val_loss -0.7496
2026-08-05 12:40:08.850828: Pseudo dice [np.float32(0.6964), np.float32(0.9137), np.float32(0.9201)]
2026-08-05 12:40:08.850975: Epoch time: 41.53 s
2026-08-05 12:40:09.655215: 
2026-08-05 12:40:09.655538: Epoch 218
2026-08-05 12:40:09.655647: Current learning rate: 0.00801
2026-08-05 12:40:50.962469: train_loss -0.7805
2026-08-05 12:40:50.962750: val_loss -0.7713
2026-08-05 12:40:50.962837: Pseudo dice [np.float32(0.7073), np.float32(0.9279), np.float32(0.9275)]
2026-08-05 12:40:50.962904: Epoch time: 41.31 s
2026-08-05 12:40:54.237619: 
2026-08-05 12:40:54.237916: Epoch 219
2026-08-05 12:40:54.238254: Current learning rate: 0.00801
2026-08-05 12:41:35.525602: train_loss -0.7872
2026-08-05 12:41:35.525774: val_loss -0.7431
2026-08-05 12:41:35.525835: Pseudo dice [np.float32(0.6864), np.float32(0.9126), np.float32(0.9212)]
2026-08-05 12:41:35.525888: Epoch time: 41.29 s
2026-08-05 12:41:36.277221: 
2026-08-05 12:41:36.277595: Epoch 220
2026-08-05 12:41:36.277684: Current learning rate: 0.008
2026-08-05 12:42:17.849223: train_loss -0.741
2026-08-05 12:42:17.990074: val_loss -0.7355
2026-08-05 12:42:17.990402: Pseudo dice [np.float32(0.6819), np.float32(0.9071), np.float32(0.9151)]
2026-08-05 12:42:17.990543: Epoch time: 41.57 s
2026-08-05 12:42:19.010327: 
2026-08-05 12:42:19.010673: Epoch 221
2026-08-05 12:42:19.010914: Current learning rate: 0.00799
2026-08-05 12:43:00.421613: train_loss -0.751
2026-08-05 12:43:00.533628: val_loss -0.7709
2026-08-05 12:43:00.533907: Pseudo dice [np.float32(0.7006), np.float32(0.9187), np.float32(0.9297)]
2026-08-05 12:43:00.534039: Epoch time: 41.41 s
2026-08-05 12:43:01.889054: 
2026-08-05 12:43:01.889454: Epoch 222
2026-08-05 12:43:01.889570: Current learning rate: 0.00798
2026-08-05 12:43:43.249982: train_loss -0.7824
2026-08-05 12:43:43.268759: val_loss -0.7725
2026-08-05 12:43:43.268944: Pseudo dice [np.float32(0.7067), np.float32(0.9198), np.float32(0.9298)]
2026-08-05 12:43:43.269063: Epoch time: 41.36 s
2026-08-05 12:43:44.137458: 
2026-08-05 12:43:44.137736: Epoch 223
2026-08-05 12:43:44.137827: Current learning rate: 0.00797
2026-08-05 12:44:25.698172: train_loss -0.7805
2026-08-05 12:44:25.698736: val_loss -0.7453
2026-08-05 12:44:25.698869: Pseudo dice [np.float32(0.6809), np.float32(0.9127), np.float32(0.9264)]
2026-08-05 12:44:25.699017: Epoch time: 41.56 s
2026-08-05 12:44:27.004502: 
2026-08-05 12:44:27.004874: Epoch 224
2026-08-05 12:44:27.004975: Current learning rate: 0.00796
2026-08-05 12:45:08.654908: train_loss -0.7725
2026-08-05 12:45:08.755885: val_loss -0.7688
2026-08-05 12:45:08.756121: Pseudo dice [np.float32(0.7038), np.float32(0.9217), np.float32(0.9257)]
2026-08-05 12:45:08.756285: Epoch time: 41.65 s
2026-08-05 12:45:10.396984: 
2026-08-05 12:45:10.397686: Epoch 225
2026-08-05 12:45:10.397796: Current learning rate: 0.00795
2026-08-05 12:45:52.023451: train_loss -0.7694
2026-08-05 12:45:52.057576: val_loss -0.7781
2026-08-05 12:45:52.057821: Pseudo dice [np.float32(0.716), np.float32(0.9246), np.float32(0.9316)]
2026-08-05 12:45:52.058073: Epoch time: 41.63 s
2026-08-05 12:45:53.810488: 
2026-08-05 12:45:53.810685: Epoch 226
2026-08-05 12:45:53.810919: Current learning rate: 0.00794
2026-08-05 12:46:35.379487: train_loss -0.7902
2026-08-05 12:46:35.382389: val_loss -0.7861
2026-08-05 12:46:35.382508: Pseudo dice [np.float32(0.7121), np.float32(0.9309), np.float32(0.9326)]
2026-08-05 12:46:35.382623: Epoch time: 41.57 s
2026-08-05 12:46:36.163465: 
2026-08-05 12:46:36.163688: Epoch 227
2026-08-05 12:46:36.163987: Current learning rate: 0.00793
2026-08-05 12:47:17.426586: train_loss -0.8012
2026-08-05 12:47:17.427345: val_loss -0.7871
2026-08-05 12:47:17.427492: Pseudo dice [np.float32(0.7188), np.float32(0.9333), np.float32(0.9341)]
2026-08-05 12:47:17.427639: Epoch time: 41.27 s
2026-08-05 12:47:18.208946: 
2026-08-05 12:47:18.209247: Epoch 228
2026-08-05 12:47:18.209440: Current learning rate: 0.00792
2026-08-05 12:47:59.379135: train_loss -0.8087
2026-08-05 12:47:59.380195: val_loss -0.7832
2026-08-05 12:47:59.380256: Pseudo dice [np.float32(0.7129), np.float32(0.9281), np.float32(0.9285)]
2026-08-05 12:47:59.380314: Epoch time: 41.17 s
2026-08-05 12:48:00.145654: 
2026-08-05 12:48:00.146055: Epoch 229
2026-08-05 12:48:00.146199: Current learning rate: 0.00791
2026-08-05 12:48:41.503976: train_loss -0.8043
2026-08-05 12:48:41.765532: val_loss -0.7712
2026-08-05 12:48:41.765850: Pseudo dice [np.float32(0.7086), np.float32(0.9288), np.float32(0.9275)]
2026-08-05 12:48:41.766064: Epoch time: 41.36 s
2026-08-05 12:48:43.326575: 
2026-08-05 12:48:43.326794: Epoch 230
2026-08-05 12:48:43.327093: Current learning rate: 0.0079
2026-08-05 12:49:24.976056: train_loss -0.7999
2026-08-05 12:49:25.056012: val_loss -0.7743
2026-08-05 12:49:25.056209: Pseudo dice [np.float32(0.7195), np.float32(0.9265), np.float32(0.9246)]
2026-08-05 12:49:25.056395: Epoch time: 41.65 s
2026-08-05 12:49:26.606275: 
2026-08-05 12:49:26.606575: Epoch 231
2026-08-05 12:49:26.606682: Current learning rate: 0.00789
2026-08-05 12:50:08.101727: train_loss -0.8075
2026-08-05 12:50:08.303092: val_loss -0.7827
2026-08-05 12:50:08.303307: Pseudo dice [np.float32(0.7074), np.float32(0.93), np.float32(0.9325)]
2026-08-05 12:50:08.303437: Epoch time: 41.5 s
2026-08-05 12:50:10.761918: 
2026-08-05 12:50:10.762182: Epoch 232
2026-08-05 12:50:10.762293: Current learning rate: 0.00789
2026-08-05 12:50:52.424768: train_loss -0.8078
2026-08-05 12:50:52.425045: val_loss -0.7902
2026-08-05 12:50:52.425166: Pseudo dice [np.float32(0.7237), np.float32(0.9366), np.float32(0.9358)]
2026-08-05 12:50:52.425281: Epoch time: 41.67 s
2026-08-05 12:50:54.771739: 
2026-08-05 12:50:54.772108: Epoch 233
2026-08-05 12:50:54.772215: Current learning rate: 0.00788
2026-08-05 12:51:36.065343: train_loss -0.818
2026-08-05 12:51:36.065738: val_loss -0.7759
2026-08-05 12:51:36.065799: Pseudo dice [np.float32(0.706), np.float32(0.9275), np.float32(0.932)]
2026-08-05 12:51:36.065866: Epoch time: 41.3 s
2026-08-05 12:51:36.882483: 
2026-08-05 12:51:36.882907: Epoch 234
2026-08-05 12:51:36.883007: Current learning rate: 0.00787
2026-08-05 12:52:18.332968: train_loss -0.8184
2026-08-05 12:52:18.333302: val_loss -0.7932
2026-08-05 12:52:18.333374: Pseudo dice [np.float32(0.7235), np.float32(0.932), np.float32(0.9345)]
2026-08-05 12:52:18.333456: Epoch time: 41.45 s
2026-08-05 12:52:19.269563: 
2026-08-05 12:52:19.269970: Epoch 235
2026-08-05 12:52:19.270098: Current learning rate: 0.00786
2026-08-05 12:53:00.952841: train_loss -0.8094
2026-08-05 12:53:00.953180: val_loss -0.7781
2026-08-05 12:53:00.953298: Pseudo dice [np.float32(0.7105), np.float32(0.9292), np.float32(0.9278)]
2026-08-05 12:53:00.953494: Epoch time: 41.69 s
2026-08-05 12:53:01.744630: 
2026-08-05 12:53:01.744864: Epoch 236
2026-08-05 12:53:01.745154: Current learning rate: 0.00785
2026-08-05 12:53:43.223545: train_loss -0.8065
2026-08-05 12:53:43.223826: val_loss -0.7875
2026-08-05 12:53:43.223988: Pseudo dice [np.float32(0.7221), np.float32(0.9326), np.float32(0.931)]
2026-08-05 12:53:43.267991: Epoch time: 41.48 s
2026-08-05 12:53:44.354922: 
2026-08-05 12:53:44.355241: Epoch 237
2026-08-05 12:53:44.355335: Current learning rate: 0.00784
2026-08-05 12:54:25.336055: train_loss -0.8156
2026-08-05 12:54:25.337189: val_loss -0.7841
2026-08-05 12:54:25.337488: Pseudo dice [np.float32(0.7085), np.float32(0.9319), np.float32(0.9309)]
2026-08-05 12:54:25.337682: Epoch time: 40.98 s
2026-08-05 12:54:26.097500: 
2026-08-05 12:54:26.097830: Epoch 238
2026-08-05 12:54:26.097946: Current learning rate: 0.00783
2026-08-05 12:55:07.779993: train_loss -0.8183
2026-08-05 12:55:07.780215: val_loss -0.7797
2026-08-05 12:55:07.780269: Pseudo dice [np.float32(0.7121), np.float32(0.9247), np.float32(0.9331)]
2026-08-05 12:55:07.780329: Epoch time: 41.69 s
2026-08-05 12:55:09.332356: 
2026-08-05 12:55:09.332641: Epoch 239
2026-08-05 12:55:09.332766: Current learning rate: 0.00782
2026-08-05 12:55:51.355816: train_loss -0.8216
2026-08-05 12:55:51.356384: val_loss -0.7764
2026-08-05 12:55:51.356583: Pseudo dice [np.float32(0.7156), np.float32(0.932), np.float32(0.9319)]
2026-08-05 12:55:51.356770: Epoch time: 42.03 s
2026-08-05 12:55:52.862610: 
2026-08-05 12:55:52.862983: Epoch 240
2026-08-05 12:55:52.863089: Current learning rate: 0.00781
2026-08-05 12:56:35.675013: train_loss -0.8216
2026-08-05 12:56:35.675363: val_loss -0.7808
2026-08-05 12:56:35.675439: Pseudo dice [np.float32(0.7121), np.float32(0.9323), np.float32(0.9293)]
2026-08-05 12:56:35.675515: Epoch time: 42.82 s
2026-08-05 12:56:36.423955: 
2026-08-05 12:56:36.424236: Epoch 241
2026-08-05 12:56:36.424475: Current learning rate: 0.0078
2026-08-05 12:57:17.772257: train_loss -0.825
2026-08-05 12:57:17.772441: val_loss -0.7844
2026-08-05 12:57:17.772505: Pseudo dice [np.float32(0.7164), np.float32(0.9301), np.float32(0.9341)]
2026-08-05 12:57:17.772558: Epoch time: 41.35 s
2026-08-05 12:57:18.487544: 
2026-08-05 12:57:18.487911: Epoch 242
2026-08-05 12:57:18.488017: Current learning rate: 0.00779
2026-08-05 12:58:00.123888: train_loss -0.8225
2026-08-05 12:58:00.124362: val_loss -0.7832
2026-08-05 12:58:00.124617: Pseudo dice [np.float32(0.7161), np.float32(0.9327), np.float32(0.9285)]
2026-08-05 12:58:00.124785: Epoch time: 41.64 s
2026-08-05 12:58:00.912605: 
2026-08-05 12:58:00.912941: Epoch 243
2026-08-05 12:58:00.913170: Current learning rate: 0.00778
2026-08-05 12:58:42.127244: train_loss -0.8243
2026-08-05 12:58:42.127761: val_loss -0.7778
2026-08-05 12:58:42.127888: Pseudo dice [np.float32(0.7152), np.float32(0.9265), np.float32(0.9297)]
2026-08-05 12:58:42.128028: Epoch time: 41.22 s
2026-08-05 12:58:42.940334: 
2026-08-05 12:58:42.940639: Epoch 244
2026-08-05 12:58:42.940882: Current learning rate: 0.00777
2026-08-05 12:59:38.850187: train_loss -0.831
2026-08-05 12:59:38.850548: val_loss -0.7816
2026-08-05 12:59:38.850846: Pseudo dice [np.float32(0.7153), np.float32(0.9252), np.float32(0.9366)]
2026-08-05 12:59:38.851109: Epoch time: 55.91 s
2026-08-05 12:59:38.851191: Yayy! New best EMA pseudo Dice: 0.8574000000953674
2026-08-05 12:59:47.284311: 
2026-08-05 12:59:47.284684: Epoch 245
2026-08-05 12:59:47.284833: Current learning rate: 0.00777
2026-08-05 13:00:28.284786: train_loss -0.8296
2026-08-05 13:00:28.285021: val_loss -0.782
2026-08-05 13:00:28.285078: Pseudo dice [np.float32(0.7106), np.float32(0.9311), np.float32(0.9367)]
2026-08-05 13:00:28.285133: Epoch time: 41.0 s
2026-08-05 13:00:28.285170: Yayy! New best EMA pseudo Dice: 0.8575999736785889
2026-08-05 13:00:34.094195: 
2026-08-05 13:00:34.094593: Epoch 246
2026-08-05 13:00:34.094687: Current learning rate: 0.00776
2026-08-05 13:01:15.283475: train_loss -0.826
2026-08-05 13:01:15.283635: val_loss -0.7786
2026-08-05 13:01:15.283704: Pseudo dice [np.float32(0.7085), np.float32(0.9258), np.float32(0.9328)]
2026-08-05 13:01:15.283766: Epoch time: 41.19 s
2026-08-05 13:01:20.121695: 
2026-08-05 13:01:20.122112: Epoch 247
2026-08-05 13:01:20.122220: Current learning rate: 0.00775
2026-08-05 13:02:01.533041: train_loss -0.8271
2026-08-05 13:02:01.534148: val_loss -0.7712
2026-08-05 13:02:01.534937: Pseudo dice [np.float32(0.7189), np.float32(0.9308), np.float32(0.9329)]
2026-08-05 13:02:01.535335: Epoch time: 41.41 s
2026-08-05 13:02:01.535913: Yayy! New best EMA pseudo Dice: 0.8578000068664551
2026-08-05 13:02:06.976090: 
2026-08-05 13:02:06.976553: Epoch 248
2026-08-05 13:02:06.976642: Current learning rate: 0.00774
2026-08-05 13:02:47.842091: train_loss -0.8225
2026-08-05 13:02:47.842489: val_loss -0.7874
2026-08-05 13:02:47.842573: Pseudo dice [np.float32(0.7161), np.float32(0.9306), np.float32(0.9335)]
2026-08-05 13:02:47.842643: Epoch time: 40.87 s
2026-08-05 13:02:47.842685: Yayy! New best EMA pseudo Dice: 0.8579999804496765
2026-08-05 13:02:53.357786: 
2026-08-05 13:02:53.358185: Epoch 249
2026-08-05 13:02:53.358338: Current learning rate: 0.00773
2026-08-05 13:03:34.619819: train_loss -0.8291
2026-08-05 13:03:34.620164: val_loss -0.7756
2026-08-05 13:03:34.620298: Pseudo dice [np.float32(0.7073), np.float32(0.9264), np.float32(0.9332)]
2026-08-05 13:03:34.620380: Epoch time: 41.26 s
2026-08-05 13:03:41.157906: 
2026-08-05 13:03:41.158340: Epoch 250
2026-08-05 13:03:41.158447: Current learning rate: 0.00772
2026-08-05 13:04:22.905560: train_loss -0.8287
2026-08-05 13:04:22.906035: val_loss -0.7823
2026-08-05 13:04:22.906213: Pseudo dice [np.float32(0.7076), np.float32(0.9285), np.float32(0.9338)]
2026-08-05 13:04:22.906326: Epoch time: 41.75 s
2026-08-05 13:04:24.446801: 
2026-08-05 13:04:24.447219: Epoch 251
2026-08-05 13:04:24.447334: Current learning rate: 0.00771
2026-08-05 13:05:06.495457: train_loss -0.8182
2026-08-05 13:05:06.495750: val_loss -0.7852
2026-08-05 13:05:06.495824: Pseudo dice [np.float32(0.7229), np.float32(0.9343), np.float32(0.9336)]
2026-08-05 13:05:06.495916: Epoch time: 42.05 s
2026-08-05 13:05:06.495967: Yayy! New best EMA pseudo Dice: 0.858299970626831
2026-08-05 13:05:12.638477: 
2026-08-05 13:05:13.281291: Epoch 252
2026-08-05 13:05:13.281572: Current learning rate: 0.0077
2026-08-05 13:05:54.232752: train_loss -0.8152
2026-08-05 13:05:54.250559: val_loss -0.7797
2026-08-05 13:05:54.250702: Pseudo dice [np.float32(0.7099), np.float32(0.9285), np.float32(0.9352)]
2026-08-05 13:05:54.250791: Epoch time: 41.6 s
2026-08-05 13:05:58.796458: 
2026-08-05 13:05:58.797067: Epoch 253
2026-08-05 13:05:58.797177: Current learning rate: 0.00769
2026-08-05 13:06:40.315870: train_loss -0.8235
2026-08-05 13:06:40.326250: val_loss -0.7726
2026-08-05 13:06:40.326341: Pseudo dice [np.float32(0.7119), np.float32(0.9294), np.float32(0.9287)]
2026-08-05 13:06:40.326404: Epoch time: 41.52 s
2026-08-05 13:06:41.090944: 
2026-08-05 13:06:41.091227: Epoch 254
2026-08-05 13:06:41.091373: Current learning rate: 0.00768
2026-08-05 13:07:22.663088: train_loss -0.8273
2026-08-05 13:07:22.753383: val_loss -0.7807
2026-08-05 13:07:22.753576: Pseudo dice [np.float32(0.7089), np.float32(0.9323), np.float32(0.9309)]
2026-08-05 13:07:22.753655: Epoch time: 41.57 s
2026-08-05 13:07:23.924443: 
2026-08-05 13:07:23.924939: Epoch 255
2026-08-05 13:07:23.925059: Current learning rate: 0.00767
2026-08-05 13:08:05.522617: train_loss -0.8277
2026-08-05 13:08:05.721906: val_loss -0.783
2026-08-05 13:08:05.722125: Pseudo dice [np.float32(0.7052), np.float32(0.9286), np.float32(0.9332)]
2026-08-05 13:08:05.722261: Epoch time: 41.6 s
2026-08-05 13:08:07.220183: 
2026-08-05 13:08:07.220610: Epoch 256
2026-08-05 13:08:07.220861: Current learning rate: 0.00766
2026-08-05 13:08:49.038551: train_loss -0.8132
2026-08-05 13:08:49.165214: val_loss -0.7665
2026-08-05 13:08:49.165432: Pseudo dice [np.float32(0.6959), np.float32(0.9291), np.float32(0.9299)]
2026-08-05 13:08:49.165560: Epoch time: 41.82 s
2026-08-05 13:08:51.049689: 
2026-08-05 13:08:51.050157: Epoch 257
2026-08-05 13:08:51.050265: Current learning rate: 0.00765
2026-08-05 13:09:32.400318: train_loss -0.7972
2026-08-05 13:09:32.633599: val_loss -0.7758
2026-08-05 13:09:32.633846: Pseudo dice [np.float32(0.7132), np.float32(0.9183), np.float32(0.9294)]
2026-08-05 13:09:32.634002: Epoch time: 41.35 s
2026-08-05 13:09:34.103340: 
2026-08-05 13:09:34.104053: Epoch 258
2026-08-05 13:09:34.104300: Current learning rate: 0.00764
2026-08-05 13:10:15.496742: train_loss -0.8022
2026-08-05 13:10:15.497155: val_loss -0.759
2026-08-05 13:10:15.497259: Pseudo dice [np.float32(0.6929), np.float32(0.9198), np.float32(0.9265)]
2026-08-05 13:10:15.497357: Epoch time: 41.4 s
2026-08-05 13:10:16.956517: 
2026-08-05 13:10:16.956917: Epoch 259
2026-08-05 13:10:16.957023: Current learning rate: 0.00764
2026-08-05 13:10:58.744146: train_loss -0.7995
2026-08-05 13:10:58.803707: val_loss -0.779
2026-08-05 13:10:58.803948: Pseudo dice [np.float32(0.712), np.float32(0.9319), np.float32(0.9298)]
2026-08-05 13:10:58.804224: Epoch time: 41.79 s
2026-08-05 13:11:01.834583: 
2026-08-05 13:11:01.834843: Epoch 260
2026-08-05 13:11:01.834951: Current learning rate: 0.00763
2026-08-05 13:12:00.407973: train_loss -0.8113
2026-08-05 13:12:00.408247: val_loss -0.7771
2026-08-05 13:12:00.408382: Pseudo dice [np.float32(0.7004), np.float32(0.924), np.float32(0.9318)]
2026-08-05 13:12:00.408557: Epoch time: 58.58 s
2026-08-05 13:12:01.882882: 
2026-08-05 13:12:01.883288: Epoch 261
2026-08-05 13:12:01.883398: Current learning rate: 0.00762
2026-08-05 13:12:43.331872: train_loss -0.8091
2026-08-05 13:12:43.332150: val_loss -0.7754
2026-08-05 13:12:43.332230: Pseudo dice [np.float32(0.7046), np.float32(0.9292), np.float32(0.9288)]
2026-08-05 13:12:43.332315: Epoch time: 41.45 s
2026-08-05 13:12:45.339451: 
2026-08-05 13:12:45.339823: Epoch 262
2026-08-05 13:12:45.339961: Current learning rate: 0.00761
2026-08-05 13:13:26.734748: train_loss -0.7859
2026-08-05 13:13:26.735588: val_loss -0.7606
2026-08-05 13:13:26.735654: Pseudo dice [np.float32(0.6971), np.float32(0.9163), np.float32(0.9252)]
2026-08-05 13:13:26.735712: Epoch time: 41.4 s
2026-08-05 13:13:27.534608: 
2026-08-05 13:13:27.534990: Epoch 263
2026-08-05 13:13:27.535156: Current learning rate: 0.0076
2026-08-05 13:14:09.086148: train_loss -0.7889
2026-08-05 13:14:09.086505: val_loss -0.7775
2026-08-05 13:14:09.086636: Pseudo dice [np.float32(0.7074), np.float32(0.9306), np.float32(0.9271)]
2026-08-05 13:14:09.086755: Epoch time: 41.55 s
2026-08-05 13:14:10.233134: 
2026-08-05 13:14:10.233623: Epoch 264
2026-08-05 13:14:10.233764: Current learning rate: 0.00759
2026-08-05 13:14:52.313996: train_loss -0.8117
2026-08-05 13:14:52.315784: val_loss -0.7784
2026-08-05 13:14:52.316416: Pseudo dice [np.float32(0.7191), np.float32(0.9233), np.float32(0.9333)]
2026-08-05 13:14:52.316629: Epoch time: 42.08 s
2026-08-05 13:14:53.582293: 
2026-08-05 13:14:53.582634: Epoch 265
2026-08-05 13:14:53.582808: Current learning rate: 0.00758
2026-08-05 13:15:35.521156: train_loss -0.795
2026-08-05 13:15:35.521402: val_loss -0.7912
2026-08-05 13:15:35.521519: Pseudo dice [np.float32(0.7196), np.float32(0.9328), np.float32(0.936)]
2026-08-05 13:15:35.521723: Epoch time: 41.94 s
2026-08-05 13:15:36.771845: 
2026-08-05 13:15:36.772151: Epoch 266
2026-08-05 13:15:36.772245: Current learning rate: 0.00757
2026-08-05 13:16:18.391243: train_loss -0.8098
2026-08-05 13:16:18.391531: val_loss -0.7877
2026-08-05 13:16:18.391597: Pseudo dice [np.float32(0.7189), np.float32(0.9355), np.float32(0.9382)]
2026-08-05 13:16:18.391658: Epoch time: 41.62 s
2026-08-05 13:16:20.865887: 
2026-08-05 13:16:20.866235: Epoch 267
2026-08-05 13:16:20.866348: Current learning rate: 0.00756
2026-08-05 13:17:02.523002: train_loss -0.8068
2026-08-05 13:17:02.523306: val_loss -0.7683
2026-08-05 13:17:02.523444: Pseudo dice [np.float32(0.7051), np.float32(0.9258), np.float32(0.9209)]
2026-08-05 13:17:02.523560: Epoch time: 41.66 s
2026-08-05 13:17:03.361248: 
2026-08-05 13:17:03.361546: Epoch 268
2026-08-05 13:17:03.361660: Current learning rate: 0.00755
2026-08-05 13:17:44.523481: train_loss -0.8114
2026-08-05 13:17:44.537933: val_loss -0.7812
2026-08-05 13:17:44.538025: Pseudo dice [np.float32(0.7167), np.float32(0.9268), np.float32(0.9298)]
2026-08-05 13:17:44.538106: Epoch time: 41.17 s
2026-08-05 13:17:45.523428: 
2026-08-05 13:17:45.523779: Epoch 269
2026-08-05 13:17:45.523924: Current learning rate: 0.00754
2026-08-05 13:18:26.726956: train_loss -0.8234
2026-08-05 13:18:26.727142: val_loss -0.789
2026-08-05 13:18:26.727207: Pseudo dice [np.float32(0.7187), np.float32(0.9348), np.float32(0.9352)]
2026-08-05 13:18:26.727269: Epoch time: 41.21 s
2026-08-05 13:18:28.348784: 
2026-08-05 13:18:28.349103: Epoch 270
2026-08-05 13:18:28.349207: Current learning rate: 0.00753
2026-08-05 13:19:09.497066: train_loss -0.8178
2026-08-05 13:19:09.497503: val_loss -0.7806
2026-08-05 13:19:09.497608: Pseudo dice [np.float32(0.701), np.float32(0.9341), np.float32(0.9247)]
2026-08-05 13:19:09.497702: Epoch time: 41.15 s
2026-08-05 13:19:11.100596: 
2026-08-05 13:19:11.100979: Epoch 271
2026-08-05 13:19:11.101074: Current learning rate: 0.00752
2026-08-05 13:19:52.620657: train_loss -0.8072
2026-08-05 13:19:52.641149: val_loss -0.7794
2026-08-05 13:19:52.641304: Pseudo dice [np.float32(0.7047), np.float32(0.9294), np.float32(0.9254)]
2026-08-05 13:19:52.641424: Epoch time: 41.52 s
2026-08-05 13:19:54.234304: 
2026-08-05 13:19:54.245427: Epoch 272
2026-08-05 13:19:54.245566: Current learning rate: 0.00751
2026-08-05 13:20:35.643264: train_loss -0.7668
2026-08-05 13:20:35.742199: val_loss -0.7523
2026-08-05 13:20:35.742415: Pseudo dice [np.float32(0.6992), np.float32(0.9098), np.float32(0.9252)]
2026-08-05 13:20:35.742662: Epoch time: 41.41 s
2026-08-05 13:20:36.560974: 
2026-08-05 13:20:36.561376: Epoch 273
2026-08-05 13:20:36.561486: Current learning rate: 0.00751
2026-08-05 13:21:17.922632: train_loss -0.7789
2026-08-05 13:21:17.923106: val_loss -0.7799
2026-08-05 13:21:17.923230: Pseudo dice [np.float32(0.7161), np.float32(0.9262), np.float32(0.9286)]
2026-08-05 13:21:17.923343: Epoch time: 41.36 s
2026-08-05 13:21:18.743815: 
2026-08-05 13:21:18.744126: Epoch 274
2026-08-05 13:21:18.744314: Current learning rate: 0.0075
2026-08-05 13:22:01.399029: train_loss -0.8073
2026-08-05 13:22:01.399473: val_loss -0.7815
2026-08-05 13:22:01.399601: Pseudo dice [np.float32(0.7121), np.float32(0.9291), np.float32(0.9318)]
2026-08-05 13:22:01.399711: Epoch time: 42.66 s
2026-08-05 13:22:02.172747: 
2026-08-05 13:22:02.173090: Epoch 275
2026-08-05 13:22:02.173203: Current learning rate: 0.00749
2026-08-05 13:22:43.576148: train_loss -0.8053
2026-08-05 13:22:43.576344: val_loss -0.7789
2026-08-05 13:22:43.576399: Pseudo dice [np.float32(0.7111), np.float32(0.9259), np.float32(0.929)]
2026-08-05 13:22:43.576457: Epoch time: 41.41 s
2026-08-05 13:22:44.628768: 
2026-08-05 13:22:44.629195: Epoch 276
2026-08-05 13:22:44.629334: Current learning rate: 0.00748
2026-08-05 13:23:25.812418: train_loss -0.8011
2026-08-05 13:23:25.839833: val_loss -0.776
2026-08-05 13:23:25.840003: Pseudo dice [np.float32(0.7091), np.float32(0.9212), np.float32(0.927)]
2026-08-05 13:23:25.840124: Epoch time: 41.19 s
2026-08-05 13:23:26.851951: 
2026-08-05 13:23:26.852258: Epoch 277
2026-08-05 13:23:26.852385: Current learning rate: 0.00747
2026-08-05 13:24:08.269522: train_loss -0.7931
2026-08-05 13:24:08.333050: val_loss -0.7789
2026-08-05 13:24:08.333175: Pseudo dice [np.float32(0.7115), np.float32(0.9244), np.float32(0.9315)]
2026-08-05 13:24:08.333243: Epoch time: 41.42 s
2026-08-05 13:24:09.059525: 
2026-08-05 13:24:09.059906: Epoch 278
2026-08-05 13:24:09.060045: Current learning rate: 0.00746
2026-08-05 13:24:49.931263: train_loss -0.7873
2026-08-05 13:24:50.293084: val_loss -0.758
2026-08-05 13:24:50.293282: Pseudo dice [np.float32(0.6908), np.float32(0.9163), np.float32(0.9263)]
2026-08-05 13:24:50.293404: Epoch time: 40.87 s
2026-08-05 13:24:51.190812: 
2026-08-05 13:24:51.191117: Epoch 279
2026-08-05 13:24:51.191253: Current learning rate: 0.00745
2026-08-05 13:25:32.502346: train_loss -0.7965
2026-08-05 13:25:32.719563: val_loss -0.7639
2026-08-05 13:25:32.719841: Pseudo dice [np.float32(0.7119), np.float32(0.9255), np.float32(0.9284)]
2026-08-05 13:25:32.719993: Epoch time: 41.31 s
2026-08-05 13:25:33.628222: 
2026-08-05 13:25:33.628635: Epoch 280
2026-08-05 13:25:33.628725: Current learning rate: 0.00744
2026-08-05 13:26:15.217053: train_loss -0.7916
2026-08-05 13:26:15.217217: val_loss -0.7681
2026-08-05 13:26:15.217267: Pseudo dice [np.float32(0.706), np.float32(0.9152), np.float32(0.928)]
2026-08-05 13:26:15.217320: Epoch time: 41.59 s
2026-08-05 13:26:16.498439: 
2026-08-05 13:26:16.498760: Epoch 281
2026-08-05 13:26:16.498855: Current learning rate: 0.00743
2026-08-05 13:26:57.600183: train_loss -0.8054
2026-08-05 13:26:57.600350: val_loss -0.7867
2026-08-05 13:26:57.600404: Pseudo dice [np.float32(0.7094), np.float32(0.9292), np.float32(0.931)]
2026-08-05 13:26:57.600458: Epoch time: 41.1 s
2026-08-05 13:26:58.398080: 
2026-08-05 13:26:58.398356: Epoch 282
2026-08-05 13:26:58.398532: Current learning rate: 0.00742
2026-08-05 13:27:40.034657: train_loss -0.81
2026-08-05 13:27:40.035133: val_loss -0.7758
2026-08-05 13:27:40.035322: Pseudo dice [np.float32(0.7062), np.float32(0.9293), np.float32(0.9289)]
2026-08-05 13:27:40.035437: Epoch time: 41.64 s
2026-08-05 13:27:40.870220: 
2026-08-05 13:27:40.870587: Epoch 283
2026-08-05 13:27:40.870723: Current learning rate: 0.00741
2026-08-05 13:28:22.389193: train_loss -0.8162
2026-08-05 13:28:22.389356: val_loss -0.7844
2026-08-05 13:28:22.389406: Pseudo dice [np.float32(0.7168), np.float32(0.9294), np.float32(0.9369)]
2026-08-05 13:28:22.389459: Epoch time: 41.52 s
2026-08-05 13:28:23.148564: 
2026-08-05 13:28:23.148820: Epoch 284
2026-08-05 13:28:23.148992: Current learning rate: 0.0074
2026-08-05 13:29:05.309612: train_loss -0.8205
2026-08-05 13:29:05.868776: val_loss -0.7871
2026-08-05 13:29:05.869040: Pseudo dice [np.float32(0.7136), np.float32(0.93), np.float32(0.9346)]
2026-08-05 13:29:05.869312: Epoch time: 42.16 s
2026-08-05 13:29:06.966735: 
2026-08-05 13:29:06.967181: Epoch 285
2026-08-05 13:29:06.967292: Current learning rate: 0.00739
2026-08-05 13:29:48.278926: train_loss -0.8102
2026-08-05 13:29:48.279158: val_loss -0.7815
2026-08-05 13:29:48.279226: Pseudo dice [np.float32(0.7118), np.float32(0.9279), np.float32(0.9288)]
2026-08-05 13:29:48.279296: Epoch time: 41.31 s
2026-08-05 13:29:49.241563: 
2026-08-05 13:29:49.241836: Epoch 286
2026-08-05 13:29:49.241964: Current learning rate: 0.00738
2026-08-05 13:30:30.484300: train_loss -0.8084
2026-08-05 13:30:30.630282: val_loss -0.78
2026-08-05 13:30:30.630471: Pseudo dice [np.float32(0.715), np.float32(0.9266), np.float32(0.9308)]
2026-08-05 13:30:30.630680: Epoch time: 41.25 s
2026-08-05 13:30:31.652897: 
2026-08-05 13:30:31.653162: Epoch 287
2026-08-05 13:30:31.653298: Current learning rate: 0.00738
2026-08-05 13:31:13.129490: train_loss -0.8097
2026-08-05 13:31:13.323520: val_loss -0.7652
2026-08-05 13:31:13.323703: Pseudo dice [np.float32(0.6961), np.float32(0.9232), np.float32(0.93)]
2026-08-05 13:31:13.323822: Epoch time: 41.48 s
2026-08-05 13:31:15.740031: 
2026-08-05 13:31:15.740350: Epoch 288
2026-08-05 13:31:15.740480: Current learning rate: 0.00737
2026-08-05 13:31:57.178304: train_loss -0.8044
2026-08-05 13:31:57.324594: val_loss -0.7809
2026-08-05 13:31:57.324790: Pseudo dice [np.float32(0.7114), np.float32(0.9271), np.float32(0.9244)]
2026-08-05 13:31:57.324908: Epoch time: 41.44 s
2026-08-05 13:31:58.296963: 
2026-08-05 13:31:58.297226: Epoch 289
2026-08-05 13:31:58.297357: Current learning rate: 0.00736
2026-08-05 13:32:39.295235: train_loss -0.8073
2026-08-05 13:32:39.518006: val_loss -0.7721
2026-08-05 13:32:39.518251: Pseudo dice [np.float32(0.6999), np.float32(0.9299), np.float32(0.9249)]
2026-08-05 13:32:39.518413: Epoch time: 41.0 s
2026-08-05 13:32:40.488179: 
2026-08-05 13:32:40.488464: Epoch 290
2026-08-05 13:32:40.488605: Current learning rate: 0.00735
2026-08-05 13:33:21.980140: train_loss -0.805
2026-08-05 13:33:22.236325: val_loss -0.7682
2026-08-05 13:33:22.236597: Pseudo dice [np.float32(0.6971), np.float32(0.9264), np.float32(0.9221)]
2026-08-05 13:33:22.236789: Epoch time: 41.49 s
2026-08-05 13:33:23.422567: 
2026-08-05 13:33:23.422929: Epoch 291
2026-08-05 13:33:23.423041: Current learning rate: 0.00734
2026-08-05 13:34:04.789371: train_loss -0.8167
2026-08-05 13:34:04.912864: val_loss -0.7731
2026-08-05 13:34:04.913104: Pseudo dice [np.float32(0.7089), np.float32(0.9206), np.float32(0.9307)]
2026-08-05 13:34:04.913246: Epoch time: 41.37 s
2026-08-05 13:34:06.135702: 
2026-08-05 13:34:06.136126: Epoch 292
2026-08-05 13:34:06.136222: Current learning rate: 0.00733
2026-08-05 13:34:47.540113: train_loss -0.8095
2026-08-05 13:34:47.731078: val_loss -0.781
2026-08-05 13:34:47.731335: Pseudo dice [np.float32(0.7099), np.float32(0.9306), np.float32(0.9325)]
2026-08-05 13:34:47.731443: Epoch time: 41.41 s
2026-08-05 13:34:48.844749: 
2026-08-05 13:34:48.845099: Epoch 293
2026-08-05 13:34:48.845323: Current learning rate: 0.00732
2026-08-05 13:35:31.092823: train_loss -0.8133
2026-08-05 13:35:31.224024: val_loss -0.761
2026-08-05 13:35:31.224256: Pseudo dice [np.float32(0.6919), np.float32(0.9252), np.float32(0.9257)]
2026-08-05 13:35:31.224397: Epoch time: 42.25 s
2026-08-05 13:35:32.339266: 
2026-08-05 13:35:32.339820: Epoch 294
2026-08-05 13:35:32.339940: Current learning rate: 0.00731
2026-08-05 13:36:13.783902: train_loss -0.8067
2026-08-05 13:36:13.784405: val_loss -0.7883
2026-08-05 13:36:13.784507: Pseudo dice [np.float32(0.7203), np.float32(0.9253), np.float32(0.9326)]
2026-08-05 13:36:13.784635: Epoch time: 41.45 s
2026-08-05 13:36:15.956053: 
2026-08-05 13:36:15.956481: Epoch 295
2026-08-05 13:36:15.956930: Current learning rate: 0.0073
2026-08-05 13:36:56.807881: train_loss -0.8063
2026-08-05 13:36:57.367827: val_loss -0.7765
2026-08-05 13:36:57.368000: Pseudo dice [np.float32(0.7091), np.float32(0.9233), np.float32(0.9349)]
2026-08-05 13:36:57.368076: Epoch time: 40.85 s
2026-08-05 13:36:58.318424: 
2026-08-05 13:36:58.318805: Epoch 296
2026-08-05 13:36:58.318944: Current learning rate: 0.00729
2026-08-05 13:37:39.635889: train_loss -0.8038
2026-08-05 13:37:39.661169: val_loss -0.7843
2026-08-05 13:37:39.661328: Pseudo dice [np.float32(0.7077), np.float32(0.9309), np.float32(0.9284)]
2026-08-05 13:37:39.661446: Epoch time: 41.32 s
2026-08-05 13:37:40.501823: 
2026-08-05 13:37:40.502156: Epoch 297
2026-08-05 13:37:40.502284: Current learning rate: 0.00728
2026-08-05 13:38:21.760979: train_loss -0.8149
2026-08-05 13:38:21.821318: val_loss -0.7767
2026-08-05 13:38:21.821502: Pseudo dice [np.float32(0.7076), np.float32(0.9301), np.float32(0.9305)]
2026-08-05 13:38:21.821624: Epoch time: 41.26 s
2026-08-05 13:38:22.882698: 
2026-08-05 13:38:22.882998: Epoch 298
2026-08-05 13:38:22.883153: Current learning rate: 0.00727
2026-08-05 13:39:04.129124: train_loss -0.8181
2026-08-05 13:39:04.456417: val_loss -0.7868
2026-08-05 13:39:04.456671: Pseudo dice [np.float32(0.7118), np.float32(0.9341), np.float32(0.9342)]
2026-08-05 13:39:04.456809: Epoch time: 41.25 s
2026-08-05 13:39:05.341970: 
2026-08-05 13:39:05.342211: Epoch 299
2026-08-05 13:39:05.342395: Current learning rate: 0.00726
2026-08-05 13:39:46.476535: train_loss -0.8267
2026-08-05 13:39:46.476952: val_loss -0.7858
2026-08-05 13:39:46.477077: Pseudo dice [np.float32(0.7237), np.float32(0.9296), np.float32(0.9282)]
2026-08-05 13:39:46.477187: Epoch time: 41.14 s
2026-08-05 13:40:01.096676: 
2026-08-05 13:40:01.097061: Epoch 300
2026-08-05 13:40:01.097180: Current learning rate: 0.00725
2026-08-05 13:40:42.172714: train_loss -0.8258
2026-08-05 13:40:42.173020: val_loss -0.7876
2026-08-05 13:40:42.173071: Pseudo dice [np.float32(0.7237), np.float32(0.9368), np.float32(0.935)]
2026-08-05 13:40:42.173130: Epoch time: 41.08 s
2026-08-05 13:40:42.927247: 
2026-08-05 13:40:42.927598: Epoch 301
2026-08-05 13:40:42.927709: Current learning rate: 0.00724
2026-08-05 13:41:24.805852: train_loss -0.8226
2026-08-05 13:41:24.806159: val_loss -0.7806
2026-08-05 13:41:24.806286: Pseudo dice [np.float32(0.712), np.float32(0.9291), np.float32(0.9319)]
2026-08-05 13:41:24.806399: Epoch time: 41.88 s
2026-08-05 13:41:25.637314: 
2026-08-05 13:41:25.637617: Epoch 302
2026-08-05 13:41:25.637768: Current learning rate: 0.00724
2026-08-05 13:42:07.021683: train_loss -0.8215
2026-08-05 13:42:07.074854: val_loss -0.7809
2026-08-05 13:42:07.155307: Pseudo dice [np.float32(0.7148), np.float32(0.9343), np.float32(0.9288)]
2026-08-05 13:42:07.155539: Epoch time: 41.39 s
2026-08-05 13:42:08.138291: 
2026-08-05 13:42:08.138584: Epoch 303
2026-08-05 13:42:08.138725: Current learning rate: 0.00723
2026-08-05 13:42:49.881321: train_loss -0.812
2026-08-05 13:42:50.118733: val_loss -0.7778
2026-08-05 13:42:50.119092: Pseudo dice [np.float32(0.7134), np.float32(0.9254), np.float32(0.9301)]
2026-08-05 13:42:50.119327: Epoch time: 41.75 s
2026-08-05 13:42:51.015127: 
2026-08-05 13:42:51.015568: Epoch 304
2026-08-05 13:42:51.015674: Current learning rate: 0.00722
2026-08-05 13:43:33.095946: train_loss -0.8155
2026-08-05 13:43:33.127121: val_loss -0.7831
2026-08-05 13:43:33.127293: Pseudo dice [np.float32(0.7141), np.float32(0.928), np.float32(0.9376)]
2026-08-05 13:43:33.127428: Epoch time: 42.08 s
2026-08-05 13:43:34.006953: 
2026-08-05 13:43:34.007355: Epoch 305
2026-08-05 13:43:34.007459: Current learning rate: 0.00721
2026-08-05 13:44:15.372077: train_loss -0.8279
2026-08-05 13:44:15.372398: val_loss -0.7876
2026-08-05 13:44:15.372524: Pseudo dice [np.float32(0.7126), np.float32(0.9326), np.float32(0.9362)]
2026-08-05 13:44:15.372788: Epoch time: 41.37 s
2026-08-05 13:44:16.209061: 
2026-08-05 13:44:16.209347: Epoch 306
2026-08-05 13:44:16.209725: Current learning rate: 0.0072
2026-08-05 13:44:57.404312: train_loss -0.8219
2026-08-05 13:44:57.404588: val_loss -0.7803
2026-08-05 13:44:57.404705: Pseudo dice [np.float32(0.71), np.float32(0.9298), np.float32(0.9306)]
2026-08-05 13:44:57.404813: Epoch time: 41.2 s
2026-08-05 13:44:58.183311: 
2026-08-05 13:44:58.183568: Epoch 307
2026-08-05 13:44:58.183687: Current learning rate: 0.00719
2026-08-05 13:45:39.086282: train_loss -0.8247
2026-08-05 13:45:39.086626: val_loss -0.7811
2026-08-05 13:45:39.086706: Pseudo dice [np.float32(0.7211), np.float32(0.9305), np.float32(0.9322)]
2026-08-05 13:45:39.086784: Epoch time: 40.91 s
2026-08-05 13:45:40.711701: 
2026-08-05 13:45:40.712149: Epoch 308
2026-08-05 13:45:40.712299: Current learning rate: 0.00718
2026-08-05 13:46:21.999514: train_loss -0.8234
2026-08-05 13:46:21.999776: val_loss -0.7836
2026-08-05 13:46:21.999836: Pseudo dice [np.float32(0.7226), np.float32(0.9323), np.float32(0.9308)]
2026-08-05 13:46:21.999924: Epoch time: 41.29 s
2026-08-05 13:46:21.999971: Yayy! New best EMA pseudo Dice: 0.858299970626831
2026-08-05 13:46:34.255246: 
2026-08-05 13:46:34.255548: Epoch 309
2026-08-05 13:46:34.255664: Current learning rate: 0.00717
2026-08-05 13:47:14.944215: train_loss -0.8199
2026-08-05 13:47:14.944593: val_loss -0.7809
2026-08-05 13:47:14.944701: Pseudo dice [np.float32(0.7128), np.float32(0.9305), np.float32(0.9314)]
2026-08-05 13:47:14.944803: Epoch time: 40.69 s
2026-08-05 13:47:15.716075: 
2026-08-05 13:47:15.716422: Epoch 310
2026-08-05 13:47:15.716572: Current learning rate: 0.00716
2026-08-05 13:47:56.887006: train_loss -0.8304
2026-08-05 13:47:56.887274: val_loss -0.7865
2026-08-05 13:47:56.887334: Pseudo dice [np.float32(0.7165), np.float32(0.9321), np.float32(0.9345)]
2026-08-05 13:47:56.887409: Epoch time: 41.17 s
2026-08-05 13:47:56.887449: Yayy! New best EMA pseudo Dice: 0.8585000038146973
2026-08-05 13:48:18.116003: 
2026-08-05 13:48:18.116261: Epoch 311
2026-08-05 13:48:18.116369: Current learning rate: 0.00715
2026-08-05 13:48:59.145529: train_loss -0.8283
2026-08-05 13:48:59.146175: val_loss -0.7885
2026-08-05 13:48:59.146315: Pseudo dice [np.float32(0.7198), np.float32(0.9338), np.float32(0.9341)]
2026-08-05 13:48:59.146459: Epoch time: 41.03 s
2026-08-05 13:48:59.146548: Yayy! New best EMA pseudo Dice: 0.8589000105857849
2026-08-05 13:49:09.577054: 
2026-08-05 13:49:09.577406: Epoch 312
2026-08-05 13:49:09.577530: Current learning rate: 0.00714
2026-08-05 13:49:51.108161: train_loss -0.823
2026-08-05 13:49:51.108419: val_loss -0.7924
2026-08-05 13:49:51.108482: Pseudo dice [np.float32(0.7313), np.float32(0.9325), np.float32(0.9354)]
2026-08-05 13:49:51.108543: Epoch time: 41.53 s
2026-08-05 13:49:51.108586: Yayy! New best EMA pseudo Dice: 0.8597000241279602
2026-08-05 13:49:59.315244: 
2026-08-05 13:49:59.315612: Epoch 313
2026-08-05 13:49:59.315869: Current learning rate: 0.00713
2026-08-05 13:50:40.421877: train_loss -0.8248
2026-08-05 13:50:40.535472: val_loss -0.7931
2026-08-05 13:50:40.535706: Pseudo dice [np.float32(0.7226), np.float32(0.9348), np.float32(0.934)]
2026-08-05 13:50:40.535800: Epoch time: 41.11 s
2026-08-05 13:50:40.535850: Yayy! New best EMA pseudo Dice: 0.8600999712944031
2026-08-05 13:50:51.110460: 
2026-08-05 13:50:51.110868: Epoch 314
2026-08-05 13:50:51.110987: Current learning rate: 0.00712
2026-08-05 13:51:32.719282: train_loss -0.8301
2026-08-05 13:51:32.719689: val_loss -0.7811
2026-08-05 13:51:32.719796: Pseudo dice [np.float32(0.712), np.float32(0.9273), np.float32(0.9328)]
2026-08-05 13:51:32.719934: Epoch time: 41.61 s
2026-08-05 13:51:33.641110: 
2026-08-05 13:51:33.641455: Epoch 315
2026-08-05 13:51:33.641580: Current learning rate: 0.00711
2026-08-05 13:52:15.158365: train_loss -0.8364
2026-08-05 13:52:15.158609: val_loss -0.7849
2026-08-05 13:52:15.158664: Pseudo dice [np.float32(0.7129), np.float32(0.9318), np.float32(0.9355)]
2026-08-05 13:52:15.158721: Epoch time: 41.52 s
2026-08-05 13:52:16.000131: 
2026-08-05 13:52:16.000492: Epoch 316
2026-08-05 13:52:16.000609: Current learning rate: 0.0071
2026-08-05 13:52:57.418267: train_loss -0.8361
2026-08-05 13:52:57.418646: val_loss -0.7811
2026-08-05 13:52:57.418779: Pseudo dice [np.float32(0.7063), np.float32(0.9267), np.float32(0.9361)]
2026-08-05 13:52:57.418910: Epoch time: 41.42 s
2026-08-05 13:52:58.342385: 
2026-08-05 13:52:58.342790: Epoch 317
2026-08-05 13:52:58.342936: Current learning rate: 0.0071
2026-08-05 13:53:39.624780: train_loss -0.8335
2026-08-05 13:53:39.625128: val_loss -0.7831
2026-08-05 13:53:39.625202: Pseudo dice [np.float32(0.7191), np.float32(0.9291), np.float32(0.9343)]
2026-08-05 13:53:39.625272: Epoch time: 41.28 s
2026-08-05 13:53:40.460362: 
2026-08-05 13:53:40.460778: Epoch 318
2026-08-05 13:53:40.460975: Current learning rate: 0.00709
2026-08-05 13:54:22.031311: train_loss -0.8373
2026-08-05 13:54:22.031842: val_loss -0.7892
2026-08-05 13:54:22.032058: Pseudo dice [np.float32(0.7174), np.float32(0.9319), np.float32(0.935)]
2026-08-05 13:54:22.032233: Epoch time: 41.57 s
2026-08-05 13:54:22.965514: 
2026-08-05 13:54:22.965942: Epoch 319
2026-08-05 13:54:22.966103: Current learning rate: 0.00708
2026-08-05 13:55:04.659132: train_loss -0.8353
2026-08-05 13:55:04.933822: val_loss -0.7958
2026-08-05 13:55:04.934084: Pseudo dice [np.float32(0.7221), np.float32(0.9338), np.float32(0.9379)]
2026-08-05 13:55:04.934309: Epoch time: 41.7 s
2026-08-05 13:55:04.934418: Yayy! New best EMA pseudo Dice: 0.8603000044822693
2026-08-05 13:55:17.456511: 
2026-08-05 13:55:17.456952: Epoch 320
2026-08-05 13:55:17.457098: Current learning rate: 0.00707
2026-08-05 13:55:59.516340: train_loss -0.8409
2026-08-05 13:56:00.190726: val_loss -0.783
2026-08-05 13:56:00.191106: Pseudo dice [np.float32(0.7142), np.float32(0.9291), np.float32(0.9318)]
2026-08-05 13:56:00.191279: Epoch time: 42.06 s
2026-08-05 13:56:01.219834: 
2026-08-05 13:56:01.220173: Epoch 321
2026-08-05 13:56:01.220307: Current learning rate: 0.00706
2026-08-05 13:56:42.913554: train_loss -0.8299
2026-08-05 13:56:43.325073: val_loss -0.7704
2026-08-05 13:56:43.325311: Pseudo dice [np.float32(0.7042), np.float32(0.9245), np.float32(0.9297)]
2026-08-05 13:56:43.325438: Epoch time: 41.7 s
2026-08-05 13:56:44.209074: 
2026-08-05 13:56:44.209546: Epoch 322
2026-08-05 13:56:44.209651: Current learning rate: 0.00705
2026-08-05 13:57:25.743266: train_loss -0.8163
2026-08-05 13:57:25.744479: val_loss -0.7865
2026-08-05 13:57:25.744608: Pseudo dice [np.float32(0.713), np.float32(0.9342), np.float32(0.9335)]
2026-08-05 13:57:25.744728: Epoch time: 41.54 s
2026-08-05 13:57:26.624868: 
2026-08-05 13:57:26.625380: Epoch 323
2026-08-05 13:57:26.625463: Current learning rate: 0.00704
2026-08-05 13:58:07.901067: train_loss -0.8136
2026-08-05 13:58:07.901826: val_loss -0.7669
2026-08-05 13:58:07.901996: Pseudo dice [np.float32(0.6991), np.float32(0.9218), np.float32(0.9296)]
2026-08-05 13:58:07.917595: Epoch time: 41.28 s
2026-08-05 13:58:08.817178: 
2026-08-05 13:58:08.817557: Epoch 324
2026-08-05 13:58:08.817673: Current learning rate: 0.00703
2026-08-05 13:58:49.996684: train_loss -0.8069
2026-08-05 13:58:50.381329: val_loss -0.7842
2026-08-05 13:58:50.381495: Pseudo dice [np.float32(0.7128), np.float32(0.9324), np.float32(0.9284)]
2026-08-05 13:58:50.381573: Epoch time: 41.18 s
2026-08-05 13:58:51.463088: 
2026-08-05 13:58:51.463528: Epoch 325
2026-08-05 13:58:51.463657: Current learning rate: 0.00702
2026-08-05 13:59:32.903834: train_loss -0.8204
2026-08-05 13:59:32.907847: val_loss -0.7859
2026-08-05 13:59:32.908100: Pseudo dice [np.float32(0.7225), np.float32(0.9326), np.float32(0.9352)]
2026-08-05 13:59:32.909325: Epoch time: 41.44 s
2026-08-05 13:59:33.878692: 
2026-08-05 13:59:33.879111: Epoch 326
2026-08-05 13:59:33.879220: Current learning rate: 0.00701
2026-08-05 14:00:15.568835: train_loss -0.8276
2026-08-05 14:00:15.570496: val_loss -0.786
2026-08-05 14:00:15.570557: Pseudo dice [np.float32(0.716), np.float32(0.9356), np.float32(0.9348)]
2026-08-05 14:00:15.570611: Epoch time: 41.69 s
2026-08-05 14:00:17.013936: 
2026-08-05 14:00:17.014256: Epoch 327
2026-08-05 14:00:17.014373: Current learning rate: 0.007
2026-08-05 14:00:58.432814: train_loss -0.8297
2026-08-05 14:00:58.433006: val_loss -0.7731
2026-08-05 14:00:58.433057: Pseudo dice [np.float32(0.7159), np.float32(0.9259), np.float32(0.9302)]
2026-08-05 14:00:58.433112: Epoch time: 41.42 s
2026-08-05 14:00:59.252577: 
2026-08-05 14:00:59.252870: Epoch 328
2026-08-05 14:00:59.253010: Current learning rate: 0.00699
2026-08-05 14:01:40.729826: train_loss -0.8346
2026-08-05 14:01:40.730005: val_loss -0.7851
2026-08-05 14:01:40.730059: Pseudo dice [np.float32(0.7198), np.float32(0.9288), np.float32(0.9362)]
2026-08-05 14:01:40.730119: Epoch time: 41.48 s
2026-08-05 14:01:41.554160: 
2026-08-05 14:01:41.554612: Epoch 329
2026-08-05 14:01:41.554698: Current learning rate: 0.00698
2026-08-05 14:02:23.542249: train_loss -0.8198
2026-08-05 14:02:23.542572: val_loss -0.774
2026-08-05 14:02:23.542672: Pseudo dice [np.float32(0.7079), np.float32(0.9285), np.float32(0.9323)]
2026-08-05 14:02:23.542740: Epoch time: 41.99 s
2026-08-05 14:02:25.127679: 
2026-08-05 14:02:25.128017: Epoch 330
2026-08-05 14:02:25.128188: Current learning rate: 0.00697
2026-08-05 14:03:06.853607: train_loss -0.7986
2026-08-05 14:03:06.854012: val_loss -0.7781
2026-08-05 14:03:06.854192: Pseudo dice [np.float32(0.7127), np.float32(0.9311), np.float32(0.9285)]
2026-08-05 14:03:06.854332: Epoch time: 41.73 s
2026-08-05 14:03:08.362940: 
2026-08-05 14:03:08.363322: Epoch 331
2026-08-05 14:03:08.363427: Current learning rate: 0.00696
2026-08-05 14:03:51.581664: train_loss -0.7946
2026-08-05 14:03:51.581942: val_loss -0.76
2026-08-05 14:03:51.582041: Pseudo dice [np.float32(0.7106), np.float32(0.9168), np.float32(0.9325)]
2026-08-05 14:03:51.582136: Epoch time: 43.22 s
2026-08-05 14:03:53.122015: 
2026-08-05 14:03:53.122397: Epoch 332
2026-08-05 14:03:53.122513: Current learning rate: 0.00696
2026-08-05 14:04:34.401774: train_loss -0.795
2026-08-05 14:04:34.402203: val_loss -0.7573
2026-08-05 14:04:34.402260: Pseudo dice [np.float32(0.6896), np.float32(0.9158), np.float32(0.9252)]
2026-08-05 14:04:34.402324: Epoch time: 41.28 s
2026-08-05 14:04:36.034104: 
2026-08-05 14:04:36.034426: Epoch 333
2026-08-05 14:04:36.034528: Current learning rate: 0.00695
2026-08-05 14:05:18.012511: train_loss -0.8034
2026-08-05 14:05:18.012820: val_loss -0.7757
2026-08-05 14:05:18.013008: Pseudo dice [np.float32(0.7134), np.float32(0.9284), np.float32(0.9305)]
2026-08-05 14:05:18.013132: Epoch time: 41.98 s
2026-08-05 14:05:20.276111: 
2026-08-05 14:05:20.276475: Epoch 334
2026-08-05 14:05:20.276578: Current learning rate: 0.00694
2026-08-05 14:06:01.492400: train_loss -0.814
2026-08-05 14:06:01.492660: val_loss -0.7781
2026-08-05 14:06:01.492746: Pseudo dice [np.float32(0.7118), np.float32(0.9294), np.float32(0.9318)]
2026-08-05 14:06:01.492823: Epoch time: 41.22 s
2026-08-05 14:06:02.314195: 
2026-08-05 14:06:02.314470: Epoch 335
2026-08-05 14:06:02.314713: Current learning rate: 0.00693
2026-08-05 14:06:43.848201: train_loss -0.8238
2026-08-05 14:06:43.848673: val_loss -0.7703
2026-08-05 14:06:43.848799: Pseudo dice [np.float32(0.7034), np.float32(0.9258), np.float32(0.9294)]
2026-08-05 14:06:43.848934: Epoch time: 41.54 s
2026-08-05 14:06:44.692055: 
2026-08-05 14:06:44.692437: Epoch 336
2026-08-05 14:06:44.692534: Current learning rate: 0.00692
2026-08-05 14:07:25.963347: train_loss -0.8291
2026-08-05 14:07:25.963601: val_loss -0.7888
2026-08-05 14:07:25.963655: Pseudo dice [np.float32(0.7245), np.float32(0.934), np.float32(0.9344)]
2026-08-05 14:07:25.963711: Epoch time: 41.27 s
2026-08-05 14:07:27.455603: 
2026-08-05 14:07:27.455845: Epoch 337
2026-08-05 14:07:27.456153: Current learning rate: 0.00691
2026-08-05 14:08:09.046758: train_loss -0.8099
2026-08-05 14:08:09.046997: val_loss -0.779
2026-08-05 14:08:09.047057: Pseudo dice [np.float32(0.7145), np.float32(0.9336), np.float32(0.9332)]
2026-08-05 14:08:09.047113: Epoch time: 41.59 s
2026-08-05 14:08:09.859521: 
2026-08-05 14:08:09.859869: Epoch 338
2026-08-05 14:08:09.859985: Current learning rate: 0.0069
2026-08-05 14:08:51.363001: train_loss -0.826
2026-08-05 14:08:51.363289: val_loss -0.7846
2026-08-05 14:08:51.363369: Pseudo dice [np.float32(0.7191), np.float32(0.9362), np.float32(0.9296)]
2026-08-05 14:08:51.363441: Epoch time: 41.51 s
2026-08-05 14:08:52.155057: 
2026-08-05 14:08:52.155335: Epoch 339
2026-08-05 14:08:52.155426: Current learning rate: 0.00689
2026-08-05 14:09:34.051986: train_loss -0.8369
2026-08-05 14:09:34.052226: val_loss -0.7874
2026-08-05 14:09:34.052345: Pseudo dice [np.float32(0.7182), np.float32(0.9315), np.float32(0.9321)]
2026-08-05 14:09:34.052453: Epoch time: 41.9 s
2026-08-05 14:09:35.084488: 
2026-08-05 14:09:35.084906: Epoch 340
2026-08-05 14:09:35.085096: Current learning rate: 0.00688
2026-08-05 14:10:16.550075: train_loss -0.835
2026-08-05 14:10:16.550624: val_loss -0.7879
2026-08-05 14:10:16.550795: Pseudo dice [np.float32(0.7179), np.float32(0.9316), np.float32(0.9337)]
2026-08-05 14:10:16.550939: Epoch time: 41.47 s
2026-08-05 14:10:18.470544: 
2026-08-05 14:10:18.470852: Epoch 341
2026-08-05 14:10:18.470961: Current learning rate: 0.00687
2026-08-05 14:10:59.745131: train_loss -0.8375
2026-08-05 14:10:59.745361: val_loss -0.7948
2026-08-05 14:10:59.745433: Pseudo dice [np.float32(0.7224), np.float32(0.9342), np.float32(0.9374)]
2026-08-05 14:10:59.745505: Epoch time: 41.28 s
2026-08-05 14:11:00.718472: 
2026-08-05 14:11:00.718872: Epoch 342
2026-08-05 14:11:00.719072: Current learning rate: 0.00686
2026-08-05 14:11:41.468200: train_loss -0.8442
2026-08-05 14:11:41.468476: val_loss -0.7842
2026-08-05 14:11:41.468550: Pseudo dice [np.float32(0.7123), np.float32(0.931), np.float32(0.935)]
2026-08-05 14:11:41.468624: Epoch time: 40.75 s
2026-08-05 14:11:42.438492: 
2026-08-05 14:11:42.438853: Epoch 343
2026-08-05 14:11:42.438998: Current learning rate: 0.00685
2026-08-05 14:12:23.880363: train_loss -0.845
2026-08-05 14:12:23.880727: val_loss -0.7912
2026-08-05 14:12:23.880859: Pseudo dice [np.float32(0.7259), np.float32(0.9357), np.float32(0.9354)]
2026-08-05 14:12:23.880998: Epoch time: 41.45 s
2026-08-05 14:12:24.844761: 
2026-08-05 14:12:24.845197: Epoch 344
2026-08-05 14:12:24.845363: Current learning rate: 0.00684
2026-08-05 14:13:05.922024: train_loss -0.8397
2026-08-05 14:13:05.922435: val_loss -0.7903
2026-08-05 14:13:05.922557: Pseudo dice [np.float32(0.7266), np.float32(0.934), np.float32(0.9361)]
2026-08-05 14:13:05.922673: Epoch time: 41.08 s
2026-08-05 14:13:05.922758: Yayy! New best EMA pseudo Dice: 0.8604000210762024
2026-08-05 14:13:13.326618: 
2026-08-05 14:13:13.326973: Epoch 345
2026-08-05 14:13:13.327078: Current learning rate: 0.00683
2026-08-05 14:13:54.787815: train_loss -0.8427
2026-08-05 14:13:54.788223: val_loss -0.7866
2026-08-05 14:13:54.788447: Pseudo dice [np.float32(0.7116), np.float32(0.9321), np.float32(0.929)]
2026-08-05 14:13:54.939221: Epoch time: 41.46 s
2026-08-05 14:13:55.956655: 
2026-08-05 14:13:55.957008: Epoch 346
2026-08-05 14:13:55.957119: Current learning rate: 0.00682
2026-08-05 14:14:37.288523: train_loss -0.831
2026-08-05 14:14:37.289118: val_loss -0.7857
2026-08-05 14:14:37.289185: Pseudo dice [np.float32(0.7207), np.float32(0.9353), np.float32(0.9313)]
2026-08-05 14:14:37.289263: Epoch time: 41.33 s
2026-08-05 14:14:38.137202: 
2026-08-05 14:14:38.137505: Epoch 347
2026-08-05 14:14:38.137614: Current learning rate: 0.00681
2026-08-05 14:15:20.020381: train_loss -0.8321
2026-08-05 14:15:20.020675: val_loss -0.7868
2026-08-05 14:15:20.020802: Pseudo dice [np.float32(0.7148), np.float32(0.9333), np.float32(0.9293)]
2026-08-05 14:15:20.020935: Epoch time: 41.89 s
2026-08-05 14:15:20.868561: 
2026-08-05 14:15:20.868779: Epoch 348
2026-08-05 14:15:20.868946: Current learning rate: 0.0068
2026-08-05 14:16:02.353756: train_loss -0.8424
2026-08-05 14:16:02.354327: val_loss -0.7952
2026-08-05 14:16:02.354466: Pseudo dice [np.float32(0.7292), np.float32(0.9357), np.float32(0.9359)]
2026-08-05 14:16:02.354655: Epoch time: 41.49 s
2026-08-05 14:16:02.354745: Yayy! New best EMA pseudo Dice: 0.8608999848365784
2026-08-05 14:16:09.964267: 
2026-08-05 14:16:10.003846: Epoch 349
2026-08-05 14:16:10.004017: Current learning rate: 0.0068
2026-08-05 14:16:51.158787: train_loss -0.8436
2026-08-05 14:16:51.219373: val_loss -0.7887
2026-08-05 14:16:51.219541: Pseudo dice [np.float32(0.7199), np.float32(0.9341), np.float32(0.9324)]
2026-08-05 14:16:51.219666: Epoch time: 41.2 s
2026-08-05 14:16:56.788904: Yayy! New best EMA pseudo Dice: 0.8610000014305115
2026-08-05 14:17:04.255746: 
2026-08-05 14:17:04.256140: Epoch 350
2026-08-05 14:17:04.256280: Current learning rate: 0.00679
2026-08-05 14:17:45.480137: train_loss -0.8433
2026-08-05 14:17:45.480437: val_loss -0.7847
2026-08-05 14:17:45.480505: Pseudo dice [np.float32(0.7176), np.float32(0.9353), np.float32(0.9343)]
2026-08-05 14:17:45.480581: Epoch time: 41.23 s
2026-08-05 14:17:45.480622: Yayy! New best EMA pseudo Dice: 0.8611999750137329
2026-08-05 14:18:02.432969: 
2026-08-05 14:18:02.433265: Epoch 351
2026-08-05 14:18:02.433444: Current learning rate: 0.00678
2026-08-05 14:18:43.993174: train_loss -0.8431
2026-08-05 14:18:43.993398: val_loss -0.7835
2026-08-05 14:18:43.993459: Pseudo dice [np.float32(0.7142), np.float32(0.9325), np.float32(0.9306)]
2026-08-05 14:18:43.993540: Epoch time: 41.56 s
2026-08-05 14:18:44.752634: 
2026-08-05 14:18:44.752967: Epoch 352
2026-08-05 14:18:44.753075: Current learning rate: 0.00677
2026-08-05 14:19:26.031689: train_loss -0.8376
2026-08-05 14:19:26.032256: val_loss -0.7822
2026-08-05 14:19:26.032390: Pseudo dice [np.float32(0.7207), np.float32(0.9315), np.float32(0.9353)]
2026-08-05 14:19:26.032531: Epoch time: 41.28 s
2026-08-05 14:19:27.450067: 
2026-08-05 14:19:27.450421: Epoch 353
2026-08-05 14:19:27.450666: Current learning rate: 0.00676
2026-08-05 14:20:08.981076: train_loss -0.8432
2026-08-05 14:20:08.981488: val_loss -0.7762
2026-08-05 14:20:08.981683: Pseudo dice [np.float32(0.7068), np.float32(0.9246), np.float32(0.9327)]
2026-08-05 14:20:08.981819: Epoch time: 41.53 s
2026-08-05 14:20:09.759781: 
2026-08-05 14:20:09.760109: Epoch 354
2026-08-05 14:20:09.760198: Current learning rate: 0.00675
2026-08-05 14:20:51.428931: train_loss -0.8329
2026-08-05 14:20:51.429353: val_loss -0.7762
2026-08-05 14:20:51.429464: Pseudo dice [np.float32(0.7143), np.float32(0.9283), np.float32(0.9328)]
2026-08-05 14:20:51.429581: Epoch time: 41.67 s
2026-08-05 14:20:52.234139: 
2026-08-05 14:20:52.234535: Epoch 355
2026-08-05 14:20:52.234658: Current learning rate: 0.00674
2026-08-05 14:21:33.674530: train_loss -0.814
2026-08-05 14:21:33.674997: val_loss -0.7776
2026-08-05 14:21:33.675124: Pseudo dice [np.float32(0.7139), np.float32(0.9275), np.float32(0.9326)]
2026-08-05 14:21:33.675242: Epoch time: 41.44 s
2026-08-05 14:21:34.536829: 
2026-08-05 14:21:34.537124: Epoch 356
2026-08-05 14:21:34.537258: Current learning rate: 0.00673
2026-08-05 14:22:16.016162: train_loss -0.8209
2026-08-05 14:22:16.016565: val_loss -0.7798
2026-08-05 14:22:16.016693: Pseudo dice [np.float32(0.7092), np.float32(0.9259), np.float32(0.9311)]
2026-08-05 14:22:16.016842: Epoch time: 41.48 s
2026-08-05 14:22:16.921328: 
2026-08-05 14:22:16.921710: Epoch 357
2026-08-05 14:22:16.921826: Current learning rate: 0.00672
2026-08-05 14:22:58.357837: train_loss -0.8225
2026-08-05 14:22:58.358316: val_loss -0.7798
2026-08-05 14:22:58.358460: Pseudo dice [np.float32(0.7029), np.float32(0.9269), np.float32(0.9331)]
2026-08-05 14:22:58.358585: Epoch time: 41.44 s
2026-08-05 14:22:59.147427: 
2026-08-05 14:22:59.147789: Epoch 358
2026-08-05 14:22:59.147914: Current learning rate: 0.00671
2026-08-05 14:23:40.453050: train_loss -0.8255
2026-08-05 14:23:40.453339: val_loss -0.7749
2026-08-05 14:23:40.453534: Pseudo dice [np.float32(0.7069), np.float32(0.9269), np.float32(0.9317)]
2026-08-05 14:23:40.453700: Epoch time: 41.31 s
2026-08-05 14:23:41.603114: 
2026-08-05 14:23:41.603490: Epoch 359
2026-08-05 14:23:41.603608: Current learning rate: 0.0067
2026-08-05 14:24:22.779527: train_loss -0.8222
2026-08-05 14:24:22.779757: val_loss -0.7713
2026-08-05 14:24:22.779809: Pseudo dice [np.float32(0.7124), np.float32(0.9236), np.float32(0.9335)]
2026-08-05 14:24:22.779868: Epoch time: 41.18 s
2026-08-05 14:24:24.001372: 
2026-08-05 14:24:24.001678: Epoch 360
2026-08-05 14:24:24.001789: Current learning rate: 0.00669
2026-08-05 14:25:05.230911: train_loss -0.8244
2026-08-05 14:25:05.231088: val_loss -0.7814
2026-08-05 14:25:05.231144: Pseudo dice [np.float32(0.7155), np.float32(0.9278), np.float32(0.9354)]
2026-08-05 14:25:05.231202: Epoch time: 41.23 s
2026-08-05 14:25:05.970514: 
2026-08-05 14:25:05.970804: Epoch 361
2026-08-05 14:25:05.970920: Current learning rate: 0.00668
2026-08-05 14:25:47.322440: train_loss -0.831
2026-08-05 14:25:47.322836: val_loss -0.7855
2026-08-05 14:25:47.322989: Pseudo dice [np.float32(0.7128), np.float32(0.9312), np.float32(0.9293)]
2026-08-05 14:25:47.323140: Epoch time: 41.35 s
2026-08-05 14:25:48.158030: 
2026-08-05 14:25:48.158414: Epoch 362
2026-08-05 14:25:48.158525: Current learning rate: 0.00667
2026-08-05 14:26:29.449528: train_loss -0.8389
2026-08-05 14:26:29.449885: val_loss -0.7918
2026-08-05 14:26:29.450033: Pseudo dice [np.float32(0.7246), np.float32(0.9362), np.float32(0.9312)]
2026-08-05 14:26:29.450155: Epoch time: 41.29 s
2026-08-05 14:26:30.234787: 
2026-08-05 14:26:30.235197: Epoch 363
2026-08-05 14:26:30.235338: Current learning rate: 0.00666
2026-08-05 14:27:11.507551: train_loss -0.8424
2026-08-05 14:27:11.507920: val_loss -0.7863
2026-08-05 14:27:11.508024: Pseudo dice [np.float32(0.7208), np.float32(0.9305), np.float32(0.934)]
2026-08-05 14:27:11.508126: Epoch time: 41.28 s
2026-08-05 14:27:12.265388: 
2026-08-05 14:27:12.265722: Epoch 364
2026-08-05 14:27:12.265828: Current learning rate: 0.00665
2026-08-05 14:27:53.850549: train_loss -0.8436
2026-08-05 14:27:53.850795: val_loss -0.7897
2026-08-05 14:27:53.850861: Pseudo dice [np.float32(0.7182), np.float32(0.9325), np.float32(0.9345)]
2026-08-05 14:27:53.850940: Epoch time: 41.59 s
2026-08-05 14:27:54.590119: 
2026-08-05 14:27:54.590448: Epoch 365
2026-08-05 14:27:54.590568: Current learning rate: 0.00665
2026-08-05 14:28:35.763226: train_loss -0.8455
2026-08-05 14:28:35.766153: val_loss -0.7832
2026-08-05 14:28:35.766271: Pseudo dice [np.float32(0.7169), np.float32(0.9322), np.float32(0.932)]
2026-08-05 14:28:35.766403: Epoch time: 41.18 s
2026-08-05 14:28:36.640238: 
2026-08-05 14:28:36.640593: Epoch 366
2026-08-05 14:28:36.640692: Current learning rate: 0.00664
2026-08-05 14:29:17.864056: train_loss -0.8396
2026-08-05 14:29:17.864457: val_loss -0.7838
2026-08-05 14:29:17.864589: Pseudo dice [np.float32(0.7157), np.float32(0.9303), np.float32(0.9339)]
2026-08-05 14:29:17.864709: Epoch time: 41.23 s
2026-08-05 14:29:19.191992: 
2026-08-05 14:29:19.192350: Epoch 367
2026-08-05 14:29:19.192447: Current learning rate: 0.00663
2026-08-05 14:30:00.551122: train_loss -0.8424
2026-08-05 14:30:00.565674: val_loss -0.7864
2026-08-05 14:30:00.565772: Pseudo dice [np.float32(0.7195), np.float32(0.9343), np.float32(0.9348)]
2026-08-05 14:30:00.565846: Epoch time: 41.36 s
2026-08-05 14:30:01.554147: 
2026-08-05 14:30:01.554679: Epoch 368
2026-08-05 14:30:01.554845: Current learning rate: 0.00662
2026-08-05 14:30:42.794923: train_loss -0.8466
2026-08-05 14:30:42.795182: val_loss -0.7829
2026-08-05 14:30:42.795299: Pseudo dice [np.float32(0.7157), np.float32(0.9279), np.float32(0.9317)]
2026-08-05 14:30:42.795430: Epoch time: 41.24 s
2026-08-05 14:30:43.645091: 
2026-08-05 14:30:43.645396: Epoch 369
2026-08-05 14:30:43.645500: Current learning rate: 0.00661
2026-08-05 14:31:25.085489: train_loss -0.8433
2026-08-05 14:31:25.085997: val_loss -0.7868
2026-08-05 14:31:25.086128: Pseudo dice [np.float32(0.7213), np.float32(0.932), np.float32(0.9306)]
2026-08-05 14:31:25.086243: Epoch time: 41.44 s
2026-08-05 14:31:25.959656: 
2026-08-05 14:31:25.960107: Epoch 370
2026-08-05 14:31:25.960195: Current learning rate: 0.0066
2026-08-05 14:32:07.536392: train_loss -0.8414
2026-08-05 14:32:07.537050: val_loss -0.7885
2026-08-05 14:32:07.537118: Pseudo dice [np.float32(0.7271), np.float32(0.9341), np.float32(0.9369)]
2026-08-05 14:32:07.537218: Epoch time: 41.58 s
2026-08-05 14:32:08.472500: 
2026-08-05 14:32:08.472849: Epoch 371
2026-08-05 14:32:08.472994: Current learning rate: 0.00659
2026-08-05 14:32:50.941303: train_loss -0.8404
2026-08-05 14:32:50.944357: val_loss -0.7899
2026-08-05 14:32:50.944633: Pseudo dice [np.float32(0.7155), np.float32(0.9336), np.float32(0.9363)]
2026-08-05 14:32:50.945379: Epoch time: 42.47 s
2026-08-05 14:32:52.006110: 
2026-08-05 14:32:52.006381: Epoch 372
2026-08-05 14:32:52.006510: Current learning rate: 0.00658
2026-08-05 14:33:33.092171: train_loss -0.8389
2026-08-05 14:33:33.092379: val_loss -0.7712
2026-08-05 14:33:33.092435: Pseudo dice [np.float32(0.7084), np.float32(0.9268), np.float32(0.9308)]
2026-08-05 14:33:33.092491: Epoch time: 41.09 s
2026-08-05 14:33:34.187903: 
2026-08-05 14:33:34.188228: Epoch 373
2026-08-05 14:33:34.188346: Current learning rate: 0.00657
2026-08-05 14:34:15.921751: train_loss -0.8181
2026-08-05 14:34:15.922134: val_loss -0.7854
2026-08-05 14:34:15.922325: Pseudo dice [np.float32(0.7168), np.float32(0.9314), np.float32(0.9351)]
2026-08-05 14:34:15.922452: Epoch time: 41.74 s
2026-08-05 14:34:19.103753: 
2026-08-05 14:34:19.104251: Epoch 374
2026-08-05 14:34:19.104386: Current learning rate: 0.00656
2026-08-05 14:35:00.633198: train_loss -0.8261
2026-08-05 14:35:00.633394: val_loss -0.7789
2026-08-05 14:35:00.633446: Pseudo dice [np.float32(0.7187), np.float32(0.9304), np.float32(0.9339)]
2026-08-05 14:35:00.633498: Epoch time: 41.53 s
2026-08-05 14:35:01.379423: 
2026-08-05 14:35:01.379725: Epoch 375
2026-08-05 14:35:01.379823: Current learning rate: 0.00655
2026-08-05 14:35:42.837945: train_loss -0.8271
2026-08-05 14:35:42.838305: val_loss -0.7853
2026-08-05 14:35:42.838423: Pseudo dice [np.float32(0.7186), np.float32(0.9365), np.float32(0.9316)]
2026-08-05 14:35:42.838526: Epoch time: 41.46 s
2026-08-05 14:35:43.669913: 
2026-08-05 14:35:43.670193: Epoch 376
2026-08-05 14:35:43.670341: Current learning rate: 0.00654
2026-08-05 14:36:25.265801: train_loss -0.841
2026-08-05 14:36:25.266052: val_loss -0.7794
2026-08-05 14:36:25.266107: Pseudo dice [np.float32(0.7193), np.float32(0.927), np.float32(0.9338)]
2026-08-05 14:36:25.266163: Epoch time: 41.6 s
2026-08-05 14:36:26.090942: 
2026-08-05 14:36:26.091285: Epoch 377
2026-08-05 14:36:26.091376: Current learning rate: 0.00653
2026-08-05 14:37:07.505087: train_loss -0.8444
2026-08-05 14:37:07.505368: val_loss -0.7948
2026-08-05 14:37:07.505486: Pseudo dice [np.float32(0.7315), np.float32(0.9356), np.float32(0.9365)]
2026-08-05 14:37:07.505597: Epoch time: 41.42 s
2026-08-05 14:37:07.505700: Yayy! New best EMA pseudo Dice: 0.8611999750137329
2026-08-05 14:37:15.520720: 
2026-08-05 14:37:15.521067: Epoch 378
2026-08-05 14:37:15.521173: Current learning rate: 0.00652
2026-08-05 14:37:56.961334: train_loss -0.8453
2026-08-05 14:37:56.961577: val_loss -0.7929
2026-08-05 14:37:56.961631: Pseudo dice [np.float32(0.728), np.float32(0.9313), np.float32(0.9343)]
2026-08-05 14:37:56.961706: Epoch time: 41.44 s
2026-08-05 14:37:56.961751: Yayy! New best EMA pseudo Dice: 0.8615000247955322
2026-08-05 14:38:05.324836: 
2026-08-05 14:38:05.325245: Epoch 379
2026-08-05 14:38:05.325347: Current learning rate: 0.00651
2026-08-05 14:38:46.904166: train_loss -0.845
2026-08-05 14:38:46.904440: val_loss -0.7831
2026-08-05 14:38:46.904562: Pseudo dice [np.float32(0.7167), np.float32(0.9318), np.float32(0.9335)]
2026-08-05 14:38:46.904668: Epoch time: 41.58 s
2026-08-05 14:38:47.822044: 
2026-08-05 14:38:47.822492: Epoch 380
2026-08-05 14:38:47.822643: Current learning rate: 0.0065
2026-08-05 14:39:31.196235: train_loss -0.8429
2026-08-05 14:39:31.196609: val_loss -0.7945
2026-08-05 14:39:31.196787: Pseudo dice [np.float32(0.7334), np.float32(0.9365), np.float32(0.9346)]
2026-08-05 14:39:31.196983: Epoch time: 43.38 s
2026-08-05 14:39:31.197223: Yayy! New best EMA pseudo Dice: 0.8621000051498413
2026-08-05 14:39:37.964597: 
2026-08-05 14:39:37.965091: Epoch 381
2026-08-05 14:39:37.965201: Current learning rate: 0.00649
2026-08-05 14:40:19.632246: train_loss -0.8435
2026-08-05 14:40:19.632590: val_loss -0.7868
2026-08-05 14:40:19.632719: Pseudo dice [np.float32(0.7237), np.float32(0.9317), np.float32(0.933)]
2026-08-05 14:40:19.633032: Epoch time: 41.67 s
2026-08-05 14:40:19.633134: Yayy! New best EMA pseudo Dice: 0.8622000217437744
2026-08-05 14:40:25.403599: 
2026-08-05 14:40:25.403919: Epoch 382
2026-08-05 14:40:25.404074: Current learning rate: 0.00648
2026-08-05 14:41:06.837543: train_loss -0.8371
2026-08-05 14:41:06.838092: val_loss -0.7821
2026-08-05 14:41:06.838220: Pseudo dice [np.float32(0.7131), np.float32(0.9289), np.float32(0.9309)]
2026-08-05 14:41:06.838343: Epoch time: 41.44 s
2026-08-05 14:41:07.929432: 
2026-08-05 14:41:07.929854: Epoch 383
2026-08-05 14:41:07.930017: Current learning rate: 0.00648
2026-08-05 14:41:49.554509: train_loss -0.8272
2026-08-05 14:41:49.554923: val_loss -0.7772
2026-08-05 14:41:49.555095: Pseudo dice [np.float32(0.7203), np.float32(0.9302), np.float32(0.9312)]
2026-08-05 14:41:49.555221: Epoch time: 41.63 s
2026-08-05 14:41:50.917530: 
2026-08-05 14:41:50.917878: Epoch 384
2026-08-05 14:41:50.917996: Current learning rate: 0.00647
2026-08-05 14:42:32.764883: train_loss -0.8241
2026-08-05 14:42:32.765241: val_loss -0.782
2026-08-05 14:42:32.765365: Pseudo dice [np.float32(0.715), np.float32(0.9309), np.float32(0.9312)]
2026-08-05 14:42:32.765484: Epoch time: 41.85 s
2026-08-05 14:42:34.186420: 
2026-08-05 14:42:34.186801: Epoch 385
2026-08-05 14:42:34.186919: Current learning rate: 0.00646
2026-08-05 14:43:18.992085: train_loss -0.8307
2026-08-05 14:43:18.992623: val_loss -0.779
2026-08-05 14:43:18.992799: Pseudo dice [np.float32(0.7129), np.float32(0.9342), np.float32(0.9321)]
2026-08-05 14:43:18.992958: Epoch time: 44.81 s
2026-08-05 14:43:20.100945: 
2026-08-05 14:43:20.101255: Epoch 386
2026-08-05 14:43:20.101368: Current learning rate: 0.00645
2026-08-05 14:44:02.661240: train_loss -0.8387
2026-08-05 14:44:02.661705: val_loss -0.7857
2026-08-05 14:44:02.661830: Pseudo dice [np.float32(0.7151), np.float32(0.9325), np.float32(0.9311)]
2026-08-05 14:44:02.661959: Epoch time: 42.56 s
2026-08-05 14:44:04.303989: 
2026-08-05 14:44:04.304437: Epoch 387
2026-08-05 14:44:04.304546: Current learning rate: 0.00644
2026-08-05 14:44:45.641685: train_loss -0.8448
2026-08-05 14:44:45.641853: val_loss -0.7905
2026-08-05 14:44:45.641917: Pseudo dice [np.float32(0.7244), np.float32(0.933), np.float32(0.9331)]
2026-08-05 14:44:45.641973: Epoch time: 41.34 s
2026-08-05 14:44:46.568981: 
2026-08-05 14:44:46.569372: Epoch 388
2026-08-05 14:44:46.569486: Current learning rate: 0.00643
2026-08-05 14:45:28.225403: train_loss -0.8099
2026-08-05 14:45:28.225960: val_loss -0.7467
2026-08-05 14:45:28.226192: Pseudo dice [np.float32(0.6944), np.float32(0.8985), np.float32(0.9242)]
2026-08-05 14:45:28.330189: Epoch time: 41.66 s
2026-08-05 14:45:29.259692: 
2026-08-05 14:45:29.259983: Epoch 389
2026-08-05 14:45:29.260220: Current learning rate: 0.00642
2026-08-05 14:46:10.607807: train_loss -0.7783
2026-08-05 14:46:10.717356: val_loss -0.7445
2026-08-05 14:46:10.717473: Pseudo dice [np.float32(0.6726), np.float32(0.9068), np.float32(0.9259)]
2026-08-05 14:46:10.717550: Epoch time: 41.35 s
2026-08-05 14:46:11.686965: 
2026-08-05 14:46:11.687309: Epoch 390
2026-08-05 14:46:11.687433: Current learning rate: 0.00641
2026-08-05 14:46:53.214284: train_loss -0.777
2026-08-05 14:46:53.214592: val_loss -0.7537
2026-08-05 14:46:53.214703: Pseudo dice [np.float32(0.6931), np.float32(0.919), np.float32(0.9205)]
2026-08-05 14:46:53.214799: Epoch time: 41.53 s
2026-08-05 14:46:54.011927: 
2026-08-05 14:46:54.012362: Epoch 391
2026-08-05 14:46:54.012447: Current learning rate: 0.0064
2026-08-05 14:47:35.537053: train_loss -0.764
2026-08-05 14:47:35.733669: val_loss -0.742
2026-08-05 14:47:35.734362: Pseudo dice [np.float32(0.6833), np.float32(0.9087), np.float32(0.922)]
2026-08-05 14:47:35.734619: Epoch time: 41.53 s
2026-08-05 14:47:37.130555: 
2026-08-05 14:47:37.130864: Epoch 392
2026-08-05 14:47:37.130961: Current learning rate: 0.00639
2026-08-05 14:48:18.471017: train_loss -0.7805
2026-08-05 14:48:18.735955: val_loss -0.748
2026-08-05 14:48:18.736116: Pseudo dice [np.float32(0.693), np.float32(0.9108), np.float32(0.9282)]
2026-08-05 14:48:18.736221: Epoch time: 41.34 s
2026-08-05 14:48:20.927747: 
2026-08-05 14:48:20.928191: Epoch 393
2026-08-05 14:48:20.928310: Current learning rate: 0.00638
2026-08-05 14:49:02.301277: train_loss -0.7756
2026-08-05 14:49:02.301468: val_loss -0.7464
2026-08-05 14:49:02.301536: Pseudo dice [np.float32(0.682), np.float32(0.9132), np.float32(0.9158)]
2026-08-05 14:49:02.301607: Epoch time: 41.38 s
2026-08-05 14:49:03.089676: 
2026-08-05 14:49:03.090023: Epoch 394
2026-08-05 14:49:03.090185: Current learning rate: 0.00637
2026-08-05 14:49:44.466613: train_loss -0.7641
2026-08-05 14:49:44.467004: val_loss -0.7464
2026-08-05 14:49:44.467237: Pseudo dice [np.float32(0.6804), np.float32(0.9059), np.float32(0.9181)]
2026-08-05 14:49:44.467385: Epoch time: 41.38 s
2026-08-05 14:49:45.360567: 
2026-08-05 14:49:45.360925: Epoch 395
2026-08-05 14:49:45.361038: Current learning rate: 0.00636
2026-08-05 14:50:26.541065: train_loss -0.7807
2026-08-05 14:50:26.541237: val_loss -0.7707
2026-08-05 14:50:26.541289: Pseudo dice [np.float32(0.7101), np.float32(0.915), np.float32(0.9289)]
2026-08-05 14:50:26.541378: Epoch time: 41.18 s
2026-08-05 14:50:27.281078: 
2026-08-05 14:50:27.281404: Epoch 396
2026-08-05 14:50:27.281492: Current learning rate: 0.00635
2026-08-05 14:51:08.907132: train_loss -0.7836
2026-08-05 14:51:08.907482: val_loss -0.7748
2026-08-05 14:51:08.907610: Pseudo dice [np.float32(0.7091), np.float32(0.9283), np.float32(0.9298)]
2026-08-05 14:51:08.907726: Epoch time: 41.63 s
2026-08-05 14:51:09.766269: 
2026-08-05 14:51:09.766570: Epoch 397
2026-08-05 14:51:09.766678: Current learning rate: 0.00634
2026-08-05 14:51:51.518613: train_loss -0.8035
2026-08-05 14:51:51.519014: val_loss -0.7844
2026-08-05 14:51:51.519146: Pseudo dice [np.float32(0.7175), np.float32(0.9285), np.float32(0.9361)]
2026-08-05 14:51:51.519259: Epoch time: 41.75 s
2026-08-05 14:51:52.617245: 
2026-08-05 14:51:52.617697: Epoch 398
2026-08-05 14:51:52.617874: Current learning rate: 0.00633
2026-08-05 14:52:34.229275: train_loss -0.8124
2026-08-05 14:52:34.475490: val_loss -0.7527
2026-08-05 14:52:34.475606: Pseudo dice [np.float32(0.6994), np.float32(0.8988), np.float32(0.9296)]
2026-08-05 14:52:34.475668: Epoch time: 41.61 s
2026-08-05 14:52:35.692978: 
2026-08-05 14:52:35.693274: Epoch 399
2026-08-05 14:52:35.693388: Current learning rate: 0.00632
2026-08-05 14:53:17.113328: train_loss -0.8213
2026-08-05 14:53:17.119483: val_loss -0.7828
2026-08-05 14:53:17.119576: Pseudo dice [np.float32(0.7154), np.float32(0.9267), np.float32(0.932)]
2026-08-05 14:53:17.119640: Epoch time: 41.42 s
2026-08-05 14:53:24.088675: 
2026-08-05 14:53:24.088945: Epoch 400
2026-08-05 14:53:24.089101: Current learning rate: 0.00631
2026-08-05 14:54:05.386453: train_loss -0.8268
2026-08-05 14:54:05.420119: val_loss -0.792
2026-08-05 14:54:05.420314: Pseudo dice [np.float32(0.7309), np.float32(0.9352), np.float32(0.9319)]
2026-08-05 14:54:05.420439: Epoch time: 41.3 s
2026-08-05 14:54:06.527384: 
2026-08-05 14:54:06.527833: Epoch 401
2026-08-05 14:54:06.527946: Current learning rate: 0.0063
2026-08-05 14:54:47.893836: train_loss -0.817
2026-08-05 14:54:48.089241: val_loss -0.7707
2026-08-05 14:54:48.089648: Pseudo dice [np.float32(0.7068), np.float32(0.9217), np.float32(0.9301)]
2026-08-05 14:54:48.090020: Epoch time: 41.37 s
2026-08-05 14:54:49.101116: 
2026-08-05 14:54:49.101560: Epoch 402
2026-08-05 14:54:49.101669: Current learning rate: 0.0063
2026-08-05 14:55:30.177801: train_loss -0.782
2026-08-05 14:55:30.236025: val_loss -0.7574
2026-08-05 14:55:30.236157: Pseudo dice [np.float32(0.6955), np.float32(0.9188), np.float32(0.9205)]
2026-08-05 14:55:30.236231: Epoch time: 41.08 s
2026-08-05 14:55:31.262444: 
2026-08-05 14:55:31.262786: Epoch 403
2026-08-05 14:55:31.262929: Current learning rate: 0.00629
2026-08-05 14:56:12.319622: train_loss -0.7723
2026-08-05 14:56:12.541119: val_loss -0.7706
2026-08-05 14:56:12.541286: Pseudo dice [np.float32(0.7096), np.float32(0.9182), np.float32(0.9259)]
2026-08-05 14:56:12.541363: Epoch time: 41.06 s
2026-08-05 14:56:13.703246: 
2026-08-05 14:56:13.703759: Epoch 404
2026-08-05 14:56:13.703908: Current learning rate: 0.00628
2026-08-05 14:56:54.656710: train_loss -0.7998
2026-08-05 14:56:54.658046: val_loss -0.784
2026-08-05 14:56:54.658122: Pseudo dice [np.float32(0.7122), np.float32(0.928), np.float32(0.9342)]
2026-08-05 14:56:54.658193: Epoch time: 40.96 s
2026-08-05 14:56:55.775320: 
2026-08-05 14:56:55.775739: Epoch 405
2026-08-05 14:56:55.775866: Current learning rate: 0.00627
2026-08-05 14:57:37.324953: train_loss -0.817
2026-08-05 14:57:37.358615: val_loss -0.7899
2026-08-05 14:57:37.358770: Pseudo dice [np.float32(0.7169), np.float32(0.9369), np.float32(0.9338)]
2026-08-05 14:57:37.358844: Epoch time: 41.55 s
2026-08-05 14:57:38.995568: 
2026-08-05 14:57:38.995817: Epoch 406
2026-08-05 14:57:38.995941: Current learning rate: 0.00626
2026-08-05 14:58:22.546886: train_loss -0.8134
2026-08-05 14:58:22.570547: val_loss -0.7659
2026-08-05 14:58:22.570732: Pseudo dice [np.float32(0.7053), np.float32(0.9259), np.float32(0.9187)]
2026-08-05 14:58:22.570872: Epoch time: 43.55 s
2026-08-05 14:58:23.373020: 
2026-08-05 14:58:23.373405: Epoch 407
2026-08-05 14:58:23.373529: Current learning rate: 0.00625
2026-08-05 14:59:04.897457: train_loss -0.8142
2026-08-05 14:59:04.898148: val_loss -0.7753
2026-08-05 14:59:04.898415: Pseudo dice [np.float32(0.7214), np.float32(0.9284), np.float32(0.9275)]
2026-08-05 14:59:04.898549: Epoch time: 41.53 s
2026-08-05 14:59:05.880938: 
2026-08-05 14:59:05.881210: Epoch 408
2026-08-05 14:59:05.881369: Current learning rate: 0.00624
2026-08-05 14:59:47.476678: train_loss -0.8011
2026-08-05 14:59:47.476869: val_loss -0.7745
2026-08-05 14:59:47.477432: Pseudo dice [np.float32(0.6998), np.float32(0.9278), np.float32(0.9328)]
2026-08-05 14:59:47.477603: Epoch time: 41.62 s
2026-08-05 14:59:48.941185: 
2026-08-05 14:59:48.941475: Epoch 409
2026-08-05 14:59:48.941659: Current learning rate: 0.00623
2026-08-05 15:00:31.082862: train_loss -0.8073
2026-08-05 15:00:31.083226: val_loss -0.7754
2026-08-05 15:00:31.083351: Pseudo dice [np.float32(0.7073), np.float32(0.9341), np.float32(0.9258)]
2026-08-05 15:00:31.083468: Epoch time: 42.14 s
2026-08-05 15:00:32.768407: 
2026-08-05 15:00:32.768724: Epoch 410
2026-08-05 15:00:32.768848: Current learning rate: 0.00622
2026-08-05 15:01:26.418967: train_loss -0.7962
2026-08-05 15:01:26.419259: val_loss -0.7799
2026-08-05 15:01:26.419326: Pseudo dice [np.float32(0.7099), np.float32(0.9301), np.float32(0.9336)]
2026-08-05 15:01:26.419399: Epoch time: 53.65 s
2026-08-05 15:01:27.485334: 
2026-08-05 15:01:27.549396: Epoch 411
2026-08-05 15:01:27.549630: Current learning rate: 0.00621
2026-08-05 15:02:08.917903: train_loss -0.8156
2026-08-05 15:02:08.919227: val_loss -0.7898
2026-08-05 15:02:08.919425: Pseudo dice [np.float32(0.7155), np.float32(0.9309), np.float32(0.9329)]
2026-08-05 15:02:08.919529: Epoch time: 41.44 s
2026-08-05 15:02:09.716251: 
2026-08-05 15:02:09.716635: Epoch 412
2026-08-05 15:02:09.716745: Current learning rate: 0.0062
2026-08-05 15:02:51.502727: train_loss -0.8188
2026-08-05 15:02:51.503472: val_loss -0.7904
2026-08-05 15:02:51.503742: Pseudo dice [np.float32(0.7183), np.float32(0.9345), np.float32(0.9329)]
2026-08-05 15:02:51.503970: Epoch time: 41.79 s
2026-08-05 15:02:53.314447: 
2026-08-05 15:02:53.314826: Epoch 413
2026-08-05 15:02:53.314956: Current learning rate: 0.00619
2026-08-05 15:03:40.181945: train_loss -0.8184
2026-08-05 15:03:40.321574: val_loss -0.7747
2026-08-05 15:03:40.321802: Pseudo dice [np.float32(0.71), np.float32(0.9272), np.float32(0.932)]
2026-08-05 15:03:40.321929: Epoch time: 46.87 s
2026-08-05 15:03:41.348161: 
2026-08-05 15:03:41.348597: Epoch 414
2026-08-05 15:03:41.348794: Current learning rate: 0.00618
2026-08-05 15:04:22.600673: train_loss -0.8103
2026-08-05 15:04:22.616211: val_loss -0.7771
2026-08-05 15:04:22.616287: Pseudo dice [np.float32(0.7084), np.float32(0.9287), np.float32(0.9297)]
2026-08-05 15:04:22.616346: Epoch time: 41.26 s
2026-08-05 15:04:23.459400: 
2026-08-05 15:04:23.459705: Epoch 415
2026-08-05 15:04:23.459826: Current learning rate: 0.00617
2026-08-05 15:05:05.164043: train_loss -0.816
2026-08-05 15:05:05.260966: val_loss -0.7752
2026-08-05 15:05:05.261234: Pseudo dice [np.float32(0.7005), np.float32(0.929), np.float32(0.9268)]
2026-08-05 15:05:05.261367: Epoch time: 41.71 s
2026-08-05 15:05:06.623969: 
2026-08-05 15:05:06.624228: Epoch 416
2026-08-05 15:05:06.624336: Current learning rate: 0.00616
2026-08-05 15:05:48.156097: train_loss -0.8006
2026-08-05 15:05:48.156320: val_loss -0.763
2026-08-05 15:05:48.156390: Pseudo dice [np.float32(0.6966), np.float32(0.9251), np.float32(0.9209)]
2026-08-05 15:05:48.156445: Epoch time: 41.53 s
2026-08-05 15:05:48.887801: 
2026-08-05 15:05:48.888154: Epoch 417
2026-08-05 15:05:48.888244: Current learning rate: 0.00615
2026-08-05 15:06:30.043386: train_loss -0.8013
2026-08-05 15:06:30.047579: val_loss -0.783
2026-08-05 15:06:30.047860: Pseudo dice [np.float32(0.71), np.float32(0.9333), np.float32(0.9321)]
2026-08-05 15:06:30.047998: Epoch time: 41.16 s
2026-08-05 15:06:30.947531: 
2026-08-05 15:06:30.947878: Epoch 418
2026-08-05 15:06:30.947988: Current learning rate: 0.00614
2026-08-05 15:07:12.264477: train_loss -0.8168
2026-08-05 15:07:12.552986: val_loss -0.7842
2026-08-05 15:07:12.553142: Pseudo dice [np.float32(0.7157), np.float32(0.9277), np.float32(0.9357)]
2026-08-05 15:07:12.553211: Epoch time: 41.32 s
2026-08-05 15:07:13.720068: 
2026-08-05 15:07:13.720324: Epoch 419
2026-08-05 15:07:13.720428: Current learning rate: 0.00613
2026-08-05 15:07:55.228013: train_loss -0.831
2026-08-05 15:07:55.228373: val_loss -0.7987
2026-08-05 15:07:55.228447: Pseudo dice [np.float32(0.7315), np.float32(0.9328), np.float32(0.9409)]
2026-08-05 15:07:55.228618: Epoch time: 41.51 s
2026-08-05 15:07:57.300014: 
2026-08-05 15:07:57.300389: Epoch 420
2026-08-05 15:07:57.300559: Current learning rate: 0.00612
2026-08-05 15:08:38.437064: train_loss -0.8293
2026-08-05 15:08:38.533129: val_loss -0.7744
2026-08-05 15:08:38.533324: Pseudo dice [np.float32(0.7121), np.float32(0.9287), np.float32(0.9291)]
2026-08-05 15:08:38.533414: Epoch time: 41.14 s
2026-08-05 15:08:39.420088: 
2026-08-05 15:08:39.420399: Epoch 421
2026-08-05 15:08:39.420518: Current learning rate: 0.00612
2026-08-05 15:09:20.966871: train_loss -0.8198
2026-08-05 15:09:20.967629: val_loss -0.7703
2026-08-05 15:09:20.967802: Pseudo dice [np.float32(0.7041), np.float32(0.9182), np.float32(0.9319)]
2026-08-05 15:09:20.967938: Epoch time: 41.55 s
2026-08-05 15:09:21.767725: 
2026-08-05 15:09:21.768167: Epoch 422
2026-08-05 15:09:21.768372: Current learning rate: 0.00611
2026-08-05 15:10:03.774004: train_loss -0.8094
2026-08-05 15:10:03.780110: val_loss -0.7392
2026-08-05 15:10:03.780242: Pseudo dice [np.float32(0.6911), np.float32(0.9204), np.float32(0.9193)]
2026-08-05 15:10:03.780323: Epoch time: 42.01 s
2026-08-05 15:10:04.605612: 
2026-08-05 15:10:04.605932: Epoch 423
2026-08-05 15:10:04.606035: Current learning rate: 0.0061
2026-08-05 15:10:46.065283: train_loss -0.7946
2026-08-05 15:10:46.065661: val_loss -0.778
2026-08-05 15:10:46.065791: Pseudo dice [np.float32(0.7145), np.float32(0.9272), np.float32(0.93)]
2026-08-05 15:10:46.065922: Epoch time: 41.46 s
2026-08-05 15:10:47.213416: 
2026-08-05 15:10:47.213903: Epoch 424
2026-08-05 15:10:47.214013: Current learning rate: 0.00609
2026-08-05 15:11:28.565562: train_loss -0.8184
2026-08-05 15:11:28.593714: val_loss -0.7813
2026-08-05 15:11:28.593801: Pseudo dice [np.float32(0.7136), np.float32(0.9291), np.float32(0.9332)]
2026-08-05 15:11:28.593870: Epoch time: 41.35 s
2026-08-05 15:11:29.592617: 
2026-08-05 15:11:29.593090: Epoch 425
2026-08-05 15:11:29.593225: Current learning rate: 0.00608
2026-08-05 15:12:10.651037: train_loss -0.8312
2026-08-05 15:12:10.929773: val_loss -0.7908
2026-08-05 15:12:10.930089: Pseudo dice [np.float32(0.7218), np.float32(0.9334), np.float32(0.9339)]
2026-08-05 15:12:10.930223: Epoch time: 41.06 s
2026-08-05 15:12:12.119952: 
2026-08-05 15:12:12.120363: Epoch 426
2026-08-05 15:12:12.120469: Current learning rate: 0.00607
2026-08-05 15:12:53.392792: train_loss -0.8389
2026-08-05 15:12:53.557702: val_loss -0.7888
2026-08-05 15:12:53.557914: Pseudo dice [np.float32(0.7188), np.float32(0.9338), np.float32(0.9333)]
2026-08-05 15:12:53.558044: Epoch time: 41.28 s
2026-08-05 15:12:56.611909: 
2026-08-05 15:12:56.647772: Epoch 427
2026-08-05 15:12:56.647949: Current learning rate: 0.00606
2026-08-05 15:13:37.950474: train_loss -0.8383
2026-08-05 15:13:37.992398: val_loss -0.787
2026-08-05 15:13:37.992481: Pseudo dice [np.float32(0.7211), np.float32(0.9308), np.float32(0.9328)]
2026-08-05 15:13:37.992543: Epoch time: 41.34 s
2026-08-05 15:13:39.034616: 
2026-08-05 15:13:39.035086: Epoch 428
2026-08-05 15:13:39.035223: Current learning rate: 0.00605
2026-08-05 15:14:20.506726: train_loss -0.8408
2026-08-05 15:14:20.507193: val_loss -0.7952
2026-08-05 15:14:20.507328: Pseudo dice [np.float32(0.7288), np.float32(0.9337), np.float32(0.9391)]
2026-08-05 15:14:20.507462: Epoch time: 41.47 s
2026-08-05 15:14:21.345617: 
2026-08-05 15:14:21.346029: Epoch 429
2026-08-05 15:14:21.346148: Current learning rate: 0.00604
2026-08-05 15:15:02.545918: train_loss -0.8455
2026-08-05 15:15:02.546495: val_loss -0.7898
2026-08-05 15:15:02.546649: Pseudo dice [np.float32(0.7256), np.float32(0.9315), np.float32(0.9307)]
2026-08-05 15:15:02.546776: Epoch time: 41.2 s
2026-08-05 15:15:03.555515: 
2026-08-05 15:15:03.555866: Epoch 430
2026-08-05 15:15:03.555958: Current learning rate: 0.00603
2026-08-05 15:15:45.204199: train_loss -0.8404
2026-08-05 15:15:45.204743: val_loss -0.7828
2026-08-05 15:15:45.204993: Pseudo dice [np.float32(0.7105), np.float32(0.9294), np.float32(0.9354)]
2026-08-05 15:15:45.205110: Epoch time: 41.65 s
2026-08-05 15:15:46.060531: 
2026-08-05 15:15:46.060863: Epoch 431
2026-08-05 15:15:46.060977: Current learning rate: 0.00602
2026-08-05 15:16:27.357038: train_loss -0.8469
2026-08-05 15:16:27.357338: val_loss -0.7788
2026-08-05 15:16:27.357402: Pseudo dice [np.float32(0.7106), np.float32(0.9245), np.float32(0.9306)]
2026-08-05 15:16:27.357524: Epoch time: 41.3 s
2026-08-05 15:16:28.081383: 
2026-08-05 15:16:28.081718: Epoch 432
2026-08-05 15:16:28.081906: Current learning rate: 0.00601
2026-08-05 15:17:09.173716: train_loss -0.8466
2026-08-05 15:17:09.173887: val_loss -0.7906
2026-08-05 15:17:09.173949: Pseudo dice [np.float32(0.7204), np.float32(0.9361), np.float32(0.9375)]
2026-08-05 15:17:09.174013: Epoch time: 41.09 s
2026-08-05 15:17:09.937786: 
2026-08-05 15:17:09.938055: Epoch 433
2026-08-05 15:17:09.938187: Current learning rate: 0.006
2026-08-05 15:17:50.901664: train_loss -0.8466
2026-08-05 15:17:51.018332: val_loss -0.7975
2026-08-05 15:17:51.018515: Pseudo dice [np.float32(0.7242), np.float32(0.939), np.float32(0.9368)]
2026-08-05 15:17:51.018588: Epoch time: 40.97 s
2026-08-05 15:17:52.196414: 
2026-08-05 15:17:52.196766: Epoch 434
2026-08-05 15:17:52.196922: Current learning rate: 0.00599
2026-08-05 15:18:34.583215: train_loss -0.8442
2026-08-05 15:18:34.583923: val_loss -0.7884
2026-08-05 15:18:34.583985: Pseudo dice [np.float32(0.7129), np.float32(0.9342), np.float32(0.9347)]
2026-08-05 15:18:34.584045: Epoch time: 42.39 s
2026-08-05 15:18:35.565726: 
2026-08-05 15:18:35.566042: Epoch 435
2026-08-05 15:18:35.566354: Current learning rate: 0.00598
2026-08-05 15:19:16.880981: train_loss -0.8371
2026-08-05 15:19:16.904052: val_loss -0.7758
2026-08-05 15:19:16.904202: Pseudo dice [np.float32(0.7066), np.float32(0.9269), np.float32(0.9272)]
2026-08-05 15:19:16.904323: Epoch time: 41.32 s
2026-08-05 15:19:17.905261: 
2026-08-05 15:19:17.905593: Epoch 436
2026-08-05 15:19:17.905704: Current learning rate: 0.00597
2026-08-05 15:19:59.077471: train_loss -0.8356
2026-08-05 15:19:59.214865: val_loss -0.7869
2026-08-05 15:19:59.215000: Pseudo dice [np.float32(0.7152), np.float32(0.9321), np.float32(0.9356)]
2026-08-05 15:19:59.215072: Epoch time: 41.17 s
2026-08-05 15:19:59.983447: 
2026-08-05 15:19:59.983855: Epoch 437
2026-08-05 15:19:59.983979: Current learning rate: 0.00596
2026-08-05 15:20:41.369155: train_loss -0.8399
2026-08-05 15:20:41.383935: val_loss -0.776
2026-08-05 15:20:41.384073: Pseudo dice [np.float32(0.7097), np.float32(0.9312), np.float32(0.9277)]
2026-08-05 15:20:41.384201: Epoch time: 41.39 s
2026-08-05 15:20:42.959674: 
2026-08-05 15:20:42.959998: Epoch 438
2026-08-05 15:20:42.960102: Current learning rate: 0.00595
2026-08-05 15:21:24.335264: train_loss -0.8453
2026-08-05 15:21:24.411228: val_loss -0.7859
2026-08-05 15:21:24.411421: Pseudo dice [np.float32(0.7145), np.float32(0.9359), np.float32(0.9317)]
2026-08-05 15:21:24.411556: Epoch time: 41.38 s
2026-08-05 15:21:25.354201: 
2026-08-05 15:21:25.354537: Epoch 439
2026-08-05 15:21:25.354651: Current learning rate: 0.00594
2026-08-05 15:22:06.586695: train_loss -0.8484
2026-08-05 15:22:06.587390: val_loss -0.7762
2026-08-05 15:22:06.587532: Pseudo dice [np.float32(0.7118), np.float32(0.9281), np.float32(0.9308)]
2026-08-05 15:22:06.587650: Epoch time: 41.24 s
2026-08-05 15:22:07.903499: 
2026-08-05 15:22:07.903840: Epoch 440
2026-08-05 15:22:07.903953: Current learning rate: 0.00593
2026-08-05 15:22:49.460398: train_loss -0.8443
2026-08-05 15:22:49.461056: val_loss -0.7879
2026-08-05 15:22:49.461202: Pseudo dice [np.float32(0.7221), np.float32(0.9338), np.float32(0.9381)]
2026-08-05 15:22:49.461390: Epoch time: 41.56 s
2026-08-05 15:22:50.696152: 
2026-08-05 15:22:50.696471: Epoch 441
2026-08-05 15:22:50.696573: Current learning rate: 0.00592
2026-08-05 15:23:33.907914: train_loss -0.8465
2026-08-05 15:23:33.908160: val_loss -0.7982
2026-08-05 15:23:33.908223: Pseudo dice [np.float32(0.7299), np.float32(0.9372), np.float32(0.9417)]
2026-08-05 15:23:33.908289: Epoch time: 43.22 s
2026-08-05 15:23:34.656854: 
2026-08-05 15:23:34.657120: Epoch 442
2026-08-05 15:23:34.657256: Current learning rate: 0.00592
2026-08-05 15:24:15.965417: train_loss -0.8504
2026-08-05 15:24:16.020014: val_loss -0.7807
2026-08-05 15:24:16.020212: Pseudo dice [np.float32(0.7085), np.float32(0.9288), np.float32(0.9291)]
2026-08-05 15:24:16.020367: Epoch time: 41.31 s
2026-08-05 15:24:16.888309: 
2026-08-05 15:24:16.888627: Epoch 443
2026-08-05 15:24:16.888728: Current learning rate: 0.00591
2026-08-05 15:24:57.878597: train_loss -0.8451
2026-08-05 15:24:57.879208: val_loss -0.7905
2026-08-05 15:24:57.879341: Pseudo dice [np.float32(0.7229), np.float32(0.9322), np.float32(0.9361)]
2026-08-05 15:24:57.879465: Epoch time: 40.99 s
2026-08-05 15:24:58.866374: 
2026-08-05 15:24:58.866723: Epoch 444
2026-08-05 15:24:58.866860: Current learning rate: 0.0059
2026-08-05 15:25:40.119027: train_loss -0.851
2026-08-05 15:25:40.191571: val_loss -0.7884
2026-08-05 15:25:40.191757: Pseudo dice [np.float32(0.7201), np.float32(0.9373), np.float32(0.9315)]
2026-08-05 15:25:40.191991: Epoch time: 41.26 s
2026-08-05 15:25:41.405555: 
2026-08-05 15:25:41.405859: Epoch 445
2026-08-05 15:25:41.405962: Current learning rate: 0.00589
2026-08-05 15:26:23.169586: train_loss -0.8507
2026-08-05 15:26:23.402021: val_loss -0.778
2026-08-05 15:26:23.402258: Pseudo dice [np.float32(0.7129), np.float32(0.9322), np.float32(0.9316)]
2026-08-05 15:26:23.402427: Epoch time: 41.77 s
2026-08-05 15:26:24.182675: 
2026-08-05 15:26:24.183093: Epoch 446
2026-08-05 15:26:24.183193: Current learning rate: 0.00588
2026-08-05 15:27:05.544204: train_loss -0.8482
2026-08-05 15:27:05.579389: val_loss -0.7874
2026-08-05 15:27:05.579554: Pseudo dice [np.float32(0.7199), np.float32(0.9353), np.float32(0.9338)]
2026-08-05 15:27:05.579659: Epoch time: 41.36 s
2026-08-05 15:27:06.897273: 
2026-08-05 15:27:06.897525: Epoch 447
2026-08-05 15:27:06.897630: Current learning rate: 0.00587
2026-08-05 15:27:48.190245: train_loss -0.8523
2026-08-05 15:27:48.239994: val_loss -0.7784
2026-08-05 15:27:48.240151: Pseudo dice [np.float32(0.7173), np.float32(0.9352), np.float32(0.9311)]
2026-08-05 15:27:48.240285: Epoch time: 41.3 s
2026-08-05 15:27:49.535185: 
2026-08-05 15:27:49.535525: Epoch 448
2026-08-05 15:27:49.535609: Current learning rate: 0.00586
2026-08-05 15:28:31.865694: train_loss -0.8496
2026-08-05 15:28:32.108508: val_loss -0.7823
2026-08-05 15:28:32.108713: Pseudo dice [np.float32(0.7117), np.float32(0.9297), np.float32(0.9341)]
2026-08-05 15:28:32.108878: Epoch time: 42.33 s
2026-08-05 15:28:33.074535: 
2026-08-05 15:28:33.074836: Epoch 449
2026-08-05 15:28:33.074970: Current learning rate: 0.00585
2026-08-05 15:29:14.483245: train_loss -0.8514
2026-08-05 15:29:14.526980: val_loss -0.7879
2026-08-05 15:29:14.527169: Pseudo dice [np.float32(0.7252), np.float32(0.9356), np.float32(0.9402)]
2026-08-05 15:29:14.527296: Epoch time: 41.41 s
2026-08-05 15:29:20.928136: 
2026-08-05 15:29:20.928676: Epoch 450
2026-08-05 15:29:20.928800: Current learning rate: 0.00584
2026-08-05 15:30:02.150710: train_loss -0.8538
2026-08-05 15:30:02.376153: val_loss -0.7803
2026-08-05 15:30:02.376589: Pseudo dice [np.float32(0.7153), np.float32(0.9323), np.float32(0.9301)]
2026-08-05 15:30:02.376853: Epoch time: 41.23 s
2026-08-05 15:30:03.367980: 
2026-08-05 15:30:03.368315: Epoch 451
2026-08-05 15:30:03.368461: Current learning rate: 0.00583
2026-08-05 15:30:44.729126: train_loss -0.8584
2026-08-05 15:30:44.730033: val_loss -0.7814
2026-08-05 15:30:44.730186: Pseudo dice [np.float32(0.7248), np.float32(0.9334), np.float32(0.9373)]
2026-08-05 15:30:44.730329: Epoch time: 41.36 s
2026-08-05 15:30:45.529868: 
2026-08-05 15:30:45.530217: Epoch 452
2026-08-05 15:30:45.530329: Current learning rate: 0.00582
2026-08-05 15:31:26.802092: train_loss -0.8538
2026-08-05 15:31:26.807658: val_loss -0.7925
2026-08-05 15:31:26.807820: Pseudo dice [np.float32(0.7236), np.float32(0.9338), np.float32(0.9389)]
2026-08-05 15:31:26.807964: Epoch time: 41.27 s
2026-08-05 15:31:27.767210: 
2026-08-05 15:31:27.767786: Epoch 453
2026-08-05 15:31:27.767908: Current learning rate: 0.00581
2026-08-05 15:32:09.503497: train_loss -0.8548
2026-08-05 15:32:09.504429: val_loss -0.7866
2026-08-05 15:32:09.504576: Pseudo dice [np.float32(0.7167), np.float32(0.9332), np.float32(0.9329)]
2026-08-05 15:32:09.504780: Epoch time: 41.74 s
2026-08-05 15:32:10.286632: 
2026-08-05 15:32:10.286951: Epoch 454
2026-08-05 15:32:10.287072: Current learning rate: 0.0058
2026-08-05 15:32:51.829102: train_loss -0.8562
2026-08-05 15:32:51.839310: val_loss -0.7981
2026-08-05 15:32:51.839427: Pseudo dice [np.float32(0.729), np.float32(0.9419), np.float32(0.9366)]
2026-08-05 15:32:51.839540: Epoch time: 41.55 s
2026-08-05 15:32:51.839610: Yayy! New best EMA pseudo Dice: 0.862500011920929
2026-08-05 15:32:59.308328: 
2026-08-05 15:32:59.308606: Epoch 455
2026-08-05 15:32:59.308722: Current learning rate: 0.00579
2026-08-05 15:33:40.387393: train_loss -0.8553
2026-08-05 15:33:40.513598: val_loss -0.7846
2026-08-05 15:33:40.531969: Pseudo dice [np.float32(0.719), np.float32(0.9323), np.float32(0.9342)]
2026-08-05 15:33:40.532172: Epoch time: 41.08 s
2026-08-05 15:33:41.477185: 
2026-08-05 15:33:41.477576: Epoch 456
2026-08-05 15:33:41.477691: Current learning rate: 0.00578
2026-08-05 15:34:22.776976: train_loss -0.8546
2026-08-05 15:34:22.965119: val_loss -0.789
2026-08-05 15:34:22.965323: Pseudo dice [np.float32(0.725), np.float32(0.933), np.float32(0.9373)]
2026-08-05 15:34:22.965470: Epoch time: 41.3 s
2026-08-05 15:34:22.965560: Yayy! New best EMA pseudo Dice: 0.8626999855041504
2026-08-05 15:34:29.509692: 
2026-08-05 15:34:29.509965: Epoch 457
2026-08-05 15:34:29.510168: Current learning rate: 0.00577
2026-08-05 15:35:10.615020: train_loss -0.8455
2026-08-05 15:35:11.124036: val_loss -0.7949
2026-08-05 15:35:11.124207: Pseudo dice [np.float32(0.724), np.float32(0.9391), np.float32(0.936)]
2026-08-05 15:35:11.124322: Epoch time: 41.11 s
2026-08-05 15:35:11.124377: Yayy! New best EMA pseudo Dice: 0.863099992275238
2026-08-05 15:35:16.877435: 
2026-08-05 15:35:16.877832: Epoch 458
2026-08-05 15:35:16.877957: Current learning rate: 0.00576
2026-08-05 15:35:57.981402: train_loss -0.8534
2026-08-05 15:35:58.149404: val_loss -0.7793
2026-08-05 15:35:58.149528: Pseudo dice [np.float32(0.7133), np.float32(0.934), np.float32(0.9329)]
2026-08-05 15:35:58.149601: Epoch time: 41.11 s
2026-08-05 15:35:59.376672: 
2026-08-05 15:35:59.376967: Epoch 459
2026-08-05 15:35:59.377105: Current learning rate: 0.00575
2026-08-05 15:36:40.789260: train_loss -0.8515
2026-08-05 15:36:41.113927: val_loss -0.7972
2026-08-05 15:36:41.114305: Pseudo dice [np.float32(0.7245), np.float32(0.9385), np.float32(0.9355)]
2026-08-05 15:36:41.114501: Epoch time: 41.42 s
2026-08-05 15:36:41.114620: Yayy! New best EMA pseudo Dice: 0.863099992275238
2026-08-05 15:36:50.273274: 
2026-08-05 15:36:50.406447: Epoch 460
2026-08-05 15:36:50.406698: Current learning rate: 0.00574
2026-08-05 15:37:31.363163: train_loss -0.8504
2026-08-05 15:37:31.467838: val_loss -0.7795
2026-08-05 15:37:31.467946: Pseudo dice [np.float32(0.7139), np.float32(0.9302), np.float32(0.9329)]
2026-08-05 15:37:31.468018: Epoch time: 41.09 s
2026-08-05 15:37:34.284169: 
2026-08-05 15:37:34.284593: Epoch 461
2026-08-05 15:37:34.284702: Current learning rate: 0.00573
2026-08-05 15:38:15.462072: train_loss -0.8552
2026-08-05 15:38:15.560756: val_loss -0.7851
2026-08-05 15:38:15.560940: Pseudo dice [np.float32(0.7181), np.float32(0.9323), np.float32(0.9374)]
2026-08-05 15:38:15.561064: Epoch time: 41.18 s
2026-08-05 15:38:16.534228: 
2026-08-05 15:38:16.534531: Epoch 462
2026-08-05 15:38:16.534621: Current learning rate: 0.00572
2026-08-05 15:38:57.626758: train_loss -0.8573
2026-08-05 15:38:57.779794: val_loss -0.7894
2026-08-05 15:38:57.780058: Pseudo dice [np.float32(0.7154), np.float32(0.9335), np.float32(0.9348)]
2026-08-05 15:38:57.780132: Epoch time: 41.1 s
2026-08-05 15:38:58.567248: 
2026-08-05 15:38:58.567508: Epoch 463
2026-08-05 15:38:58.567631: Current learning rate: 0.00571
2026-08-05 15:39:39.820980: train_loss -0.8515
2026-08-05 15:39:39.873795: val_loss -0.7849
2026-08-05 15:39:39.873926: Pseudo dice [np.float32(0.7181), np.float32(0.9294), np.float32(0.9384)]
2026-08-05 15:39:39.873996: Epoch time: 41.26 s
2026-08-05 15:39:40.608991: 
2026-08-05 15:39:40.609335: Epoch 464
2026-08-05 15:39:40.609427: Current learning rate: 0.0057
2026-08-05 15:40:21.949293: train_loss -0.856
2026-08-05 15:40:22.167826: val_loss -0.7891
2026-08-05 15:40:22.168177: Pseudo dice [np.float32(0.7169), np.float32(0.9332), np.float32(0.9312)]
2026-08-05 15:40:22.168368: Epoch time: 41.34 s
2026-08-05 15:40:23.176569: 
2026-08-05 15:40:23.176866: Epoch 465
2026-08-05 15:40:23.177002: Current learning rate: 0.0057
2026-08-05 15:41:04.509726: train_loss -0.8598
2026-08-05 15:41:04.509907: val_loss -0.7905
2026-08-05 15:41:04.510025: Pseudo dice [np.float32(0.7118), np.float32(0.9341), np.float32(0.937)]
2026-08-05 15:41:04.510085: Epoch time: 41.34 s
2026-08-05 15:41:05.964995: 
2026-08-05 15:41:05.965247: Epoch 466
2026-08-05 15:41:05.965378: Current learning rate: 0.00569
2026-08-05 15:41:47.167317: train_loss -0.8592
2026-08-05 15:41:47.167631: val_loss -0.7867
2026-08-05 15:41:47.167750: Pseudo dice [np.float32(0.7171), np.float32(0.9335), np.float32(0.934)]
2026-08-05 15:41:47.167858: Epoch time: 41.2 s
2026-08-05 15:41:47.937795: 
2026-08-05 15:41:47.938165: Epoch 467
2026-08-05 15:41:47.938267: Current learning rate: 0.00568
2026-08-05 15:42:29.442040: train_loss -0.86
2026-08-05 15:42:29.442361: val_loss -0.7839
2026-08-05 15:42:29.442493: Pseudo dice [np.float32(0.7156), np.float32(0.9336), np.float32(0.938)]
2026-08-05 15:42:29.442755: Epoch time: 41.51 s
2026-08-05 15:42:30.778599: 
2026-08-05 15:42:30.778976: Epoch 468
2026-08-05 15:42:30.779079: Current learning rate: 0.00567
2026-08-05 15:43:13.177799: train_loss -0.857
2026-08-05 15:43:13.180611: val_loss -0.7807
2026-08-05 15:43:13.180745: Pseudo dice [np.float32(0.7103), np.float32(0.9358), np.float32(0.9317)]
2026-08-05 15:43:13.180874: Epoch time: 42.4 s
2026-08-05 15:43:14.265901: 
2026-08-05 15:43:14.266315: Epoch 469
2026-08-05 15:43:14.266438: Current learning rate: 0.00566
2026-08-05 15:43:55.015867: train_loss -0.8282
2026-08-05 15:43:55.016182: val_loss -0.7679
2026-08-05 15:43:55.016376: Pseudo dice [np.float32(0.6996), np.float32(0.9206), np.float32(0.9276)]
2026-08-05 15:43:55.016444: Epoch time: 40.75 s
2026-08-05 15:43:55.952863: 
2026-08-05 15:43:55.953279: Epoch 470
2026-08-05 15:43:55.953402: Current learning rate: 0.00565
2026-08-05 15:44:37.309985: train_loss -0.8297
2026-08-05 15:44:37.310400: val_loss -0.7927
2026-08-05 15:44:37.310655: Pseudo dice [np.float32(0.7201), np.float32(0.9312), np.float32(0.9379)]
2026-08-05 15:44:37.310821: Epoch time: 41.36 s
2026-08-05 15:44:38.176790: 
2026-08-05 15:44:38.177088: Epoch 471
2026-08-05 15:44:38.177228: Current learning rate: 0.00564
2026-08-05 15:45:19.362325: train_loss -0.8397
2026-08-05 15:45:19.362757: val_loss -0.792
2026-08-05 15:45:19.362826: Pseudo dice [np.float32(0.7306), np.float32(0.9319), np.float32(0.9405)]
2026-08-05 15:45:19.362910: Epoch time: 41.19 s
2026-08-05 15:45:20.322647: 
2026-08-05 15:45:20.323020: Epoch 472
2026-08-05 15:45:20.323145: Current learning rate: 0.00563
2026-08-05 15:46:01.572558: train_loss -0.8341
2026-08-05 15:46:01.572887: val_loss -0.7699
2026-08-05 15:46:01.573042: Pseudo dice [np.float32(0.7028), np.float32(0.9232), np.float32(0.9318)]
2026-08-05 15:46:01.573254: Epoch time: 41.25 s
2026-08-05 15:46:02.434936: 
2026-08-05 15:46:02.435269: Epoch 473
2026-08-05 15:46:02.435377: Current learning rate: 0.00562
2026-08-05 15:46:43.925471: train_loss -0.8289
2026-08-05 15:46:43.925967: val_loss -0.7768
2026-08-05 15:46:43.926151: Pseudo dice [np.float32(0.7101), np.float32(0.9282), np.float32(0.9317)]
2026-08-05 15:46:43.926340: Epoch time: 41.49 s
2026-08-05 15:46:45.331577: 
2026-08-05 15:46:45.331916: Epoch 474
2026-08-05 15:46:45.332021: Current learning rate: 0.00561
2026-08-05 15:47:26.947214: train_loss -0.8427
2026-08-05 15:47:26.947485: val_loss -0.7889
2026-08-05 15:47:26.947549: Pseudo dice [np.float32(0.7197), np.float32(0.9315), np.float32(0.9346)]
2026-08-05 15:47:26.947608: Epoch time: 41.62 s
2026-08-05 15:47:28.463833: 
2026-08-05 15:47:28.464251: Epoch 475
2026-08-05 15:47:28.464359: Current learning rate: 0.0056
2026-08-05 15:48:09.947889: train_loss -0.8463
2026-08-05 15:48:09.948226: val_loss -0.7784
2026-08-05 15:48:09.948297: Pseudo dice [np.float32(0.7087), np.float32(0.9237), np.float32(0.9324)]
2026-08-05 15:48:09.948383: Epoch time: 41.49 s
2026-08-05 15:48:10.938106: 
2026-08-05 15:48:10.938555: Epoch 476
2026-08-05 15:48:10.938699: Current learning rate: 0.00559
2026-08-05 15:48:52.559370: train_loss -0.8287
2026-08-05 15:48:52.559639: val_loss -0.7847
2026-08-05 15:48:52.559696: Pseudo dice [np.float32(0.7194), np.float32(0.9273), np.float32(0.9314)]
2026-08-05 15:48:52.559753: Epoch time: 41.63 s
2026-08-05 15:48:53.324472: 
2026-08-05 15:48:53.324811: Epoch 477
2026-08-05 15:48:53.324938: Current learning rate: 0.00558
2026-08-05 15:49:34.991296: train_loss -0.8434
2026-08-05 15:49:35.148684: val_loss -0.7783
2026-08-05 15:49:35.148948: Pseudo dice [np.float32(0.7114), np.float32(0.9297), np.float32(0.9332)]
2026-08-05 15:49:35.149041: Epoch time: 41.67 s
2026-08-05 15:49:36.192415: 
2026-08-05 15:49:36.192835: Epoch 478
2026-08-05 15:49:36.193058: Current learning rate: 0.00557
2026-08-05 15:50:17.384653: train_loss -0.8499
2026-08-05 15:50:17.384856: val_loss -0.7901
2026-08-05 15:50:17.384929: Pseudo dice [np.float32(0.7257), np.float32(0.9354), np.float32(0.9372)]
2026-08-05 15:50:17.384999: Epoch time: 41.2 s
2026-08-05 15:50:18.370802: 
2026-08-05 15:50:18.371220: Epoch 479
2026-08-05 15:50:18.371331: Current learning rate: 0.00556
2026-08-05 15:50:59.915831: train_loss -0.8338
2026-08-05 15:50:59.916068: val_loss -0.7753
2026-08-05 15:50:59.916121: Pseudo dice [np.float32(0.7132), np.float32(0.9264), np.float32(0.9317)]
2026-08-05 15:50:59.916214: Epoch time: 41.55 s
2026-08-05 15:51:00.710433: 
2026-08-05 15:51:00.710694: Epoch 480
2026-08-05 15:51:00.710840: Current learning rate: 0.00555
2026-08-05 15:51:42.205524: train_loss -0.8432
2026-08-05 15:51:42.206097: val_loss -0.7854
2026-08-05 15:51:42.206238: Pseudo dice [np.float32(0.7153), np.float32(0.9254), np.float32(0.9383)]
2026-08-05 15:51:42.206355: Epoch time: 41.5 s
2026-08-05 15:51:43.025941: 
2026-08-05 15:51:43.026200: Epoch 481
2026-08-05 15:51:43.026347: Current learning rate: 0.00554
2026-08-05 15:52:24.572863: train_loss -0.8484
2026-08-05 15:52:24.573345: val_loss -0.7895
2026-08-05 15:52:24.573407: Pseudo dice [np.float32(0.7261), np.float32(0.9314), np.float32(0.9373)]
2026-08-05 15:52:24.573465: Epoch time: 41.55 s
2026-08-05 15:52:25.335388: 
2026-08-05 15:52:25.335651: Epoch 482
2026-08-05 15:52:25.335788: Current learning rate: 0.00553
2026-08-05 15:53:07.706388: train_loss -0.8564
2026-08-05 15:53:07.706826: val_loss -0.7843
2026-08-05 15:53:07.706978: Pseudo dice [np.float32(0.7247), np.float32(0.9295), np.float32(0.9396)]
2026-08-05 15:53:07.707126: Epoch time: 42.37 s
2026-08-05 15:53:08.558683: 
2026-08-05 15:53:08.558992: Epoch 483
2026-08-05 15:53:08.559103: Current learning rate: 0.00552
2026-08-05 15:53:49.964367: train_loss -0.8467
2026-08-05 15:53:50.174864: val_loss -0.795
2026-08-05 15:53:50.175123: Pseudo dice [np.float32(0.7271), np.float32(0.9379), np.float32(0.94)]
2026-08-05 15:53:50.175211: Epoch time: 41.41 s
2026-08-05 15:53:51.130407: 
2026-08-05 15:53:51.130849: Epoch 484
2026-08-05 15:53:51.130985: Current learning rate: 0.00551
2026-08-05 15:54:32.590155: train_loss -0.8573
2026-08-05 15:54:32.654112: val_loss -0.7924
2026-08-05 15:54:32.654297: Pseudo dice [np.float32(0.7237), np.float32(0.9351), np.float32(0.9409)]
2026-08-05 15:54:32.654420: Epoch time: 41.46 s
2026-08-05 15:54:33.736219: 
2026-08-05 15:54:33.736515: Epoch 485
2026-08-05 15:54:33.736626: Current learning rate: 0.0055
2026-08-05 15:55:15.210253: train_loss -0.8547
2026-08-05 15:55:15.210540: val_loss -0.79
2026-08-05 15:55:15.210661: Pseudo dice [np.float32(0.7266), np.float32(0.9362), np.float32(0.9409)]
2026-08-05 15:55:15.211108: Epoch time: 41.48 s
2026-08-05 15:55:16.026138: 
2026-08-05 15:55:16.026519: Epoch 486
2026-08-05 15:55:16.026664: Current learning rate: 0.00549
2026-08-05 15:55:57.705518: train_loss -0.862
2026-08-05 15:55:57.706132: val_loss -0.7911
2026-08-05 15:55:57.706264: Pseudo dice [np.float32(0.7206), np.float32(0.9371), np.float32(0.9357)]
2026-08-05 15:55:57.706410: Epoch time: 41.68 s
2026-08-05 15:55:58.597114: 
2026-08-05 15:55:58.597492: Epoch 487
2026-08-05 15:55:58.597580: Current learning rate: 0.00548
2026-08-05 15:56:40.086259: train_loss -0.8592
2026-08-05 15:56:40.086506: val_loss -0.7848
2026-08-05 15:56:40.086561: Pseudo dice [np.float32(0.7191), np.float32(0.9315), np.float32(0.9374)]
2026-08-05 15:56:40.086620: Epoch time: 41.49 s
2026-08-05 15:56:40.872739: 
2026-08-05 15:56:40.873128: Epoch 488
2026-08-05 15:56:40.873287: Current learning rate: 0.00547
2026-08-05 15:57:22.456541: train_loss -0.8479
2026-08-05 15:57:22.456820: val_loss -0.7877
2026-08-05 15:57:22.456960: Pseudo dice [np.float32(0.7268), np.float32(0.9313), np.float32(0.9349)]
2026-08-05 15:57:22.457077: Epoch time: 41.59 s
2026-08-05 15:57:23.243946: 
2026-08-05 15:57:23.244262: Epoch 489
2026-08-05 15:57:23.244381: Current learning rate: 0.00546
2026-08-05 15:58:05.176197: train_loss -0.8493
2026-08-05 15:58:05.176662: val_loss -0.784
2026-08-05 15:58:05.176790: Pseudo dice [np.float32(0.7239), np.float32(0.9356), np.float32(0.9325)]
2026-08-05 15:58:05.176935: Epoch time: 41.93 s
2026-08-05 15:58:06.066324: 
2026-08-05 15:58:06.066646: Epoch 490
2026-08-05 15:58:06.066755: Current learning rate: 0.00546
2026-08-05 15:58:47.655171: train_loss -0.8434
2026-08-05 15:58:47.655549: val_loss -0.7857
2026-08-05 15:58:47.655677: Pseudo dice [np.float32(0.7212), np.float32(0.9286), np.float32(0.9403)]
2026-08-05 15:58:47.655793: Epoch time: 41.59 s
2026-08-05 15:58:47.655886: Yayy! New best EMA pseudo Dice: 0.863099992275238
2026-08-05 15:58:54.834261: 
2026-08-05 15:58:54.834563: Epoch 491
2026-08-05 15:58:54.834795: Current learning rate: 0.00545
2026-08-05 15:59:36.122119: train_loss -0.8248
2026-08-05 15:59:36.122331: val_loss -0.7795
2026-08-05 15:59:36.122389: Pseudo dice [np.float32(0.7156), np.float32(0.9288), np.float32(0.9334)]
2026-08-05 15:59:36.122447: Epoch time: 41.29 s
2026-08-05 15:59:36.881211: 
2026-08-05 15:59:36.881596: Epoch 492
2026-08-05 15:59:36.881681: Current learning rate: 0.00544
2026-08-05 16:00:17.962908: train_loss -0.8274
2026-08-05 16:00:18.041439: val_loss -0.7865
2026-08-05 16:00:18.041696: Pseudo dice [np.float32(0.7194), np.float32(0.9328), np.float32(0.9364)]
2026-08-05 16:00:18.041872: Epoch time: 41.08 s
2026-08-05 16:00:18.951229: 
2026-08-05 16:00:18.951673: Epoch 493
2026-08-05 16:00:18.951778: Current learning rate: 0.00543
2026-08-05 16:01:00.314963: train_loss -0.8304
2026-08-05 16:01:00.315206: val_loss -0.7807
2026-08-05 16:01:00.315258: Pseudo dice [np.float32(0.7121), np.float32(0.9309), np.float32(0.9346)]
2026-08-05 16:01:00.315314: Epoch time: 41.37 s
2026-08-05 16:01:01.087465: 
2026-08-05 16:01:01.087872: Epoch 494
2026-08-05 16:01:01.088005: Current learning rate: 0.00542
2026-08-05 16:01:42.424022: train_loss -0.8276
2026-08-05 16:01:42.424222: val_loss -0.7949
2026-08-05 16:01:42.424278: Pseudo dice [np.float32(0.7279), np.float32(0.9318), np.float32(0.9396)]
2026-08-05 16:01:42.424343: Epoch time: 41.34 s
2026-08-05 16:01:43.387400: 
2026-08-05 16:01:43.387813: Epoch 495
2026-08-05 16:01:43.387966: Current learning rate: 0.00541
2026-08-05 16:02:24.379493: train_loss -0.8084
2026-08-05 16:02:24.379703: val_loss -0.763
2026-08-05 16:02:24.379754: Pseudo dice [np.float32(0.6887), np.float32(0.92), np.float32(0.9227)]
2026-08-05 16:02:24.379810: Epoch time: 41.0 s
2026-08-05 16:02:25.782123: 
2026-08-05 16:02:25.782507: Epoch 496
2026-08-05 16:02:25.782611: Current learning rate: 0.0054
2026-08-05 16:03:07.290912: train_loss -0.7823
2026-08-05 16:03:07.291462: val_loss -0.7829
2026-08-05 16:03:07.291589: Pseudo dice [np.float32(0.7143), np.float32(0.9244), np.float32(0.9349)]
2026-08-05 16:03:07.291704: Epoch time: 41.51 s
2026-08-05 16:03:08.183122: 
2026-08-05 16:03:08.183473: Epoch 497
2026-08-05 16:03:08.183589: Current learning rate: 0.00539
2026-08-05 16:03:49.613561: train_loss -0.7563
2026-08-05 16:03:49.640856: val_loss -0.7663
2026-08-05 16:03:49.640986: Pseudo dice [np.float32(0.7007), np.float32(0.9263), np.float32(0.92)]
2026-08-05 16:03:49.641053: Epoch time: 41.43 s
2026-08-05 16:03:50.430442: 
2026-08-05 16:03:50.430769: Epoch 498
2026-08-05 16:03:50.430883: Current learning rate: 0.00538
2026-08-05 16:04:31.377133: train_loss -0.7745
2026-08-05 16:04:31.450259: val_loss -0.7762
2026-08-05 16:04:31.450374: Pseudo dice [np.float32(0.705), np.float32(0.929), np.float32(0.9312)]
2026-08-05 16:04:31.450450: Epoch time: 40.95 s
2026-08-05 16:04:32.420058: 
2026-08-05 16:04:32.420368: Epoch 499
2026-08-05 16:04:32.420474: Current learning rate: 0.00537
2026-08-05 16:05:13.646747: train_loss -0.7994
2026-08-05 16:05:13.705441: val_loss -0.7906
2026-08-05 16:05:13.705657: Pseudo dice [np.float32(0.7263), np.float32(0.9309), np.float32(0.9342)]
2026-08-05 16:05:13.705741: Epoch time: 41.23 s
2026-08-05 16:05:22.275218: 
2026-08-05 16:05:22.275543: Epoch 500
2026-08-05 16:05:22.275640: Current learning rate: 0.00536
2026-08-05 16:06:03.660075: train_loss -0.8158
2026-08-05 16:06:03.819495: val_loss -0.7849
2026-08-05 16:06:03.819616: Pseudo dice [np.float32(0.7142), np.float32(0.9343), np.float32(0.9362)]
2026-08-05 16:06:03.819689: Epoch time: 41.39 s
2026-08-05 16:06:04.627419: 
2026-08-05 16:06:04.627637: Epoch 501
2026-08-05 16:06:04.627765: Current learning rate: 0.00535
2026-08-05 16:06:45.835539: train_loss -0.8342
2026-08-05 16:06:45.896135: val_loss -0.7824
2026-08-05 16:06:45.896271: Pseudo dice [np.float32(0.7159), np.float32(0.933), np.float32(0.9305)]
2026-08-05 16:06:45.896345: Epoch time: 41.21 s
2026-08-05 16:06:46.737050: 
2026-08-05 16:06:46.737403: Epoch 502
2026-08-05 16:06:46.737537: Current learning rate: 0.00534
2026-08-05 16:07:28.810692: train_loss -0.8298
2026-08-05 16:07:28.811224: val_loss -0.788
2026-08-05 16:07:28.811362: Pseudo dice [np.float32(0.7152), np.float32(0.9363), np.float32(0.9271)]
2026-08-05 16:07:28.811448: Epoch time: 42.08 s
2026-08-05 16:07:29.587482: 
2026-08-05 16:07:29.587860: Epoch 503
2026-08-05 16:07:29.588030: Current learning rate: 0.00533
2026-08-05 16:08:10.892431: train_loss -0.8352
2026-08-05 16:08:10.892975: val_loss -0.7779
2026-08-05 16:08:10.893033: Pseudo dice [np.float32(0.7119), np.float32(0.9304), np.float32(0.9326)]
2026-08-05 16:08:10.893095: Epoch time: 41.31 s
2026-08-05 16:08:11.634918: 
2026-08-05 16:08:11.635323: Epoch 504
2026-08-05 16:08:11.635539: Current learning rate: 0.00532
2026-08-05 16:09:02.890585: train_loss -0.8474
2026-08-05 16:09:02.891376: val_loss -0.7876
2026-08-05 16:09:02.891467: Pseudo dice [np.float32(0.714), np.float32(0.9339), np.float32(0.9366)]
2026-08-05 16:09:02.891533: Epoch time: 51.26 s
2026-08-05 16:09:03.672201: 
2026-08-05 16:09:03.672641: Epoch 505
2026-08-05 16:09:03.672736: Current learning rate: 0.00531
2026-08-05 16:09:45.107823: train_loss -0.8497
2026-08-05 16:09:45.108090: val_loss -0.8013
2026-08-05 16:09:45.108148: Pseudo dice [np.float32(0.7329), np.float32(0.9371), np.float32(0.939)]
2026-08-05 16:09:45.108205: Epoch time: 41.44 s
2026-08-05 16:09:46.107423: 
2026-08-05 16:09:46.107768: Epoch 506
2026-08-05 16:09:46.108010: Current learning rate: 0.0053
2026-08-05 16:10:27.599250: train_loss -0.8463
2026-08-05 16:10:27.700499: val_loss -0.7874
2026-08-05 16:10:27.701015: Pseudo dice [np.float32(0.7163), np.float32(0.9334), np.float32(0.9384)]
2026-08-05 16:10:27.701171: Epoch time: 41.49 s
2026-08-05 16:10:28.743342: 
2026-08-05 16:10:28.743589: Epoch 507
2026-08-05 16:10:28.743732: Current learning rate: 0.00529
2026-08-05 16:11:10.396383: train_loss -0.8485
2026-08-05 16:11:10.510402: val_loss -0.7844
2026-08-05 16:11:10.510665: Pseudo dice [np.float32(0.7235), np.float32(0.9375), np.float32(0.9367)]
2026-08-05 16:11:10.510851: Epoch time: 41.66 s
2026-08-05 16:11:11.821688: 
2026-08-05 16:11:11.821944: Epoch 508
2026-08-05 16:11:11.822227: Current learning rate: 0.00528
2026-08-05 16:11:53.561201: train_loss -0.8404
2026-08-05 16:11:53.570005: val_loss -0.7781
2026-08-05 16:11:53.570073: Pseudo dice [np.float32(0.7155), np.float32(0.9333), np.float32(0.929)]
2026-08-05 16:11:53.570144: Epoch time: 41.74 s
2026-08-05 16:11:54.377817: 
2026-08-05 16:11:54.378214: Epoch 509
2026-08-05 16:11:54.378341: Current learning rate: 0.00527
2026-08-05 16:12:37.178381: train_loss -0.8184
2026-08-05 16:12:37.279855: val_loss -0.764
2026-08-05 16:12:37.280160: Pseudo dice [np.float32(0.6965), np.float32(0.9241), np.float32(0.9299)]
2026-08-05 16:12:37.280241: Epoch time: 42.8 s
2026-08-05 16:12:38.166924: 
2026-08-05 16:12:38.167356: Epoch 510
2026-08-05 16:12:38.167444: Current learning rate: 0.00526
2026-08-05 16:13:19.679484: train_loss -0.8374
2026-08-05 16:13:19.680110: val_loss -0.7836
2026-08-05 16:13:19.680177: Pseudo dice [np.float32(0.719), np.float32(0.9309), np.float32(0.9373)]
2026-08-05 16:13:19.680266: Epoch time: 41.52 s
2026-08-05 16:13:20.698961: 
2026-08-05 16:13:20.699344: Epoch 511
2026-08-05 16:13:20.699473: Current learning rate: 0.00525
2026-08-05 16:14:02.500162: train_loss -0.8335
2026-08-05 16:14:02.508345: val_loss -0.7891
2026-08-05 16:14:02.508415: Pseudo dice [np.float32(0.7223), np.float32(0.9301), np.float32(0.9402)]
2026-08-05 16:14:02.508479: Epoch time: 41.8 s
2026-08-05 16:14:03.774158: 
2026-08-05 16:14:03.774493: Epoch 512
2026-08-05 16:14:03.774601: Current learning rate: 0.00524
2026-08-05 16:14:45.397803: train_loss -0.8248
2026-08-05 16:14:45.417937: val_loss -0.7705
2026-08-05 16:14:45.418051: Pseudo dice [np.float32(0.7084), np.float32(0.9211), np.float32(0.9252)]
2026-08-05 16:14:45.418119: Epoch time: 41.63 s
2026-08-05 16:14:46.712397: 
2026-08-05 16:14:46.713671: Epoch 513
2026-08-05 16:14:46.713785: Current learning rate: 0.00523
2026-08-05 16:15:27.973122: train_loss -0.8332
2026-08-05 16:15:27.974357: val_loss -0.7792
2026-08-05 16:15:27.974426: Pseudo dice [np.float32(0.7103), np.float32(0.9321), np.float32(0.9309)]
2026-08-05 16:15:27.974485: Epoch time: 41.26 s
2026-08-05 16:15:29.373420: 
2026-08-05 16:15:29.373733: Epoch 514
2026-08-05 16:15:29.373841: Current learning rate: 0.00522
2026-08-05 16:16:11.026613: train_loss -0.8428
2026-08-05 16:16:11.103888: val_loss -0.788
2026-08-05 16:16:11.104218: Pseudo dice [np.float32(0.723), np.float32(0.9322), np.float32(0.9356)]
2026-08-05 16:16:11.104455: Epoch time: 41.66 s
2026-08-05 16:16:12.027414: 
2026-08-05 16:16:12.027795: Epoch 515
2026-08-05 16:16:12.027935: Current learning rate: 0.00521
2026-08-05 16:16:53.587704: train_loss -0.8494
2026-08-05 16:16:53.821986: val_loss -0.7872
2026-08-05 16:16:53.822284: Pseudo dice [np.float32(0.7154), np.float32(0.9299), np.float32(0.9396)]
2026-08-05 16:16:53.822629: Epoch time: 41.56 s
2026-08-05 16:16:54.848411: 
2026-08-05 16:16:54.848762: Epoch 516
2026-08-05 16:16:54.848979: Current learning rate: 0.0052
2026-08-05 16:17:37.519137: train_loss -0.8505
2026-08-05 16:17:37.519655: val_loss -0.7897
2026-08-05 16:17:37.519719: Pseudo dice [np.float32(0.72), np.float32(0.9351), np.float32(0.9388)]
2026-08-05 16:17:37.519785: Epoch time: 42.68 s
2026-08-05 16:17:38.628466: 
2026-08-05 16:17:38.628880: Epoch 517
2026-08-05 16:17:38.628997: Current learning rate: 0.00519
2026-08-05 16:18:19.916314: train_loss -0.8454
2026-08-05 16:18:20.007586: val_loss -0.7873
2026-08-05 16:18:20.007730: Pseudo dice [np.float32(0.7202), np.float32(0.9337), np.float32(0.9365)]
2026-08-05 16:18:20.007801: Epoch time: 41.29 s
2026-08-05 16:18:20.944871: 
2026-08-05 16:18:20.945177: Epoch 518
2026-08-05 16:18:20.945429: Current learning rate: 0.00518
2026-08-05 16:19:01.978630: train_loss -0.8498
2026-08-05 16:19:01.979227: val_loss -0.7827
2026-08-05 16:19:01.979292: Pseudo dice [np.float32(0.719), np.float32(0.9348), np.float32(0.9343)]
2026-08-05 16:19:01.979358: Epoch time: 41.04 s
2026-08-05 16:19:02.992494: 
2026-08-05 16:19:02.992693: Epoch 519
2026-08-05 16:19:02.992858: Current learning rate: 0.00518
2026-08-05 16:19:44.472910: train_loss -0.8455
2026-08-05 16:19:44.473574: val_loss -0.7807
2026-08-05 16:19:44.473654: Pseudo dice [np.float32(0.7147), np.float32(0.9274), np.float32(0.9362)]
2026-08-05 16:19:44.473727: Epoch time: 41.48 s
2026-08-05 16:19:45.678813: 
2026-08-05 16:19:45.679089: Epoch 520
2026-08-05 16:19:45.679219: Current learning rate: 0.00517
2026-08-05 16:20:26.581625: train_loss -0.8399
2026-08-05 16:20:26.628841: val_loss -0.7896
2026-08-05 16:20:26.629068: Pseudo dice [np.float32(0.7214), np.float32(0.9326), np.float32(0.9358)]
2026-08-05 16:20:26.629186: Epoch time: 40.91 s
2026-08-05 16:20:27.763504: 
2026-08-05 16:20:27.763774: Epoch 521
2026-08-05 16:20:27.763916: Current learning rate: 0.00516
2026-08-05 16:21:08.854177: train_loss -0.843
2026-08-05 16:21:08.854540: val_loss -0.7806
2026-08-05 16:21:08.854605: Pseudo dice [np.float32(0.7117), np.float32(0.9311), np.float32(0.9305)]
2026-08-05 16:21:08.860219: Epoch time: 41.09 s
2026-08-05 16:21:09.685037: 
2026-08-05 16:21:09.685440: Epoch 522
2026-08-05 16:21:09.685603: Current learning rate: 0.00515
2026-08-05 16:21:51.212553: train_loss -0.8451
2026-08-05 16:21:51.212772: val_loss -0.788
2026-08-05 16:21:51.212828: Pseudo dice [np.float32(0.7184), np.float32(0.9324), np.float32(0.9383)]
2026-08-05 16:21:51.212887: Epoch time: 41.53 s
2026-08-05 16:21:53.059474: 
2026-08-05 16:21:53.059911: Epoch 523
2026-08-05 16:21:53.060091: Current learning rate: 0.00514
2026-08-05 16:22:34.124150: train_loss -0.8519
2026-08-05 16:22:34.124429: val_loss -0.7873
2026-08-05 16:22:34.124485: Pseudo dice [np.float32(0.712), np.float32(0.9338), np.float32(0.9375)]
2026-08-05 16:22:34.124562: Epoch time: 41.07 s
2026-08-05 16:22:34.882382: 
2026-08-05 16:22:34.882709: Epoch 524
2026-08-05 16:22:34.882841: Current learning rate: 0.00513
2026-08-05 16:23:16.490677: train_loss -0.8553
2026-08-05 16:23:16.491020: val_loss -0.7876
2026-08-05 16:23:16.491081: Pseudo dice [np.float32(0.7193), np.float32(0.9331), np.float32(0.9361)]
2026-08-05 16:23:16.491141: Epoch time: 41.61 s
2026-08-05 16:23:17.911120: 
2026-08-05 16:23:17.911486: Epoch 525
2026-08-05 16:23:17.911713: Current learning rate: 0.00512
2026-08-05 16:23:59.398698: train_loss -0.8507
2026-08-05 16:23:59.399118: val_loss -0.7896
2026-08-05 16:23:59.399206: Pseudo dice [np.float32(0.7222), np.float32(0.9305), np.float32(0.936)]
2026-08-05 16:23:59.399348: Epoch time: 41.49 s
2026-08-05 16:24:00.792688: 
2026-08-05 16:24:00.793112: Epoch 526
2026-08-05 16:24:00.793250: Current learning rate: 0.00511
2026-08-05 16:24:42.323561: train_loss -0.8433
2026-08-05 16:24:42.323889: val_loss -0.7724
2026-08-05 16:24:42.323966: Pseudo dice [np.float32(0.7145), np.float32(0.927), np.float32(0.923)]
2026-08-05 16:24:42.324040: Epoch time: 41.53 s
2026-08-05 16:24:43.182328: 
2026-08-05 16:24:43.182750: Epoch 527
2026-08-05 16:24:43.182878: Current learning rate: 0.0051
2026-08-05 16:25:25.005565: train_loss -0.837
2026-08-05 16:25:25.005839: val_loss -0.7806
2026-08-05 16:25:25.005918: Pseudo dice [np.float32(0.7113), np.float32(0.9312), np.float32(0.9307)]
2026-08-05 16:25:25.005986: Epoch time: 41.83 s
2026-08-05 16:25:25.869852: 
2026-08-05 16:25:25.870290: Epoch 528
2026-08-05 16:25:25.870443: Current learning rate: 0.00509
2026-08-05 16:26:13.287283: train_loss -0.846
2026-08-05 16:26:13.287659: val_loss -0.7779
2026-08-05 16:26:13.287720: Pseudo dice [np.float32(0.7189), np.float32(0.9275), np.float32(0.938)]
2026-08-05 16:26:13.287789: Epoch time: 47.42 s
2026-08-05 16:26:14.088908: 
2026-08-05 16:26:14.089208: Epoch 529
2026-08-05 16:26:14.089398: Current learning rate: 0.00508
2026-08-05 16:26:55.681708: train_loss -0.8474
2026-08-05 16:26:55.682236: val_loss -0.7879
2026-08-05 16:26:55.682371: Pseudo dice [np.float32(0.7203), np.float32(0.9333), np.float32(0.9359)]
2026-08-05 16:26:55.682502: Epoch time: 41.6 s
2026-08-05 16:26:57.728706: 
2026-08-05 16:26:57.729098: Epoch 530
2026-08-05 16:26:57.729234: Current learning rate: 0.00507
2026-08-05 16:27:39.594461: train_loss -0.8529
2026-08-05 16:27:39.594839: val_loss -0.7794
2026-08-05 16:27:39.594918: Pseudo dice [np.float32(0.7164), np.float32(0.9324), np.float32(0.9388)]
2026-08-05 16:27:39.594988: Epoch time: 41.87 s
2026-08-05 16:27:40.378153: 
2026-08-05 16:27:40.378694: Epoch 531
2026-08-05 16:27:40.378803: Current learning rate: 0.00506
2026-08-05 16:28:22.576306: train_loss -0.857
2026-08-05 16:28:22.576773: val_loss -0.7948
2026-08-05 16:28:22.576919: Pseudo dice [np.float32(0.7241), np.float32(0.9389), np.float32(0.9395)]
2026-08-05 16:28:22.577038: Epoch time: 42.2 s
2026-08-05 16:28:23.665815: 
2026-08-05 16:28:23.666226: Epoch 532
2026-08-05 16:28:23.666351: Current learning rate: 0.00505
2026-08-05 16:29:05.330039: train_loss -0.8625
2026-08-05 16:29:05.330425: val_loss -0.7806
2026-08-05 16:29:05.330498: Pseudo dice [np.float32(0.7087), np.float32(0.9298), np.float32(0.9364)]
2026-08-05 16:29:05.330589: Epoch time: 41.67 s
2026-08-05 16:29:06.359738: 
2026-08-05 16:29:06.360083: Epoch 533
2026-08-05 16:29:06.360265: Current learning rate: 0.00504
2026-08-05 16:29:47.906768: train_loss -0.8615
2026-08-05 16:29:47.907083: val_loss -0.792
2026-08-05 16:29:47.907145: Pseudo dice [np.float32(0.7219), np.float32(0.9393), np.float32(0.9357)]
2026-08-05 16:29:47.907201: Epoch time: 41.55 s
2026-08-05 16:29:48.715945: 
2026-08-05 16:29:48.716273: Epoch 534
2026-08-05 16:29:48.716372: Current learning rate: 0.00503
2026-08-05 16:30:30.887500: train_loss -0.8587
2026-08-05 16:30:30.887777: val_loss -0.7755
2026-08-05 16:30:30.887833: Pseudo dice [np.float32(0.7103), np.float32(0.9302), np.float32(0.9351)]
2026-08-05 16:30:30.887905: Epoch time: 42.17 s
2026-08-05 16:30:31.704919: 
2026-08-05 16:30:31.705287: Epoch 535
2026-08-05 16:30:31.705390: Current learning rate: 0.00502
2026-08-05 16:31:13.602667: train_loss -0.8583
2026-08-05 16:31:13.602991: val_loss -0.7807
2026-08-05 16:31:13.604703: Pseudo dice [np.float32(0.7161), np.float32(0.9318), np.float32(0.935)]
2026-08-05 16:31:13.604803: Epoch time: 41.9 s
2026-08-05 16:31:14.441642: 
2026-08-05 16:31:14.442091: Epoch 536
2026-08-05 16:31:14.442184: Current learning rate: 0.00501
2026-08-05 16:31:56.496843: train_loss -0.8579
2026-08-05 16:31:56.497168: val_loss -0.7885
2026-08-05 16:31:56.497251: Pseudo dice [np.float32(0.7188), np.float32(0.9358), np.float32(0.942)]
2026-08-05 16:31:56.497333: Epoch time: 42.06 s
2026-08-05 16:31:57.339153: 
2026-08-05 16:31:57.339367: Epoch 537
2026-08-05 16:31:57.339507: Current learning rate: 0.005
2026-08-05 16:32:40.010459: train_loss -0.8526
2026-08-05 16:32:40.010952: val_loss -0.7805
2026-08-05 16:32:40.011029: Pseudo dice [np.float32(0.716), np.float32(0.9269), np.float32(0.934)]
2026-08-05 16:32:40.011115: Epoch time: 42.67 s
2026-08-05 16:32:41.052867: 
2026-08-05 16:32:41.053441: Epoch 538
2026-08-05 16:32:41.053585: Current learning rate: 0.00499
2026-08-05 16:33:23.406524: train_loss -0.8483
2026-08-05 16:33:23.406961: val_loss -0.793
2026-08-05 16:33:23.407046: Pseudo dice [np.float32(0.7232), np.float32(0.9346), np.float32(0.9388)]
2026-08-05 16:33:23.407122: Epoch time: 42.36 s
2026-08-05 16:33:24.262482: 
2026-08-05 16:33:24.263035: Epoch 539
2026-08-05 16:33:24.263256: Current learning rate: 0.00498
2026-08-05 16:34:06.373358: train_loss -0.8545
2026-08-05 16:34:06.373639: val_loss -0.7925
2026-08-05 16:34:06.373702: Pseudo dice [np.float32(0.7182), np.float32(0.9322), np.float32(0.94)]
2026-08-05 16:34:06.373768: Epoch time: 42.11 s
2026-08-05 16:34:07.397086: 
2026-08-05 16:34:07.397587: Epoch 540
2026-08-05 16:34:07.397695: Current learning rate: 0.00497
2026-08-05 16:34:50.061056: train_loss -0.8525
2026-08-05 16:34:50.061721: val_loss -0.7909
2026-08-05 16:34:50.061855: Pseudo dice [np.float32(0.7164), np.float32(0.9344), np.float32(0.9346)]
2026-08-05 16:34:50.062022: Epoch time: 42.67 s
2026-08-05 16:34:51.182722: 
2026-08-05 16:34:51.183129: Epoch 541
2026-08-05 16:34:51.183387: Current learning rate: 0.00496
2026-08-05 16:35:33.568128: train_loss -0.8572
2026-08-05 16:35:33.568617: val_loss -0.7949
2026-08-05 16:35:33.568694: Pseudo dice [np.float32(0.7245), np.float32(0.9368), np.float32(0.9387)]
2026-08-05 16:35:33.568775: Epoch time: 42.39 s
2026-08-05 16:35:34.600260: 
2026-08-05 16:35:34.600717: Epoch 542
2026-08-05 16:35:34.600862: Current learning rate: 0.00495
2026-08-05 16:36:17.115818: train_loss -0.8678
2026-08-05 16:36:17.116340: val_loss -0.7866
2026-08-05 16:36:17.116405: Pseudo dice [np.float32(0.7227), np.float32(0.938), np.float32(0.9371)]
2026-08-05 16:36:17.116485: Epoch time: 42.52 s
2026-08-05 16:36:18.017133: 
2026-08-05 16:36:18.017771: Epoch 543
2026-08-05 16:36:18.017918: Current learning rate: 0.00494
2026-08-05 16:36:59.791355: train_loss -0.861
2026-08-05 16:36:59.791758: val_loss -0.7902
2026-08-05 16:36:59.791861: Pseudo dice [np.float32(0.7243), np.float32(0.937), np.float32(0.9372)]
2026-08-05 16:36:59.791960: Epoch time: 41.78 s
2026-08-05 16:36:59.792005: Yayy! New best EMA pseudo Dice: 0.8632000088691711
2026-08-05 16:37:17.415334: 
2026-08-05 16:37:17.415805: Epoch 544
2026-08-05 16:37:17.415949: Current learning rate: 0.00493
2026-08-05 16:37:59.157502: train_loss -0.8629
2026-08-05 16:37:59.157844: val_loss -0.7887
2026-08-05 16:37:59.158010: Pseudo dice [np.float32(0.7246), np.float32(0.9357), np.float32(0.937)]
2026-08-05 16:37:59.158118: Epoch time: 41.75 s
2026-08-05 16:37:59.158169: Yayy! New best EMA pseudo Dice: 0.8633999824523926
2026-08-05 16:38:05.535042: 
2026-08-05 16:38:05.535535: Epoch 545
2026-08-05 16:38:05.535640: Current learning rate: 0.00492
2026-08-05 16:38:47.963620: train_loss -0.8618
2026-08-05 16:38:47.964142: val_loss -0.7894
2026-08-05 16:38:47.964206: Pseudo dice [np.float32(0.7294), np.float32(0.9355), np.float32(0.9384)]
2026-08-05 16:38:47.964272: Epoch time: 42.43 s
2026-08-05 16:38:47.964313: Yayy! New best EMA pseudo Dice: 0.8639000058174133
2026-08-05 16:38:54.856816: 
2026-08-05 16:38:54.857394: Epoch 546
2026-08-05 16:38:54.857522: Current learning rate: 0.00491
2026-08-05 16:39:37.502948: train_loss -0.8615
2026-08-05 16:39:37.503297: val_loss -0.7809
2026-08-05 16:39:37.503358: Pseudo dice [np.float32(0.7121), np.float32(0.935), np.float32(0.9329)]
2026-08-05 16:39:37.503434: Epoch time: 42.65 s
2026-08-05 16:39:38.336628: 
2026-08-05 16:39:38.337212: Epoch 547
2026-08-05 16:39:38.337354: Current learning rate: 0.0049
2026-08-05 16:40:20.720785: train_loss -0.8649
2026-08-05 16:40:20.721404: val_loss -0.7825
2026-08-05 16:40:20.721636: Pseudo dice [np.float32(0.7191), np.float32(0.9362), np.float32(0.935)]
2026-08-05 16:40:20.721817: Epoch time: 42.39 s
2026-08-05 16:40:21.657451: 
2026-08-05 16:40:21.657800: Epoch 548
2026-08-05 16:40:21.657970: Current learning rate: 0.00489
2026-08-05 16:41:03.911388: train_loss -0.8644
2026-08-05 16:41:03.911833: val_loss -0.7953
2026-08-05 16:41:03.911956: Pseudo dice [np.float32(0.7321), np.float32(0.936), np.float32(0.939)]
2026-08-05 16:41:03.912035: Epoch time: 42.26 s
2026-08-05 16:41:03.912078: Yayy! New best EMA pseudo Dice: 0.8640000224113464
2026-08-05 16:41:08.523883: 
2026-08-05 16:41:08.524235: Epoch 549
2026-08-05 16:41:08.524350: Current learning rate: 0.00488
2026-08-05 16:41:50.779026: train_loss -0.8723
2026-08-05 16:41:50.779297: val_loss -0.7873
2026-08-05 16:41:50.779357: Pseudo dice [np.float32(0.7219), np.float32(0.9365), np.float32(0.9375)]
2026-08-05 16:41:50.779430: Epoch time: 42.26 s
2026-08-05 16:41:57.752008: Yayy! New best EMA pseudo Dice: 0.8641999959945679
2026-08-05 16:42:03.809929: 
2026-08-05 16:42:03.810362: Epoch 550
2026-08-05 16:42:03.810501: Current learning rate: 0.00487
2026-08-05 16:42:45.634208: train_loss -0.8683
2026-08-05 16:42:45.634552: val_loss -0.788
2026-08-05 16:42:45.634725: Pseudo dice [np.float32(0.7269), np.float32(0.9351), np.float32(0.9374)]
2026-08-05 16:42:45.634843: Epoch time: 41.83 s
2026-08-05 16:42:45.634937: Yayy! New best EMA pseudo Dice: 0.8644000291824341
2026-08-05 16:42:52.366506: 
2026-08-05 16:42:52.366822: Epoch 551
2026-08-05 16:42:52.366916: Current learning rate: 0.00486
2026-08-05 16:43:34.163641: train_loss -0.8677
2026-08-05 16:43:34.164259: val_loss -0.7947
2026-08-05 16:43:34.164494: Pseudo dice [np.float32(0.7258), np.float32(0.9406), np.float32(0.9366)]
2026-08-05 16:43:34.164722: Epoch time: 41.8 s
2026-08-05 16:43:34.164912: Yayy! New best EMA pseudo Dice: 0.8647000193595886
2026-08-05 16:43:41.818287: 
2026-08-05 16:43:41.818840: Epoch 552
2026-08-05 16:43:41.818986: Current learning rate: 0.00485
2026-08-05 16:44:23.693526: train_loss -0.8537
2026-08-05 16:44:23.697008: val_loss -0.785
2026-08-05 16:44:23.697102: Pseudo dice [np.float32(0.726), np.float32(0.9309), np.float32(0.9373)]
2026-08-05 16:44:23.697196: Epoch time: 41.88 s
2026-08-05 16:44:23.697264: Yayy! New best EMA pseudo Dice: 0.8647000193595886
2026-08-05 16:44:32.484101: 
2026-08-05 16:44:32.484550: Epoch 553
2026-08-05 16:44:32.484655: Current learning rate: 0.00484
2026-08-05 16:45:15.225826: train_loss -0.8559
2026-08-05 16:45:15.226583: val_loss -0.7929
2026-08-05 16:45:15.226755: Pseudo dice [np.float32(0.7247), np.float32(0.9341), np.float32(0.9376)]
2026-08-05 16:45:15.226942: Epoch time: 42.74 s
2026-08-05 16:45:15.227098: Yayy! New best EMA pseudo Dice: 0.864799976348877
2026-08-05 16:45:22.386096: 
2026-08-05 16:45:22.386392: Epoch 554
2026-08-05 16:45:22.386506: Current learning rate: 0.00484
2026-08-05 16:46:05.254003: train_loss -0.858
2026-08-05 16:46:05.255044: val_loss -0.7898
2026-08-05 16:46:05.255124: Pseudo dice [np.float32(0.7245), np.float32(0.9342), np.float32(0.9349)]
2026-08-05 16:46:05.255213: Epoch time: 42.87 s
2026-08-05 16:46:07.486974: 
2026-08-05 16:46:07.487545: Epoch 555
2026-08-05 16:46:07.487694: Current learning rate: 0.00483
2026-08-05 16:46:49.765334: train_loss -0.8674
2026-08-05 16:46:49.766112: val_loss -0.7984
2026-08-05 16:46:49.766223: Pseudo dice [np.float32(0.7294), np.float32(0.9408), np.float32(0.938)]
2026-08-05 16:46:49.766409: Epoch time: 42.28 s
2026-08-05 16:46:49.766490: Yayy! New best EMA pseudo Dice: 0.8651999831199646
2026-08-05 16:46:56.899562: 
2026-08-05 16:46:56.900037: Epoch 556
2026-08-05 16:46:56.900290: Current learning rate: 0.00482
2026-08-05 16:47:39.792453: train_loss -0.8652
2026-08-05 16:47:39.792936: val_loss -0.7816
2026-08-05 16:47:39.793014: Pseudo dice [np.float32(0.7252), np.float32(0.9345), np.float32(0.9322)]
2026-08-05 16:47:39.793106: Epoch time: 42.9 s
2026-08-05 16:47:40.657265: 
2026-08-05 16:47:40.657605: Epoch 557
2026-08-05 16:47:40.657749: Current learning rate: 0.00481
2026-08-05 16:48:23.024574: train_loss -0.8521
2026-08-05 16:48:23.402223: val_loss -0.7877
2026-08-05 16:48:23.402475: Pseudo dice [np.float32(0.7177), np.float32(0.9397), np.float32(0.9321)]
2026-08-05 16:48:23.402658: Epoch time: 42.37 s
2026-08-05 16:48:24.359344: 
2026-08-05 16:48:24.359733: Epoch 558
2026-08-05 16:48:24.359866: Current learning rate: 0.0048
2026-08-05 16:49:06.836841: train_loss -0.8512
2026-08-05 16:49:06.837274: val_loss -0.7761
2026-08-05 16:49:06.837329: Pseudo dice [np.float32(0.7083), np.float32(0.9279), np.float32(0.9337)]
2026-08-05 16:49:06.837398: Epoch time: 42.48 s
2026-08-05 16:49:07.638943: 
2026-08-05 16:49:07.639359: Epoch 559
2026-08-05 16:49:07.639523: Current learning rate: 0.00479
2026-08-05 16:49:50.210529: train_loss -0.8582
2026-08-05 16:49:50.211081: val_loss -0.7785
2026-08-05 16:49:50.211182: Pseudo dice [np.float32(0.7153), np.float32(0.9347), np.float32(0.9299)]
2026-08-05 16:49:50.211261: Epoch time: 42.57 s
2026-08-05 16:49:51.068171: 
2026-08-05 16:49:51.068597: Epoch 560
2026-08-05 16:49:51.068771: Current learning rate: 0.00478
2026-08-05 16:50:33.235889: train_loss -0.8608
2026-08-05 16:50:33.236759: val_loss -0.782
2026-08-05 16:50:33.236942: Pseudo dice [np.float32(0.7207), np.float32(0.9309), np.float32(0.9353)]
2026-08-05 16:50:33.237114: Epoch time: 42.17 s
2026-08-05 16:50:34.202384: 
2026-08-05 16:50:34.202687: Epoch 561
2026-08-05 16:50:34.202794: Current learning rate: 0.00477
2026-08-05 16:51:16.578292: train_loss -0.8655
2026-08-05 16:51:16.579104: val_loss -0.7866
2026-08-05 16:51:16.579184: Pseudo dice [np.float32(0.7227), np.float32(0.9357), np.float32(0.9355)]
2026-08-05 16:51:16.579290: Epoch time: 42.38 s
2026-08-05 16:51:18.684183: 
2026-08-05 16:51:18.684580: Epoch 562
2026-08-05 16:51:18.684781: Current learning rate: 0.00476
2026-08-05 16:52:01.602530: train_loss -0.8518
2026-08-05 16:52:01.603218: val_loss -0.7841
2026-08-05 16:52:01.603395: Pseudo dice [np.float32(0.7143), np.float32(0.9316), np.float32(0.9351)]
2026-08-05 16:52:01.603531: Epoch time: 42.92 s
2026-08-05 16:52:02.625100: 
2026-08-05 16:52:02.625626: Epoch 563
2026-08-05 16:52:02.625772: Current learning rate: 0.00475
2026-08-05 16:52:45.326053: train_loss -0.8633
2026-08-05 16:52:45.329216: val_loss -0.7823
2026-08-05 16:52:45.329389: Pseudo dice [np.float32(0.7152), np.float32(0.9373), np.float32(0.937)]
2026-08-05 16:52:45.330279: Epoch time: 42.7 s
2026-08-05 16:52:46.449279: 
2026-08-05 16:52:46.449656: Epoch 564
2026-08-05 16:52:46.449794: Current learning rate: 0.00474
2026-08-05 16:53:29.112876: train_loss -0.8614
2026-08-05 16:53:29.113395: val_loss -0.7808
2026-08-05 16:53:29.113649: Pseudo dice [np.float32(0.7148), np.float32(0.9325), np.float32(0.9341)]
2026-08-05 16:53:29.113810: Epoch time: 42.67 s
2026-08-05 16:53:29.999564: 
2026-08-05 16:53:29.999940: Epoch 565
2026-08-05 16:53:30.000028: Current learning rate: 0.00473
2026-08-05 16:54:12.066438: train_loss -0.8516
2026-08-05 16:54:12.067196: val_loss -0.7897
2026-08-05 16:54:12.067459: Pseudo dice [np.float32(0.7254), np.float32(0.932), np.float32(0.9387)]
2026-08-05 16:54:12.067807: Epoch time: 42.07 s
2026-08-05 16:54:13.108716: 
2026-08-05 16:54:13.109048: Epoch 566
2026-08-05 16:54:13.109175: Current learning rate: 0.00472
2026-08-05 16:54:55.872729: train_loss -0.8577
2026-08-05 16:54:55.873326: val_loss -0.7776
2026-08-05 16:54:55.873455: Pseudo dice [np.float32(0.7161), np.float32(0.9326), np.float32(0.9376)]
2026-08-05 16:54:55.873625: Epoch time: 42.77 s
2026-08-05 16:54:56.948625: 
2026-08-05 16:54:56.949054: Epoch 567
2026-08-05 16:54:56.949199: Current learning rate: 0.00471
2026-08-05 16:55:39.712847: train_loss -0.8569
2026-08-05 16:55:39.713634: val_loss -0.7969
2026-08-05 16:55:39.713811: Pseudo dice [np.float32(0.7263), np.float32(0.9418), np.float32(0.9412)]
2026-08-05 16:55:39.713924: Epoch time: 42.77 s
2026-08-05 16:55:40.832710: 
2026-08-05 16:55:40.833339: Epoch 568
2026-08-05 16:55:40.833490: Current learning rate: 0.0047
2026-08-05 16:56:22.503380: train_loss -0.8361
2026-08-05 16:56:22.503811: val_loss -0.7773
2026-08-05 16:56:22.503875: Pseudo dice [np.float32(0.7112), np.float32(0.9221), np.float32(0.9299)]
2026-08-05 16:56:22.503960: Epoch time: 41.67 s
2026-08-05 16:56:24.584589: 
2026-08-05 16:56:24.584857: Epoch 569
2026-08-05 16:56:24.585059: Current learning rate: 0.00469
2026-08-05 16:57:06.219646: train_loss -0.8319
2026-08-05 16:57:06.220056: val_loss -0.7819
2026-08-05 16:57:06.220220: Pseudo dice [np.float32(0.7128), np.float32(0.9277), np.float32(0.9372)]
2026-08-05 16:57:06.220309: Epoch time: 41.64 s
2026-08-05 16:57:07.201270: 
2026-08-05 16:57:07.201698: Epoch 570
2026-08-05 16:57:07.201919: Current learning rate: 0.00468
2026-08-05 16:57:49.352566: train_loss -0.8388
2026-08-05 16:57:49.352917: val_loss -0.7736
2026-08-05 16:57:49.352986: Pseudo dice [np.float32(0.702), np.float32(0.928), np.float32(0.9289)]
2026-08-05 16:57:49.353059: Epoch time: 42.16 s
2026-08-05 16:57:50.373781: 
2026-08-05 16:57:50.374182: Epoch 571
2026-08-05 16:57:50.374310: Current learning rate: 0.00467
2026-08-05 16:58:33.828018: train_loss -0.8537
2026-08-05 16:58:33.828306: val_loss -0.777
2026-08-05 16:58:33.828367: Pseudo dice [np.float32(0.7119), np.float32(0.9328), np.float32(0.9348)]
2026-08-05 16:58:33.828438: Epoch time: 43.46 s
2026-08-05 16:58:34.901783: 
2026-08-05 16:58:34.902140: Epoch 572
2026-08-05 16:58:34.902276: Current learning rate: 0.00466
2026-08-05 16:59:17.247635: train_loss -0.8555
2026-08-05 16:59:17.248036: val_loss -0.7929
2026-08-05 16:59:17.248110: Pseudo dice [np.float32(0.7235), np.float32(0.9371), np.float32(0.939)]
2026-08-05 16:59:17.248192: Epoch time: 42.35 s
2026-08-05 16:59:18.072220: 
2026-08-05 16:59:18.072720: Epoch 573
2026-08-05 16:59:18.072854: Current learning rate: 0.00465
2026-08-05 17:00:00.630173: train_loss -0.86
2026-08-05 17:00:00.630576: val_loss -0.795
2026-08-05 17:00:00.630652: Pseudo dice [np.float32(0.7277), np.float32(0.9387), np.float32(0.9416)]
2026-08-05 17:00:00.630745: Epoch time: 42.56 s
2026-08-05 17:00:01.547589: 
2026-08-05 17:00:01.548001: Epoch 574
2026-08-05 17:00:01.548135: Current learning rate: 0.00464
2026-08-05 17:00:44.154226: train_loss -0.8606
2026-08-05 17:00:44.189841: val_loss -0.7834
2026-08-05 17:00:44.190014: Pseudo dice [np.float32(0.7153), np.float32(0.9343), np.float32(0.9325)]
2026-08-05 17:00:44.190170: Epoch time: 42.61 s
2026-08-05 17:00:45.116812: 
2026-08-05 17:00:45.117161: Epoch 575
2026-08-05 17:00:45.117282: Current learning rate: 0.00463
2026-08-05 17:01:27.484436: train_loss -0.8526
2026-08-05 17:01:27.484785: val_loss -0.7743
2026-08-05 17:01:27.484849: Pseudo dice [np.float32(0.7112), np.float32(0.9255), np.float32(0.9324)]
2026-08-05 17:01:27.484930: Epoch time: 42.37 s
2026-08-05 17:01:29.094750: 
2026-08-05 17:01:29.095243: Epoch 576
2026-08-05 17:01:29.095371: Current learning rate: 0.00462
2026-08-05 17:02:11.179487: train_loss -0.8445
2026-08-05 17:02:11.179945: val_loss -0.7694
2026-08-05 17:02:11.180179: Pseudo dice [np.float32(0.7073), np.float32(0.9311), np.float32(0.9234)]
2026-08-05 17:02:11.180332: Epoch time: 42.09 s
2026-08-05 17:02:11.989527: 
2026-08-05 17:02:11.990041: Epoch 577
2026-08-05 17:02:11.990256: Current learning rate: 0.00461
2026-08-05 17:02:54.463572: train_loss -0.7974
2026-08-05 17:02:54.464293: val_loss -0.7546
2026-08-05 17:02:54.464450: Pseudo dice [np.float32(0.6949), np.float32(0.9125), np.float32(0.9265)]
2026-08-05 17:02:54.464626: Epoch time: 42.48 s
2026-08-05 17:02:55.368802: 
2026-08-05 17:02:55.369416: Epoch 578
2026-08-05 17:02:55.369558: Current learning rate: 0.0046
2026-08-05 17:03:38.474734: train_loss -0.8204
2026-08-05 17:03:38.475358: val_loss -0.7782
2026-08-05 17:03:38.475599: Pseudo dice [np.float32(0.7146), np.float32(0.9297), np.float32(0.933)]
2026-08-05 17:03:38.475700: Epoch time: 43.11 s
2026-08-05 17:03:39.267203: 
2026-08-05 17:03:39.267711: Epoch 579
2026-08-05 17:03:39.267867: Current learning rate: 0.00459
2026-08-05 17:04:21.411321: train_loss -0.8401
2026-08-05 17:04:21.412029: val_loss -0.7873
2026-08-05 17:04:21.412215: Pseudo dice [np.float32(0.7242), np.float32(0.9325), np.float32(0.935)]
2026-08-05 17:04:21.412395: Epoch time: 42.15 s
2026-08-05 17:04:22.261753: 
2026-08-05 17:04:22.262187: Epoch 580
2026-08-05 17:04:22.262303: Current learning rate: 0.00458
2026-08-05 17:05:04.461860: train_loss -0.848
2026-08-05 17:05:04.462750: val_loss -0.7663
2026-08-05 17:05:04.462887: Pseudo dice [np.float32(0.7018), np.float32(0.9277), np.float32(0.934)]
2026-08-05 17:05:04.462980: Epoch time: 42.2 s
2026-08-05 17:05:05.311454: 
2026-08-05 17:05:05.312022: Epoch 581
2026-08-05 17:05:05.312186: Current learning rate: 0.00457
2026-08-05 17:05:47.907780: train_loss -0.8456
2026-08-05 17:05:47.908468: val_loss -0.7827
2026-08-05 17:05:47.908957: Pseudo dice [np.float32(0.7203), np.float32(0.9223), np.float32(0.9404)]
2026-08-05 17:05:47.909347: Epoch time: 42.6 s
2026-08-05 17:05:48.811746: 
2026-08-05 17:05:48.812206: Epoch 582
2026-08-05 17:05:48.812355: Current learning rate: 0.00456
2026-08-05 17:06:31.632721: train_loss -0.8476
2026-08-05 17:06:31.633183: val_loss -0.7901
2026-08-05 17:06:31.633241: Pseudo dice [np.float32(0.7229), np.float32(0.9338), np.float32(0.9358)]
2026-08-05 17:06:31.633322: Epoch time: 42.82 s
2026-08-05 17:06:47.983402: 
2026-08-05 17:06:47.983950: Epoch 583
2026-08-05 17:06:47.984072: Current learning rate: 0.00455
2026-08-05 17:07:30.113196: train_loss -0.8573
2026-08-05 17:07:30.113905: val_loss -0.7826
2026-08-05 17:07:30.113976: Pseudo dice [np.float32(0.7155), np.float32(0.9344), np.float32(0.934)]
2026-08-05 17:07:30.114068: Epoch time: 42.13 s
2026-08-05 17:07:31.008312: 
2026-08-05 17:07:31.008737: Epoch 584
2026-08-05 17:07:31.008875: Current learning rate: 0.00454
2026-08-05 17:08:13.204680: train_loss -0.8585
2026-08-05 17:08:13.205130: val_loss -0.7688
2026-08-05 17:08:13.205221: Pseudo dice [np.float32(0.7074), np.float32(0.9272), np.float32(0.9292)]
2026-08-05 17:08:13.205301: Epoch time: 42.2 s
2026-08-05 17:08:14.097562: 
2026-08-05 17:08:14.097948: Epoch 585
2026-08-05 17:08:14.098083: Current learning rate: 0.00453
2026-08-05 17:08:56.050583: train_loss -0.8613
2026-08-05 17:08:56.050946: val_loss -0.7856
2026-08-05 17:08:56.051075: Pseudo dice [np.float32(0.7197), np.float32(0.9326), np.float32(0.9364)]
2026-08-05 17:08:56.051157: Epoch time: 41.96 s
2026-08-05 17:08:57.057972: 
2026-08-05 17:08:57.058448: Epoch 586
2026-08-05 17:08:57.058576: Current learning rate: 0.00452
2026-08-05 17:09:39.028624: train_loss -0.8623
2026-08-05 17:09:39.029153: val_loss -0.7944
2026-08-05 17:09:39.029264: Pseudo dice [np.float32(0.7207), np.float32(0.9382), np.float32(0.9365)]
2026-08-05 17:09:39.300038: Epoch time: 41.97 s
2026-08-05 17:09:40.448430: 
2026-08-05 17:09:40.448773: Epoch 587
2026-08-05 17:09:40.448885: Current learning rate: 0.00451
2026-08-05 17:10:22.319945: train_loss -0.8615
2026-08-05 17:10:22.320294: val_loss -0.7756
2026-08-05 17:10:22.320361: Pseudo dice [np.float32(0.707), np.float32(0.9282), np.float32(0.9351)]
2026-08-05 17:10:22.320441: Epoch time: 41.87 s
2026-08-05 17:10:23.166332: 
2026-08-05 17:10:23.166671: Epoch 588
2026-08-05 17:10:23.166811: Current learning rate: 0.0045
2026-08-05 17:11:04.876414: train_loss -0.8648
2026-08-05 17:11:04.876772: val_loss -0.7764
2026-08-05 17:11:04.877004: Pseudo dice [np.float32(0.716), np.float32(0.9362), np.float32(0.9303)]
2026-08-05 17:11:04.877143: Epoch time: 41.71 s
2026-08-05 17:11:05.776676: 
2026-08-05 17:11:05.777037: Epoch 589
2026-08-05 17:11:05.777197: Current learning rate: 0.00449
2026-08-05 17:11:47.445844: train_loss -0.8678
2026-08-05 17:11:47.446270: val_loss -0.787
2026-08-05 17:11:47.446347: Pseudo dice [np.float32(0.7251), np.float32(0.9347), np.float32(0.9378)]
2026-08-05 17:11:47.446447: Epoch time: 41.67 s
2026-08-05 17:11:48.969589: 
2026-08-05 17:11:48.969920: Epoch 590
2026-08-05 17:11:48.970056: Current learning rate: 0.00448
2026-08-05 17:12:30.393359: train_loss -0.8699
2026-08-05 17:12:30.394086: val_loss -0.7907
2026-08-05 17:12:30.394158: Pseudo dice [np.float32(0.7284), np.float32(0.9389), np.float32(0.9366)]
2026-08-05 17:12:30.394243: Epoch time: 41.43 s
2026-08-05 17:12:31.414204: 
2026-08-05 17:12:31.414714: Epoch 591
2026-08-05 17:12:31.414860: Current learning rate: 0.00447
2026-08-05 17:13:13.113178: train_loss -0.8671
2026-08-05 17:13:13.113555: val_loss -0.7701
2026-08-05 17:13:13.113704: Pseudo dice [np.float32(0.7103), np.float32(0.9366), np.float32(0.9324)]
2026-08-05 17:13:13.113805: Epoch time: 41.7 s
2026-08-05 17:13:13.987411: 
2026-08-05 17:13:13.987839: Epoch 592
2026-08-05 17:13:13.988169: Current learning rate: 0.00446
2026-08-05 17:13:56.063369: train_loss -0.8712
2026-08-05 17:13:56.063806: val_loss -0.7841
2026-08-05 17:13:56.063867: Pseudo dice [np.float32(0.717), np.float32(0.9378), np.float32(0.9335)]
2026-08-05 17:13:56.063951: Epoch time: 42.08 s
2026-08-05 17:13:56.815629: 
2026-08-05 17:13:56.816040: Epoch 593
2026-08-05 17:13:56.816316: Current learning rate: 0.00445
2026-08-05 17:14:38.223330: train_loss -0.8704
2026-08-05 17:14:38.223655: val_loss -0.7896
2026-08-05 17:14:38.223730: Pseudo dice [np.float32(0.7256), np.float32(0.9367), np.float32(0.9395)]
2026-08-05 17:14:38.223813: Epoch time: 41.41 s
2026-08-05 17:14:39.248394: 
2026-08-05 17:14:39.248849: Epoch 594
2026-08-05 17:14:39.249139: Current learning rate: 0.00444
2026-08-05 17:15:20.900849: train_loss -0.8706
2026-08-05 17:15:20.901241: val_loss -0.7962
2026-08-05 17:15:20.901306: Pseudo dice [np.float32(0.7296), np.float32(0.9392), np.float32(0.9401)]
2026-08-05 17:15:20.901376: Epoch time: 41.66 s
2026-08-05 17:15:21.729335: 
2026-08-05 17:15:21.729557: Epoch 595
2026-08-05 17:15:21.729648: Current learning rate: 0.00443
2026-08-05 17:16:03.445813: train_loss -0.8641
2026-08-05 17:16:03.446231: val_loss -0.7797
2026-08-05 17:16:03.446289: Pseudo dice [np.float32(0.7196), np.float32(0.9368), np.float32(0.936)]
2026-08-05 17:16:03.446352: Epoch time: 41.72 s
2026-08-05 17:16:04.227807: 
2026-08-05 17:16:04.228217: Epoch 596
2026-08-05 17:16:04.228336: Current learning rate: 0.00442
2026-08-05 17:16:45.854532: train_loss -0.8726
2026-08-05 17:16:45.855247: val_loss -0.7835
2026-08-05 17:16:45.855380: Pseudo dice [np.float32(0.7211), np.float32(0.9348), np.float32(0.9378)]
2026-08-05 17:16:45.855454: Epoch time: 41.63 s
2026-08-05 17:16:47.445491: 
2026-08-05 17:16:47.445793: Epoch 597
2026-08-05 17:16:47.445918: Current learning rate: 0.00441
2026-08-05 17:17:29.291116: train_loss -0.8762
2026-08-05 17:17:29.291472: val_loss -0.7848
2026-08-05 17:17:29.291535: Pseudo dice [np.float32(0.72), np.float32(0.9394), np.float32(0.9422)]
2026-08-05 17:17:29.291603: Epoch time: 41.85 s
2026-08-05 17:17:30.084165: 
2026-08-05 17:17:30.084443: Epoch 598
2026-08-05 17:17:30.084609: Current learning rate: 0.0044
2026-08-05 17:18:11.804480: train_loss -0.8704
2026-08-05 17:18:11.805207: val_loss -0.7774
2026-08-05 17:18:11.805488: Pseudo dice [np.float32(0.7192), np.float32(0.9276), np.float32(0.9373)]
2026-08-05 17:18:11.805655: Epoch time: 41.72 s
2026-08-05 17:18:12.844616: 
2026-08-05 17:18:12.844908: Epoch 599
2026-08-05 17:18:12.845082: Current learning rate: 0.00439
2026-08-05 17:18:54.281117: train_loss -0.8698
2026-08-05 17:18:54.281435: val_loss -0.7799
2026-08-05 17:18:54.281569: Pseudo dice [np.float32(0.7128), np.float32(0.9324), np.float32(0.9371)]
2026-08-05 17:18:54.281653: Epoch time: 41.44 s
2026-08-05 17:19:06.848567: 
2026-08-05 17:19:06.848959: Epoch 600
2026-08-05 17:19:06.849086: Current learning rate: 0.00438
2026-08-05 17:19:48.291409: train_loss -0.8709
2026-08-05 17:19:48.291815: val_loss -0.7751
2026-08-05 17:19:48.291961: Pseudo dice [np.float32(0.7104), np.float32(0.9337), np.float32(0.9327)]
2026-08-05 17:19:48.292205: Epoch time: 41.45 s
2026-08-05 17:19:49.072830: 
2026-08-05 17:19:49.073209: Epoch 601
2026-08-05 17:19:49.073302: Current learning rate: 0.00437
2026-08-05 17:20:30.688982: train_loss -0.8717
2026-08-05 17:20:30.689384: val_loss -0.7926
2026-08-05 17:20:30.689457: Pseudo dice [np.float32(0.723), np.float32(0.941), np.float32(0.9381)]
2026-08-05 17:20:30.689532: Epoch time: 41.62 s
2026-08-05 17:20:31.480699: 
2026-08-05 17:20:31.481019: Epoch 602
2026-08-05 17:20:31.481152: Current learning rate: 0.00436
2026-08-05 17:21:13.165260: train_loss -0.8723
2026-08-05 17:21:13.165809: val_loss -0.7872
2026-08-05 17:21:13.165986: Pseudo dice [np.float32(0.7217), np.float32(0.9321), np.float32(0.9407)]
2026-08-05 17:21:13.166107: Epoch time: 41.69 s
2026-08-05 17:21:13.979419: 
2026-08-05 17:21:13.979741: Epoch 603
2026-08-05 17:21:13.980092: Current learning rate: 0.00435
2026-08-05 17:22:28.322511: train_loss -0.8781
2026-08-05 17:22:28.323530: val_loss -0.7748
2026-08-05 17:22:28.323986: Pseudo dice [np.float32(0.7172), np.float32(0.935), np.float32(0.9352)]
2026-08-05 17:22:28.324384: Epoch time: 74.35 s
2026-08-05 17:22:29.688258: 
2026-08-05 17:22:29.688577: Epoch 604
2026-08-05 17:22:29.688699: Current learning rate: 0.00434
2026-08-05 17:23:10.580826: train_loss -0.8787
2026-08-05 17:23:10.581208: val_loss -0.7873
2026-08-05 17:23:10.581270: Pseudo dice [np.float32(0.7262), np.float32(0.9342), np.float32(0.9408)]
2026-08-05 17:23:10.581340: Epoch time: 40.9 s
2026-08-05 17:23:11.389733: 
2026-08-05 17:23:11.390118: Epoch 605
2026-08-05 17:23:11.390273: Current learning rate: 0.00433
2026-08-05 17:23:52.952427: train_loss -0.8759
2026-08-05 17:23:52.952751: val_loss -0.793
2026-08-05 17:23:52.952837: Pseudo dice [np.float32(0.7298), np.float32(0.9377), np.float32(0.9382)]
2026-08-05 17:23:52.952927: Epoch time: 41.57 s
2026-08-05 17:23:53.776469: 
2026-08-05 17:23:53.776814: Epoch 606
2026-08-05 17:23:53.777030: Current learning rate: 0.00432
2026-08-05 17:24:35.745025: train_loss -0.8788
2026-08-05 17:24:35.745789: val_loss -0.7886
2026-08-05 17:24:35.746019: Pseudo dice [np.float32(0.7304), np.float32(0.9376), np.float32(0.9399)]
2026-08-05 17:24:35.746221: Epoch time: 41.97 s
2026-08-05 17:24:36.714362: 
2026-08-05 17:24:36.714685: Epoch 607
2026-08-05 17:24:36.714803: Current learning rate: 0.00431
2026-08-05 17:25:18.899756: train_loss -0.8777
2026-08-05 17:25:18.900216: val_loss -0.7863
2026-08-05 17:25:18.900276: Pseudo dice [np.float32(0.7201), np.float32(0.938), np.float32(0.9355)]
2026-08-05 17:25:18.900348: Epoch time: 42.19 s
2026-08-05 17:25:19.821230: 
2026-08-05 17:25:19.821555: Epoch 608
2026-08-05 17:25:19.821693: Current learning rate: 0.0043
2026-08-05 17:26:01.721600: train_loss -0.874
2026-08-05 17:26:01.721916: val_loss -0.7901
2026-08-05 17:26:01.721972: Pseudo dice [np.float32(0.7298), np.float32(0.9375), np.float32(0.9374)]
2026-08-05 17:26:01.722032: Epoch time: 41.9 s
2026-08-05 17:26:03.010333: 
2026-08-05 17:26:03.010735: Epoch 609
2026-08-05 17:26:03.010866: Current learning rate: 0.00429
2026-08-05 17:26:44.558633: train_loss -0.8709
2026-08-05 17:26:44.558933: val_loss -0.7773
2026-08-05 17:26:44.559021: Pseudo dice [np.float32(0.7077), np.float32(0.925), np.float32(0.9292)]
2026-08-05 17:26:44.559086: Epoch time: 41.55 s
2026-08-05 17:26:45.513623: 
2026-08-05 17:26:45.514003: Epoch 610
2026-08-05 17:26:45.514191: Current learning rate: 0.00429
2026-08-05 17:27:27.762041: train_loss -0.8624
2026-08-05 17:27:27.762964: val_loss -0.7905
2026-08-05 17:27:27.763227: Pseudo dice [np.float32(0.7317), np.float32(0.9385), np.float32(0.9418)]
2026-08-05 17:27:27.763358: Epoch time: 42.25 s
2026-08-05 17:27:28.513160: 
2026-08-05 17:27:28.513595: Epoch 611
2026-08-05 17:27:28.513712: Current learning rate: 0.00428
2026-08-05 17:28:10.330735: train_loss -0.8702
2026-08-05 17:28:10.331288: val_loss -0.7754
2026-08-05 17:28:10.331349: Pseudo dice [np.float32(0.7126), np.float32(0.9318), np.float32(0.9354)]
2026-08-05 17:28:10.331416: Epoch time: 41.82 s
2026-08-05 17:28:11.237879: 
2026-08-05 17:28:11.238358: Epoch 612
2026-08-05 17:28:11.238460: Current learning rate: 0.00427
2026-08-05 17:28:52.615006: train_loss -0.8744
2026-08-05 17:28:52.615662: val_loss -0.7798
2026-08-05 17:28:52.615742: Pseudo dice [np.float32(0.7154), np.float32(0.9341), np.float32(0.938)]
2026-08-05 17:28:52.615835: Epoch time: 41.38 s
2026-08-05 17:28:53.680960: 
2026-08-05 17:28:53.681746: Epoch 613
2026-08-05 17:28:53.681969: Current learning rate: 0.00426
2026-08-05 17:29:35.249615: train_loss -0.8748
2026-08-05 17:29:35.249971: val_loss -0.7861
2026-08-05 17:29:35.250048: Pseudo dice [np.float32(0.7214), np.float32(0.9365), np.float32(0.9368)]
2026-08-05 17:29:35.250131: Epoch time: 41.57 s
2026-08-05 17:29:36.232325: 
2026-08-05 17:29:36.232598: Epoch 614
2026-08-05 17:29:36.232733: Current learning rate: 0.00425
2026-08-05 17:30:17.645223: train_loss -0.8739
2026-08-05 17:30:17.645458: val_loss -0.7886
2026-08-05 17:30:17.645525: Pseudo dice [np.float32(0.7231), np.float32(0.9354), np.float32(0.9364)]
2026-08-05 17:30:17.645611: Epoch time: 41.42 s
2026-08-05 17:30:18.678787: 
2026-08-05 17:30:18.679214: Epoch 615
2026-08-05 17:30:18.679375: Current learning rate: 0.00424
2026-08-05 17:31:00.801064: train_loss -0.8701
2026-08-05 17:31:00.801406: val_loss -0.7927
2026-08-05 17:31:00.801472: Pseudo dice [np.float32(0.7277), np.float32(0.9378), np.float32(0.941)]
2026-08-05 17:31:00.801546: Epoch time: 42.13 s
2026-08-05 17:31:01.623200: 
2026-08-05 17:31:01.623577: Epoch 616
2026-08-05 17:31:01.623733: Current learning rate: 0.00423
2026-08-05 17:31:43.806522: train_loss -0.8767
2026-08-05 17:31:43.806833: val_loss -0.8029
2026-08-05 17:31:43.806904: Pseudo dice [np.float32(0.735), np.float32(0.9395), np.float32(0.9444)]
2026-08-05 17:31:43.806993: Epoch time: 42.19 s
2026-08-05 17:31:43.807041: Yayy! New best EMA pseudo Dice: 0.8654000163078308
2026-08-05 17:31:53.810817: 
2026-08-05 17:31:53.811136: Epoch 617
2026-08-05 17:31:53.811333: Current learning rate: 0.00422
2026-08-05 17:32:35.701195: train_loss -0.8764
2026-08-05 17:32:35.701636: val_loss -0.7967
2026-08-05 17:32:35.701746: Pseudo dice [np.float32(0.7269), np.float32(0.937), np.float32(0.9409)]
2026-08-05 17:32:35.701917: Epoch time: 41.9 s
2026-08-05 17:32:35.702014: Yayy! New best EMA pseudo Dice: 0.8657000064849854
2026-08-05 17:32:46.939471: 
2026-08-05 17:32:46.939847: Epoch 618
2026-08-05 17:32:46.939990: Current learning rate: 0.00421
2026-08-05 17:33:29.222080: train_loss -0.8784
2026-08-05 17:33:29.223258: val_loss -0.7842
2026-08-05 17:33:29.223339: Pseudo dice [np.float32(0.7282), np.float32(0.939), np.float32(0.9383)]
2026-08-05 17:33:29.223441: Epoch time: 42.29 s
2026-08-05 17:33:29.223498: Yayy! New best EMA pseudo Dice: 0.8659999966621399
2026-08-05 17:33:39.046362: 
2026-08-05 17:33:39.046875: Epoch 619
2026-08-05 17:33:39.047003: Current learning rate: 0.0042
2026-08-05 17:34:21.762632: train_loss -0.8797
2026-08-05 17:34:21.763448: val_loss -0.791
2026-08-05 17:34:21.763523: Pseudo dice [np.float32(0.7337), np.float32(0.9368), np.float32(0.9411)]
2026-08-05 17:34:21.763605: Epoch time: 42.72 s
2026-08-05 17:34:21.763652: Yayy! New best EMA pseudo Dice: 0.8664000034332275
2026-08-05 17:34:29.963299: 
2026-08-05 17:34:29.963639: Epoch 620
2026-08-05 17:34:29.963912: Current learning rate: 0.00419
2026-08-05 17:35:11.714794: train_loss -0.8764
2026-08-05 17:35:11.715201: val_loss -0.7811
2026-08-05 17:35:11.715270: Pseudo dice [np.float32(0.7181), np.float32(0.9342), np.float32(0.9367)]
2026-08-05 17:35:11.715376: Epoch time: 41.75 s
2026-08-05 17:35:12.539799: 
2026-08-05 17:35:12.540147: Epoch 621
2026-08-05 17:35:12.540301: Current learning rate: 0.00418
2026-08-05 17:35:54.020962: train_loss -0.879
2026-08-05 17:35:54.021277: val_loss -0.7827
2026-08-05 17:35:54.021335: Pseudo dice [np.float32(0.7274), np.float32(0.9378), np.float32(0.9361)]
2026-08-05 17:35:54.021414: Epoch time: 41.48 s
2026-08-05 17:35:55.022029: 
2026-08-05 17:35:55.022333: Epoch 622
2026-08-05 17:35:55.022526: Current learning rate: 0.00417
2026-08-05 17:36:36.595896: train_loss -0.8781
2026-08-05 17:36:36.596220: val_loss -0.79
2026-08-05 17:36:36.596373: Pseudo dice [np.float32(0.7341), np.float32(0.94), np.float32(0.9402)]
2026-08-05 17:36:36.596471: Epoch time: 41.58 s
2026-08-05 17:36:36.596547: Yayy! New best EMA pseudo Dice: 0.8666999936103821
2026-08-05 17:37:01.176072: 
2026-08-05 17:37:01.176405: Epoch 623
2026-08-05 17:37:01.176644: Current learning rate: 0.00416
2026-08-05 17:37:43.333119: train_loss -0.8811
2026-08-05 17:37:43.333613: val_loss -0.789
2026-08-05 17:37:43.333684: Pseudo dice [np.float32(0.7247), np.float32(0.9381), np.float32(0.9353)]
2026-08-05 17:37:43.333787: Epoch time: 42.16 s
2026-08-05 17:37:44.371991: 
2026-08-05 17:37:44.372372: Epoch 624
2026-08-05 17:37:44.372576: Current learning rate: 0.00415
2026-08-05 17:38:27.482178: train_loss -0.8776
2026-08-05 17:38:27.482726: val_loss -0.7861
2026-08-05 17:38:27.482794: Pseudo dice [np.float32(0.7228), np.float32(0.9339), np.float32(0.9416)]
2026-08-05 17:38:27.482881: Epoch time: 43.12 s
2026-08-05 17:38:28.589228: 
2026-08-05 17:38:28.589797: Epoch 625
2026-08-05 17:38:28.589955: Current learning rate: 0.00414
2026-08-05 17:39:10.760817: train_loss -0.8735
2026-08-05 17:39:10.761758: val_loss -0.7898
2026-08-05 17:39:10.761913: Pseudo dice [np.float32(0.7284), np.float32(0.9343), np.float32(0.9381)]
2026-08-05 17:39:10.762007: Epoch time: 42.18 s
2026-08-05 17:39:11.689780: 
2026-08-05 17:39:11.690207: Epoch 626
2026-08-05 17:39:11.690485: Current learning rate: 0.00413
2026-08-05 17:39:54.876927: train_loss -0.8622
2026-08-05 17:39:54.880332: val_loss -0.784
2026-08-05 17:39:54.880424: Pseudo dice [np.float32(0.718), np.float32(0.9307), np.float32(0.9401)]
2026-08-05 17:39:54.880558: Epoch time: 43.19 s
2026-08-05 17:39:56.196771: 
2026-08-05 17:39:56.197292: Epoch 627
2026-08-05 17:39:56.197418: Current learning rate: 0.00412
2026-08-05 17:40:39.399995: train_loss -0.8745
2026-08-05 17:40:39.401212: val_loss -0.7882
2026-08-05 17:40:39.401295: Pseudo dice [np.float32(0.7267), np.float32(0.939), np.float32(0.9395)]
2026-08-05 17:40:39.401400: Epoch time: 43.21 s
2026-08-05 17:40:40.512920: 
2026-08-05 17:40:40.513401: Epoch 628
2026-08-05 17:40:40.513544: Current learning rate: 0.00411
2026-08-05 17:41:23.749179: train_loss -0.8781
2026-08-05 17:41:23.749582: val_loss -0.796
2026-08-05 17:41:23.749649: Pseudo dice [np.float32(0.7299), np.float32(0.9384), np.float32(0.9395)]
2026-08-05 17:41:23.749734: Epoch time: 43.24 s
2026-08-05 17:41:23.749780: Yayy! New best EMA pseudo Dice: 0.8668000102043152
2026-08-05 17:41:32.975538: 
2026-08-05 17:41:32.976022: Epoch 629
2026-08-05 17:41:32.976128: Current learning rate: 0.0041
2026-08-05 17:42:15.659650: train_loss -0.8757
2026-08-05 17:42:15.660185: val_loss -0.7837
2026-08-05 17:42:15.660282: Pseudo dice [np.float32(0.7165), np.float32(0.9377), np.float32(0.9346)]
2026-08-05 17:42:15.660367: Epoch time: 42.69 s
2026-08-05 17:42:16.586786: 
2026-08-05 17:42:16.862561: Epoch 630
2026-08-05 17:42:16.863020: Current learning rate: 0.00409
2026-08-05 17:43:00.037153: train_loss -0.8798
2026-08-05 17:43:00.037810: val_loss -0.7796
2026-08-05 17:43:00.037909: Pseudo dice [np.float32(0.7109), np.float32(0.9324), np.float32(0.9336)]
2026-08-05 17:43:00.038032: Epoch time: 43.45 s
2026-08-05 17:43:00.957264: 
2026-08-05 17:43:00.957681: Epoch 631
2026-08-05 17:43:00.957806: Current learning rate: 0.00408
2026-08-05 17:43:43.262701: train_loss -0.8771
2026-08-05 17:43:43.269278: val_loss -0.787
2026-08-05 17:43:43.269670: Pseudo dice [np.float32(0.7283), np.float32(0.935), np.float32(0.9401)]
2026-08-05 17:43:43.269814: Epoch time: 42.31 s
2026-08-05 17:43:44.150606: 
2026-08-05 17:43:44.151057: Epoch 632
2026-08-05 17:43:44.151239: Current learning rate: 0.00407
2026-08-05 17:44:26.757447: train_loss -0.8791
2026-08-05 17:44:26.758260: val_loss -0.784
2026-08-05 17:44:26.758317: Pseudo dice [np.float32(0.7187), np.float32(0.9395), np.float32(0.9339)]
2026-08-05 17:44:26.758380: Epoch time: 42.61 s
2026-08-05 17:44:27.833155: 
2026-08-05 17:44:27.833677: Epoch 633
2026-08-05 17:44:27.833805: Current learning rate: 0.00406
2026-08-05 17:45:10.200210: train_loss -0.8788
2026-08-05 17:45:10.200630: val_loss -0.7904
2026-08-05 17:45:10.200687: Pseudo dice [np.float32(0.7274), np.float32(0.9356), np.float32(0.9417)]
2026-08-05 17:45:10.200753: Epoch time: 42.37 s
2026-08-05 17:45:11.034573: 
2026-08-05 17:45:11.035055: Epoch 634
2026-08-05 17:45:11.035204: Current learning rate: 0.00405
2026-08-05 17:45:53.718116: train_loss -0.8786
2026-08-05 17:45:53.718491: val_loss -0.7798
2026-08-05 17:45:53.718605: Pseudo dice [np.float32(0.714), np.float32(0.9369), np.float32(0.9386)]
2026-08-05 17:45:53.718731: Epoch time: 42.69 s
2026-08-05 17:45:54.584264: 
2026-08-05 17:45:54.584596: Epoch 635
2026-08-05 17:45:54.584710: Current learning rate: 0.00404
2026-08-05 17:46:37.901577: train_loss -0.8805
2026-08-05 17:46:37.902231: val_loss -0.7777
2026-08-05 17:46:37.902318: Pseudo dice [np.float32(0.7164), np.float32(0.9334), np.float32(0.9337)]
2026-08-05 17:46:37.902420: Epoch time: 43.32 s
2026-08-05 17:46:40.245066: 
2026-08-05 17:46:40.245465: Epoch 636
2026-08-05 17:46:40.245737: Current learning rate: 0.00403
2026-08-05 17:47:23.114862: train_loss -0.88
2026-08-05 17:47:23.115252: val_loss -0.771
2026-08-05 17:47:23.115371: Pseudo dice [np.float32(0.7177), np.float32(0.9284), np.float32(0.9318)]
2026-08-05 17:47:23.115494: Epoch time: 42.87 s
2026-08-05 17:47:24.167434: 
2026-08-05 17:47:24.167820: Epoch 637
2026-08-05 17:47:24.167983: Current learning rate: 0.00402
2026-08-05 17:48:07.400707: train_loss -0.8771
2026-08-05 17:48:07.401364: val_loss -0.7768
2026-08-05 17:48:07.401449: Pseudo dice [np.float32(0.7206), np.float32(0.9364), np.float32(0.9376)]
2026-08-05 17:48:07.401572: Epoch time: 43.24 s
2026-08-05 17:48:08.359956: 
2026-08-05 17:48:08.360466: Epoch 638
2026-08-05 17:48:08.360641: Current learning rate: 0.00401
2026-08-05 17:48:51.746470: train_loss -0.8764
2026-08-05 17:48:51.747561: val_loss -0.7932
2026-08-05 17:48:51.747706: Pseudo dice [np.float32(0.7271), np.float32(0.9353), np.float32(0.9407)]
2026-08-05 17:48:51.747887: Epoch time: 43.39 s
2026-08-05 17:48:52.762516: 
2026-08-05 17:48:52.762976: Epoch 639
2026-08-05 17:48:52.763152: Current learning rate: 0.004
2026-08-05 17:49:35.493384: train_loss -0.881
2026-08-05 17:49:35.494013: val_loss -0.7799
2026-08-05 17:49:35.494102: Pseudo dice [np.float32(0.714), np.float32(0.9369), np.float32(0.9323)]
2026-08-05 17:49:35.494205: Epoch time: 42.74 s
2026-08-05 17:49:36.478209: 
2026-08-05 17:49:36.478636: Epoch 640
2026-08-05 17:49:36.478772: Current learning rate: 0.00399
2026-08-05 17:50:19.142128: train_loss -0.8815
2026-08-05 17:50:19.142538: val_loss -0.8004
2026-08-05 17:50:19.142604: Pseudo dice [np.float32(0.7329), np.float32(0.9438), np.float32(0.9441)]
2026-08-05 17:50:19.142679: Epoch time: 42.67 s
2026-08-05 17:50:20.097157: 
2026-08-05 17:50:20.097564: Epoch 641
2026-08-05 17:50:20.097738: Current learning rate: 0.00398
2026-08-05 17:51:03.448846: train_loss -0.8805
2026-08-05 17:51:03.449289: val_loss -0.7903
2026-08-05 17:51:03.449352: Pseudo dice [np.float32(0.7262), np.float32(0.9341), np.float32(0.9398)]
2026-08-05 17:51:03.449446: Epoch time: 43.36 s
2026-08-05 17:51:04.499705: 
2026-08-05 17:51:04.500563: Epoch 642
2026-08-05 17:51:04.500945: Current learning rate: 0.00397
2026-08-05 17:51:47.787926: train_loss -0.883
2026-08-05 17:51:47.794135: val_loss -0.7763
2026-08-05 17:51:47.794425: Pseudo dice [np.float32(0.717), np.float32(0.9326), np.float32(0.9364)]
2026-08-05 17:51:47.794575: Epoch time: 43.29 s
2026-08-05 17:51:50.227483: 
2026-08-05 17:51:50.228119: Epoch 643
2026-08-05 17:51:50.228305: Current learning rate: 0.00396
2026-08-05 17:52:32.380657: train_loss -0.8815
2026-08-05 17:52:32.381148: val_loss -0.7832
2026-08-05 17:52:32.381233: Pseudo dice [np.float32(0.7276), np.float32(0.9328), np.float32(0.9395)]
2026-08-05 17:52:32.381339: Epoch time: 42.16 s
2026-08-05 17:52:33.446176: 
2026-08-05 17:52:33.446534: Epoch 644
2026-08-05 17:52:33.446676: Current learning rate: 0.00395
2026-08-05 17:53:16.450224: train_loss -0.8823
2026-08-05 17:53:16.450596: val_loss -0.7881
2026-08-05 17:53:16.450708: Pseudo dice [np.float32(0.7228), np.float32(0.9374), np.float32(0.9367)]
2026-08-05 17:53:16.450797: Epoch time: 43.01 s
2026-08-05 17:53:17.333841: 
2026-08-05 17:53:17.334420: Epoch 645
2026-08-05 17:53:17.334608: Current learning rate: 0.00394
2026-08-05 17:54:00.167038: train_loss -0.8834
2026-08-05 17:54:00.167348: val_loss -0.7873
2026-08-05 17:54:00.167468: Pseudo dice [np.float32(0.7246), np.float32(0.9372), np.float32(0.9395)]
2026-08-05 17:54:00.167539: Epoch time: 42.84 s
2026-08-05 17:54:01.060924: 
2026-08-05 17:54:01.061244: Epoch 646
2026-08-05 17:54:01.061547: Current learning rate: 0.00393
2026-08-05 17:54:43.552128: train_loss -0.8847
2026-08-05 17:54:43.552453: val_loss -0.7977
2026-08-05 17:54:43.552512: Pseudo dice [np.float32(0.7343), np.float32(0.9403), np.float32(0.9416)]
2026-08-05 17:54:43.552585: Epoch time: 42.49 s
2026-08-05 17:54:44.639554: 
2026-08-05 17:54:44.640185: Epoch 647
2026-08-05 17:54:44.640371: Current learning rate: 0.00392
2026-08-05 17:55:27.796481: train_loss -0.8798
2026-08-05 17:55:27.797659: val_loss -0.7974
2026-08-05 17:55:27.797829: Pseudo dice [np.float32(0.7347), np.float32(0.9376), np.float32(0.9452)]
2026-08-05 17:55:27.797959: Epoch time: 43.16 s
2026-08-05 17:55:27.798176: Yayy! New best EMA pseudo Dice: 0.8668000102043152
2026-08-05 17:55:36.070422: 
2026-08-05 17:55:36.070933: Epoch 648
2026-08-05 17:55:36.071106: Current learning rate: 0.00391
2026-08-05 17:56:19.197313: train_loss -0.8822
2026-08-05 17:56:19.198117: val_loss -0.7942
2026-08-05 17:56:19.198189: Pseudo dice [np.float32(0.7357), np.float32(0.9419), np.float32(0.9405)]
2026-08-05 17:56:19.198288: Epoch time: 43.13 s
2026-08-05 17:56:19.198342: Yayy! New best EMA pseudo Dice: 0.8673999905586243
2026-08-05 17:56:27.707460: 
2026-08-05 17:56:27.707939: Epoch 649
2026-08-05 17:56:27.708191: Current learning rate: 0.0039
2026-08-05 17:57:11.519684: train_loss -0.8671
2026-08-05 17:57:11.520100: val_loss -0.7844
2026-08-05 17:57:11.520242: Pseudo dice [np.float32(0.7169), np.float32(0.9369), np.float32(0.9363)]
2026-08-05 17:57:11.520361: Epoch time: 43.82 s
2026-08-05 17:57:22.271632: 
2026-08-05 17:57:22.272217: Epoch 650
2026-08-05 17:57:22.272332: Current learning rate: 0.00389
2026-08-05 17:58:04.918480: train_loss -0.8624
2026-08-05 17:58:04.918947: val_loss -0.7866
2026-08-05 17:58:04.919029: Pseudo dice [np.float32(0.7222), np.float32(0.9382), np.float32(0.9397)]
2026-08-05 17:58:04.919103: Epoch time: 42.65 s
2026-08-05 17:58:05.834767: 
2026-08-05 17:58:05.835320: Epoch 651
2026-08-05 17:58:05.835468: Current learning rate: 0.00388
2026-08-05 17:58:47.628091: train_loss -0.8582
2026-08-05 17:58:47.628590: val_loss -0.7785
2026-08-05 17:58:47.628653: Pseudo dice [np.float32(0.7103), np.float32(0.9262), np.float32(0.936)]
2026-08-05 17:58:47.628727: Epoch time: 41.8 s
2026-08-05 17:58:48.879132: 
2026-08-05 17:58:48.879476: Epoch 652
2026-08-05 17:58:48.879630: Current learning rate: 0.00387
2026-08-05 17:59:30.069448: train_loss -0.8578
2026-08-05 17:59:30.240496: val_loss -0.7849
2026-08-05 17:59:30.240672: Pseudo dice [np.float32(0.7221), np.float32(0.932), np.float32(0.9399)]
2026-08-05 17:59:30.240772: Epoch time: 41.19 s
2026-08-05 17:59:31.261270: 
2026-08-05 17:59:31.261553: Epoch 653
2026-08-05 17:59:31.261682: Current learning rate: 0.00386
2026-08-05 18:00:12.232701: train_loss -0.8563
2026-08-05 18:00:12.233081: val_loss -0.7888
2026-08-05 18:00:12.233205: Pseudo dice [np.float32(0.7157), np.float32(0.9321), np.float32(0.9413)]
2026-08-05 18:00:12.233287: Epoch time: 40.98 s
2026-08-05 18:00:13.342677: 
2026-08-05 18:00:13.344446: Epoch 654
2026-08-05 18:00:13.344561: Current learning rate: 0.00385
2026-08-05 18:00:54.365616: train_loss -0.8572
2026-08-05 18:00:54.612206: val_loss -0.8001
2026-08-05 18:00:54.612359: Pseudo dice [np.float32(0.7353), np.float32(0.9375), np.float32(0.9425)]
2026-08-05 18:00:54.612430: Epoch time: 41.03 s
2026-08-05 18:00:55.551852: 
2026-08-05 18:00:55.552215: Epoch 655
2026-08-05 18:00:55.552315: Current learning rate: 0.00384
2026-08-05 18:01:37.511877: train_loss -0.8715
2026-08-05 18:01:37.512167: val_loss -0.783
2026-08-05 18:01:37.512228: Pseudo dice [np.float32(0.7242), np.float32(0.9359), np.float32(0.9367)]
2026-08-05 18:01:37.512288: Epoch time: 41.96 s
2026-08-05 18:01:38.345343: 
2026-08-05 18:01:38.345833: Epoch 656
2026-08-05 18:01:38.345960: Current learning rate: 0.00383
2026-08-05 18:02:34.857466: train_loss -0.8763
2026-08-05 18:02:34.857727: val_loss -0.7833
2026-08-05 18:02:34.857784: Pseudo dice [np.float32(0.7255), np.float32(0.9296), np.float32(0.9405)]
2026-08-05 18:02:34.857858: Epoch time: 56.52 s
2026-08-05 18:02:35.693840: 
2026-08-05 18:02:35.694156: Epoch 657
2026-08-05 18:02:35.694257: Current learning rate: 0.00382
2026-08-05 18:03:16.737835: train_loss -0.8752
2026-08-05 18:03:16.738182: val_loss -0.7835
2026-08-05 18:03:16.738256: Pseudo dice [np.float32(0.7189), np.float32(0.9384), np.float32(0.9402)]
2026-08-05 18:03:16.738416: Epoch time: 41.05 s
2026-08-05 18:03:17.760884: 
2026-08-05 18:03:17.761090: Epoch 658
2026-08-05 18:03:17.761198: Current learning rate: 0.00381
2026-08-05 18:03:58.724693: train_loss -0.8803
2026-08-05 18:03:58.725084: val_loss -0.7859
2026-08-05 18:03:58.725158: Pseudo dice [np.float32(0.7221), np.float32(0.9378), np.float32(0.9397)]
2026-08-05 18:03:58.725238: Epoch time: 40.97 s
2026-08-05 18:03:59.555393: 
2026-08-05 18:03:59.555825: Epoch 659
2026-08-05 18:03:59.555947: Current learning rate: 0.0038
2026-08-05 18:04:40.798658: train_loss -0.8814
2026-08-05 18:04:40.799330: val_loss -0.7825
2026-08-05 18:04:40.799481: Pseudo dice [np.float32(0.7177), np.float32(0.9349), np.float32(0.9408)]
2026-08-05 18:04:40.799554: Epoch time: 41.25 s
2026-08-05 18:04:41.969854: 
2026-08-05 18:04:41.970096: Epoch 660
2026-08-05 18:04:41.970236: Current learning rate: 0.00379
2026-08-05 18:05:23.280792: train_loss -0.8814
2026-08-05 18:05:23.281394: val_loss -0.7916
2026-08-05 18:05:23.281537: Pseudo dice [np.float32(0.7328), np.float32(0.9335), np.float32(0.9427)]
2026-08-05 18:05:23.281652: Epoch time: 41.32 s
2026-08-05 18:05:24.286552: 
2026-08-05 18:05:24.286917: Epoch 661
2026-08-05 18:05:24.287010: Current learning rate: 0.00378
2026-08-05 18:06:05.488615: train_loss -0.877
2026-08-05 18:06:05.488953: val_loss -0.7803
2026-08-05 18:06:05.489025: Pseudo dice [np.float32(0.7196), np.float32(0.9345), np.float32(0.9365)]
2026-08-05 18:06:05.489102: Epoch time: 41.21 s
2026-08-05 18:06:07.318342: 
2026-08-05 18:06:07.318770: Epoch 662
2026-08-05 18:06:07.318882: Current learning rate: 0.00377
2026-08-05 18:06:48.677567: train_loss -0.8512
2026-08-05 18:06:48.678096: val_loss -0.7698
2026-08-05 18:06:48.678160: Pseudo dice [np.float32(0.7076), np.float32(0.9209), np.float32(0.9349)]
2026-08-05 18:06:48.678260: Epoch time: 41.36 s
2026-08-05 18:06:49.467610: 
2026-08-05 18:06:49.467830: Epoch 663
2026-08-05 18:06:49.467977: Current learning rate: 0.00376
2026-08-05 18:07:30.779369: train_loss -0.8231
2026-08-05 18:07:30.779782: val_loss -0.7836
2026-08-05 18:07:30.779850: Pseudo dice [np.float32(0.709), np.float32(0.9308), np.float32(0.9334)]
2026-08-05 18:07:30.779940: Epoch time: 41.31 s
2026-08-05 18:07:31.589628: 
2026-08-05 18:07:31.590019: Epoch 664
2026-08-05 18:07:31.590118: Current learning rate: 0.00375
2026-08-05 18:08:12.482373: train_loss -0.8303
2026-08-05 18:08:12.482989: val_loss -0.7869
2026-08-05 18:08:12.483069: Pseudo dice [np.float32(0.7166), np.float32(0.9299), np.float32(0.9376)]
2026-08-05 18:08:12.483145: Epoch time: 40.9 s
2026-08-05 18:08:13.330187: 
2026-08-05 18:08:13.330525: Epoch 665
2026-08-05 18:08:13.330622: Current learning rate: 0.00374
2026-08-05 18:08:54.433873: train_loss -0.8505
2026-08-05 18:08:54.434135: val_loss -0.7861
2026-08-05 18:08:54.434200: Pseudo dice [np.float32(0.7213), np.float32(0.9324), np.float32(0.9353)]
2026-08-05 18:08:54.434280: Epoch time: 41.11 s
2026-08-05 18:08:55.252642: 
2026-08-05 18:08:55.253084: Epoch 666
2026-08-05 18:08:55.253192: Current learning rate: 0.00373
2026-08-05 18:09:36.256354: train_loss -0.8506
2026-08-05 18:09:36.257055: val_loss -0.7756
2026-08-05 18:09:36.257140: Pseudo dice [np.float32(0.7157), np.float32(0.9295), np.float32(0.9361)]
2026-08-05 18:09:36.257227: Epoch time: 41.01 s
2026-08-05 18:09:37.213833: 
2026-08-05 18:09:37.214251: Epoch 667
2026-08-05 18:09:37.214469: Current learning rate: 0.00372
2026-08-05 18:10:18.474141: train_loss -0.8514
2026-08-05 18:10:18.523686: val_loss -0.7987
2026-08-05 18:10:18.524092: Pseudo dice [np.float32(0.7291), np.float32(0.937), np.float32(0.9354)]
2026-08-05 18:10:18.524274: Epoch time: 41.26 s
2026-08-05 18:10:19.498823: 
2026-08-05 18:10:19.499217: Epoch 668
2026-08-05 18:10:19.499315: Current learning rate: 0.00371
2026-08-05 18:11:01.087807: train_loss -0.8571
2026-08-05 18:11:01.088185: val_loss -0.7847
2026-08-05 18:11:01.088246: Pseudo dice [np.float32(0.7194), np.float32(0.9327), np.float32(0.9377)]
2026-08-05 18:11:01.088321: Epoch time: 41.59 s
2026-08-05 18:11:01.925000: 
2026-08-05 18:11:01.925484: Epoch 669
2026-08-05 18:11:01.925649: Current learning rate: 0.0037
2026-08-05 18:11:42.915938: train_loss -0.8675
2026-08-05 18:11:42.916927: val_loss -0.7887
2026-08-05 18:11:42.916996: Pseudo dice [np.float32(0.7162), np.float32(0.9381), np.float32(0.938)]
2026-08-05 18:11:42.917066: Epoch time: 40.99 s
2026-08-05 18:11:43.735195: 
2026-08-05 18:11:43.735773: Epoch 670
2026-08-05 18:11:43.735916: Current learning rate: 0.00369
2026-08-05 18:12:24.892600: train_loss -0.8715
2026-08-05 18:12:24.893447: val_loss -0.7813
2026-08-05 18:12:24.893519: Pseudo dice [np.float32(0.7127), np.float32(0.9324), np.float32(0.937)]
2026-08-05 18:12:24.893608: Epoch time: 41.16 s
2026-08-05 18:12:25.935076: 
2026-08-05 18:12:25.935859: Epoch 671
2026-08-05 18:12:25.935981: Current learning rate: 0.00368
2026-08-05 18:13:07.116652: train_loss -0.8726
2026-08-05 18:13:07.133787: val_loss -0.7912
2026-08-05 18:13:07.133881: Pseudo dice [np.float32(0.7308), np.float32(0.9397), np.float32(0.9408)]
2026-08-05 18:13:07.133970: Epoch time: 41.19 s
2026-08-05 18:13:07.976690: 
2026-08-05 18:13:08.128145: Epoch 672
2026-08-05 18:13:08.128440: Current learning rate: 0.00367
2026-08-05 18:13:49.139533: train_loss -0.8762
2026-08-05 18:13:49.140555: val_loss -0.7746
2026-08-05 18:13:49.140634: Pseudo dice [np.float32(0.7163), np.float32(0.9311), np.float32(0.9353)]
2026-08-05 18:13:49.140713: Epoch time: 41.17 s
2026-08-05 18:13:49.990152: 
2026-08-05 18:13:49.990607: Epoch 673
2026-08-05 18:13:49.990703: Current learning rate: 0.00366
2026-08-05 18:14:31.047697: train_loss -0.8762
2026-08-05 18:14:31.214095: val_loss -0.7913
2026-08-05 18:14:31.214277: Pseudo dice [np.float32(0.7299), np.float32(0.9386), np.float32(0.9373)]
2026-08-05 18:14:31.214389: Epoch time: 41.06 s
2026-08-05 18:14:32.275118: 
2026-08-05 18:14:32.275484: Epoch 674
2026-08-05 18:14:32.275595: Current learning rate: 0.00365
2026-08-05 18:15:14.403188: train_loss -0.8751
2026-08-05 18:15:14.532963: val_loss -0.7829
2026-08-05 18:15:14.533209: Pseudo dice [np.float32(0.7106), np.float32(0.9364), np.float32(0.9311)]
2026-08-05 18:15:14.533376: Epoch time: 42.13 s
2026-08-05 18:15:15.528991: 
2026-08-05 18:15:15.529512: Epoch 675
2026-08-05 18:15:15.529703: Current learning rate: 0.00364
2026-08-05 18:15:56.699230: train_loss -0.8762
2026-08-05 18:15:56.699538: val_loss -0.7954
2026-08-05 18:15:56.699600: Pseudo dice [np.float32(0.7317), np.float32(0.9378), np.float32(0.9434)]
2026-08-05 18:15:56.699667: Epoch time: 41.17 s
2026-08-05 18:15:57.520262: 
2026-08-05 18:15:57.520671: Epoch 676
2026-08-05 18:15:57.520770: Current learning rate: 0.00363
2026-08-05 18:16:38.682281: train_loss -0.8784
2026-08-05 18:16:38.682636: val_loss -0.7925
2026-08-05 18:16:38.682713: Pseudo dice [np.float32(0.7287), np.float32(0.9359), np.float32(0.9426)]
2026-08-05 18:16:38.682798: Epoch time: 41.16 s
2026-08-05 18:16:39.708631: 
2026-08-05 18:16:39.709038: Epoch 677
2026-08-05 18:16:39.709146: Current learning rate: 0.00362
2026-08-05 18:17:20.508840: train_loss -0.8748
2026-08-05 18:17:20.509304: val_loss -0.7887
2026-08-05 18:17:20.509460: Pseudo dice [np.float32(0.7218), np.float32(0.9358), np.float32(0.938)]
2026-08-05 18:17:20.509542: Epoch time: 40.8 s
2026-08-05 18:17:21.374694: 
2026-08-05 18:17:21.374983: Epoch 678
2026-08-05 18:17:21.375082: Current learning rate: 0.00361
2026-08-05 18:18:02.367219: train_loss -0.8778
2026-08-05 18:18:02.367561: val_loss -0.7884
2026-08-05 18:18:02.367634: Pseudo dice [np.float32(0.7249), np.float32(0.9381), np.float32(0.935)]
2026-08-05 18:18:02.367717: Epoch time: 41.0 s
2026-08-05 18:18:03.367606: 
2026-08-05 18:18:03.367799: Epoch 679
2026-08-05 18:18:03.367989: Current learning rate: 0.0036
2026-08-05 18:18:44.160307: train_loss -0.8781
2026-08-05 18:18:44.160883: val_loss -0.7836
2026-08-05 18:18:44.160969: Pseudo dice [np.float32(0.7221), np.float32(0.9341), np.float32(0.9355)]
2026-08-05 18:18:44.161040: Epoch time: 40.8 s
2026-08-05 18:18:45.230824: 
2026-08-05 18:18:45.231161: Epoch 680
2026-08-05 18:18:45.231271: Current learning rate: 0.00359
2026-08-05 18:19:26.915463: train_loss -0.8747
2026-08-05 18:19:26.915730: val_loss -0.7794
2026-08-05 18:19:26.915799: Pseudo dice [np.float32(0.7137), np.float32(0.9329), np.float32(0.9384)]
2026-08-05 18:19:26.915869: Epoch time: 41.69 s
2026-08-05 18:19:27.770102: 
2026-08-05 18:19:27.770480: Epoch 681
2026-08-05 18:19:27.770608: Current learning rate: 0.00358
2026-08-05 18:20:09.355409: train_loss -0.8784
2026-08-05 18:20:09.356213: val_loss -0.7858
2026-08-05 18:20:09.356294: Pseudo dice [np.float32(0.7195), np.float32(0.932), np.float32(0.9371)]
2026-08-05 18:20:09.356375: Epoch time: 41.59 s
2026-08-05 18:20:10.432355: 
2026-08-05 18:20:10.432871: Epoch 682
2026-08-05 18:20:10.433145: Current learning rate: 0.00357
2026-08-05 18:20:52.681799: train_loss -0.8771
2026-08-05 18:20:52.682141: val_loss -0.7837
2026-08-05 18:20:52.682197: Pseudo dice [np.float32(0.7223), np.float32(0.9362), np.float32(0.9356)]
2026-08-05 18:20:52.682264: Epoch time: 42.25 s
2026-08-05 18:20:53.688979: 
2026-08-05 18:20:53.689347: Epoch 683
2026-08-05 18:20:53.689447: Current learning rate: 0.00356
2026-08-05 18:21:35.036357: train_loss -0.8799
2026-08-05 18:21:35.036867: val_loss -0.7936
2026-08-05 18:21:35.036989: Pseudo dice [np.float32(0.7357), np.float32(0.9376), np.float32(0.9425)]
2026-08-05 18:21:35.037065: Epoch time: 41.35 s
2026-08-05 18:21:35.904481: 
2026-08-05 18:21:35.904870: Epoch 684
2026-08-05 18:21:35.904994: Current learning rate: 0.00355
2026-08-05 18:22:17.216908: train_loss -0.8833
2026-08-05 18:22:17.217200: val_loss -0.7869
2026-08-05 18:22:17.217261: Pseudo dice [np.float32(0.7249), np.float32(0.9345), np.float32(0.9388)]
2026-08-05 18:22:17.217325: Epoch time: 41.32 s
2026-08-05 18:22:18.175377: 
2026-08-05 18:22:18.175819: Epoch 685
2026-08-05 18:22:18.175938: Current learning rate: 0.00354
2026-08-05 18:22:59.506756: train_loss -0.8834
2026-08-05 18:22:59.507087: val_loss -0.7875
2026-08-05 18:22:59.507146: Pseudo dice [np.float32(0.725), np.float32(0.9359), np.float32(0.9367)]
2026-08-05 18:22:59.507218: Epoch time: 41.33 s
2026-08-05 18:23:00.366073: 
2026-08-05 18:23:00.366399: Epoch 686
2026-08-05 18:23:00.366522: Current learning rate: 0.00353
2026-08-05 18:23:42.453660: train_loss -0.8835
2026-08-05 18:23:42.454182: val_loss -0.7904
2026-08-05 18:23:42.454293: Pseudo dice [np.float32(0.7219), np.float32(0.9406), np.float32(0.9363)]
2026-08-05 18:23:42.454382: Epoch time: 42.09 s
2026-08-05 18:23:43.316217: 
2026-08-05 18:23:43.316508: Epoch 687
2026-08-05 18:23:43.316630: Current learning rate: 0.00352
2026-08-05 18:24:24.664591: train_loss -0.8849
2026-08-05 18:24:24.738706: val_loss -0.7912
2026-08-05 18:24:24.738849: Pseudo dice [np.float32(0.727), np.float32(0.9418), np.float32(0.9382)]
2026-08-05 18:24:24.738949: Epoch time: 41.35 s
2026-08-05 18:24:25.574777: 
2026-08-05 18:24:25.575541: Epoch 688
2026-08-05 18:24:25.575642: Current learning rate: 0.00351
2026-08-05 18:25:06.780018: train_loss -0.8865
2026-08-05 18:25:06.780609: val_loss -0.7733
2026-08-05 18:25:06.780685: Pseudo dice [np.float32(0.7126), np.float32(0.9344), np.float32(0.9368)]
2026-08-05 18:25:06.780764: Epoch time: 41.21 s
2026-08-05 18:25:07.825379: 
2026-08-05 18:25:07.825888: Epoch 689
2026-08-05 18:25:07.826016: Current learning rate: 0.0035
2026-08-05 18:25:50.492851: train_loss -0.8768
2026-08-05 18:25:50.493134: val_loss -0.7824
2026-08-05 18:25:50.493191: Pseudo dice [np.float32(0.7074), np.float32(0.9339), np.float32(0.9315)]
2026-08-05 18:25:50.493256: Epoch time: 42.67 s
2026-08-05 18:25:51.334662: 
2026-08-05 18:25:51.334961: Epoch 690
2026-08-05 18:25:51.335056: Current learning rate: 0.00349
2026-08-05 18:26:32.603988: train_loss -0.881
2026-08-05 18:26:32.604282: val_loss -0.7872
2026-08-05 18:26:32.604337: Pseudo dice [np.float32(0.7252), np.float32(0.9375), np.float32(0.9398)]
2026-08-05 18:26:32.604402: Epoch time: 41.27 s
2026-08-05 18:26:33.407622: 
2026-08-05 18:26:33.407960: Epoch 691
2026-08-05 18:26:33.408058: Current learning rate: 0.00348
2026-08-05 18:27:14.373744: train_loss -0.8808
2026-08-05 18:27:14.374041: val_loss -0.7787
2026-08-05 18:27:14.374116: Pseudo dice [np.float32(0.7162), np.float32(0.9291), np.float32(0.9367)]
2026-08-05 18:27:14.374191: Epoch time: 40.97 s
2026-08-05 18:27:15.262441: 
2026-08-05 18:27:15.263032: Epoch 692
2026-08-05 18:27:15.263252: Current learning rate: 0.00346
2026-08-05 18:27:56.070211: train_loss -0.8842
2026-08-05 18:27:56.070856: val_loss -0.7801
2026-08-05 18:27:56.071059: Pseudo dice [np.float32(0.7235), np.float32(0.9384), np.float32(0.9377)]
2026-08-05 18:27:56.071204: Epoch time: 40.81 s
2026-08-05 18:27:57.585436: 
2026-08-05 18:27:57.585878: Epoch 693
2026-08-05 18:27:57.586001: Current learning rate: 0.00345
2026-08-05 18:28:38.934977: train_loss -0.884
2026-08-05 18:28:39.314712: val_loss -0.7887
2026-08-05 18:28:39.314975: Pseudo dice [np.float32(0.7296), np.float32(0.9364), np.float32(0.938)]
2026-08-05 18:28:39.315121: Epoch time: 41.35 s
2026-08-05 18:28:40.487563: 
2026-08-05 18:28:40.487961: Epoch 694
2026-08-05 18:28:40.488089: Current learning rate: 0.00344
2026-08-05 18:29:21.749137: train_loss -0.8877
2026-08-05 18:29:21.749663: val_loss -0.7905
2026-08-05 18:29:21.749787: Pseudo dice [np.float32(0.7253), np.float32(0.9354), np.float32(0.9374)]
2026-08-05 18:29:21.749921: Epoch time: 41.26 s
2026-08-05 18:29:22.805911: 
2026-08-05 18:29:22.806269: Epoch 695
2026-08-05 18:29:22.806395: Current learning rate: 0.00343
2026-08-05 18:30:04.212195: train_loss -0.8886
2026-08-05 18:30:04.509457: val_loss -0.7906
2026-08-05 18:30:04.509700: Pseudo dice [np.float32(0.7302), np.float32(0.9379), np.float32(0.9409)]
2026-08-05 18:30:04.509845: Epoch time: 41.41 s
2026-08-05 18:30:05.579412: 
2026-08-05 18:30:05.579704: Epoch 696
2026-08-05 18:30:05.579824: Current learning rate: 0.00342
2026-08-05 18:30:46.789062: train_loss -0.8881
2026-08-05 18:30:46.789389: val_loss -0.7926
2026-08-05 18:30:46.800734: Pseudo dice [np.float32(0.7293), np.float32(0.9384), np.float32(0.9413)]
2026-08-05 18:30:46.800856: Epoch time: 41.21 s
2026-08-05 18:30:47.657426: 
2026-08-05 18:30:47.657814: Epoch 697
2026-08-05 18:30:47.658004: Current learning rate: 0.00341
2026-08-05 18:31:29.131162: train_loss -0.8852
2026-08-05 18:31:29.370957: val_loss -0.779
2026-08-05 18:31:29.371232: Pseudo dice [np.float32(0.7222), np.float32(0.9341), np.float32(0.9379)]
2026-08-05 18:31:29.371327: Epoch time: 41.48 s
2026-08-05 18:31:30.417770: 
2026-08-05 18:31:30.418316: Epoch 698
2026-08-05 18:31:30.418431: Current learning rate: 0.0034
2026-08-05 18:32:11.679410: train_loss -0.8891
2026-08-05 18:32:11.679790: val_loss -0.7838
2026-08-05 18:32:11.679943: Pseudo dice [np.float32(0.7203), np.float32(0.9386), np.float32(0.9379)]
2026-08-05 18:32:11.680024: Epoch time: 41.27 s
2026-08-05 18:32:13.094446: 
2026-08-05 18:32:13.094709: Epoch 699
2026-08-05 18:32:13.094825: Current learning rate: 0.00339
2026-08-05 18:32:54.591115: train_loss -0.8888
2026-08-05 18:32:54.591452: val_loss -0.7818
2026-08-05 18:32:54.591510: Pseudo dice [np.float32(0.7278), np.float32(0.9367), np.float32(0.9432)]
2026-08-05 18:32:54.591574: Epoch time: 41.5 s
2026-08-05 18:33:01.161732: 
2026-08-05 18:33:01.162189: Epoch 700
2026-08-05 18:33:01.162338: Current learning rate: 0.00338
2026-08-05 18:33:42.620945: train_loss -0.8882
2026-08-05 18:33:43.081679: val_loss -0.786
2026-08-05 18:33:43.081958: Pseudo dice [np.float32(0.7221), np.float32(0.9377), np.float32(0.939)]
2026-08-05 18:33:43.082150: Epoch time: 41.46 s
2026-08-05 18:33:44.003055: 
2026-08-05 18:33:44.003511: Epoch 701
2026-08-05 18:33:44.003608: Current learning rate: 0.00337
2026-08-05 18:34:25.704658: train_loss -0.8872
2026-08-05 18:34:25.704998: val_loss -0.7907
2026-08-05 18:34:25.705061: Pseudo dice [np.float32(0.7288), np.float32(0.939), np.float32(0.9363)]
2026-08-05 18:34:25.705131: Epoch time: 41.7 s
2026-08-05 18:34:26.546793: 
2026-08-05 18:34:26.547189: Epoch 702
2026-08-05 18:34:26.547302: Current learning rate: 0.00336
2026-08-05 18:35:07.952978: train_loss -0.8887
2026-08-05 18:35:07.953739: val_loss -0.788
2026-08-05 18:35:07.953827: Pseudo dice [np.float32(0.7221), np.float32(0.9378), np.float32(0.9388)]
2026-08-05 18:35:07.953936: Epoch time: 41.41 s
2026-08-05 18:35:08.911845: 
2026-08-05 18:35:08.912381: Epoch 703
2026-08-05 18:35:08.912531: Current learning rate: 0.00335
2026-08-05 18:35:50.520737: train_loss -0.888
2026-08-05 18:35:50.521327: val_loss -0.7827
2026-08-05 18:35:50.521397: Pseudo dice [np.float32(0.72), np.float32(0.9386), np.float32(0.9362)]
2026-08-05 18:35:50.521472: Epoch time: 41.61 s
2026-08-05 18:35:51.606109: 
2026-08-05 18:35:51.606660: Epoch 704
2026-08-05 18:35:51.606797: Current learning rate: 0.00334
2026-08-05 18:36:32.976178: train_loss -0.8888
2026-08-05 18:36:32.976427: val_loss -0.7895
2026-08-05 18:36:32.976487: Pseudo dice [np.float32(0.7295), np.float32(0.9406), np.float32(0.9419)]
2026-08-05 18:36:32.976547: Epoch time: 41.37 s
2026-08-05 18:36:33.842991: 
2026-08-05 18:36:33.843375: Epoch 705
2026-08-05 18:36:33.843467: Current learning rate: 0.00333
2026-08-05 18:37:15.758788: train_loss -0.8748
2026-08-05 18:37:15.759168: val_loss -0.7781
2026-08-05 18:37:15.759234: Pseudo dice [np.float32(0.7205), np.float32(0.9328), np.float32(0.9354)]
2026-08-05 18:37:15.759305: Epoch time: 41.92 s
2026-08-05 18:37:16.655423: 
2026-08-05 18:37:16.655775: Epoch 706
2026-08-05 18:37:16.655908: Current learning rate: 0.00332
2026-08-05 18:37:58.346381: train_loss -0.8676
2026-08-05 18:37:58.346700: val_loss -0.7911
2026-08-05 18:37:58.346864: Pseudo dice [np.float32(0.7239), np.float32(0.9351), np.float32(0.9421)]
2026-08-05 18:37:58.346957: Epoch time: 41.69 s
2026-08-05 18:37:59.444472: 
2026-08-05 18:37:59.444756: Epoch 707
2026-08-05 18:37:59.444872: Current learning rate: 0.00331
2026-08-05 18:38:41.034000: train_loss -0.8697
2026-08-05 18:38:41.036640: val_loss -0.7862
2026-08-05 18:38:41.036746: Pseudo dice [np.float32(0.724), np.float32(0.9358), np.float32(0.9384)]
2026-08-05 18:38:41.036925: Epoch time: 41.59 s
2026-08-05 18:38:41.931545: 
2026-08-05 18:38:41.932146: Epoch 708
2026-08-05 18:38:41.932384: Current learning rate: 0.0033
2026-08-05 18:39:24.254530: train_loss -0.8634
2026-08-05 18:39:24.255399: val_loss -0.7878
2026-08-05 18:39:24.255602: Pseudo dice [np.float32(0.719), np.float32(0.9321), np.float32(0.9354)]
2026-08-05 18:39:24.255851: Epoch time: 42.33 s
2026-08-05 18:39:25.254732: 
2026-08-05 18:39:25.255310: Epoch 709
2026-08-05 18:39:25.255534: Current learning rate: 0.00329
2026-08-05 18:40:06.978476: train_loss -0.8737
2026-08-05 18:40:06.985600: val_loss -0.7878
2026-08-05 18:40:06.985696: Pseudo dice [np.float32(0.7248), np.float32(0.9339), np.float32(0.9406)]
2026-08-05 18:40:06.985776: Epoch time: 41.73 s
2026-08-05 18:40:08.117072: 
2026-08-05 18:40:08.117529: Epoch 710
2026-08-05 18:40:08.117649: Current learning rate: 0.00328
2026-08-05 18:40:49.479430: train_loss -0.8786
2026-08-05 18:40:49.479837: val_loss -0.7906
2026-08-05 18:40:49.479921: Pseudo dice [np.float32(0.7289), np.float32(0.9327), np.float32(0.9417)]
2026-08-05 18:40:49.480014: Epoch time: 41.37 s
2026-08-05 18:40:50.348309: 
2026-08-05 18:40:50.348681: Epoch 711
2026-08-05 18:40:50.348780: Current learning rate: 0.00327
2026-08-05 18:41:32.064876: train_loss -0.8786
2026-08-05 18:41:32.065270: val_loss -0.7833
2026-08-05 18:41:32.065349: Pseudo dice [np.float32(0.7253), np.float32(0.94), np.float32(0.9374)]
2026-08-05 18:41:32.065435: Epoch time: 41.72 s
2026-08-05 18:41:33.951839: 
2026-08-05 18:41:33.952251: Epoch 712
2026-08-05 18:41:33.952487: Current learning rate: 0.00326
2026-08-05 18:42:15.465784: train_loss -0.8789
2026-08-05 18:42:15.466015: val_loss -0.7922
2026-08-05 18:42:15.466072: Pseudo dice [np.float32(0.7292), np.float32(0.9345), np.float32(0.9424)]
2026-08-05 18:42:15.466130: Epoch time: 41.52 s
2026-08-05 18:42:16.346095: 
2026-08-05 18:42:16.346580: Epoch 713
2026-08-05 18:42:16.346696: Current learning rate: 0.00325
2026-08-05 18:42:58.280571: train_loss -0.878
2026-08-05 18:42:58.280910: val_loss -0.7736
2026-08-05 18:42:58.280986: Pseudo dice [np.float32(0.7158), np.float32(0.9295), np.float32(0.9418)]
2026-08-05 18:42:58.281065: Epoch time: 41.94 s
2026-08-05 18:42:59.126882: 
2026-08-05 18:42:59.127248: Epoch 714
2026-08-05 18:42:59.127351: Current learning rate: 0.00324
2026-08-05 18:43:40.489457: train_loss -0.8846
2026-08-05 18:43:40.489758: val_loss -0.785
2026-08-05 18:43:40.489814: Pseudo dice [np.float32(0.7191), np.float32(0.938), np.float32(0.938)]
2026-08-05 18:43:40.489879: Epoch time: 41.37 s
2026-08-05 18:43:41.322115: 
2026-08-05 18:43:41.322465: Epoch 715
2026-08-05 18:43:41.322560: Current learning rate: 0.00323
2026-08-05 18:44:23.936365: train_loss -0.8893
2026-08-05 18:44:23.953420: val_loss -0.7824
2026-08-05 18:44:23.953613: Pseudo dice [np.float32(0.7277), np.float32(0.9385), np.float32(0.9376)]
2026-08-05 18:44:23.953691: Epoch time: 42.62 s
2026-08-05 18:44:24.980625: 
2026-08-05 18:44:24.981013: Epoch 716
2026-08-05 18:44:24.981174: Current learning rate: 0.00322
2026-08-05 18:45:06.841282: train_loss -0.8832
2026-08-05 18:45:06.841852: val_loss -0.7846
2026-08-05 18:45:06.841972: Pseudo dice [np.float32(0.7261), np.float32(0.9342), np.float32(0.939)]
2026-08-05 18:45:06.842057: Epoch time: 41.86 s
2026-08-05 18:45:07.960397: 
2026-08-05 18:45:07.961098: Epoch 717
2026-08-05 18:45:07.961386: Current learning rate: 0.00321
2026-08-05 18:45:51.045538: train_loss -0.8855
2026-08-05 18:45:51.045883: val_loss -0.7735
2026-08-05 18:45:51.046088: Pseudo dice [np.float32(0.7152), np.float32(0.9338), np.float32(0.9347)]
2026-08-05 18:45:51.046171: Epoch time: 43.09 s
2026-08-05 18:45:51.922955: 
2026-08-05 18:45:51.923383: Epoch 718
2026-08-05 18:45:51.923507: Current learning rate: 0.0032
2026-08-05 18:46:36.785034: train_loss -0.8874
2026-08-05 18:46:36.785935: val_loss -0.793
2026-08-05 18:46:36.786051: Pseudo dice [np.float32(0.73), np.float32(0.9406), np.float32(0.944)]
2026-08-05 18:46:36.798161: Epoch time: 44.87 s
2026-08-05 18:46:37.889756: 
2026-08-05 18:46:37.890283: Epoch 719
2026-08-05 18:46:37.890485: Current learning rate: 0.00319
2026-08-05 18:47:20.527313: train_loss -0.8927
2026-08-05 18:47:20.527841: val_loss -0.7949
2026-08-05 18:47:20.527963: Pseudo dice [np.float32(0.7352), np.float32(0.9387), np.float32(0.9444)]
2026-08-05 18:47:20.528073: Epoch time: 42.64 s
2026-08-05 18:47:21.425915: 
2026-08-05 18:47:21.426371: Epoch 720
2026-08-05 18:47:21.426545: Current learning rate: 0.00318
2026-08-05 18:48:04.367772: train_loss -0.885
2026-08-05 18:48:04.370726: val_loss -0.7829
2026-08-05 18:48:04.370885: Pseudo dice [np.float32(0.718), np.float32(0.9356), np.float32(0.9387)]
2026-08-05 18:48:04.371712: Epoch time: 42.95 s
2026-08-05 18:48:05.363466: 
2026-08-05 18:48:05.364058: Epoch 721
2026-08-05 18:48:05.364229: Current learning rate: 0.00317
2026-08-05 18:48:47.644355: train_loss -0.881
2026-08-05 18:48:47.644974: val_loss -0.7816
2026-08-05 18:48:47.645118: Pseudo dice [np.float32(0.7244), np.float32(0.9344), np.float32(0.9396)]
2026-08-05 18:48:47.645332: Epoch time: 42.29 s
2026-08-05 18:48:48.677354: 
2026-08-05 18:48:48.677854: Epoch 722
2026-08-05 18:48:48.678020: Current learning rate: 0.00316
2026-08-05 18:49:31.013171: train_loss -0.8826
2026-08-05 18:49:31.013539: val_loss -0.7957
2026-08-05 18:49:31.013602: Pseudo dice [np.float32(0.7271), np.float32(0.9369), np.float32(0.938)]
2026-08-05 18:49:31.013682: Epoch time: 42.34 s
2026-08-05 18:49:31.898103: 
2026-08-05 18:49:31.898522: Epoch 723
2026-08-05 18:49:31.898741: Current learning rate: 0.00315
2026-08-05 18:50:14.026598: train_loss -0.866
2026-08-05 18:50:14.026980: val_loss -0.7866
2026-08-05 18:50:14.027058: Pseudo dice [np.float32(0.722), np.float32(0.9313), np.float32(0.9374)]
2026-08-05 18:50:14.027144: Epoch time: 42.13 s
2026-08-05 18:50:14.891429: 
2026-08-05 18:50:14.891726: Epoch 724
2026-08-05 18:50:14.891964: Current learning rate: 0.00314
2026-08-05 18:50:57.060216: train_loss -0.8674
2026-08-05 18:50:57.060872: val_loss -0.7912
2026-08-05 18:50:57.060947: Pseudo dice [np.float32(0.7261), np.float32(0.9368), np.float32(0.9431)]
2026-08-05 18:50:57.061017: Epoch time: 42.17 s
2026-08-05 18:50:57.950025: 
2026-08-05 18:50:57.950311: Epoch 725
2026-08-05 18:50:57.950510: Current learning rate: 0.00313
2026-08-05 18:51:40.960155: train_loss -0.8806
2026-08-05 18:51:40.961757: val_loss -0.7905
2026-08-05 18:51:40.962213: Pseudo dice [np.float32(0.7287), np.float32(0.9365), np.float32(0.9422)]
2026-08-05 18:51:40.962465: Epoch time: 43.01 s
2026-08-05 18:51:41.788725: 
2026-08-05 18:51:41.789192: Epoch 726
2026-08-05 18:51:41.789407: Current learning rate: 0.00312
2026-08-05 18:52:23.674548: train_loss -0.8839
2026-08-05 18:52:23.675373: val_loss -0.7705
2026-08-05 18:52:23.675458: Pseudo dice [np.float32(0.712), np.float32(0.9334), np.float32(0.9337)]
2026-08-05 18:52:23.675578: Epoch time: 41.89 s
2026-08-05 18:52:24.699813: 
2026-08-05 18:52:24.700228: Epoch 727
2026-08-05 18:52:24.700407: Current learning rate: 0.00311
2026-08-05 18:53:06.470073: train_loss -0.8819
2026-08-05 18:53:06.470577: val_loss -0.7907
2026-08-05 18:53:06.470824: Pseudo dice [np.float32(0.7293), np.float32(0.9378), np.float32(0.939)]
2026-08-05 18:53:06.471034: Epoch time: 41.77 s
2026-08-05 18:53:07.495169: 
2026-08-05 18:53:07.495502: Epoch 728
2026-08-05 18:53:07.495639: Current learning rate: 0.0031
2026-08-05 18:53:49.047428: train_loss -0.8887
2026-08-05 18:53:49.047802: val_loss -0.7794
2026-08-05 18:53:49.048151: Pseudo dice [np.float32(0.7165), np.float32(0.9283), np.float32(0.9381)]
2026-08-05 18:53:49.048295: Epoch time: 41.56 s
2026-08-05 18:53:50.027601: 
2026-08-05 18:53:50.027968: Epoch 729
2026-08-05 18:53:50.028066: Current learning rate: 0.00309
2026-08-05 18:54:31.994462: train_loss -0.8874
2026-08-05 18:54:31.994757: val_loss -0.7925
2026-08-05 18:54:31.994811: Pseudo dice [np.float32(0.7293), np.float32(0.9374), np.float32(0.9409)]
2026-08-05 18:54:31.994958: Epoch time: 41.97 s
2026-08-05 18:54:32.829134: 
2026-08-05 18:54:32.829671: Epoch 730
2026-08-05 18:54:32.829930: Current learning rate: 0.00308
2026-08-05 18:55:14.551573: train_loss -0.8857
2026-08-05 18:55:14.672233: val_loss -0.7914
2026-08-05 18:55:14.672451: Pseudo dice [np.float32(0.7281), np.float32(0.9368), np.float32(0.9411)]
2026-08-05 18:55:14.672590: Epoch time: 41.73 s
2026-08-05 18:55:15.656745: 
2026-08-05 18:55:15.657134: Epoch 731
2026-08-05 18:55:15.657281: Current learning rate: 0.00307
2026-08-05 18:55:57.216439: train_loss -0.8843
2026-08-05 18:55:57.217057: val_loss -0.7769
2026-08-05 18:55:57.217250: Pseudo dice [np.float32(0.7153), np.float32(0.9309), np.float32(0.9412)]
2026-08-05 18:55:57.217379: Epoch time: 41.56 s
2026-08-05 18:55:58.707708: 
2026-08-05 18:55:58.708240: Epoch 732
2026-08-05 18:55:58.708354: Current learning rate: 0.00306
2026-08-05 18:56:40.216452: train_loss -0.8886
2026-08-05 18:56:40.216923: val_loss -0.7844
2026-08-05 18:56:40.217093: Pseudo dice [np.float32(0.7227), np.float32(0.9357), np.float32(0.9399)]
2026-08-05 18:56:40.217202: Epoch time: 41.51 s
2026-08-05 18:56:41.224555: 
2026-08-05 18:56:41.224969: Epoch 733
2026-08-05 18:56:41.225171: Current learning rate: 0.00305
2026-08-05 18:57:22.915539: train_loss -0.8918
2026-08-05 18:57:22.915755: val_loss -0.7829
2026-08-05 18:57:22.915815: Pseudo dice [np.float32(0.7228), np.float32(0.9364), np.float32(0.9389)]
2026-08-05 18:57:22.915951: Epoch time: 41.69 s
2026-08-05 18:57:23.747944: 
2026-08-05 18:57:23.748492: Epoch 734
2026-08-05 18:57:23.748624: Current learning rate: 0.00304
2026-08-05 18:58:05.915814: train_loss -0.8883
2026-08-05 18:58:05.916918: val_loss -0.789
2026-08-05 18:58:05.917121: Pseudo dice [np.float32(0.7279), np.float32(0.9403), np.float32(0.9403)]
2026-08-05 18:58:05.917269: Epoch time: 42.17 s
2026-08-05 18:58:06.945853: 
2026-08-05 18:58:06.946285: Epoch 735
2026-08-05 18:58:06.946405: Current learning rate: 0.00303
2026-08-05 18:58:48.514734: train_loss -0.8899
2026-08-05 18:58:48.515131: val_loss -0.7952
2026-08-05 18:58:48.515217: Pseudo dice [np.float32(0.7368), np.float32(0.9389), np.float32(0.9459)]
2026-08-05 18:58:48.515288: Epoch time: 41.57 s
2026-08-05 18:58:49.303735: 
2026-08-05 18:58:49.304033: Epoch 736
2026-08-05 18:58:49.304198: Current learning rate: 0.00302
2026-08-05 18:59:31.202142: train_loss -0.8928
2026-08-05 18:59:31.202451: val_loss -0.7904
2026-08-05 18:59:31.202534: Pseudo dice [np.float32(0.7236), np.float32(0.9358), np.float32(0.9408)]
2026-08-05 18:59:31.202617: Epoch time: 41.9 s
2026-08-05 18:59:32.014708: 
2026-08-05 18:59:32.015012: Epoch 737
2026-08-05 18:59:32.015216: Current learning rate: 0.00301
2026-08-05 19:00:13.860910: train_loss -0.8939
2026-08-05 19:00:13.861315: val_loss -0.7803
2026-08-05 19:00:13.861387: Pseudo dice [np.float32(0.7206), np.float32(0.9356), np.float32(0.9396)]
2026-08-05 19:00:13.861462: Epoch time: 41.85 s
2026-08-05 19:00:14.843495: 
2026-08-05 19:00:14.843861: Epoch 738
2026-08-05 19:00:14.844051: Current learning rate: 0.003
2026-08-05 19:00:56.400378: train_loss -0.8911
2026-08-05 19:00:56.400810: val_loss -0.7934
2026-08-05 19:00:56.400876: Pseudo dice [np.float32(0.7283), np.float32(0.9409), np.float32(0.943)]
2026-08-05 19:00:56.400959: Epoch time: 41.56 s
2026-08-05 19:00:57.833434: 
2026-08-05 19:00:57.833776: Epoch 739
2026-08-05 19:00:57.834004: Current learning rate: 0.00299
2026-08-05 19:01:39.601816: train_loss -0.8853
2026-08-05 19:01:39.602555: val_loss -0.7807
2026-08-05 19:01:39.602694: Pseudo dice [np.float32(0.7168), np.float32(0.934), np.float32(0.9387)]
2026-08-05 19:01:39.602762: Epoch time: 41.77 s
2026-08-05 19:01:40.399308: 
2026-08-05 19:01:40.399616: Epoch 740
2026-08-05 19:01:40.399758: Current learning rate: 0.00297
2026-08-05 19:02:22.090661: train_loss -0.8823
2026-08-05 19:02:22.090955: val_loss -0.7872
2026-08-05 19:02:22.091012: Pseudo dice [np.float32(0.7205), np.float32(0.938), np.float32(0.9428)]
2026-08-05 19:02:22.091072: Epoch time: 41.69 s
2026-08-05 19:02:22.901815: 
2026-08-05 19:02:22.936749: Epoch 741
2026-08-05 19:02:22.936959: Current learning rate: 0.00296
2026-08-05 19:03:05.076119: train_loss -0.8874
2026-08-05 19:03:05.076824: val_loss -0.7764
2026-08-05 19:03:05.076989: Pseudo dice [np.float32(0.717), np.float32(0.9371), np.float32(0.9341)]
2026-08-05 19:03:05.077122: Epoch time: 42.18 s
2026-08-05 19:03:05.994337: 
2026-08-05 19:03:05.994654: Epoch 742
2026-08-05 19:03:05.994809: Current learning rate: 0.00295
2026-08-05 19:03:47.816195: train_loss -0.8924
2026-08-05 19:03:47.816729: val_loss -0.7754
2026-08-05 19:03:47.816851: Pseudo dice [np.float32(0.7224), np.float32(0.9311), np.float32(0.939)]
2026-08-05 19:03:47.816930: Epoch time: 41.82 s
2026-08-05 19:03:48.603209: 
2026-08-05 19:03:48.603616: Epoch 743
2026-08-05 19:03:48.603738: Current learning rate: 0.00294
2026-08-05 19:04:30.300756: train_loss -0.8903
2026-08-05 19:04:30.301068: val_loss -0.7826
2026-08-05 19:04:30.301126: Pseudo dice [np.float32(0.7229), np.float32(0.9317), np.float32(0.9411)]
2026-08-05 19:04:30.301195: Epoch time: 41.7 s
2026-08-05 19:04:31.146192: 
2026-08-05 19:04:31.146537: Epoch 744
2026-08-05 19:04:31.146683: Current learning rate: 0.00293
2026-08-05 19:05:12.825698: train_loss -0.8935
2026-08-05 19:05:12.826040: val_loss -0.7834
2026-08-05 19:05:12.826105: Pseudo dice [np.float32(0.7166), np.float32(0.9338), np.float32(0.9373)]
2026-08-05 19:05:12.826178: Epoch time: 41.68 s
2026-08-05 19:05:13.835345: 
2026-08-05 19:05:13.835919: Epoch 745
2026-08-05 19:05:13.836066: Current learning rate: 0.00292
2026-08-05 19:05:56.125969: train_loss -0.8931
2026-08-05 19:05:56.126253: val_loss -0.7814
2026-08-05 19:05:56.126312: Pseudo dice [np.float32(0.7157), np.float32(0.937), np.float32(0.9368)]
2026-08-05 19:05:56.126380: Epoch time: 42.29 s
2026-08-05 19:05:57.010829: 
2026-08-05 19:05:57.011168: Epoch 746
2026-08-05 19:05:57.011285: Current learning rate: 0.00291
2026-08-05 19:06:38.927914: train_loss -0.8926
2026-08-05 19:06:38.928279: val_loss -0.7803
2026-08-05 19:06:38.928393: Pseudo dice [np.float32(0.7233), np.float32(0.9367), np.float32(0.9364)]
2026-08-05 19:06:38.928499: Epoch time: 41.92 s
2026-08-05 19:06:39.809635: 
2026-08-05 19:06:39.810266: Epoch 747
2026-08-05 19:06:39.810377: Current learning rate: 0.0029
2026-08-05 19:07:21.376985: train_loss -0.8862
2026-08-05 19:07:21.377321: val_loss -0.7809
2026-08-05 19:07:21.377375: Pseudo dice [np.float32(0.72), np.float32(0.9339), np.float32(0.9431)]
2026-08-05 19:07:21.377433: Epoch time: 41.57 s
2026-08-05 19:07:22.226841: 
2026-08-05 19:07:22.227278: Epoch 748
2026-08-05 19:07:22.227392: Current learning rate: 0.00289
2026-08-05 19:08:04.044015: train_loss -0.8911
2026-08-05 19:08:04.044428: val_loss -0.7831
2026-08-05 19:08:04.044535: Pseudo dice [np.float32(0.7228), np.float32(0.9378), np.float32(0.9408)]
2026-08-05 19:08:04.044639: Epoch time: 41.82 s
2026-08-05 19:08:04.866764: 
2026-08-05 19:08:04.867114: Epoch 749
2026-08-05 19:08:04.867229: Current learning rate: 0.00288
2026-08-05 19:08:46.544297: train_loss -0.8925
2026-08-05 19:08:46.544796: val_loss -0.7807
2026-08-05 19:08:46.544988: Pseudo dice [np.float32(0.7286), np.float32(0.9387), np.float32(0.9383)]
2026-08-05 19:08:46.545119: Epoch time: 41.68 s
2026-08-05 19:08:58.161929: 
2026-08-05 19:08:58.162225: Epoch 750
2026-08-05 19:08:58.162374: Current learning rate: 0.00287
2026-08-05 19:09:39.704741: train_loss -0.8914
2026-08-05 19:09:39.705123: val_loss -0.7767
2026-08-05 19:09:39.705185: Pseudo dice [np.float32(0.7137), np.float32(0.9303), np.float32(0.9402)]
2026-08-05 19:09:39.705243: Epoch time: 41.55 s
2026-08-05 19:09:40.543858: 
2026-08-05 19:09:40.544262: Epoch 751
2026-08-05 19:09:40.544381: Current learning rate: 0.00286
2026-08-05 19:10:22.960702: train_loss -0.8879
2026-08-05 19:10:22.960949: val_loss -0.7743
2026-08-05 19:10:22.961012: Pseudo dice [np.float32(0.7183), np.float32(0.9382), np.float32(0.9359)]
2026-08-05 19:10:22.961074: Epoch time: 42.42 s
2026-08-05 19:10:23.814379: 
2026-08-05 19:10:23.814757: Epoch 752
2026-08-05 19:10:23.814888: Current learning rate: 0.00285
2026-08-05 19:11:05.714081: train_loss -0.889
2026-08-05 19:11:05.714622: val_loss -0.7822
2026-08-05 19:11:05.714755: Pseudo dice [np.float32(0.7229), np.float32(0.9369), np.float32(0.9435)]
2026-08-05 19:11:05.714921: Epoch time: 41.9 s
2026-08-05 19:11:06.582884: 
2026-08-05 19:11:06.583449: Epoch 753
2026-08-05 19:11:06.583570: Current learning rate: 0.00284
2026-08-05 19:11:48.358342: train_loss -0.8886
2026-08-05 19:11:48.358576: val_loss -0.7839
2026-08-05 19:11:48.358639: Pseudo dice [np.float32(0.7248), np.float32(0.9382), np.float32(0.9399)]
2026-08-05 19:11:48.358710: Epoch time: 41.78 s
2026-08-05 19:11:49.207308: 
2026-08-05 19:11:49.207671: Epoch 754
2026-08-05 19:11:49.207798: Current learning rate: 0.00283
2026-08-05 19:12:30.809156: train_loss -0.8885
2026-08-05 19:12:30.809647: val_loss -0.782
2026-08-05 19:12:30.809705: Pseudo dice [np.float32(0.7246), np.float32(0.9341), np.float32(0.9413)]
2026-08-05 19:12:30.809827: Epoch time: 41.6 s
2026-08-05 19:12:31.619554: 
2026-08-05 19:12:31.619857: Epoch 755
2026-08-05 19:12:31.620012: Current learning rate: 0.00282
2026-08-05 19:13:13.411790: train_loss -0.8903
2026-08-05 19:13:13.412184: val_loss -0.7883
2026-08-05 19:13:13.412313: Pseudo dice [np.float32(0.7288), np.float32(0.9381), np.float32(0.9415)]
2026-08-05 19:13:13.412401: Epoch time: 41.8 s
2026-08-05 19:13:14.223678: 
2026-08-05 19:13:14.223969: Epoch 756
2026-08-05 19:13:14.224074: Current learning rate: 0.00281
2026-08-05 19:13:55.761330: train_loss -0.8893
2026-08-05 19:13:55.761882: val_loss -0.7935
2026-08-05 19:13:55.762050: Pseudo dice [np.float32(0.7332), np.float32(0.9407), np.float32(0.9375)]
2026-08-05 19:13:55.762267: Epoch time: 41.54 s
2026-08-05 19:13:56.689728: 
2026-08-05 19:13:56.690100: Epoch 757
2026-08-05 19:13:56.690264: Current learning rate: 0.0028
2026-08-05 19:14:38.488784: train_loss -0.8888
2026-08-05 19:14:38.489075: val_loss -0.7798
2026-08-05 19:14:38.489169: Pseudo dice [np.float32(0.7166), np.float32(0.9365), np.float32(0.9373)]
2026-08-05 19:14:38.489258: Epoch time: 41.8 s
2026-08-05 19:14:39.325282: 
2026-08-05 19:14:39.325536: Epoch 758
2026-08-05 19:14:39.325652: Current learning rate: 0.00279
2026-08-05 19:15:21.745988: train_loss -0.8921
2026-08-05 19:15:21.746308: val_loss -0.7828
2026-08-05 19:15:21.746410: Pseudo dice [np.float32(0.7233), np.float32(0.9342), np.float32(0.9397)]
2026-08-05 19:15:21.746518: Epoch time: 42.42 s
2026-08-05 19:15:22.664336: 
2026-08-05 19:15:22.664795: Epoch 759
2026-08-05 19:15:22.664918: Current learning rate: 0.00278
2026-08-05 19:16:04.323282: train_loss -0.8965
2026-08-05 19:16:04.323568: val_loss -0.7825
2026-08-05 19:16:04.323867: Pseudo dice [np.float32(0.7296), np.float32(0.9362), np.float32(0.9407)]
2026-08-05 19:16:04.323963: Epoch time: 41.66 s
2026-08-05 19:16:05.217183: 
2026-08-05 19:16:05.217604: Epoch 760
2026-08-05 19:16:05.217739: Current learning rate: 0.00277
2026-08-05 19:16:47.451447: train_loss -0.8933
2026-08-05 19:16:47.451769: val_loss -0.7925
2026-08-05 19:16:47.451883: Pseudo dice [np.float32(0.7293), np.float32(0.9388), np.float32(0.9427)]
2026-08-05 19:16:47.452000: Epoch time: 42.24 s
2026-08-05 19:16:48.534292: 
2026-08-05 19:16:48.534633: Epoch 761
2026-08-05 19:16:48.534793: Current learning rate: 0.00276
2026-08-05 19:17:30.931703: train_loss -0.8907
2026-08-05 19:17:30.933006: val_loss -0.788
2026-08-05 19:17:30.933134: Pseudo dice [np.float32(0.7273), np.float32(0.937), np.float32(0.9445)]
2026-08-05 19:17:30.933256: Epoch time: 42.4 s
2026-08-05 19:17:31.903122: 
2026-08-05 19:17:31.903508: Epoch 762
2026-08-05 19:17:31.903917: Current learning rate: 0.00275
2026-08-05 19:18:14.088989: train_loss -0.8864
2026-08-05 19:18:14.089356: val_loss -0.789
2026-08-05 19:18:14.089413: Pseudo dice [np.float32(0.7295), np.float32(0.9404), np.float32(0.9406)]
2026-08-05 19:18:14.089486: Epoch time: 42.19 s
2026-08-05 19:18:14.089529: Yayy! New best EMA pseudo Dice: 0.8675000071525574
2026-08-05 19:18:23.069839: 
2026-08-05 19:18:23.070335: Epoch 763
2026-08-05 19:18:23.070521: Current learning rate: 0.00274
2026-08-05 19:19:04.935474: train_loss -0.8852
2026-08-05 19:19:05.262482: val_loss -0.7807
2026-08-05 19:19:05.262913: Pseudo dice [np.float32(0.7209), np.float32(0.9387), np.float32(0.9331)]
2026-08-05 19:19:05.263018: Epoch time: 41.87 s
2026-08-05 19:19:06.250866: 
2026-08-05 19:19:06.251241: Epoch 764
2026-08-05 19:19:06.251372: Current learning rate: 0.00273
2026-08-05 19:19:48.361002: train_loss -0.8883
2026-08-05 19:19:48.361400: val_loss -0.7804
2026-08-05 19:19:48.361534: Pseudo dice [np.float32(0.7247), np.float32(0.9339), np.float32(0.9416)]
2026-08-05 19:19:48.361660: Epoch time: 42.11 s
2026-08-05 19:19:49.242900: 
2026-08-05 19:19:49.243312: Epoch 765
2026-08-05 19:19:49.243419: Current learning rate: 0.00272
2026-08-05 19:20:31.176550: train_loss -0.8872
2026-08-05 19:20:31.176856: val_loss -0.7921
2026-08-05 19:20:31.176926: Pseudo dice [np.float32(0.7322), np.float32(0.9402), np.float32(0.9413)]
2026-08-05 19:20:31.177009: Epoch time: 41.94 s
2026-08-05 19:20:31.177061: Yayy! New best EMA pseudo Dice: 0.8675000071525574
2026-08-05 19:20:37.803206: 
2026-08-05 19:20:37.803719: Epoch 766
2026-08-05 19:20:37.803858: Current learning rate: 0.00271
2026-08-05 19:21:19.880881: train_loss -0.8873
2026-08-05 19:21:19.881208: val_loss -0.7849
2026-08-05 19:21:19.881279: Pseudo dice [np.float32(0.7227), np.float32(0.9401), np.float32(0.94)]
2026-08-05 19:21:19.881357: Epoch time: 42.08 s
2026-08-05 19:21:19.881408: Yayy! New best EMA pseudo Dice: 0.8675000071525574
2026-08-05 19:21:28.365513: 
2026-08-05 19:21:28.366377: Epoch 767
2026-08-05 19:21:28.366528: Current learning rate: 0.0027
2026-08-05 19:22:10.301176: train_loss -0.8899
2026-08-05 19:22:10.301613: val_loss -0.7835
2026-08-05 19:22:10.301683: Pseudo dice [np.float32(0.7272), np.float32(0.9339), np.float32(0.9434)]
2026-08-05 19:22:10.301770: Epoch time: 41.94 s
2026-08-05 19:22:10.301883: Yayy! New best EMA pseudo Dice: 0.8676000237464905
2026-08-05 19:22:17.438262: 
2026-08-05 19:22:17.438688: Epoch 768
2026-08-05 19:22:17.438859: Current learning rate: 0.00268
2026-08-05 19:22:59.149958: train_loss -0.8942
2026-08-05 19:22:59.150556: val_loss -0.7912
2026-08-05 19:22:59.150616: Pseudo dice [np.float32(0.7334), np.float32(0.9377), np.float32(0.9414)]
2026-08-05 19:22:59.150686: Epoch time: 41.72 s
2026-08-05 19:22:59.150728: Yayy! New best EMA pseudo Dice: 0.867900013923645
2026-08-05 19:23:05.863964: 
2026-08-05 19:23:05.864191: Epoch 769
2026-08-05 19:23:05.864300: Current learning rate: 0.00267
2026-08-05 19:23:47.507458: train_loss -0.8953
2026-08-05 19:23:47.668702: val_loss -0.7775
2026-08-05 19:23:47.668791: Pseudo dice [np.float32(0.7231), np.float32(0.9375), np.float32(0.9378)]
2026-08-05 19:23:47.668870: Epoch time: 41.65 s
2026-08-05 19:23:49.282921: 
2026-08-05 19:23:49.283226: Epoch 770
2026-08-05 19:23:49.283394: Current learning rate: 0.00266
2026-08-05 19:24:30.662798: train_loss -0.8944
2026-08-05 19:24:30.663108: val_loss -0.7956
2026-08-05 19:24:30.663170: Pseudo dice [np.float32(0.739), np.float32(0.9407), np.float32(0.9447)]
2026-08-05 19:24:30.663316: Epoch time: 41.38 s
2026-08-05 19:24:30.663387: Yayy! New best EMA pseudo Dice: 0.8684999942779541
2026-08-05 19:24:39.624105: 
2026-08-05 19:24:39.624391: Epoch 771
2026-08-05 19:24:39.624512: Current learning rate: 0.00265
2026-08-05 19:25:21.022922: train_loss -0.8988
2026-08-05 19:25:21.031442: val_loss -0.7754
2026-08-05 19:25:21.031518: Pseudo dice [np.float32(0.7155), np.float32(0.9331), np.float32(0.9341)]
2026-08-05 19:25:21.031588: Epoch time: 41.4 s
2026-08-05 19:25:21.883408: 
2026-08-05 19:25:21.883747: Epoch 772
2026-08-05 19:25:21.883870: Current learning rate: 0.00264
2026-08-05 19:26:04.027991: train_loss -0.8956
2026-08-05 19:26:04.028742: val_loss -0.7851
2026-08-05 19:26:04.028804: Pseudo dice [np.float32(0.7219), np.float32(0.9397), np.float32(0.9394)]
2026-08-05 19:26:04.028873: Epoch time: 42.15 s
2026-08-05 19:26:04.933580: 
2026-08-05 19:26:04.933944: Epoch 773
2026-08-05 19:26:04.934085: Current learning rate: 0.00263
2026-08-05 19:26:47.024098: train_loss -0.8966
2026-08-05 19:26:47.036244: val_loss -0.7831
2026-08-05 19:26:47.036465: Pseudo dice [np.float32(0.7203), np.float32(0.9384), np.float32(0.9395)]
2026-08-05 19:26:47.036571: Epoch time: 42.09 s
2026-08-05 19:26:47.932105: 
2026-08-05 19:26:47.932456: Epoch 774
2026-08-05 19:26:47.932562: Current learning rate: 0.00262
2026-08-05 19:27:29.290000: train_loss -0.8963
2026-08-05 19:27:29.405336: val_loss -0.7901
2026-08-05 19:27:29.405470: Pseudo dice [np.float32(0.7327), np.float32(0.9368), np.float32(0.9421)]
2026-08-05 19:27:29.405665: Epoch time: 41.36 s
2026-08-05 19:27:30.472691: 
2026-08-05 19:27:30.473237: Epoch 775
2026-08-05 19:27:30.473628: Current learning rate: 0.00261
2026-08-05 19:28:12.641346: train_loss -0.8972
2026-08-05 19:28:12.641789: val_loss -0.7846
2026-08-05 19:28:12.641848: Pseudo dice [np.float32(0.7253), np.float32(0.9388), np.float32(0.9407)]
2026-08-05 19:28:12.641927: Epoch time: 42.17 s
2026-08-05 19:28:13.518504: 
2026-08-05 19:28:13.519043: Epoch 776
2026-08-05 19:28:13.519150: Current learning rate: 0.0026
2026-08-05 19:28:56.141141: train_loss -0.8991
2026-08-05 19:28:56.141580: val_loss -0.7923
2026-08-05 19:28:56.141764: Pseudo dice [np.float32(0.7347), np.float32(0.9375), np.float32(0.9427)]
2026-08-05 19:28:56.141851: Epoch time: 42.63 s
2026-08-05 19:28:57.037414: 
2026-08-05 19:28:57.037910: Epoch 777
2026-08-05 19:28:57.038038: Current learning rate: 0.00259
2026-08-05 19:29:38.916748: train_loss -0.8979
2026-08-05 19:29:38.917033: val_loss -0.7933
2026-08-05 19:29:38.917091: Pseudo dice [np.float32(0.7342), np.float32(0.9421), np.float32(0.9427)]
2026-08-05 19:29:38.917154: Epoch time: 41.88 s
2026-08-05 19:29:38.917196: Yayy! New best EMA pseudo Dice: 0.8687000274658203
2026-08-05 19:29:44.193509: 
2026-08-05 19:29:44.194026: Epoch 778
2026-08-05 19:29:44.194122: Current learning rate: 0.00258
2026-08-05 19:30:26.633045: train_loss -0.896
2026-08-05 19:30:26.633842: val_loss -0.7874
2026-08-05 19:30:26.633954: Pseudo dice [np.float32(0.7266), np.float32(0.9395), np.float32(0.9453)]
2026-08-05 19:30:26.634049: Epoch time: 42.44 s
2026-08-05 19:30:26.634099: Yayy! New best EMA pseudo Dice: 0.8689000010490417
2026-08-05 19:30:33.866684: 
2026-08-05 19:30:33.867095: Epoch 779
2026-08-05 19:30:33.867369: Current learning rate: 0.00257
2026-08-05 19:31:16.006182: train_loss -0.898
2026-08-05 19:31:16.006384: val_loss -0.781
2026-08-05 19:31:16.006451: Pseudo dice [np.float32(0.7158), np.float32(0.9361), np.float32(0.9388)]
2026-08-05 19:31:16.006521: Epoch time: 42.14 s
2026-08-05 19:31:16.823698: 
2026-08-05 19:31:16.824253: Epoch 780
2026-08-05 19:31:16.824385: Current learning rate: 0.00256
2026-08-05 19:31:59.277664: train_loss -0.8989
2026-08-05 19:31:59.278162: val_loss -0.7905
2026-08-05 19:31:59.278256: Pseudo dice [np.float32(0.7305), np.float32(0.94), np.float32(0.9416)]
2026-08-05 19:31:59.278360: Epoch time: 42.46 s
2026-08-05 19:32:00.405151: 
2026-08-05 19:32:00.405642: Epoch 781
2026-08-05 19:32:00.405771: Current learning rate: 0.00255
2026-08-05 19:32:42.939765: train_loss -0.8985
2026-08-05 19:32:42.940360: val_loss -0.7886
2026-08-05 19:32:42.940425: Pseudo dice [np.float32(0.7349), np.float32(0.9403), np.float32(0.9433)]
2026-08-05 19:32:42.940501: Epoch time: 42.54 s
2026-08-05 19:32:42.940544: Yayy! New best EMA pseudo Dice: 0.8690000176429749
2026-08-05 19:32:48.114520: 
2026-08-05 19:32:48.114921: Epoch 782
2026-08-05 19:32:48.115118: Current learning rate: 0.00254
2026-08-05 19:33:30.264025: train_loss -0.8972
2026-08-05 19:33:30.264291: val_loss -0.7784
2026-08-05 19:33:30.264361: Pseudo dice [np.float32(0.7173), np.float32(0.9361), np.float32(0.9414)]
2026-08-05 19:33:30.264433: Epoch time: 42.15 s
2026-08-05 19:33:31.143845: 
2026-08-05 19:33:31.144363: Epoch 783
2026-08-05 19:33:31.144532: Current learning rate: 0.00253
2026-08-05 19:34:13.839489: train_loss -0.8977
2026-08-05 19:34:13.839881: val_loss -0.7835
2026-08-05 19:34:13.839960: Pseudo dice [np.float32(0.7262), np.float32(0.9377), np.float32(0.9407)]
2026-08-05 19:34:13.857224: Epoch time: 42.7 s
2026-08-05 19:34:14.902304: 
2026-08-05 19:34:14.902915: Epoch 784
2026-08-05 19:34:14.903047: Current learning rate: 0.00252
2026-08-05 19:34:58.145721: train_loss -0.8989
2026-08-05 19:34:58.147206: val_loss -0.78
2026-08-05 19:34:58.147298: Pseudo dice [np.float32(0.7198), np.float32(0.9384), np.float32(0.9393)]
2026-08-05 19:34:58.147429: Epoch time: 43.25 s
2026-08-05 19:34:59.183170: 
2026-08-05 19:34:59.183884: Epoch 785
2026-08-05 19:34:59.184048: Current learning rate: 0.00251
2026-08-05 19:35:42.493632: train_loss -0.9006
2026-08-05 19:35:42.494256: val_loss -0.789
2026-08-05 19:35:42.494331: Pseudo dice [np.float32(0.7285), np.float32(0.9375), np.float32(0.9427)]
2026-08-05 19:35:42.494419: Epoch time: 43.31 s
2026-08-05 19:35:43.366023: 
2026-08-05 19:35:43.366692: Epoch 786
2026-08-05 19:35:43.366821: Current learning rate: 0.0025
2026-08-05 19:36:25.984709: train_loss -0.9003
2026-08-05 19:36:26.003253: val_loss -0.7856
2026-08-05 19:36:26.003392: Pseudo dice [np.float32(0.7276), np.float32(0.9387), np.float32(0.9415)]
2026-08-05 19:36:26.003488: Epoch time: 42.62 s
2026-08-05 19:36:26.892863: 
2026-08-05 19:36:26.893258: Epoch 787
2026-08-05 19:36:26.893413: Current learning rate: 0.00249
2026-08-05 19:37:09.286439: train_loss -0.8997
2026-08-05 19:37:09.287052: val_loss -0.7833
2026-08-05 19:37:09.287134: Pseudo dice [np.float32(0.7267), np.float32(0.9401), np.float32(0.9426)]
2026-08-05 19:37:09.287233: Epoch time: 42.4 s
2026-08-05 19:37:10.418048: 
2026-08-05 19:37:10.418551: Epoch 788
2026-08-05 19:37:10.418701: Current learning rate: 0.00248
2026-08-05 19:37:53.009522: train_loss -0.8987
2026-08-05 19:37:53.010223: val_loss -0.766
2026-08-05 19:37:53.010548: Pseudo dice [np.float32(0.7113), np.float32(0.9287), np.float32(0.9379)]
2026-08-05 19:37:53.010644: Epoch time: 42.6 s
2026-08-05 19:37:54.911722: 
2026-08-05 19:37:54.912114: Epoch 789
2026-08-05 19:37:54.912245: Current learning rate: 0.00247
2026-08-05 19:38:37.272094: train_loss -0.8996
2026-08-05 19:38:37.272413: val_loss -0.7806
2026-08-05 19:38:37.272478: Pseudo dice [np.float32(0.7284), np.float32(0.9388), np.float32(0.942)]
2026-08-05 19:38:37.272563: Epoch time: 42.36 s
2026-08-05 19:38:38.276602: 
2026-08-05 19:38:38.276999: Epoch 790
2026-08-05 19:38:38.277185: Current learning rate: 0.00245
2026-08-05 19:39:20.436970: train_loss -0.9015
2026-08-05 19:39:20.437329: val_loss -0.771
2026-08-05 19:39:20.437435: Pseudo dice [np.float32(0.718), np.float32(0.9324), np.float32(0.9366)]
2026-08-05 19:39:20.437504: Epoch time: 42.16 s
2026-08-05 19:39:21.254192: 
2026-08-05 19:39:21.254623: Epoch 791
2026-08-05 19:39:21.254747: Current learning rate: 0.00244
2026-08-05 19:40:03.743200: train_loss -0.8982
2026-08-05 19:40:03.744319: val_loss -0.7758
2026-08-05 19:40:03.744415: Pseudo dice [np.float32(0.7234), np.float32(0.9373), np.float32(0.9397)]
2026-08-05 19:40:03.744555: Epoch time: 42.49 s
2026-08-05 19:40:04.660041: 
2026-08-05 19:40:04.660708: Epoch 792
2026-08-05 19:40:04.660887: Current learning rate: 0.00243
2026-08-05 19:40:46.320113: train_loss -0.897
2026-08-05 19:40:46.320375: val_loss -0.7825
2026-08-05 19:40:46.320446: Pseudo dice [np.float32(0.7315), np.float32(0.9375), np.float32(0.9436)]
2026-08-05 19:40:46.320602: Epoch time: 41.67 s
2026-08-05 19:40:47.330567: 
2026-08-05 19:40:47.330938: Epoch 793
2026-08-05 19:40:47.331068: Current learning rate: 0.00242
2026-08-05 19:41:30.401386: train_loss -0.9
2026-08-05 19:41:30.402013: val_loss -0.7849
2026-08-05 19:41:30.402109: Pseudo dice [np.float32(0.7298), np.float32(0.9326), np.float32(0.9442)]
2026-08-05 19:41:30.402206: Epoch time: 43.07 s
2026-08-05 19:41:31.660610: 
2026-08-05 19:41:31.661125: Epoch 794
2026-08-05 19:41:31.661276: Current learning rate: 0.00241
2026-08-05 19:42:13.667708: train_loss -0.9007
2026-08-05 19:42:13.668250: val_loss -0.7867
2026-08-05 19:42:13.668427: Pseudo dice [np.float32(0.7322), np.float32(0.9418), np.float32(0.942)]
2026-08-05 19:42:13.668597: Epoch time: 42.01 s
2026-08-05 19:42:14.552737: 
2026-08-05 19:42:14.637939: Epoch 795
2026-08-05 19:42:14.638120: Current learning rate: 0.0024
2026-08-05 19:42:57.867707: train_loss -0.9003
2026-08-05 19:42:57.868481: val_loss -0.7808
2026-08-05 19:42:57.868592: Pseudo dice [np.float32(0.7222), np.float32(0.9336), np.float32(0.9413)]
2026-08-05 19:42:57.868698: Epoch time: 43.32 s
2026-08-05 19:42:58.806307: 
2026-08-05 19:42:58.806678: Epoch 796
2026-08-05 19:42:58.807023: Current learning rate: 0.00239
2026-08-05 19:43:41.250072: train_loss -0.8962
2026-08-05 19:43:41.339216: val_loss -0.7818
2026-08-05 19:43:41.339536: Pseudo dice [np.float32(0.7319), np.float32(0.9362), np.float32(0.9437)]
2026-08-05 19:43:41.339683: Epoch time: 42.45 s
2026-08-05 19:43:42.315362: 
2026-08-05 19:43:42.315768: Epoch 797
2026-08-05 19:43:42.315962: Current learning rate: 0.00238
2026-08-05 19:44:23.825363: train_loss -0.8994
2026-08-05 19:44:23.973743: val_loss -0.7596
2026-08-05 19:44:23.974041: Pseudo dice [np.float32(0.7098), np.float32(0.9346), np.float32(0.9356)]
2026-08-05 19:44:23.974195: Epoch time: 41.51 s
2026-08-05 19:44:24.908360: 
2026-08-05 19:44:24.908731: Epoch 798
2026-08-05 19:44:24.908853: Current learning rate: 0.00237
2026-08-05 19:45:06.178346: train_loss -0.9
2026-08-05 19:45:06.178669: val_loss -0.7823
2026-08-05 19:45:06.178739: Pseudo dice [np.float32(0.7255), np.float32(0.9407), np.float32(0.9375)]
2026-08-05 19:45:06.178827: Epoch time: 41.27 s
2026-08-05 19:45:07.166376: 
2026-08-05 19:45:07.166736: Epoch 799
2026-08-05 19:45:07.166947: Current learning rate: 0.00236
2026-08-05 19:45:48.820192: train_loss -0.9
2026-08-05 19:45:48.820687: val_loss -0.7839
2026-08-05 19:45:48.820775: Pseudo dice [np.float32(0.7273), np.float32(0.9386), np.float32(0.9438)]
2026-08-05 19:45:48.820876: Epoch time: 41.66 s
2026-08-05 19:45:54.342264: 
2026-08-05 19:45:54.342696: Epoch 800
2026-08-05 19:45:54.342844: Current learning rate: 0.00235
2026-08-05 19:46:36.160061: train_loss -0.9018
2026-08-05 19:46:36.176454: val_loss -0.789
2026-08-05 19:46:36.176586: Pseudo dice [np.float32(0.737), np.float32(0.9404), np.float32(0.9479)]
2026-08-05 19:46:36.176663: Epoch time: 41.82 s
2026-08-05 19:46:37.130332: 
2026-08-05 19:46:37.130718: Epoch 801
2026-08-05 19:46:37.130972: Current learning rate: 0.00234
2026-08-05 19:47:20.200377: train_loss -0.9007
2026-08-05 19:47:20.210912: val_loss -0.784
2026-08-05 19:47:20.211099: Pseudo dice [np.float32(0.7217), np.float32(0.9399), np.float32(0.9395)]
2026-08-05 19:47:20.211258: Epoch time: 43.07 s
2026-08-05 19:47:21.079666: 
2026-08-05 19:47:21.080125: Epoch 802
2026-08-05 19:47:21.080229: Current learning rate: 0.00233
2026-08-05 19:48:03.098075: train_loss -0.9005
2026-08-05 19:48:03.279868: val_loss -0.7861
2026-08-05 19:48:03.280195: Pseudo dice [np.float32(0.7329), np.float32(0.9388), np.float32(0.9434)]
2026-08-05 19:48:03.280392: Epoch time: 42.02 s
2026-08-05 19:48:04.455625: 
2026-08-05 19:48:04.456277: Epoch 803
2026-08-05 19:48:04.456496: Current learning rate: 0.00232
2026-08-05 19:48:46.218179: train_loss -0.8993
2026-08-05 19:48:46.218578: val_loss -0.7786
2026-08-05 19:48:46.218647: Pseudo dice [np.float32(0.727), np.float32(0.9375), np.float32(0.9403)]
2026-08-05 19:48:46.218736: Epoch time: 41.77 s
2026-08-05 19:48:47.028494: 
2026-08-05 19:48:47.028842: Epoch 804
2026-08-05 19:48:47.028963: Current learning rate: 0.00231
2026-08-05 19:49:28.817403: train_loss -0.9014
2026-08-05 19:49:28.817778: val_loss -0.7859
2026-08-05 19:49:28.817855: Pseudo dice [np.float32(0.7335), np.float32(0.9391), np.float32(0.9397)]
2026-08-05 19:49:28.817953: Epoch time: 41.79 s
2026-08-05 19:49:29.689271: 
2026-08-05 19:49:29.689543: Epoch 805
2026-08-05 19:49:29.689658: Current learning rate: 0.0023
2026-08-05 19:50:11.429907: train_loss -0.9033
2026-08-05 19:50:11.430306: val_loss -0.7722
2026-08-05 19:50:11.430438: Pseudo dice [np.float32(0.723), np.float32(0.9352), np.float32(0.9388)]
2026-08-05 19:50:11.430526: Epoch time: 41.74 s
2026-08-05 19:50:12.419646: 
2026-08-05 19:50:12.420426: Epoch 806
2026-08-05 19:50:12.421563: Current learning rate: 0.00229
2026-08-05 19:50:54.456357: train_loss -0.9008
2026-08-05 19:50:54.456657: val_loss -0.7884
2026-08-05 19:50:54.456717: Pseudo dice [np.float32(0.7322), np.float32(0.9417), np.float32(0.9432)]
2026-08-05 19:50:54.456787: Epoch time: 42.04 s
2026-08-05 19:50:55.330732: 
2026-08-05 19:50:55.330989: Epoch 807
2026-08-05 19:50:55.331171: Current learning rate: 0.00228
2026-08-05 19:51:37.013771: train_loss -0.9008
2026-08-05 19:51:37.014396: val_loss -0.7816
2026-08-05 19:51:37.014519: Pseudo dice [np.float32(0.7246), np.float32(0.9356), np.float32(0.9408)]
2026-08-05 19:51:37.014635: Epoch time: 41.69 s
2026-08-05 19:51:38.442504: 
2026-08-05 19:51:38.442919: Epoch 808
2026-08-05 19:51:38.443021: Current learning rate: 0.00226
2026-08-05 19:52:20.522605: train_loss -0.9012
2026-08-05 19:52:20.523127: val_loss -0.7941
2026-08-05 19:52:20.523259: Pseudo dice [np.float32(0.7324), np.float32(0.9441), np.float32(0.9434)]
2026-08-05 19:52:20.523486: Epoch time: 42.08 s
2026-08-05 19:52:20.523581: Yayy! New best EMA pseudo Dice: 0.8691999912261963
2026-08-05 19:52:29.345495: 
2026-08-05 19:52:29.345807: Epoch 809
2026-08-05 19:52:29.345913: Current learning rate: 0.00225
2026-08-05 19:53:11.371520: train_loss -0.9031
2026-08-05 19:53:11.371867: val_loss -0.7838
2026-08-05 19:53:11.372016: Pseudo dice [np.float32(0.7357), np.float32(0.9378), np.float32(0.9461)]
2026-08-05 19:53:11.372152: Epoch time: 42.03 s
2026-08-05 19:53:11.372245: Yayy! New best EMA pseudo Dice: 0.8695999979972839
2026-08-05 19:53:19.567525: 
2026-08-05 19:53:19.568036: Epoch 810
2026-08-05 19:53:19.568345: Current learning rate: 0.00224
2026-08-05 19:54:00.642209: train_loss -0.8981
2026-08-05 19:54:00.726257: val_loss -0.7906
2026-08-05 19:54:00.726409: Pseudo dice [np.float32(0.7312), np.float32(0.9375), np.float32(0.9411)]
2026-08-05 19:54:00.726496: Epoch time: 41.08 s
2026-08-05 19:54:00.726551: Yayy! New best EMA pseudo Dice: 0.8695999979972839
2026-08-05 19:54:09.069190: 
2026-08-05 19:54:09.069525: Epoch 811
2026-08-05 19:54:09.069611: Current learning rate: 0.00223
2026-08-05 19:54:50.540557: train_loss -0.8964
2026-08-05 19:54:50.542233: val_loss -0.7802
2026-08-05 19:54:50.542557: Pseudo dice [np.float32(0.7195), np.float32(0.9309), np.float32(0.9405)]
2026-08-05 19:54:50.542775: Epoch time: 41.47 s
2026-08-05 19:54:51.532856: 
2026-08-05 19:54:51.533261: Epoch 812
2026-08-05 19:54:51.533417: Current learning rate: 0.00222
2026-08-05 19:55:33.403425: train_loss -0.8959
2026-08-05 19:55:33.409941: val_loss -0.7882
2026-08-05 19:55:33.410029: Pseudo dice [np.float32(0.7284), np.float32(0.9426), np.float32(0.9401)]
2026-08-05 19:55:33.410110: Epoch time: 41.87 s
2026-08-05 19:55:34.371809: 
2026-08-05 19:55:34.372183: Epoch 813
2026-08-05 19:55:34.372349: Current learning rate: 0.00221
2026-08-05 19:56:16.846145: train_loss -0.898
2026-08-05 19:56:16.846445: val_loss -0.779
2026-08-05 19:56:16.846509: Pseudo dice [np.float32(0.7191), np.float32(0.9363), np.float32(0.9364)]
2026-08-05 19:56:16.846579: Epoch time: 42.48 s
2026-08-05 19:56:17.710124: 
2026-08-05 19:56:17.710469: Epoch 814
2026-08-05 19:56:17.710594: Current learning rate: 0.0022
2026-08-05 19:56:59.413920: train_loss -0.8986
2026-08-05 19:56:59.414220: val_loss -0.7779
2026-08-05 19:56:59.414277: Pseudo dice [np.float32(0.7215), np.float32(0.9317), np.float32(0.9401)]
2026-08-05 19:56:59.414349: Epoch time: 41.71 s
2026-08-05 19:57:00.190993: 
2026-08-05 19:57:00.191317: Epoch 815
2026-08-05 19:57:00.191533: Current learning rate: 0.00219
2026-08-05 19:57:41.796346: train_loss -0.8994
2026-08-05 19:57:41.796850: val_loss -0.8035
2026-08-05 19:57:41.796991: Pseudo dice [np.float32(0.743), np.float32(0.9414), np.float32(0.9457)]
2026-08-05 19:57:41.797087: Epoch time: 41.61 s
2026-08-05 19:57:42.588059: 
2026-08-05 19:57:42.588384: Epoch 816
2026-08-05 19:57:42.588521: Current learning rate: 0.00218
2026-08-05 19:58:24.321960: train_loss -0.9002
2026-08-05 19:58:24.345065: val_loss -0.7683
2026-08-05 19:58:24.345243: Pseudo dice [np.float32(0.7234), np.float32(0.9346), np.float32(0.9375)]
2026-08-05 19:58:24.345477: Epoch time: 41.74 s
2026-08-05 19:58:25.236576: 
2026-08-05 19:58:25.237085: Epoch 817
2026-08-05 19:58:25.237300: Current learning rate: 0.00217
2026-08-05 19:59:10.502470: train_loss -0.8935
2026-08-05 19:59:10.502944: val_loss -0.7821
2026-08-05 19:59:10.503192: Pseudo dice [np.float32(0.7235), np.float32(0.9358), np.float32(0.9415)]
2026-08-05 19:59:10.503343: Epoch time: 45.27 s
2026-08-05 19:59:11.423303: 
2026-08-05 19:59:11.423728: Epoch 818
2026-08-05 19:59:11.423954: Current learning rate: 0.00216
2026-08-05 19:59:55.287468: train_loss -0.8817
2026-08-05 19:59:55.287837: val_loss -0.7748
2026-08-05 19:59:55.287978: Pseudo dice [np.float32(0.7118), np.float32(0.9345), np.float32(0.936)]
2026-08-05 19:59:55.288115: Epoch time: 43.87 s
2026-08-05 19:59:56.348989: 
2026-08-05 19:59:56.349331: Epoch 819
2026-08-05 19:59:56.349434: Current learning rate: 0.00215
2026-08-05 20:00:37.973825: train_loss -0.8964
2026-08-05 20:00:37.974074: val_loss -0.7816
2026-08-05 20:00:37.974127: Pseudo dice [np.float32(0.7234), np.float32(0.9401), np.float32(0.9395)]
2026-08-05 20:00:37.974194: Epoch time: 41.63 s
2026-08-05 20:00:39.305292: 
2026-08-05 20:00:39.305753: Epoch 820
2026-08-05 20:00:39.305966: Current learning rate: 0.00214
2026-08-05 20:01:20.460612: train_loss -0.8972
2026-08-05 20:01:20.465214: val_loss -0.774
2026-08-05 20:01:20.465456: Pseudo dice [np.float32(0.7109), np.float32(0.9358), np.float32(0.9359)]
2026-08-05 20:01:20.465622: Epoch time: 41.16 s
2026-08-05 20:01:21.290018: 
2026-08-05 20:01:21.290352: Epoch 821
2026-08-05 20:01:21.290498: Current learning rate: 0.00213
2026-08-05 20:02:02.567262: train_loss -0.8946
2026-08-05 20:02:02.567463: val_loss -0.7773
2026-08-05 20:02:02.567519: Pseudo dice [np.float32(0.7204), np.float32(0.934), np.float32(0.9376)]
2026-08-05 20:02:02.567578: Epoch time: 41.28 s
2026-08-05 20:02:03.516911: 
2026-08-05 20:02:03.517193: Epoch 822
2026-08-05 20:02:03.517346: Current learning rate: 0.00212
2026-08-05 20:02:45.808774: train_loss -0.8982
2026-08-05 20:02:45.811463: val_loss -0.7832
2026-08-05 20:02:45.811576: Pseudo dice [np.float32(0.7245), np.float32(0.9372), np.float32(0.9378)]
2026-08-05 20:02:45.811643: Epoch time: 42.3 s
2026-08-05 20:02:46.638277: 
2026-08-05 20:02:46.638464: Epoch 823
2026-08-05 20:02:46.638619: Current learning rate: 0.0021
2026-08-05 20:03:28.134269: train_loss -0.9018
2026-08-05 20:03:28.134742: val_loss -0.7772
2026-08-05 20:03:28.134887: Pseudo dice [np.float32(0.7174), np.float32(0.937), np.float32(0.9341)]
2026-08-05 20:03:28.134985: Epoch time: 41.5 s
2026-08-05 20:03:29.309992: 
2026-08-05 20:03:29.310579: Epoch 824
2026-08-05 20:03:29.310775: Current learning rate: 0.00209
2026-08-05 20:04:11.163164: train_loss -0.9033
2026-08-05 20:04:11.321741: val_loss -0.7775
2026-08-05 20:04:11.321993: Pseudo dice [np.float32(0.7208), np.float32(0.9399), np.float32(0.9384)]
2026-08-05 20:04:11.322145: Epoch time: 41.86 s
2026-08-05 20:04:12.449607: 
2026-08-05 20:04:12.450002: Epoch 825
2026-08-05 20:04:12.450100: Current learning rate: 0.00208
2026-08-05 20:04:54.201279: train_loss -0.9028
2026-08-05 20:04:54.240803: val_loss -0.7794
2026-08-05 20:04:54.241227: Pseudo dice [np.float32(0.7247), np.float32(0.9375), np.float32(0.9381)]
2026-08-05 20:04:54.241400: Epoch time: 41.75 s
2026-08-05 20:04:55.275934: 
2026-08-05 20:04:55.276287: Epoch 826
2026-08-05 20:04:55.276464: Current learning rate: 0.00207
2026-08-05 20:05:38.110527: train_loss -0.8978
2026-08-05 20:05:38.110843: val_loss -0.787
2026-08-05 20:05:38.110911: Pseudo dice [np.float32(0.7295), np.float32(0.9361), np.float32(0.9406)]
2026-08-05 20:05:38.110978: Epoch time: 42.84 s
2026-08-05 20:05:39.083465: 
2026-08-05 20:05:39.083838: Epoch 827
2026-08-05 20:05:39.084012: Current learning rate: 0.00206
2026-08-05 20:06:20.528180: train_loss -0.9004
2026-08-05 20:06:20.755014: val_loss -0.7831
2026-08-05 20:06:20.755370: Pseudo dice [np.float32(0.7241), np.float32(0.9397), np.float32(0.9384)]
2026-08-05 20:06:20.886101: Epoch time: 41.45 s
2026-08-05 20:06:21.663614: 
2026-08-05 20:06:21.664004: Epoch 828
2026-08-05 20:06:21.664110: Current learning rate: 0.00205
2026-08-05 20:07:03.348888: train_loss -0.9025
2026-08-05 20:07:03.349224: val_loss -0.7698
2026-08-05 20:07:03.349286: Pseudo dice [np.float32(0.7087), np.float32(0.9315), np.float32(0.9358)]
2026-08-05 20:07:03.349349: Epoch time: 41.69 s
2026-08-05 20:07:04.319988: 
2026-08-05 20:07:04.320356: Epoch 829
2026-08-05 20:07:04.320617: Current learning rate: 0.00204
2026-08-05 20:07:45.349586: train_loss -0.9028
2026-08-05 20:07:45.351733: val_loss -0.7825
2026-08-05 20:07:45.352211: Pseudo dice [np.float32(0.7173), np.float32(0.9366), np.float32(0.9391)]
2026-08-05 20:07:45.352396: Epoch time: 41.03 s
2026-08-05 20:07:46.181493: 
2026-08-05 20:07:46.181937: Epoch 830
2026-08-05 20:07:46.182063: Current learning rate: 0.00203
2026-08-05 20:08:28.473952: train_loss -0.9036
2026-08-05 20:08:28.493665: val_loss -0.7847
2026-08-05 20:08:28.493741: Pseudo dice [np.float32(0.7297), np.float32(0.9374), np.float32(0.9408)]
2026-08-05 20:08:28.493819: Epoch time: 42.3 s
2026-08-05 20:08:29.243833: 
2026-08-05 20:08:29.244198: Epoch 831
2026-08-05 20:08:29.244336: Current learning rate: 0.00202
2026-08-05 20:09:10.835733: train_loss -0.9051
2026-08-05 20:09:10.836292: val_loss -0.7807
2026-08-05 20:09:10.836350: Pseudo dice [np.float32(0.7261), np.float32(0.9382), np.float32(0.941)]
2026-08-05 20:09:10.836414: Epoch time: 41.59 s
2026-08-05 20:09:11.592603: 
2026-08-05 20:09:11.592878: Epoch 832
2026-08-05 20:09:11.593011: Current learning rate: 0.00201
2026-08-05 20:09:53.225962: train_loss -0.9057
2026-08-05 20:09:53.226374: val_loss -0.7799
2026-08-05 20:09:53.226483: Pseudo dice [np.float32(0.721), np.float32(0.9367), np.float32(0.9424)]
2026-08-05 20:09:53.226600: Epoch time: 41.64 s
2026-08-05 20:09:54.152270: 
2026-08-05 20:09:54.152580: Epoch 833
2026-08-05 20:09:54.152810: Current learning rate: 0.002
2026-08-05 20:10:36.017732: train_loss -0.9041
2026-08-05 20:10:36.018005: val_loss -0.7796
2026-08-05 20:10:36.018080: Pseudo dice [np.float32(0.7245), np.float32(0.9375), np.float32(0.942)]
2026-08-05 20:10:36.018158: Epoch time: 41.87 s
2026-08-05 20:10:36.965831: 
2026-08-05 20:10:36.966201: Epoch 834
2026-08-05 20:10:36.966335: Current learning rate: 0.00199
2026-08-05 20:11:18.098257: train_loss -0.9032
2026-08-05 20:11:18.098978: val_loss -0.7856
2026-08-05 20:11:18.099169: Pseudo dice [np.float32(0.7323), np.float32(0.9379), np.float32(0.942)]
2026-08-05 20:11:18.099244: Epoch time: 41.14 s
2026-08-05 20:11:18.858041: 
2026-08-05 20:11:18.858355: Epoch 835
2026-08-05 20:11:18.858499: Current learning rate: 0.00198
2026-08-05 20:12:00.436645: train_loss -0.9042
2026-08-05 20:12:00.437209: val_loss -0.764
2026-08-05 20:12:00.437346: Pseudo dice [np.float32(0.7155), np.float32(0.9361), np.float32(0.9336)]
2026-08-05 20:12:00.437490: Epoch time: 41.58 s
2026-08-05 20:12:01.245678: 
2026-08-05 20:12:01.246028: Epoch 836
2026-08-05 20:12:01.246135: Current learning rate: 0.00196
2026-08-05 20:12:42.481488: train_loss -0.9054
2026-08-05 20:12:42.500719: val_loss -0.7824
2026-08-05 20:12:42.500926: Pseudo dice [np.float32(0.7261), np.float32(0.9378), np.float32(0.9424)]
2026-08-05 20:12:42.501001: Epoch time: 41.24 s
2026-08-05 20:12:43.260401: 
2026-08-05 20:12:43.260690: Epoch 837
2026-08-05 20:12:43.260825: Current learning rate: 0.00195
2026-08-05 20:13:24.071824: train_loss -0.9046
2026-08-05 20:13:24.072227: val_loss -0.7849
2026-08-05 20:13:24.072446: Pseudo dice [np.float32(0.722), np.float32(0.939), np.float32(0.9407)]
2026-08-05 20:13:24.072596: Epoch time: 40.81 s
2026-08-05 20:13:24.863716: 
2026-08-05 20:13:24.863922: Epoch 838
2026-08-05 20:13:24.864177: Current learning rate: 0.00194
2026-08-05 20:14:06.287415: train_loss -0.9068
2026-08-05 20:14:06.288588: val_loss -0.7809
2026-08-05 20:14:06.288958: Pseudo dice [np.float32(0.7239), np.float32(0.9405), np.float32(0.9397)]
2026-08-05 20:14:06.289091: Epoch time: 41.43 s
2026-08-05 20:14:07.206271: 
2026-08-05 20:14:07.206460: Epoch 839
2026-08-05 20:14:07.206641: Current learning rate: 0.00193
2026-08-05 20:14:56.236459: train_loss -0.9057
2026-08-05 20:14:56.236767: val_loss -0.7873
2026-08-05 20:14:56.236830: Pseudo dice [np.float32(0.7333), np.float32(0.9385), np.float32(0.9436)]
2026-08-05 20:14:56.236907: Epoch time: 49.03 s
2026-08-05 20:14:57.409193: 
2026-08-05 20:14:57.409530: Epoch 840
2026-08-05 20:14:57.409661: Current learning rate: 0.00192
2026-08-05 20:15:41.086514: train_loss -0.9041
2026-08-05 20:15:41.092433: val_loss -0.7777
2026-08-05 20:15:41.092583: Pseudo dice [np.float32(0.7177), np.float32(0.9375), np.float32(0.9352)]
2026-08-05 20:15:41.092721: Epoch time: 43.68 s
2026-08-05 20:15:42.008794: 
2026-08-05 20:15:42.009246: Epoch 841
2026-08-05 20:15:42.009363: Current learning rate: 0.00191
2026-08-05 20:16:23.440585: train_loss -0.9082
2026-08-05 20:16:23.579756: val_loss -0.7874
2026-08-05 20:16:23.580052: Pseudo dice [np.float32(0.7347), np.float32(0.9414), np.float32(0.9427)]
2026-08-05 20:16:23.580198: Epoch time: 41.44 s
2026-08-05 20:16:24.576783: 
2026-08-05 20:16:24.577240: Epoch 842
2026-08-05 20:16:24.577411: Current learning rate: 0.0019
2026-08-05 20:17:06.109367: train_loss -0.91
2026-08-05 20:17:06.110096: val_loss -0.7803
2026-08-05 20:17:06.110238: Pseudo dice [np.float32(0.7246), np.float32(0.9378), np.float32(0.9398)]
2026-08-05 20:17:06.110383: Epoch time: 41.54 s
2026-08-05 20:17:07.002193: 
2026-08-05 20:17:07.002517: Epoch 843
2026-08-05 20:17:07.002615: Current learning rate: 0.00189
2026-08-05 20:17:48.623173: train_loss -0.9073
2026-08-05 20:17:48.623713: val_loss -0.7746
2026-08-05 20:17:48.623826: Pseudo dice [np.float32(0.7187), np.float32(0.9302), np.float32(0.9416)]
2026-08-05 20:17:48.623921: Epoch time: 41.62 s
2026-08-05 20:17:49.581224: 
2026-08-05 20:17:49.581667: Epoch 844
2026-08-05 20:17:49.581784: Current learning rate: 0.00188
2026-08-05 20:18:31.046740: train_loss -0.9078
2026-08-05 20:18:31.047053: val_loss -0.7845
2026-08-05 20:18:31.047126: Pseudo dice [np.float32(0.728), np.float32(0.942), np.float32(0.9387)]
2026-08-05 20:18:31.047193: Epoch time: 41.47 s
2026-08-05 20:18:32.061087: 
2026-08-05 20:18:32.061528: Epoch 845
2026-08-05 20:18:32.061683: Current learning rate: 0.00187
2026-08-05 20:19:13.550600: train_loss -0.9058
2026-08-05 20:19:13.550872: val_loss -0.7786
2026-08-05 20:19:13.550953: Pseudo dice [np.float32(0.7248), np.float32(0.9395), np.float32(0.9385)]
2026-08-05 20:19:13.551034: Epoch time: 41.49 s
2026-08-05 20:19:14.648798: 
2026-08-05 20:19:14.649181: Epoch 846
2026-08-05 20:19:14.649280: Current learning rate: 0.00186
2026-08-05 20:19:56.051513: train_loss -0.9064
2026-08-05 20:19:56.051956: val_loss -0.7862
2026-08-05 20:19:56.052109: Pseudo dice [np.float32(0.7318), np.float32(0.9418), np.float32(0.9436)]
2026-08-05 20:19:56.052255: Epoch time: 41.41 s
2026-08-05 20:19:57.386251: 
2026-08-05 20:19:57.386557: Epoch 847
2026-08-05 20:19:57.386655: Current learning rate: 0.00185
2026-08-05 20:20:38.738338: train_loss -0.9065
2026-08-05 20:20:38.738633: val_loss -0.7803
2026-08-05 20:20:38.738708: Pseudo dice [np.float32(0.734), np.float32(0.9379), np.float32(0.9433)]
2026-08-05 20:20:38.738770: Epoch time: 41.35 s
2026-08-05 20:20:39.699184: 
2026-08-05 20:20:39.699494: Epoch 848
2026-08-05 20:20:39.699660: Current learning rate: 0.00184
2026-08-05 20:21:21.077378: train_loss -0.9069
2026-08-05 20:21:21.114202: val_loss -0.7844
2026-08-05 20:21:21.114389: Pseudo dice [np.float32(0.7271), np.float32(0.9399), np.float32(0.9399)]
2026-08-05 20:21:21.114468: Epoch time: 41.38 s
2026-08-05 20:21:21.923711: 
2026-08-05 20:21:21.923979: Epoch 849
2026-08-05 20:21:21.924206: Current learning rate: 0.00182
2026-08-05 20:22:03.301424: train_loss -0.9089
2026-08-05 20:22:03.301629: val_loss -0.7816
2026-08-05 20:22:03.301684: Pseudo dice [np.float32(0.7276), np.float32(0.9391), np.float32(0.9397)]
2026-08-05 20:22:03.301748: Epoch time: 41.38 s
2026-08-05 20:22:12.996481: 
2026-08-05 20:22:13.280979: Epoch 850
2026-08-05 20:22:13.281290: Current learning rate: 0.00181
2026-08-05 20:22:54.714273: train_loss -0.9076
2026-08-05 20:22:54.949545: val_loss -0.7651
2026-08-05 20:22:54.949778: Pseudo dice [np.float32(0.7131), np.float32(0.9333), np.float32(0.9371)]
2026-08-05 20:22:54.949936: Epoch time: 41.72 s
2026-08-05 20:22:55.784320: 
2026-08-05 20:22:55.784509: Epoch 851
2026-08-05 20:22:55.784776: Current learning rate: 0.0018
2026-08-05 20:24:02.867559: train_loss -0.9098
2026-08-05 20:24:02.935116: val_loss -0.7685
2026-08-05 20:24:02.935408: Pseudo dice [np.float32(0.7189), np.float32(0.9355), np.float32(0.9383)]
2026-08-05 20:24:02.935555: Epoch time: 67.09 s
2026-08-05 20:24:03.942201: 
2026-08-05 20:24:03.942697: Epoch 852
2026-08-05 20:24:03.942809: Current learning rate: 0.00179
2026-08-05 20:24:45.358208: train_loss -0.9089
2026-08-05 20:24:45.359003: val_loss -0.7733
2026-08-05 20:24:45.359165: Pseudo dice [np.float32(0.723), np.float32(0.9359), np.float32(0.9418)]
2026-08-05 20:24:45.359311: Epoch time: 41.42 s
2026-08-05 20:24:46.149823: 
2026-08-05 20:24:46.150100: Epoch 853
2026-08-05 20:24:46.150245: Current learning rate: 0.00178
2026-08-05 20:25:27.562738: train_loss -0.907
2026-08-05 20:25:27.631741: val_loss -0.7585
2026-08-05 20:25:27.632089: Pseudo dice [np.float32(0.7133), np.float32(0.9297), np.float32(0.9375)]
2026-08-05 20:25:27.632248: Epoch time: 41.42 s
2026-08-05 20:25:28.829471: 
2026-08-05 20:25:28.829845: Epoch 854
2026-08-05 20:25:28.829993: Current learning rate: 0.00177
2026-08-05 20:26:10.404767: train_loss -0.9018
2026-08-05 20:26:10.405368: val_loss -0.7798
2026-08-05 20:26:10.405460: Pseudo dice [np.float32(0.7298), np.float32(0.9356), np.float32(0.9429)]
2026-08-05 20:26:10.405591: Epoch time: 41.58 s
2026-08-05 20:26:11.160261: 
2026-08-05 20:26:11.160534: Epoch 855
2026-08-05 20:26:11.160805: Current learning rate: 0.00176
2026-08-05 20:26:52.983774: train_loss -0.9044
2026-08-05 20:26:53.053024: val_loss -0.7757
2026-08-05 20:26:53.053275: Pseudo dice [np.float32(0.7193), np.float32(0.9375), np.float32(0.9348)]
2026-08-05 20:26:53.053368: Epoch time: 41.83 s
2026-08-05 20:26:53.960671: 
2026-08-05 20:26:53.961025: Epoch 856
2026-08-05 20:26:53.961139: Current learning rate: 0.00175
2026-08-05 20:27:35.603652: train_loss -0.9077
2026-08-05 20:27:35.605429: val_loss -0.7795
2026-08-05 20:27:35.605580: Pseudo dice [np.float32(0.7291), np.float32(0.938), np.float32(0.9388)]
2026-08-05 20:27:35.605716: Epoch time: 41.65 s
2026-08-05 20:27:36.549421: 
2026-08-05 20:27:36.549905: Epoch 857
2026-08-05 20:27:36.550083: Current learning rate: 0.00174
2026-08-05 20:28:18.308456: train_loss -0.9085
2026-08-05 20:28:18.309042: val_loss -0.7801
2026-08-05 20:28:18.309183: Pseudo dice [np.float32(0.7181), np.float32(0.94), np.float32(0.9379)]
2026-08-05 20:28:18.309265: Epoch time: 41.76 s
2026-08-05 20:28:19.101152: 
2026-08-05 20:28:19.101384: Epoch 858
2026-08-05 20:28:19.101680: Current learning rate: 0.00173
2026-08-05 20:29:00.690196: train_loss -0.905
2026-08-05 20:29:00.690734: val_loss -0.7839
2026-08-05 20:29:00.690911: Pseudo dice [np.float32(0.735), np.float32(0.9412), np.float32(0.9404)]
2026-08-05 20:29:00.691043: Epoch time: 41.59 s
2026-08-05 20:29:01.651225: 
2026-08-05 20:29:01.651514: Epoch 859
2026-08-05 20:29:01.651648: Current learning rate: 0.00172
2026-08-05 20:29:42.678768: train_loss -0.9093
2026-08-05 20:29:42.678983: val_loss -0.7737
2026-08-05 20:29:42.679098: Pseudo dice [np.float32(0.723), np.float32(0.9367), np.float32(0.9374)]
2026-08-05 20:29:42.679202: Epoch time: 41.03 s
2026-08-05 20:29:43.519573: 
2026-08-05 20:29:43.519936: Epoch 860
2026-08-05 20:29:43.520116: Current learning rate: 0.0017
2026-08-05 20:30:25.030775: train_loss -0.9063
2026-08-05 20:30:25.031064: val_loss -0.788
2026-08-05 20:30:25.031115: Pseudo dice [np.float32(0.7383), np.float32(0.9401), np.float32(0.9439)]
2026-08-05 20:30:25.031177: Epoch time: 41.51 s
2026-08-05 20:30:26.426871: 
2026-08-05 20:30:26.427222: Epoch 861
2026-08-05 20:30:26.427381: Current learning rate: 0.00169
2026-08-05 20:31:08.137519: train_loss -0.9122
2026-08-05 20:31:08.137867: val_loss -0.7822
2026-08-05 20:31:08.137936: Pseudo dice [np.float32(0.7264), np.float32(0.9387), np.float32(0.9452)]
2026-08-05 20:31:08.138020: Epoch time: 41.71 s
2026-08-05 20:31:09.130839: 
2026-08-05 20:31:09.131337: Epoch 862
2026-08-05 20:31:09.131480: Current learning rate: 0.00168
2026-08-05 20:31:50.747401: train_loss -0.9094
2026-08-05 20:31:50.747832: val_loss -0.775
2026-08-05 20:31:50.748003: Pseudo dice [np.float32(0.7244), np.float32(0.9386), np.float32(0.9394)]
2026-08-05 20:31:50.748185: Epoch time: 41.62 s
2026-08-05 20:31:51.683307: 
2026-08-05 20:31:51.683563: Epoch 863
2026-08-05 20:31:51.683672: Current learning rate: 0.00167
2026-08-05 20:32:37.262117: train_loss -0.9051
2026-08-05 20:32:37.262462: val_loss -0.7651
2026-08-05 20:32:37.262524: Pseudo dice [np.float32(0.72), np.float32(0.937), np.float32(0.9404)]
2026-08-05 20:32:37.262595: Epoch time: 45.58 s
2026-08-05 20:32:38.277426: 
2026-08-05 20:32:38.277738: Epoch 864
2026-08-05 20:32:38.277877: Current learning rate: 0.00166
2026-08-05 20:33:19.447238: train_loss -0.9081
2026-08-05 20:33:19.447994: val_loss -0.7809
2026-08-05 20:33:19.448126: Pseudo dice [np.float32(0.7294), np.float32(0.938), np.float32(0.9439)]
2026-08-05 20:33:19.448250: Epoch time: 41.17 s
2026-08-05 20:33:20.275298: 
2026-08-05 20:33:20.275632: Epoch 865
2026-08-05 20:33:20.275775: Current learning rate: 0.00165
2026-08-05 20:34:01.885189: train_loss -0.9118
2026-08-05 20:34:01.885576: val_loss -0.7743
2026-08-05 20:34:01.885643: Pseudo dice [np.float32(0.7245), np.float32(0.9375), np.float32(0.9409)]
2026-08-05 20:34:01.885719: Epoch time: 41.61 s
2026-08-05 20:34:02.902038: 
2026-08-05 20:34:02.902508: Epoch 866
2026-08-05 20:34:02.902693: Current learning rate: 0.00164
2026-08-05 20:34:43.795947: train_loss -0.9079
2026-08-05 20:34:43.796240: val_loss -0.7746
2026-08-05 20:34:43.796311: Pseudo dice [np.float32(0.7272), np.float32(0.9384), np.float32(0.9405)]
2026-08-05 20:34:43.796377: Epoch time: 40.9 s
2026-08-05 20:34:44.528696: 
2026-08-05 20:34:44.529113: Epoch 867
2026-08-05 20:34:44.529221: Current learning rate: 0.00163
2026-08-05 20:36:02.142749: train_loss -0.9059
2026-08-05 20:36:03.299981: val_loss -0.7846
2026-08-05 20:36:03.300181: Pseudo dice [np.float32(0.7262), np.float32(0.9347), np.float32(0.941)]
2026-08-05 20:36:03.300318: Epoch time: 77.62 s
2026-08-05 20:36:08.112971: 
2026-08-05 20:36:08.113309: Epoch 868
2026-08-05 20:36:08.113487: Current learning rate: 0.00162
2026-08-05 20:36:49.459191: train_loss -0.909
2026-08-05 20:36:49.459715: val_loss -0.7707
2026-08-05 20:36:49.459820: Pseudo dice [np.float32(0.7217), np.float32(0.9311), np.float32(0.9394)]
2026-08-05 20:36:49.459953: Epoch time: 41.35 s
2026-08-05 20:36:50.275339: 
2026-08-05 20:36:50.275726: Epoch 869
2026-08-05 20:36:50.275835: Current learning rate: 0.00161
2026-08-05 20:37:47.604932: train_loss -0.909
2026-08-05 20:37:47.605362: val_loss -0.7728
2026-08-05 20:37:47.605495: Pseudo dice [np.float32(0.7172), np.float32(0.9334), np.float32(0.9368)]
2026-08-05 20:37:47.605606: Epoch time: 57.33 s
2026-08-05 20:37:50.428601: 
2026-08-05 20:37:50.429131: Epoch 870
2026-08-05 20:37:50.429313: Current learning rate: 0.00159
2026-08-05 20:38:42.114015: train_loss -0.9018
2026-08-05 20:38:42.123882: val_loss -0.793
2026-08-05 20:38:42.123997: Pseudo dice [np.float32(0.7386), np.float32(0.9394), np.float32(0.9445)]
2026-08-05 20:38:42.124087: Epoch time: 51.69 s
2026-08-05 20:38:43.167019: 
2026-08-05 20:38:43.167371: Epoch 871
2026-08-05 20:38:43.167555: Current learning rate: 0.00158
2026-08-05 20:39:33.136474: train_loss -0.9041
2026-08-05 20:39:33.157275: val_loss -0.7863
2026-08-05 20:39:33.157393: Pseudo dice [np.float32(0.7349), np.float32(0.9367), np.float32(0.9426)]
2026-08-05 20:39:33.157492: Epoch time: 49.97 s
2026-08-05 20:39:34.012696: 
2026-08-05 20:39:34.013077: Epoch 872
2026-08-05 20:39:34.013208: Current learning rate: 0.00157
2026-08-05 20:40:15.432602: train_loss -0.9079
2026-08-05 20:40:15.611566: val_loss -0.7772
2026-08-05 20:40:15.611750: Pseudo dice [np.float32(0.7308), np.float32(0.9375), np.float32(0.9415)]
2026-08-05 20:40:15.611845: Epoch time: 41.42 s
2026-08-05 20:40:16.528761: 
2026-08-05 20:40:16.529155: Epoch 873
2026-08-05 20:40:16.529261: Current learning rate: 0.00156
2026-08-05 20:40:58.271215: train_loss -0.9073
2026-08-05 20:40:58.271792: val_loss -0.772
2026-08-05 20:40:58.271862: Pseudo dice [np.float32(0.7202), np.float32(0.9381), np.float32(0.9369)]
2026-08-05 20:40:58.271958: Epoch time: 41.75 s
2026-08-05 20:40:59.218215: 
2026-08-05 20:40:59.218741: Epoch 874
2026-08-05 20:40:59.218858: Current learning rate: 0.00155
2026-08-05 20:41:42.915530: train_loss -0.9083
2026-08-05 20:41:42.915842: val_loss -0.7805
2026-08-05 20:41:42.915927: Pseudo dice [np.float32(0.7272), np.float32(0.9432), np.float32(0.9399)]
2026-08-05 20:41:42.916005: Epoch time: 43.7 s
2026-08-05 20:41:44.449127: 
2026-08-05 20:41:44.449509: Epoch 875
2026-08-05 20:41:44.449640: Current learning rate: 0.00154
2026-08-05 20:42:25.404408: train_loss -0.9094
2026-08-05 20:42:25.404726: val_loss -0.7859
2026-08-05 20:42:25.404798: Pseudo dice [np.float32(0.7315), np.float32(0.9407), np.float32(0.9424)]
2026-08-05 20:42:25.404885: Epoch time: 40.96 s
2026-08-05 20:42:26.392254: 
2026-08-05 20:42:26.392754: Epoch 876
2026-08-05 20:42:26.392973: Current learning rate: 0.00153
2026-08-05 20:43:07.514588: train_loss -0.9076
2026-08-05 20:43:07.515577: val_loss -0.7793
2026-08-05 20:43:07.515670: Pseudo dice [np.float32(0.7337), np.float32(0.9348), np.float32(0.9458)]
2026-08-05 20:43:07.515760: Epoch time: 41.13 s
2026-08-05 20:43:08.658150: 
2026-08-05 20:43:08.658430: Epoch 877
2026-08-05 20:43:08.658661: Current learning rate: 0.00152
2026-08-05 20:43:50.974860: train_loss -0.9046
2026-08-05 20:43:50.987318: val_loss -0.7802
2026-08-05 20:43:50.987417: Pseudo dice [np.float32(0.7262), np.float32(0.9345), np.float32(0.9411)]
2026-08-05 20:43:50.987492: Epoch time: 42.32 s
2026-08-05 20:43:51.972255: 
2026-08-05 20:43:51.972764: Epoch 878
2026-08-05 20:43:51.972889: Current learning rate: 0.00151
2026-08-05 20:44:33.637954: train_loss -0.9078
2026-08-05 20:44:33.814713: val_loss -0.7857
2026-08-05 20:44:33.814865: Pseudo dice [np.float32(0.7259), np.float32(0.9426), np.float32(0.9403)]
2026-08-05 20:44:33.814998: Epoch time: 41.67 s
2026-08-05 20:44:34.800825: 
2026-08-05 20:44:34.801450: Epoch 879
2026-08-05 20:44:34.801603: Current learning rate: 0.00149
2026-08-05 20:45:16.260073: train_loss -0.9111
2026-08-05 20:45:16.260699: val_loss -0.7849
2026-08-05 20:45:16.260762: Pseudo dice [np.float32(0.7313), np.float32(0.9373), np.float32(0.9415)]
2026-08-05 20:45:16.260831: Epoch time: 41.46 s
2026-08-05 20:45:17.165054: 
2026-08-05 20:45:17.165299: Epoch 880
2026-08-05 20:45:17.165428: Current learning rate: 0.00148
2026-08-05 20:45:58.859624: train_loss -0.9096
2026-08-05 20:45:58.860185: val_loss -0.7839
2026-08-05 20:45:58.860275: Pseudo dice [np.float32(0.7328), np.float32(0.9354), np.float32(0.9412)]
2026-08-05 20:45:58.860442: Epoch time: 41.7 s
2026-08-05 20:45:59.942757: 
2026-08-05 20:45:59.943192: Epoch 881
2026-08-05 20:45:59.943322: Current learning rate: 0.00147
2026-08-05 20:46:41.801735: train_loss -0.9096
2026-08-05 20:46:41.802330: val_loss -0.7715
2026-08-05 20:46:41.802392: Pseudo dice [np.float32(0.7207), np.float32(0.9395), np.float32(0.9372)]
2026-08-05 20:46:41.802472: Epoch time: 41.86 s
2026-08-05 20:46:49.275662: 
2026-08-05 20:46:49.276278: Epoch 882
2026-08-05 20:46:49.276404: Current learning rate: 0.00146
2026-08-05 20:47:31.005316: train_loss -0.9122
2026-08-05 20:47:31.005604: val_loss -0.7799
2026-08-05 20:47:31.005670: Pseudo dice [np.float32(0.7246), np.float32(0.9376), np.float32(0.9386)]
2026-08-05 20:47:31.005739: Epoch time: 41.73 s
2026-08-05 20:47:32.260987: 
2026-08-05 20:47:32.261360: Epoch 883
2026-08-05 20:47:32.261616: Current learning rate: 0.00145
2026-08-05 20:48:13.771526: train_loss -0.9095
2026-08-05 20:48:13.772234: val_loss -0.7762
2026-08-05 20:48:13.772394: Pseudo dice [np.float32(0.7179), np.float32(0.9351), np.float32(0.9387)]
2026-08-05 20:48:13.772534: Epoch time: 41.51 s
2026-08-05 20:48:14.772800: 
2026-08-05 20:48:14.773145: Epoch 884
2026-08-05 20:48:14.773275: Current learning rate: 0.00144
2026-08-05 20:48:56.523529: train_loss -0.9099
2026-08-05 20:48:56.524455: val_loss -0.7758
2026-08-05 20:48:56.524598: Pseudo dice [np.float32(0.7238), np.float32(0.9404), np.float32(0.9385)]
2026-08-05 20:48:56.524734: Epoch time: 41.75 s
2026-08-05 20:48:57.681018: 
2026-08-05 20:48:57.681430: Epoch 885
2026-08-05 20:48:57.681573: Current learning rate: 0.00143
2026-08-05 20:49:39.221351: train_loss -0.9116
2026-08-05 20:49:39.479158: val_loss -0.7873
2026-08-05 20:49:39.479351: Pseudo dice [np.float32(0.7286), np.float32(0.9435), np.float32(0.9404)]
2026-08-05 20:49:39.479442: Epoch time: 41.54 s
2026-08-05 20:49:40.391552: 
2026-08-05 20:49:40.391863: Epoch 886
2026-08-05 20:49:40.392004: Current learning rate: 0.00142
2026-08-05 20:50:25.694117: train_loss -0.9041
2026-08-05 20:50:25.707830: val_loss -0.7893
2026-08-05 20:50:25.707938: Pseudo dice [np.float32(0.7292), np.float32(0.9392), np.float32(0.9433)]
2026-08-05 20:50:25.708111: Epoch time: 45.31 s
2026-08-05 20:50:26.678029: 
2026-08-05 20:50:26.678453: Epoch 887
2026-08-05 20:50:26.678578: Current learning rate: 0.00141
2026-08-05 20:51:09.623522: train_loss -0.9099
2026-08-05 20:51:10.173773: val_loss -0.782
2026-08-05 20:51:10.174097: Pseudo dice [np.float32(0.7267), np.float32(0.9384), np.float32(0.9431)]
2026-08-05 20:51:10.174231: Epoch time: 42.95 s
2026-08-05 20:51:10.961815: 
2026-08-05 20:51:10.962171: Epoch 888
2026-08-05 20:51:10.962327: Current learning rate: 0.00139
2026-08-05 20:51:52.305943: train_loss -0.9106
2026-08-05 20:51:52.334656: val_loss -0.7758
2026-08-05 20:51:52.334952: Pseudo dice [np.float32(0.7316), np.float32(0.9392), np.float32(0.942)]
2026-08-05 20:51:52.335086: Epoch time: 41.35 s
2026-08-05 20:51:53.168722: 
2026-08-05 20:51:53.169019: Epoch 889
2026-08-05 20:51:53.169126: Current learning rate: 0.00138
2026-08-05 20:52:38.663751: train_loss -0.9102
2026-08-05 20:52:38.664274: val_loss -0.7833
2026-08-05 20:52:38.664347: Pseudo dice [np.float32(0.7321), np.float32(0.9382), np.float32(0.9438)]
2026-08-05 20:52:38.664407: Epoch time: 45.5 s
2026-08-05 20:52:39.440715: 
2026-08-05 20:52:39.441063: Epoch 890
2026-08-05 20:52:39.441171: Current learning rate: 0.00137
2026-08-05 20:53:20.892630: train_loss -0.9117
2026-08-05 20:53:20.893126: val_loss -0.7883
2026-08-05 20:53:20.893258: Pseudo dice [np.float32(0.7352), np.float32(0.9416), np.float32(0.9426)]
2026-08-05 20:53:20.893528: Epoch time: 41.45 s
2026-08-05 20:53:21.816014: 
2026-08-05 20:53:21.816378: Epoch 891
2026-08-05 20:53:21.816490: Current learning rate: 0.00136
2026-08-05 20:54:03.394323: train_loss -0.9136
2026-08-05 20:54:03.407376: val_loss -0.7799
2026-08-05 20:54:03.407457: Pseudo dice [np.float32(0.7212), np.float32(0.9336), np.float32(0.9395)]
2026-08-05 20:54:03.407548: Epoch time: 41.58 s
2026-08-05 20:54:04.176378: 
2026-08-05 20:54:04.176734: Epoch 892
2026-08-05 20:54:04.176829: Current learning rate: 0.00135
2026-08-05 20:54:45.494041: train_loss -0.9123
2026-08-05 20:54:45.495358: val_loss -0.7838
2026-08-05 20:54:45.495424: Pseudo dice [np.float32(0.7328), np.float32(0.9402), np.float32(0.943)]
2026-08-05 20:54:45.495489: Epoch time: 41.32 s
2026-08-05 20:54:46.675491: 
2026-08-05 20:54:46.675785: Epoch 893
2026-08-05 20:54:46.675963: Current learning rate: 0.00134
2026-08-05 20:55:28.101369: train_loss -0.9109
2026-08-05 20:55:28.102532: val_loss -0.7823
2026-08-05 20:55:28.102600: Pseudo dice [np.float32(0.7351), np.float32(0.9404), np.float32(0.9448)]
2026-08-05 20:55:28.102685: Epoch time: 41.43 s
2026-08-05 20:55:28.102734: Yayy! New best EMA pseudo Dice: 0.869700014591217
2026-08-05 20:55:37.474603: 
2026-08-05 20:55:37.652493: Epoch 894
2026-08-05 20:55:37.652761: Current learning rate: 0.00133
2026-08-05 20:56:18.962099: train_loss -0.9132
2026-08-05 20:56:19.161304: val_loss -0.7769
2026-08-05 20:56:19.161607: Pseudo dice [np.float32(0.7213), np.float32(0.9334), np.float32(0.9389)]
2026-08-05 20:56:19.161793: Epoch time: 41.49 s
2026-08-05 20:56:20.005377: 
2026-08-05 20:56:20.005733: Epoch 895
2026-08-05 20:56:20.005861: Current learning rate: 0.00132
2026-08-05 20:57:01.323190: train_loss -0.9127
2026-08-05 20:57:01.323428: val_loss -0.7804
2026-08-05 20:57:01.323483: Pseudo dice [np.float32(0.7293), np.float32(0.9365), np.float32(0.9451)]
2026-08-05 20:57:01.323546: Epoch time: 41.32 s
2026-08-05 20:57:03.879796: 
2026-08-05 20:57:03.880053: Epoch 896
2026-08-05 20:57:03.880370: Current learning rate: 0.0013
2026-08-05 20:57:45.567430: train_loss -0.9113
2026-08-05 20:57:45.567672: val_loss -0.7798
2026-08-05 20:57:45.567730: Pseudo dice [np.float32(0.728), np.float32(0.9376), np.float32(0.9404)]
2026-08-05 20:57:45.567943: Epoch time: 41.69 s
2026-08-05 20:57:46.342952: 
2026-08-05 20:57:46.343265: Epoch 897
2026-08-05 20:57:46.343435: Current learning rate: 0.00129
2026-08-05 20:58:27.639133: train_loss -0.9121
2026-08-05 20:58:27.639556: val_loss -0.7784
2026-08-05 20:58:27.639660: Pseudo dice [np.float32(0.729), np.float32(0.9393), np.float32(0.9381)]
2026-08-05 20:58:27.639740: Epoch time: 41.3 s
2026-08-05 20:58:28.416772: 
2026-08-05 20:58:28.417105: Epoch 898
2026-08-05 20:58:28.417336: Current learning rate: 0.00128
2026-08-05 20:59:09.687032: train_loss -0.9138
2026-08-05 20:59:09.687292: val_loss -0.7674
2026-08-05 20:59:09.687352: Pseudo dice [np.float32(0.72), np.float32(0.935), np.float32(0.9384)]
2026-08-05 20:59:09.687423: Epoch time: 41.27 s
2026-08-05 20:59:10.642761: 
2026-08-05 20:59:10.643076: Epoch 899
2026-08-05 20:59:10.643201: Current learning rate: 0.00127
2026-08-05 20:59:54.277899: train_loss -0.9103
2026-08-05 20:59:54.278185: val_loss -0.7791
2026-08-05 20:59:54.278247: Pseudo dice [np.float32(0.7273), np.float32(0.9389), np.float32(0.9435)]
2026-08-05 20:59:54.278312: Epoch time: 43.64 s
2026-08-05 21:00:02.186193: 
2026-08-05 21:00:02.186485: Epoch 900
2026-08-05 21:00:02.186626: Current learning rate: 0.00126
2026-08-05 21:00:43.971676: train_loss -0.9125
2026-08-05 21:00:43.971908: val_loss -0.7664
2026-08-05 21:00:43.971969: Pseudo dice [np.float32(0.722), np.float32(0.9328), np.float32(0.9413)]
2026-08-05 21:00:43.972036: Epoch time: 41.79 s
2026-08-05 21:00:44.951232: 
2026-08-05 21:00:44.951537: Epoch 901
2026-08-05 21:00:44.951730: Current learning rate: 0.00125
2026-08-05 21:01:26.084097: train_loss -0.9109
2026-08-05 21:01:26.084267: val_loss -0.7769
2026-08-05 21:01:26.084319: Pseudo dice [np.float32(0.7208), np.float32(0.934), np.float32(0.9377)]
2026-08-05 21:01:26.084375: Epoch time: 41.14 s
2026-08-05 21:01:26.848782: 
2026-08-05 21:01:26.849097: Epoch 902
2026-08-05 21:01:26.849340: Current learning rate: 0.00124
2026-08-05 21:02:09.558830: train_loss -0.9125
2026-08-05 21:02:09.559154: val_loss -0.7716
2026-08-05 21:02:09.559209: Pseudo dice [np.float32(0.7223), np.float32(0.9371), np.float32(0.9399)]
2026-08-05 21:02:09.559268: Epoch time: 42.71 s
2026-08-05 21:02:10.344403: 
2026-08-05 21:02:10.344859: Epoch 903
2026-08-05 21:02:10.344977: Current learning rate: 0.00122
2026-08-05 21:02:51.731954: train_loss -0.9137
2026-08-05 21:02:51.732289: val_loss -0.7701
2026-08-05 21:02:51.732425: Pseudo dice [np.float32(0.7213), np.float32(0.9327), np.float32(0.9425)]
2026-08-05 21:02:51.732549: Epoch time: 41.39 s
2026-08-05 21:02:52.566728: 
2026-08-05 21:02:52.566984: Epoch 904
2026-08-05 21:02:52.567125: Current learning rate: 0.00121
2026-08-05 21:03:33.660300: train_loss -0.9143
2026-08-05 21:03:33.661201: val_loss -0.768
2026-08-05 21:03:33.661403: Pseudo dice [np.float32(0.7206), np.float32(0.9352), np.float32(0.9396)]
2026-08-05 21:03:33.661584: Epoch time: 41.1 s
2026-08-05 21:03:34.496281: 
2026-08-05 21:03:34.496541: Epoch 905
2026-08-05 21:03:34.496679: Current learning rate: 0.0012
2026-08-05 21:04:15.771835: train_loss -0.9138
2026-08-05 21:04:15.772134: val_loss -0.7813
2026-08-05 21:04:15.772217: Pseudo dice [np.float32(0.7312), np.float32(0.9359), np.float32(0.9411)]
2026-08-05 21:04:15.772294: Epoch time: 41.28 s
2026-08-05 21:04:16.579394: 
2026-08-05 21:04:16.579706: Epoch 906
2026-08-05 21:04:16.579817: Current learning rate: 0.00119
2026-08-05 21:04:57.904114: train_loss -0.9135
2026-08-05 21:04:57.904398: val_loss -0.7813
2026-08-05 21:04:57.904464: Pseudo dice [np.float32(0.7349), np.float32(0.9337), np.float32(0.9484)]
2026-08-05 21:04:57.904523: Epoch time: 41.33 s
2026-08-05 21:04:58.717275: 
2026-08-05 21:04:58.717530: Epoch 907
2026-08-05 21:04:58.717694: Current learning rate: 0.00118
2026-08-05 21:05:40.205802: train_loss -0.9127
2026-08-05 21:05:40.206640: val_loss -0.7753
2026-08-05 21:05:40.206778: Pseudo dice [np.float32(0.722), np.float32(0.9404), np.float32(0.9387)]
2026-08-05 21:05:40.206917: Epoch time: 41.49 s
2026-08-05 21:05:41.132135: 
2026-08-05 21:05:41.132514: Epoch 908
2026-08-05 21:05:41.132625: Current learning rate: 0.00117
2026-08-05 21:06:22.815230: train_loss -0.9139
2026-08-05 21:06:22.816629: val_loss -0.7726
2026-08-05 21:06:22.816785: Pseudo dice [np.float32(0.7217), np.float32(0.9399), np.float32(0.9384)]
2026-08-05 21:06:22.816922: Epoch time: 41.69 s
2026-08-05 21:06:23.617480: 
2026-08-05 21:06:23.617904: Epoch 909
2026-08-05 21:06:23.618006: Current learning rate: 0.00116
2026-08-05 21:07:05.919365: train_loss -0.9128
2026-08-05 21:07:05.919580: val_loss -0.7832
2026-08-05 21:07:05.919644: Pseudo dice [np.float32(0.7367), np.float32(0.9399), np.float32(0.9445)]
2026-08-05 21:07:05.919713: Epoch time: 42.3 s
2026-08-05 21:07:06.851763: 
2026-08-05 21:07:06.852170: Epoch 910
2026-08-05 21:07:06.852306: Current learning rate: 0.00115
2026-08-05 21:07:48.197133: train_loss -0.9127
2026-08-05 21:07:48.197408: val_loss -0.7804
2026-08-05 21:07:48.197556: Pseudo dice [np.float32(0.7275), np.float32(0.9364), np.float32(0.9413)]
2026-08-05 21:07:48.197628: Epoch time: 41.35 s
2026-08-05 21:07:49.050885: 
2026-08-05 21:07:49.051181: Epoch 911
2026-08-05 21:07:49.051316: Current learning rate: 0.00113
2026-08-05 21:08:30.453782: train_loss -0.9154
2026-08-05 21:08:30.454015: val_loss -0.7723
2026-08-05 21:08:30.454068: Pseudo dice [np.float32(0.7222), np.float32(0.9377), np.float32(0.9386)]
2026-08-05 21:08:30.454126: Epoch time: 41.41 s
2026-08-05 21:08:31.251715: 
2026-08-05 21:08:31.252093: Epoch 912
2026-08-05 21:08:31.252203: Current learning rate: 0.00112
2026-08-05 21:09:12.706870: train_loss -0.9153
2026-08-05 21:09:12.707106: val_loss -0.774
2026-08-05 21:09:12.707181: Pseudo dice [np.float32(0.7224), np.float32(0.9388), np.float32(0.9395)]
2026-08-05 21:09:12.707243: Epoch time: 41.46 s
2026-08-05 21:09:13.491887: 
2026-08-05 21:09:13.492252: Epoch 913
2026-08-05 21:09:13.492449: Current learning rate: 0.00111
2026-08-05 21:09:54.799490: train_loss -0.9139
2026-08-05 21:09:54.799965: val_loss -0.7704
2026-08-05 21:09:54.800088: Pseudo dice [np.float32(0.7125), np.float32(0.9371), np.float32(0.9379)]
2026-08-05 21:09:54.800198: Epoch time: 41.31 s
2026-08-05 21:09:55.628864: 
2026-08-05 21:09:55.629236: Epoch 914
2026-08-05 21:09:55.629356: Current learning rate: 0.0011
2026-08-05 21:10:37.138728: train_loss -0.9153
2026-08-05 21:10:37.154006: val_loss -0.7766
2026-08-05 21:10:37.154074: Pseudo dice [np.float32(0.7361), np.float32(0.9405), np.float32(0.942)]
2026-08-05 21:10:37.154132: Epoch time: 41.51 s
2026-08-05 21:10:37.940307: 
2026-08-05 21:10:37.940727: Epoch 915
2026-08-05 21:10:37.940840: Current learning rate: 0.00109
2026-08-05 21:11:37.360539: train_loss -0.9166
2026-08-05 21:11:37.361078: val_loss -0.7891
2026-08-05 21:11:37.361152: Pseudo dice [np.float32(0.734), np.float32(0.9427), np.float32(0.9447)]
2026-08-05 21:11:37.361222: Epoch time: 59.42 s
2026-08-05 21:11:38.324915: 
2026-08-05 21:11:38.325331: Epoch 916
2026-08-05 21:11:38.325456: Current learning rate: 0.00108
2026-08-05 21:12:20.053777: train_loss -0.9132
2026-08-05 21:12:20.219524: val_loss -0.7877
2026-08-05 21:12:20.219773: Pseudo dice [np.float32(0.7387), np.float32(0.9389), np.float32(0.945)]
2026-08-05 21:12:20.220203: Epoch time: 41.73 s
2026-08-05 21:12:21.180639: 
2026-08-05 21:12:21.180906: Epoch 917
2026-08-05 21:12:21.181200: Current learning rate: 0.00106
2026-08-05 21:13:02.679736: train_loss -0.9126
2026-08-05 21:13:02.680803: val_loss -0.7804
2026-08-05 21:13:02.680957: Pseudo dice [np.float32(0.7267), np.float32(0.9405), np.float32(0.9397)]
2026-08-05 21:13:02.681089: Epoch time: 41.5 s
2026-08-05 21:13:03.655180: 
2026-08-05 21:13:03.655494: Epoch 918
2026-08-05 21:13:03.655680: Current learning rate: 0.00105
2026-08-05 21:13:45.100672: train_loss -0.9128
2026-08-05 21:13:45.101223: val_loss -0.7768
2026-08-05 21:13:45.101333: Pseudo dice [np.float32(0.7239), np.float32(0.9362), np.float32(0.9399)]
2026-08-05 21:13:45.101404: Epoch time: 41.45 s
2026-08-05 21:13:45.869807: 
2026-08-05 21:13:45.870126: Epoch 919
2026-08-05 21:13:45.870381: Current learning rate: 0.00104
2026-08-05 21:14:27.266664: train_loss -0.9134
2026-08-05 21:14:27.267302: val_loss -0.7863
2026-08-05 21:14:27.267557: Pseudo dice [np.float32(0.7342), np.float32(0.9381), np.float32(0.9427)]
2026-08-05 21:14:27.267698: Epoch time: 41.4 s
2026-08-05 21:14:28.228414: 
2026-08-05 21:14:28.228826: Epoch 920
2026-08-05 21:14:28.228956: Current learning rate: 0.00103
2026-08-05 21:15:09.399353: train_loss -0.9154
2026-08-05 21:15:09.399655: val_loss -0.7765
2026-08-05 21:15:09.399713: Pseudo dice [np.float32(0.7223), np.float32(0.9337), np.float32(0.943)]
2026-08-05 21:15:09.399789: Epoch time: 41.17 s
2026-08-05 21:15:10.172281: 
2026-08-05 21:15:10.172607: Epoch 921
2026-08-05 21:15:10.172753: Current learning rate: 0.00102
2026-08-05 21:15:51.610455: train_loss -0.917
2026-08-05 21:15:51.610801: val_loss -0.7785
2026-08-05 21:15:51.611012: Pseudo dice [np.float32(0.7325), np.float32(0.9409), np.float32(0.9456)]
2026-08-05 21:15:51.611140: Epoch time: 41.44 s
2026-08-05 21:15:52.647137: 
2026-08-05 21:15:52.647481: Epoch 922
2026-08-05 21:15:52.647578: Current learning rate: 0.00101
2026-08-05 21:16:36.106689: train_loss -0.913
2026-08-05 21:16:36.107061: val_loss -0.7771
2026-08-05 21:16:36.107230: Pseudo dice [np.float32(0.7249), np.float32(0.9386), np.float32(0.9387)]
2026-08-05 21:16:36.107305: Epoch time: 43.46 s
2026-08-05 21:16:37.085373: 
2026-08-05 21:16:37.085709: Epoch 923
2026-08-05 21:16:37.086008: Current learning rate: 0.001
2026-08-05 21:17:18.958847: train_loss -0.9155
2026-08-05 21:17:18.959084: val_loss -0.776
2026-08-05 21:17:18.959146: Pseudo dice [np.float32(0.7246), np.float32(0.9336), np.float32(0.941)]
2026-08-05 21:17:18.959208: Epoch time: 41.88 s
2026-08-05 21:17:19.920553: 
2026-08-05 21:17:19.920953: Epoch 924
2026-08-05 21:17:19.921084: Current learning rate: 0.00098
2026-08-05 21:18:00.706973: train_loss -0.9179
2026-08-05 21:18:00.707253: val_loss -0.7736
2026-08-05 21:18:00.707350: Pseudo dice [np.float32(0.7259), np.float32(0.9337), np.float32(0.9449)]
2026-08-05 21:18:00.707459: Epoch time: 40.79 s
2026-08-05 21:18:01.497083: 
2026-08-05 21:18:01.497368: Epoch 925
2026-08-05 21:18:01.497517: Current learning rate: 0.00097
2026-08-05 21:18:42.915506: train_loss -0.9157
2026-08-05 21:18:42.915694: val_loss -0.7767
2026-08-05 21:18:42.915745: Pseudo dice [np.float32(0.7237), np.float32(0.9386), np.float32(0.939)]
2026-08-05 21:18:42.915801: Epoch time: 41.42 s
2026-08-05 21:18:43.696162: 
2026-08-05 21:18:43.696619: Epoch 926
2026-08-05 21:18:43.696717: Current learning rate: 0.00096
2026-08-05 21:19:25.056031: train_loss -0.9188
2026-08-05 21:19:25.056264: val_loss -0.7696
2026-08-05 21:19:25.056319: Pseudo dice [np.float32(0.7171), np.float32(0.9349), np.float32(0.9393)]
2026-08-05 21:19:25.056387: Epoch time: 41.36 s
2026-08-05 21:19:25.835289: 
2026-08-05 21:19:25.835945: Epoch 927
2026-08-05 21:19:25.836060: Current learning rate: 0.00095
2026-08-05 21:20:06.793246: train_loss -0.9157
2026-08-05 21:20:06.793481: val_loss -0.7842
2026-08-05 21:20:06.793566: Pseudo dice [np.float32(0.7325), np.float32(0.9402), np.float32(0.9471)]
2026-08-05 21:20:06.793636: Epoch time: 40.96 s
2026-08-05 21:20:07.610554: 
2026-08-05 21:20:07.610818: Epoch 928
2026-08-05 21:20:07.610975: Current learning rate: 0.00094
2026-08-05 21:20:49.538549: train_loss -0.9187
2026-08-05 21:20:49.541547: val_loss -0.7718
2026-08-05 21:20:49.541725: Pseudo dice [np.float32(0.7221), np.float32(0.9362), np.float32(0.9396)]
2026-08-05 21:20:49.541924: Epoch time: 41.93 s
2026-08-05 21:20:50.465038: 
2026-08-05 21:20:50.465441: Epoch 929
2026-08-05 21:20:50.465552: Current learning rate: 0.00092
2026-08-05 21:21:32.516956: train_loss -0.9152
2026-08-05 21:21:32.517203: val_loss -0.7794
2026-08-05 21:21:32.517257: Pseudo dice [np.float32(0.7338), np.float32(0.9378), np.float32(0.94)]
2026-08-05 21:21:32.517322: Epoch time: 42.05 s
2026-08-05 21:21:33.978445: 
2026-08-05 21:21:33.978815: Epoch 930
2026-08-05 21:21:33.978999: Current learning rate: 0.00091
2026-08-05 21:22:15.905470: train_loss -0.9169
2026-08-05 21:22:15.906744: val_loss -0.776
2026-08-05 21:22:15.906844: Pseudo dice [np.float32(0.7249), np.float32(0.9374), np.float32(0.944)]
2026-08-05 21:22:15.906973: Epoch time: 41.93 s
2026-08-05 21:22:16.712819: 
2026-08-05 21:22:16.713259: Epoch 931
2026-08-05 21:22:16.713373: Current learning rate: 0.0009
2026-08-05 21:22:58.253020: train_loss -0.9162
2026-08-05 21:22:58.253295: val_loss -0.7853
2026-08-05 21:22:58.253415: Pseudo dice [np.float32(0.7317), np.float32(0.9403), np.float32(0.9414)]
2026-08-05 21:22:58.253546: Epoch time: 41.54 s
2026-08-05 21:22:59.031192: 
2026-08-05 21:22:59.031636: Epoch 932
2026-08-05 21:22:59.031806: Current learning rate: 0.00089
2026-08-05 21:23:40.359049: train_loss -0.9138
2026-08-05 21:23:40.649770: val_loss -0.768
2026-08-05 21:23:40.649951: Pseudo dice [np.float32(0.7233), np.float32(0.9339), np.float32(0.9418)]
2026-08-05 21:23:40.650028: Epoch time: 41.33 s
2026-08-05 21:23:41.586681: 
2026-08-05 21:23:41.587094: Epoch 933
2026-08-05 21:23:41.587257: Current learning rate: 0.00088
2026-08-05 21:24:23.276791: train_loss -0.9121
2026-08-05 21:24:23.277768: val_loss -0.7781
2026-08-05 21:24:23.277915: Pseudo dice [np.float32(0.7268), np.float32(0.9367), np.float32(0.9439)]
2026-08-05 21:24:23.278368: Epoch time: 41.69 s
2026-08-05 21:24:24.211134: 
2026-08-05 21:24:24.211455: Epoch 934
2026-08-05 21:24:24.211565: Current learning rate: 0.00087
2026-08-05 21:25:05.561883: train_loss -0.9155
2026-08-05 21:25:05.562130: val_loss -0.7738
2026-08-05 21:25:05.562197: Pseudo dice [np.float32(0.7254), np.float32(0.9367), np.float32(0.9415)]
2026-08-05 21:25:05.562270: Epoch time: 41.35 s
2026-08-05 21:25:06.382649: 
2026-08-05 21:25:06.383026: Epoch 935
2026-08-05 21:25:06.383163: Current learning rate: 0.00085
2026-08-05 21:25:47.777209: train_loss -0.9145
2026-08-05 21:25:47.777735: val_loss -0.7794
2026-08-05 21:25:47.777863: Pseudo dice [np.float32(0.7322), np.float32(0.9345), np.float32(0.9454)]
2026-08-05 21:25:47.778015: Epoch time: 41.4 s
2026-08-05 21:25:48.635196: 
2026-08-05 21:25:48.635454: Epoch 936
2026-08-05 21:25:48.635565: Current learning rate: 0.00084
2026-08-05 21:26:30.126771: train_loss -0.9165
2026-08-05 21:26:30.126969: val_loss -0.7836
2026-08-05 21:26:30.127022: Pseudo dice [np.float32(0.7267), np.float32(0.9392), np.float32(0.9416)]
2026-08-05 21:26:30.127078: Epoch time: 41.49 s
2026-08-05 21:26:31.946935: 
2026-08-05 21:26:31.947255: Epoch 937
2026-08-05 21:26:31.947395: Current learning rate: 0.00083
2026-08-05 21:27:13.273807: train_loss -0.9168
2026-08-05 21:27:13.274083: val_loss -0.7872
2026-08-05 21:27:13.274155: Pseudo dice [np.float32(0.7371), np.float32(0.943), np.float32(0.9449)]
2026-08-05 21:27:13.274234: Epoch time: 41.33 s
2026-08-05 21:27:14.112105: 
2026-08-05 21:27:14.112586: Epoch 938
2026-08-05 21:27:14.112735: Current learning rate: 0.00082
2026-08-05 21:27:55.285025: train_loss -0.9174
2026-08-05 21:27:55.285389: val_loss -0.7741
2026-08-05 21:27:55.285449: Pseudo dice [np.float32(0.7274), np.float32(0.9367), np.float32(0.9404)]
2026-08-05 21:27:55.285512: Epoch time: 41.18 s
2026-08-05 21:27:56.265342: 
2026-08-05 21:27:56.336511: Epoch 939
2026-08-05 21:27:56.336833: Current learning rate: 0.00081
2026-08-05 21:28:37.678391: train_loss -0.9166
2026-08-05 21:28:37.678841: val_loss -0.7801
2026-08-05 21:28:37.678993: Pseudo dice [np.float32(0.7271), np.float32(0.9372), np.float32(0.9449)]
2026-08-05 21:28:37.679124: Epoch time: 41.42 s
2026-08-05 21:28:38.537961: 
2026-08-05 21:28:38.538326: Epoch 940
2026-08-05 21:28:38.538456: Current learning rate: 0.00079
2026-08-05 21:29:19.899216: train_loss -0.9193
2026-08-05 21:29:19.899516: val_loss -0.7724
2026-08-05 21:29:19.899580: Pseudo dice [np.float32(0.7225), np.float32(0.9345), np.float32(0.9413)]
2026-08-05 21:29:19.901067: Epoch time: 41.36 s
2026-08-05 21:29:20.711968: 
2026-08-05 21:29:20.712291: Epoch 941
2026-08-05 21:29:20.712549: Current learning rate: 0.00078
2026-08-05 21:30:02.043924: train_loss -0.9186
2026-08-05 21:30:02.044410: val_loss -0.7732
2026-08-05 21:30:02.044616: Pseudo dice [np.float32(0.7273), np.float32(0.9376), np.float32(0.942)]
2026-08-05 21:30:02.044779: Epoch time: 41.33 s
2026-08-05 21:30:02.894241: 
2026-08-05 21:30:02.894723: Epoch 942
2026-08-05 21:30:02.894869: Current learning rate: 0.00077
2026-08-05 21:30:44.186300: train_loss -0.9154
2026-08-05 21:30:44.186734: val_loss -0.783
2026-08-05 21:30:44.186793: Pseudo dice [np.float32(0.7321), np.float32(0.943), np.float32(0.9429)]
2026-08-05 21:30:44.186862: Epoch time: 41.29 s
2026-08-05 21:30:45.202630: 
2026-08-05 21:30:45.203094: Epoch 943
2026-08-05 21:30:45.203264: Current learning rate: 0.00076
2026-08-05 21:31:26.258963: train_loss -0.9152
2026-08-05 21:31:26.259263: val_loss -0.7703
2026-08-05 21:31:26.259320: Pseudo dice [np.float32(0.7218), np.float32(0.9347), np.float32(0.9399)]
2026-08-05 21:31:26.259388: Epoch time: 41.06 s
2026-08-05 21:31:28.773103: 
2026-08-05 21:31:28.773561: Epoch 944
2026-08-05 21:31:28.773706: Current learning rate: 0.00075
2026-08-05 21:32:10.070547: train_loss -0.9176
2026-08-05 21:32:10.070794: val_loss -0.789
2026-08-05 21:32:10.070849: Pseudo dice [np.float32(0.7395), np.float32(0.9428), np.float32(0.9469)]
2026-08-05 21:32:10.070936: Epoch time: 41.3 s
2026-08-05 21:32:10.070987: Yayy! New best EMA pseudo Dice: 0.869700014591217
2026-08-05 21:32:16.747800: 
2026-08-05 21:32:16.748091: Epoch 945
2026-08-05 21:32:16.748279: Current learning rate: 0.00074
2026-08-05 21:32:58.181949: train_loss -0.9191
2026-08-05 21:32:58.182732: val_loss -0.7737
2026-08-05 21:32:58.182797: Pseudo dice [np.float32(0.7263), np.float32(0.9363), np.float32(0.9433)]
2026-08-05 21:32:58.183181: Epoch time: 41.44 s
2026-08-05 21:32:59.020387: 
2026-08-05 21:32:59.020702: Epoch 946
2026-08-05 21:32:59.020857: Current learning rate: 0.00072
2026-08-05 21:33:40.370795: train_loss -0.9188
2026-08-05 21:33:40.371010: val_loss -0.7728
2026-08-05 21:33:40.371074: Pseudo dice [np.float32(0.7311), np.float32(0.9413), np.float32(0.9409)]
2026-08-05 21:33:40.371144: Epoch time: 41.35 s
2026-08-05 21:33:40.371195: Yayy! New best EMA pseudo Dice: 0.8697999715805054
2026-08-05 21:33:46.987925: 
2026-08-05 21:33:46.988284: Epoch 947
2026-08-05 21:33:46.988486: Current learning rate: 0.00071
2026-08-05 21:34:28.318124: train_loss -0.9185
2026-08-05 21:34:28.318660: val_loss -0.7693
2026-08-05 21:34:28.318792: Pseudo dice [np.float32(0.7234), np.float32(0.9355), np.float32(0.9421)]
2026-08-05 21:34:28.318935: Epoch time: 41.33 s
2026-08-05 21:34:29.219358: 
2026-08-05 21:34:29.219754: Epoch 948
2026-08-05 21:34:29.219913: Current learning rate: 0.0007
2026-08-05 21:35:10.651813: train_loss -0.9193
2026-08-05 21:35:10.652071: val_loss -0.7755
2026-08-05 21:35:10.652164: Pseudo dice [np.float32(0.7286), np.float32(0.9389), np.float32(0.9439)]
2026-08-05 21:35:10.652226: Epoch time: 41.44 s
2026-08-05 21:35:11.482721: 
2026-08-05 21:35:11.483101: Epoch 949
2026-08-05 21:35:11.483232: Current learning rate: 0.00069
2026-08-05 21:35:52.739316: train_loss -0.9217
2026-08-05 21:35:52.739573: val_loss -0.7735
2026-08-05 21:35:52.739636: Pseudo dice [np.float32(0.7247), np.float32(0.94), np.float32(0.94)]
2026-08-05 21:35:52.739699: Epoch time: 41.26 s
2026-08-05 21:36:00.412491: 
2026-08-05 21:36:00.412953: Epoch 950
2026-08-05 21:36:00.413086: Current learning rate: 0.00067
2026-08-05 21:36:41.560260: train_loss -0.9181
2026-08-05 21:36:41.560548: val_loss -0.7748
2026-08-05 21:36:41.560604: Pseudo dice [np.float32(0.7258), np.float32(0.9345), np.float32(0.9401)]
2026-08-05 21:36:41.560664: Epoch time: 41.15 s
2026-08-05 21:36:42.372675: 
2026-08-05 21:36:42.373143: Epoch 951
2026-08-05 21:36:42.373275: Current learning rate: 0.00066
2026-08-05 21:37:24.113398: train_loss -0.9184
2026-08-05 21:37:24.113734: val_loss -0.7792
2026-08-05 21:37:24.113802: Pseudo dice [np.float32(0.7313), np.float32(0.9386), np.float32(0.9391)]
2026-08-05 21:37:24.113888: Epoch time: 41.74 s
2026-08-05 21:37:24.910961: 
2026-08-05 21:37:24.911327: Epoch 952
2026-08-05 21:37:24.911450: Current learning rate: 0.00065
2026-08-05 21:38:06.597036: train_loss -0.9197
2026-08-05 21:38:06.597404: val_loss -0.7627
2026-08-05 21:38:06.597465: Pseudo dice [np.float32(0.7182), np.float32(0.9354), np.float32(0.9389)]
2026-08-05 21:38:06.597529: Epoch time: 41.69 s
2026-08-05 21:38:07.482406: 
2026-08-05 21:38:07.482965: Epoch 953
2026-08-05 21:38:07.483323: Current learning rate: 0.00064
2026-08-05 21:38:49.095416: train_loss -0.9195
2026-08-05 21:38:49.095806: val_loss -0.7755
2026-08-05 21:38:49.096021: Pseudo dice [np.float32(0.731), np.float32(0.9382), np.float32(0.944)]
2026-08-05 21:38:49.096138: Epoch time: 41.62 s
2026-08-05 21:38:49.960845: 
2026-08-05 21:38:49.961234: Epoch 954
2026-08-05 21:38:49.961359: Current learning rate: 0.00063
2026-08-05 21:39:31.636735: train_loss -0.9181
2026-08-05 21:39:31.636953: val_loss -0.7603
2026-08-05 21:39:31.637007: Pseudo dice [np.float32(0.7254), np.float32(0.9345), np.float32(0.9407)]
2026-08-05 21:39:31.637068: Epoch time: 41.68 s
2026-08-05 21:39:32.462101: 
2026-08-05 21:39:32.462497: Epoch 955
2026-08-05 21:39:32.462623: Current learning rate: 0.00061
2026-08-05 21:40:14.227724: train_loss -0.919
2026-08-05 21:40:14.228004: val_loss -0.7834
2026-08-05 21:40:14.228061: Pseudo dice [np.float32(0.7331), np.float32(0.9399), np.float32(0.9432)]
2026-08-05 21:40:14.228120: Epoch time: 41.77 s
2026-08-05 21:40:15.002284: 
2026-08-05 21:40:15.002615: Epoch 956
2026-08-05 21:40:15.002752: Current learning rate: 0.0006
2026-08-05 21:40:56.807022: train_loss -0.921
2026-08-05 21:40:56.807239: val_loss -0.7598
2026-08-05 21:40:56.807310: Pseudo dice [np.float32(0.7177), np.float32(0.9325), np.float32(0.9396)]
2026-08-05 21:40:56.807490: Epoch time: 41.81 s
2026-08-05 21:40:58.506172: 
2026-08-05 21:40:58.506564: Epoch 957
2026-08-05 21:40:58.506786: Current learning rate: 0.00059
2026-08-05 21:41:39.797758: train_loss -0.9188
2026-08-05 21:41:39.797982: val_loss -0.7747
2026-08-05 21:41:39.798047: Pseudo dice [np.float32(0.7306), np.float32(0.9403), np.float32(0.943)]
2026-08-05 21:41:39.798111: Epoch time: 41.3 s
2026-08-05 21:41:40.803250: 
2026-08-05 21:41:40.803684: Epoch 958
2026-08-05 21:41:40.803866: Current learning rate: 0.00058
2026-08-05 21:42:22.731562: train_loss -0.9185
2026-08-05 21:42:22.825657: val_loss -0.7777
2026-08-05 21:42:22.825801: Pseudo dice [np.float32(0.7293), np.float32(0.935), np.float32(0.9424)]
2026-08-05 21:42:22.825883: Epoch time: 41.93 s
2026-08-05 21:42:23.808989: 
2026-08-05 21:42:23.809258: Epoch 959
2026-08-05 21:42:23.809435: Current learning rate: 0.00056
2026-08-05 21:43:05.293003: train_loss -0.916
2026-08-05 21:43:05.302504: val_loss -0.7827
2026-08-05 21:43:05.302703: Pseudo dice [np.float32(0.7324), np.float32(0.9348), np.float32(0.9459)]
2026-08-05 21:43:05.302810: Epoch time: 41.49 s
2026-08-05 21:43:06.279060: 
2026-08-05 21:43:06.279489: Epoch 960
2026-08-05 21:43:06.279622: Current learning rate: 0.00055
2026-08-05 21:43:47.954282: train_loss -0.9184
2026-08-05 21:43:48.071253: val_loss -0.7737
2026-08-05 21:43:48.071517: Pseudo dice [np.float32(0.7272), np.float32(0.9353), np.float32(0.9409)]
2026-08-05 21:43:48.071634: Epoch time: 41.68 s
2026-08-05 21:43:48.995632: 
2026-08-05 21:43:49.006078: Epoch 961
2026-08-05 21:43:49.006260: Current learning rate: 0.00054
2026-08-05 21:44:30.527642: train_loss -0.9188
2026-08-05 21:44:30.527834: val_loss -0.7728
2026-08-05 21:44:30.527884: Pseudo dice [np.float32(0.7274), np.float32(0.9357), np.float32(0.9372)]
2026-08-05 21:44:30.527964: Epoch time: 41.53 s
2026-08-05 21:44:31.325027: 
2026-08-05 21:44:31.325304: Epoch 962
2026-08-05 21:44:31.325508: Current learning rate: 0.00053
2026-08-05 21:45:12.892416: train_loss -0.9235
2026-08-05 21:45:12.892955: val_loss -0.7843
2026-08-05 21:45:12.893084: Pseudo dice [np.float32(0.733), np.float32(0.9411), np.float32(0.9434)]
2026-08-05 21:45:12.893214: Epoch time: 41.57 s
2026-08-05 21:45:13.971633: 
2026-08-05 21:45:13.972320: Epoch 963
2026-08-05 21:45:13.972586: Current learning rate: 0.00051
2026-08-05 21:45:55.698411: train_loss -0.9202
2026-08-05 21:45:55.698855: val_loss -0.7763
2026-08-05 21:45:55.698922: Pseudo dice [np.float32(0.7271), np.float32(0.9375), np.float32(0.9382)]
2026-08-05 21:45:55.699003: Epoch time: 41.73 s
2026-08-05 21:45:57.466058: 
2026-08-05 21:45:57.466491: Epoch 964
2026-08-05 21:45:57.466614: Current learning rate: 0.0005
2026-08-05 21:46:39.298136: train_loss -0.92
2026-08-05 21:46:39.298448: val_loss -0.7713
2026-08-05 21:46:39.298507: Pseudo dice [np.float32(0.7293), np.float32(0.9338), np.float32(0.9488)]
2026-08-05 21:46:39.298587: Epoch time: 41.83 s
2026-08-05 21:46:40.110161: 
2026-08-05 21:46:40.110669: Epoch 965
2026-08-05 21:46:40.110783: Current learning rate: 0.00049
2026-08-05 21:47:21.886414: train_loss -0.9222
2026-08-05 21:47:21.886784: val_loss -0.7863
2026-08-05 21:47:21.886851: Pseudo dice [np.float32(0.7366), np.float32(0.9432), np.float32(0.9461)]
2026-08-05 21:47:21.886969: Epoch time: 41.78 s
2026-08-05 21:47:22.871254: 
2026-08-05 21:47:22.871527: Epoch 966
2026-08-05 21:47:22.871678: Current learning rate: 0.00048
2026-08-05 21:48:04.348055: train_loss -0.9197
2026-08-05 21:48:04.365598: val_loss -0.7784
2026-08-05 21:48:04.365699: Pseudo dice [np.float32(0.7305), np.float32(0.9406), np.float32(0.9417)]
2026-08-05 21:48:04.365782: Epoch time: 41.48 s
2026-08-05 21:48:04.365825: Yayy! New best EMA pseudo Dice: 0.8697999715805054
2026-08-05 21:48:09.808931: 
2026-08-05 21:48:09.809190: Epoch 967
2026-08-05 21:48:09.809425: Current learning rate: 0.00046
2026-08-05 21:48:51.242729: train_loss -0.9212
2026-08-05 21:48:51.274401: val_loss -0.7733
2026-08-05 21:48:51.274520: Pseudo dice [np.float32(0.7298), np.float32(0.935), np.float32(0.9434)]
2026-08-05 21:48:51.274595: Epoch time: 41.44 s
2026-08-05 21:48:52.047111: 
2026-08-05 21:48:52.047383: Epoch 968
2026-08-05 21:48:52.047503: Current learning rate: 0.00045
2026-08-05 21:49:33.451257: train_loss -0.9208
2026-08-05 21:49:33.451743: val_loss -0.7782
2026-08-05 21:49:33.451931: Pseudo dice [np.float32(0.7333), np.float32(0.9384), np.float32(0.9451)]
2026-08-05 21:49:33.452014: Epoch time: 41.41 s
2026-08-05 21:49:33.452057: Yayy! New best EMA pseudo Dice: 0.8700000047683716
2026-08-05 21:49:39.266424: 
2026-08-05 21:49:39.266743: Epoch 969
2026-08-05 21:49:39.266830: Current learning rate: 0.00044
2026-08-05 21:50:20.375136: train_loss -0.9197
2026-08-05 21:50:20.375344: val_loss -0.768
2026-08-05 21:50:20.375395: Pseudo dice [np.float32(0.7285), np.float32(0.9373), np.float32(0.9401)]
2026-08-05 21:50:20.375455: Epoch time: 41.11 s
2026-08-05 21:50:22.039978: 
2026-08-05 21:50:22.040377: Epoch 970
2026-08-05 21:50:22.040637: Current learning rate: 0.00043
2026-08-05 21:51:03.010154: train_loss -0.9188
2026-08-05 21:51:03.010640: val_loss -0.7685
2026-08-05 21:51:03.010707: Pseudo dice [np.float32(0.7239), np.float32(0.9355), np.float32(0.9407)]
2026-08-05 21:51:03.010786: Epoch time: 40.97 s
2026-08-05 21:51:04.004555: 
2026-08-05 21:51:04.005164: Epoch 971
2026-08-05 21:51:04.005294: Current learning rate: 0.00041
2026-08-05 21:51:45.445760: train_loss -0.9196
2026-08-05 21:51:45.446402: val_loss -0.7763
2026-08-05 21:51:45.446647: Pseudo dice [np.float32(0.7254), np.float32(0.9414), np.float32(0.9448)]
2026-08-05 21:51:45.446832: Epoch time: 41.44 s
2026-08-05 21:51:46.452018: 
2026-08-05 21:51:46.452550: Epoch 972
2026-08-05 21:51:46.452725: Current learning rate: 0.0004
2026-08-05 21:52:27.661252: train_loss -0.919
2026-08-05 21:52:27.682743: val_loss -0.7785
2026-08-05 21:52:27.682849: Pseudo dice [np.float32(0.7356), np.float32(0.9377), np.float32(0.9436)]
2026-08-05 21:52:27.682948: Epoch time: 41.21 s
2026-08-05 21:52:28.478974: 
2026-08-05 21:52:28.479293: Epoch 973
2026-08-05 21:52:28.479429: Current learning rate: 0.00039
2026-08-05 21:53:09.807090: train_loss -0.9223
2026-08-05 21:53:09.807562: val_loss -0.7693
2026-08-05 21:53:09.807664: Pseudo dice [np.float32(0.7318), np.float32(0.9367), np.float32(0.943)]
2026-08-05 21:53:09.807756: Epoch time: 41.33 s
2026-08-05 21:53:10.558094: 
2026-08-05 21:53:10.558365: Epoch 974
2026-08-05 21:53:10.558565: Current learning rate: 0.00037
2026-08-05 21:53:51.983719: train_loss -0.9223
2026-08-05 21:53:52.270269: val_loss -0.7755
2026-08-05 21:53:52.270548: Pseudo dice [np.float32(0.7291), np.float32(0.9373), np.float32(0.9443)]
2026-08-05 21:53:52.270724: Epoch time: 41.43 s
2026-08-05 21:53:53.147829: 
2026-08-05 21:53:53.148247: Epoch 975
2026-08-05 21:53:53.148388: Current learning rate: 0.00036
2026-08-05 21:54:34.523639: train_loss -0.9233
2026-08-05 21:54:34.888982: val_loss -0.7839
2026-08-05 21:54:34.889294: Pseudo dice [np.float32(0.7389), np.float32(0.94), np.float32(0.9463)]
2026-08-05 21:54:34.889462: Epoch time: 41.38 s
2026-08-05 21:54:34.889590: Yayy! New best EMA pseudo Dice: 0.8705000281333923
2026-08-05 21:54:45.366029: 
2026-08-05 21:54:45.366447: Epoch 976
2026-08-05 21:54:45.366590: Current learning rate: 0.00035
2026-08-05 21:55:27.004364: train_loss -0.9208
2026-08-05 21:55:27.103998: val_loss -0.7701
2026-08-05 21:55:27.104112: Pseudo dice [np.float32(0.7273), np.float32(0.9337), np.float32(0.9432)]
2026-08-05 21:55:27.104180: Epoch time: 41.64 s
2026-08-05 21:55:28.094503: 
2026-08-05 21:55:28.340403: Epoch 977
2026-08-05 21:55:28.340682: Current learning rate: 0.00034
2026-08-05 21:56:09.796468: train_loss -0.9235
2026-08-05 21:56:09.922645: val_loss -0.769
2026-08-05 21:56:09.922850: Pseudo dice [np.float32(0.7193), np.float32(0.9356), np.float32(0.94)]
2026-08-05 21:56:09.923086: Epoch time: 41.7 s
2026-08-05 21:56:10.871801: 
2026-08-05 21:56:10.872138: Epoch 978
2026-08-05 21:56:10.872253: Current learning rate: 0.00032
2026-08-05 21:56:51.994368: train_loss -0.9224
2026-08-05 21:56:52.499532: val_loss -0.7691
2026-08-05 21:56:52.499774: Pseudo dice [np.float32(0.723), np.float32(0.9385), np.float32(0.9412)]
2026-08-05 21:56:52.499928: Epoch time: 41.13 s
2026-08-05 21:56:53.512644: 
2026-08-05 21:56:53.512905: Epoch 979
2026-08-05 21:56:53.513072: Current learning rate: 0.00031
2026-08-05 21:57:34.601769: train_loss -0.9204
2026-08-05 21:57:34.643166: val_loss -0.7673
2026-08-05 21:57:34.643334: Pseudo dice [np.float32(0.7189), np.float32(0.9335), np.float32(0.9369)]
2026-08-05 21:57:34.643474: Epoch time: 41.09 s
2026-08-05 21:57:35.549209: 
2026-08-05 21:57:35.549528: Epoch 980
2026-08-05 21:57:35.549663: Current learning rate: 0.0003
2026-08-05 21:58:16.691620: train_loss -0.9224
2026-08-05 21:58:16.711840: val_loss -0.7699
2026-08-05 21:58:16.711920: Pseudo dice [np.float32(0.7251), np.float32(0.9384), np.float32(0.9396)]
2026-08-05 21:58:16.711985: Epoch time: 41.15 s
2026-08-05 21:58:17.479972: 
2026-08-05 21:58:17.480372: Epoch 981
2026-08-05 21:58:17.480551: Current learning rate: 0.00028
2026-08-05 21:58:58.527241: train_loss -0.9233
2026-08-05 21:58:58.847424: val_loss -0.7738
2026-08-05 21:58:58.847596: Pseudo dice [np.float32(0.7265), np.float32(0.9397), np.float32(0.9415)]
2026-08-05 21:58:58.847696: Epoch time: 41.05 s
2026-08-05 21:58:59.793371: 
2026-08-05 21:58:59.793824: Epoch 982
2026-08-05 21:58:59.793975: Current learning rate: 0.00027
2026-08-05 21:59:40.604252: train_loss -0.9218
2026-08-05 21:59:40.604537: val_loss -0.7703
2026-08-05 21:59:40.604605: Pseudo dice [np.float32(0.7258), np.float32(0.941), np.float32(0.9394)]
2026-08-05 21:59:40.626593: Epoch time: 40.81 s
2026-08-05 21:59:42.316454: 
2026-08-05 21:59:42.316741: Epoch 983
2026-08-05 21:59:42.316864: Current learning rate: 0.00026
2026-08-05 22:00:23.255572: train_loss -0.9222
2026-08-05 22:00:23.255767: val_loss -0.7758
2026-08-05 22:00:23.255819: Pseudo dice [np.float32(0.7305), np.float32(0.9388), np.float32(0.9411)]
2026-08-05 22:00:23.255875: Epoch time: 40.94 s
2026-08-05 22:00:23.985466: 
2026-08-05 22:00:23.986022: Epoch 984
2026-08-05 22:00:23.986206: Current learning rate: 0.00024
2026-08-05 22:01:04.979661: train_loss -0.9214
2026-08-05 22:01:05.170330: val_loss -0.7666
2026-08-05 22:01:05.170563: Pseudo dice [np.float32(0.7238), np.float32(0.9358), np.float32(0.9377)]
2026-08-05 22:01:05.170797: Epoch time: 41.0 s
2026-08-05 22:01:06.160005: 
2026-08-05 22:01:06.160303: Epoch 985
2026-08-05 22:01:06.160426: Current learning rate: 0.00023
2026-08-05 22:01:47.147880: train_loss -0.9235
2026-08-05 22:01:47.397367: val_loss -0.7764
2026-08-05 22:01:47.397591: Pseudo dice [np.float32(0.7302), np.float32(0.9433), np.float32(0.941)]
2026-08-05 22:01:47.397737: Epoch time: 40.99 s
2026-08-05 22:01:48.323079: 
2026-08-05 22:01:48.323476: Epoch 986
2026-08-05 22:01:48.323612: Current learning rate: 0.00021
2026-08-05 22:02:29.582959: train_loss -0.9229
2026-08-05 22:02:29.583421: val_loss -0.7683
2026-08-05 22:02:29.583495: Pseudo dice [np.float32(0.7186), np.float32(0.9345), np.float32(0.9387)]
2026-08-05 22:02:29.583612: Epoch time: 41.26 s
2026-08-05 22:02:30.340052: 
2026-08-05 22:02:30.340836: Epoch 987
2026-08-05 22:02:30.341155: Current learning rate: 0.0002
2026-08-05 22:03:11.686594: train_loss -0.9225
2026-08-05 22:03:11.687304: val_loss -0.7683
2026-08-05 22:03:11.687433: Pseudo dice [np.float32(0.7257), np.float32(0.9357), np.float32(0.94)]
2026-08-05 22:03:11.687585: Epoch time: 41.35 s
2026-08-05 22:03:12.588325: 
2026-08-05 22:03:12.588505: Epoch 988
2026-08-05 22:03:12.588699: Current learning rate: 0.00019
2026-08-05 22:03:53.911566: train_loss -0.9227
2026-08-05 22:03:53.912230: val_loss -0.7693
2026-08-05 22:03:53.912382: Pseudo dice [np.float32(0.7219), np.float32(0.9401), np.float32(0.9391)]
2026-08-05 22:03:53.912519: Epoch time: 41.33 s
2026-08-05 22:03:54.722340: 
2026-08-05 22:03:54.722671: Epoch 989
2026-08-05 22:03:54.722780: Current learning rate: 0.00017
2026-08-05 22:04:36.234204: train_loss -0.9195
2026-08-05 22:04:36.234470: val_loss -0.7695
2026-08-05 22:04:36.234532: Pseudo dice [np.float32(0.7279), np.float32(0.9364), np.float32(0.9425)]
2026-08-05 22:04:36.234587: Epoch time: 41.51 s
2026-08-05 22:04:37.021385: 
2026-08-05 22:04:37.021737: Epoch 990
2026-08-05 22:04:37.021854: Current learning rate: 0.00016
2026-08-05 22:05:18.122391: train_loss -0.9236
2026-08-05 22:05:18.122672: val_loss -0.7805
2026-08-05 22:05:18.122729: Pseudo dice [np.float32(0.7326), np.float32(0.9419), np.float32(0.9432)]
2026-08-05 22:05:18.122808: Epoch time: 41.1 s
2026-08-05 22:05:18.897394: 
2026-08-05 22:05:18.897784: Epoch 991
2026-08-05 22:05:18.897935: Current learning rate: 0.00014
2026-08-05 22:06:00.029421: train_loss -0.9263
2026-08-05 22:06:00.029755: val_loss -0.7698
2026-08-05 22:06:00.029811: Pseudo dice [np.float32(0.7261), np.float32(0.9389), np.float32(0.9419)]
2026-08-05 22:06:00.029877: Epoch time: 41.13 s
2026-08-05 22:06:01.187059: 
2026-08-05 22:06:01.187510: Epoch 992
2026-08-05 22:06:01.187651: Current learning rate: 0.00013
2026-08-05 22:06:42.413709: train_loss -0.9258
2026-08-05 22:06:42.414193: val_loss -0.7685
2026-08-05 22:06:42.414357: Pseudo dice [np.float32(0.7249), np.float32(0.9357), np.float32(0.9426)]
2026-08-05 22:06:42.414714: Epoch time: 41.23 s
2026-08-05 22:06:43.319908: 
2026-08-05 22:06:43.320216: Epoch 993
2026-08-05 22:06:43.320488: Current learning rate: 0.00011
2026-08-05 22:07:24.521797: train_loss -0.9197
2026-08-05 22:07:24.605496: val_loss -0.7686
2026-08-05 22:07:24.605629: Pseudo dice [np.float32(0.7244), np.float32(0.9358), np.float32(0.9416)]
2026-08-05 22:07:24.605713: Epoch time: 41.2 s
2026-08-05 22:07:25.453531: 
2026-08-05 22:07:25.453859: Epoch 994
2026-08-05 22:07:25.453983: Current learning rate: 0.0001
2026-08-05 22:08:14.675717: train_loss -0.9197
2026-08-05 22:08:14.788197: val_loss -0.776
2026-08-05 22:08:14.788470: Pseudo dice [np.float32(0.7265), np.float32(0.9384), np.float32(0.9423)]
2026-08-05 22:08:14.788594: Epoch time: 49.22 s
2026-08-05 22:08:15.747633: 
2026-08-05 22:08:15.747990: Epoch 995
2026-08-05 22:08:15.748395: Current learning rate: 8e-05
2026-08-05 22:08:57.142786: train_loss -0.9235
2026-08-05 22:08:57.290052: val_loss -0.7721
2026-08-05 22:08:57.290205: Pseudo dice [np.float32(0.7256), np.float32(0.9392), np.float32(0.9401)]
2026-08-05 22:08:57.290293: Epoch time: 41.4 s
2026-08-05 22:08:58.393710: 
2026-08-05 22:08:58.394115: Epoch 996
2026-08-05 22:08:58.394240: Current learning rate: 7e-05
2026-08-05 22:09:41.486912: train_loss -0.9229
2026-08-05 22:09:41.824637: val_loss -0.7666
2026-08-05 22:09:41.824877: Pseudo dice [np.float32(0.7233), np.float32(0.9347), np.float32(0.9434)]
2026-08-05 22:09:41.825136: Epoch time: 43.1 s
2026-08-05 22:09:42.847144: 
2026-08-05 22:09:42.847566: Epoch 997
2026-08-05 22:09:42.847682: Current learning rate: 5e-05
2026-08-05 22:10:24.404415: train_loss -0.9213
2026-08-05 22:10:24.407167: val_loss -0.7685
2026-08-05 22:10:24.407237: Pseudo dice [np.float32(0.7281), np.float32(0.9387), np.float32(0.9363)]
2026-08-05 22:10:24.407316: Epoch time: 41.56 s
2026-08-05 22:10:25.398263: 
2026-08-05 22:10:25.398593: Epoch 998
2026-08-05 22:10:25.398778: Current learning rate: 4e-05
2026-08-05 22:11:07.292052: train_loss -0.9247
2026-08-05 22:11:07.292746: val_loss -0.7843
2026-08-05 22:11:07.292917: Pseudo dice [np.float32(0.7369), np.float32(0.9407), np.float32(0.9463)]
2026-08-05 22:11:07.293061: Epoch time: 41.9 s
2026-08-05 22:11:08.471907: 
2026-08-05 22:11:08.472271: Epoch 999
2026-08-05 22:11:08.472388: Current learning rate: 2e-05
2026-08-05 22:11:49.905345: train_loss -0.9207
2026-08-05 22:11:49.905555: val_loss -0.7729
2026-08-05 22:11:49.905679: Pseudo dice [np.float32(0.7281), np.float32(0.937), np.float32(0.9412)]
2026-08-05 22:11:49.905758: Epoch time: 41.44 s
2026-08-05 22:11:54.927262: Training done.
2026-08-05 22:11:55.253519: Using splits from existing split file: /data1/youyou/workplace/nnUNet_quml/nnUNet_preprocessed/Dataset073_MBAS/splits_final.json
2026-08-05 22:11:55.517726: The split file contains 5 splits.
2026-08-05 22:11:55.517998: Desired fold for training: 0
2026-08-05 22:11:55.518073: This split has 56 training and 14 validation cases.
2026-08-05 22:11:55.518378: predicting MBAS_005
2026-08-05 22:11:55.918985: MBAS_005, shape torch.Size([1, 44, 574, 574]), rank 0
2026-08-05 22:12:18.800630: predicting MBAS_007
2026-08-05 22:12:19.283441: MBAS_007, shape torch.Size([1, 44, 574, 574]), rank 0
2026-08-05 22:12:30.140710: predicting MBAS_023
2026-08-05 22:12:33.824198: MBAS_023, shape torch.Size([1, 44, 638, 638]), rank 0
2026-08-05 22:12:44.657607: predicting MBAS_033
2026-08-05 22:12:53.604671: MBAS_033, shape torch.Size([1, 44, 574, 574]), rank 0
2026-08-05 22:13:04.350362: predicting MBAS_036
2026-08-05 22:13:06.466886: MBAS_036, shape torch.Size([1, 44, 638, 638]), rank 0
2026-08-05 22:13:17.268708: predicting MBAS_041
2026-08-05 22:13:22.861909: MBAS_041, shape torch.Size([1, 44, 638, 638]), rank 0
2026-08-05 22:13:33.633659: predicting MBAS_046
2026-08-05 22:13:36.098521: MBAS_046, shape torch.Size([1, 44, 638, 638]), rank 0
2026-08-05 22:13:46.897380: predicting MBAS_047
2026-08-05 22:13:50.740470: MBAS_047, shape torch.Size([1, 44, 638, 638]), rank 0
2026-08-05 22:14:01.567795: predicting MBAS_053
2026-08-05 22:14:07.428092: MBAS_053, shape torch.Size([1, 44, 638, 638]), rank 0
2026-08-05 22:14:18.146912: predicting MBAS_054
2026-08-05 22:14:20.852670: MBAS_054, shape torch.Size([1, 44, 638, 638]), rank 0
2026-08-05 22:14:31.674193: predicting MBAS_057
2026-08-05 22:14:38.565295: MBAS_057, shape torch.Size([1, 44, 574, 574]), rank 0
2026-08-05 22:14:49.245702: predicting MBAS_062
2026-08-05 22:14:56.152167: MBAS_062, shape torch.Size([1, 44, 574, 574]), rank 0
2026-08-05 22:15:06.874832: predicting MBAS_064
2026-08-05 22:15:12.504662: MBAS_064, shape torch.Size([1, 44, 574, 574]), rank 0
2026-08-05 22:15:23.233769: predicting MBAS_066
2026-08-05 22:15:28.431546: MBAS_066, shape torch.Size([1, 44, 574, 574]), rank 0
2026-08-05 22:16:48.823750: Validation complete
2026-08-05 22:16:48.823868: Mean Validation Dice:  0.859667323104
