Using device: cuda:0

#######################################################################
Please cite the following paper when using nnU-Net:
Isensee, F., Jaeger, P. F., Kohl, S. A., Petersen, J., & Maier-Hein, K. H. (2021). nnU-Net: a self-configuring method for deep learning-based biomedical image segmentation. Nature methods, 18(2), 203-211.
#######################################################################

2026-08-05 09:47:47.106947: Using torch.compile...
2026-08-05 09:47:47.684156: do_dummy_2d_data_aug: True
2026-08-05 09:47:47.684632: Creating new 5-fold cross-validation split...
2026-08-05 09:47:47.689462: Desired fold for training: 1
2026-08-05 09:47:47.689559: This split has 56 training and 14 validation cases.
using pin_memory on device 0
using pin_memory on device 0

This is the configuration used by this training:
Configuration name: 3d_fullres
 {'data_identifier': 'nnUNetPlans_3d_fullres', 'preprocessor_name': 'DefaultPreprocessor', 'batch_size': 2, 'patch_size': [20, 256, 256], 'median_image_size_in_voxels': [44.0, 592.5, 581.0], 'spacing': [2.5, 0.625, 0.625], 'normalization_schemes': ['ZScoreNormalization'], 'use_mask_for_norm': [False], 'resampling_fn_data': 'resample_data_or_seg_to_shape', 'resampling_fn_seg': 'resample_data_or_seg_to_shape', 'resampling_fn_data_kwargs': {'is_seg': False, 'order': 3, 'order_z': 0, 'force_separate_z': None}, 'resampling_fn_seg_kwargs': {'is_seg': True, 'order': 1, 'order_z': 0, 'force_separate_z': None}, 'resampling_fn_probabilities': 'resample_data_or_seg_to_shape', 'resampling_fn_probabilities_kwargs': {'is_seg': False, 'order': 1, 'order_z': 0, 'force_separate_z': None}, 'architecture': {'network_class_name': 'dynamic_network_architectures.architectures.unet.ResidualEncoderUNet', 'arch_kwargs': {'n_stages': 7, 'features_per_stage': [32, 64, 128, 256, 320, 320, 320], 'conv_op': 'torch.nn.modules.conv.Conv3d', 'kernel_sizes': [[1, 3, 3], [1, 3, 3], [3, 3, 3], [3, 3, 3], [3, 3, 3], [3, 3, 3], [3, 3, 3]], 'strides': [[1, 1, 1], [1, 2, 2], [1, 2, 2], [2, 2, 2], [2, 2, 2], [1, 2, 2], [1, 2, 2]], 'n_blocks_per_stage': [1, 3, 4, 6, 6, 6, 6], 'n_conv_per_stage_decoder': [1, 1, 1, 1, 1, 1], 'conv_bias': True, 'norm_op': 'torch.nn.modules.instancenorm.InstanceNorm3d', 'norm_op_kwargs': {'eps': 1e-05, 'affine': True}, 'dropout_op': None, 'dropout_op_kwargs': None, 'nonlin': 'torch.nn.LeakyReLU', 'nonlin_kwargs': {'inplace': True}}, '_kw_requires_import': ['conv_op', 'norm_op', 'dropout_op', 'nonlin']}, 'batch_dice': True} 

These are the global plan.json settings:
 {'dataset_name': 'Dataset073_MBAS', 'plans_name': 'nnUNetResEncUNetMPlans', 'original_median_spacing_after_transp': [2.5, 0.625, 0.625], 'original_median_shape_after_transp': [44, 592, 581], 'image_reader_writer': 'SimpleITKIO', 'transpose_forward': [0, 1, 2], 'transpose_backward': [0, 1, 2], 'experiment_planner_used': 'nnUNetPlannerResEncM', 'label_manager': 'LabelManager', 'foreground_intensity_properties_per_channel': {'0': {'max': 2101.0, 'mean': 362.0030822753906, 'median': 305.0, 'min': 0.0, 'percentile_00_5': 21.0, 'percentile_99_5': 1399.0, 'std': 260.2959289550781}}} 

2026-08-05 09:48:05.185080: Unable to plot network architecture: nnUNet_compile is enabled!
2026-08-05 09:48:05.217777: 
2026-08-05 09:48:05.217935: Epoch 0
2026-08-05 09:48:05.218486: Current learning rate: 0.01
2026-08-05 09:49:04.944924: train_loss 0.2417
2026-08-05 09:49:05.147217: val_loss 0.1036
2026-08-05 09:49:05.147339: Pseudo dice [np.float32(0.0), np.float32(0.0), np.float32(0.4861)]
2026-08-05 09:49:05.147410: Epoch time: 59.74 s
2026-08-05 09:49:05.147449: Yayy! New best EMA pseudo Dice: 0.16200000047683716
2026-08-05 09:49:22.701138: 
2026-08-05 09:49:22.701519: Epoch 1
2026-08-05 09:49:22.701606: Current learning rate: 0.00999
2026-08-05 09:50:02.763686: train_loss 0.0029
2026-08-05 09:50:02.764210: val_loss -0.0708
2026-08-05 09:50:02.764352: Pseudo dice [np.float32(0.0), np.float32(0.4253), np.float32(0.6027)]
2026-08-05 09:50:02.764476: Epoch time: 40.07 s
2026-08-05 09:50:02.764563: Yayy! New best EMA pseudo Dice: 0.1800999939441681
2026-08-05 09:50:18.942246: 
2026-08-05 09:50:18.942639: Epoch 2
2026-08-05 09:50:18.942799: Current learning rate: 0.00998
2026-08-05 09:50:59.149160: train_loss -0.1243
2026-08-05 09:50:59.149653: val_loss -0.2583
2026-08-05 09:50:59.149721: Pseudo dice [np.float32(0.3297), np.float32(0.5769), np.float32(0.6899)]
2026-08-05 09:50:59.149806: Epoch time: 40.21 s
2026-08-05 09:50:59.149983: Yayy! New best EMA pseudo Dice: 0.21529999375343323
2026-08-05 09:51:09.199369: 
2026-08-05 09:51:09.199785: Epoch 3
2026-08-05 09:51:09.199868: Current learning rate: 0.00997
2026-08-05 09:51:49.680099: train_loss -0.2627
2026-08-05 09:51:49.680582: val_loss -0.2906
2026-08-05 09:51:49.680718: Pseudo dice [np.float32(0.4081), np.float32(0.6229), np.float32(0.7316)]
2026-08-05 09:51:49.680843: Epoch time: 40.48 s
2026-08-05 09:51:49.680952: Yayy! New best EMA pseudo Dice: 0.2524999976158142
2026-08-05 09:51:58.284267: 
2026-08-05 09:51:58.285069: Epoch 4
2026-08-05 09:51:58.285169: Current learning rate: 0.00996
2026-08-05 09:52:38.615657: train_loss -0.3567
2026-08-05 09:52:38.616285: val_loss -0.3447
2026-08-05 09:52:38.616418: Pseudo dice [np.float32(0.4399), np.float32(0.6292), np.float32(0.7432)]
2026-08-05 09:52:38.616551: Epoch time: 40.33 s
2026-08-05 09:52:38.616642: Yayy! New best EMA pseudo Dice: 0.28769999742507935
2026-08-05 09:52:53.444566: 
2026-08-05 09:52:53.444910: Epoch 5
2026-08-05 09:52:53.445052: Current learning rate: 0.00995
2026-08-05 09:53:33.804575: train_loss -0.4357
2026-08-05 09:53:33.804773: val_loss -0.4961
2026-08-05 09:53:33.804912: Pseudo dice [np.float32(0.5227), np.float32(0.756), np.float32(0.8061)]
2026-08-05 09:53:33.805009: Epoch time: 40.36 s
2026-08-05 09:53:33.805048: Yayy! New best EMA pseudo Dice: 0.32839998602867126
2026-08-05 09:53:41.864033: 
2026-08-05 09:53:41.864353: Epoch 6
2026-08-05 09:53:41.864497: Current learning rate: 0.00995
2026-08-05 09:54:21.976796: train_loss -0.429
2026-08-05 09:54:21.977163: val_loss -0.4955
2026-08-05 09:54:21.977289: Pseudo dice [np.float32(0.5325), np.float32(0.7781), np.float32(0.8286)]
2026-08-05 09:54:21.977397: Epoch time: 40.12 s
2026-08-05 09:54:21.977482: Yayy! New best EMA pseudo Dice: 0.3668999969959259
2026-08-05 09:54:34.771914: 
2026-08-05 09:54:34.772210: Epoch 7
2026-08-05 09:54:34.772321: Current learning rate: 0.00994
2026-08-05 09:55:14.733126: train_loss -0.4936
2026-08-05 09:55:14.733588: val_loss -0.5326
2026-08-05 09:55:14.733715: Pseudo dice [np.float32(0.4986), np.float32(0.7819), np.float32(0.8534)]
2026-08-05 09:55:14.733835: Epoch time: 39.96 s
2026-08-05 09:55:14.733941: Yayy! New best EMA pseudo Dice: 0.40130001306533813
2026-08-05 09:55:27.233328: 
2026-08-05 09:55:27.233547: Epoch 8
2026-08-05 09:55:27.233826: Current learning rate: 0.00993
2026-08-05 09:56:07.418093: train_loss -0.5025
2026-08-05 09:56:07.418455: val_loss -0.5409
2026-08-05 09:56:07.418580: Pseudo dice [np.float32(0.5571), np.float32(0.7769), np.float32(0.8523)]
2026-08-05 09:56:07.418690: Epoch time: 40.19 s
2026-08-05 09:56:07.418776: Yayy! New best EMA pseudo Dice: 0.4341000020503998
2026-08-05 09:56:40.388753: 
2026-08-05 09:56:40.388967: Epoch 9
2026-08-05 09:56:40.389093: Current learning rate: 0.00992
2026-08-05 09:57:22.006198: train_loss -0.5342
2026-08-05 09:57:22.006886: val_loss -0.5567
2026-08-05 09:57:22.007089: Pseudo dice [np.float32(0.556), np.float32(0.7902), np.float32(0.8643)]
2026-08-05 09:57:22.007221: Epoch time: 41.62 s
2026-08-05 09:57:22.007295: Yayy! New best EMA pseudo Dice: 0.4643000066280365
2026-08-05 09:57:46.674572: 
2026-08-05 09:57:46.674968: Epoch 10
2026-08-05 09:57:46.675092: Current learning rate: 0.00991
2026-08-05 09:58:27.915293: train_loss -0.5445
2026-08-05 09:58:27.915960: val_loss -0.6128
2026-08-05 09:58:27.916101: Pseudo dice [np.float32(0.5819), np.float32(0.838), np.float32(0.8611)]
2026-08-05 09:58:27.916253: Epoch time: 41.24 s
2026-08-05 09:58:27.916347: Yayy! New best EMA pseudo Dice: 0.49390000104904175
2026-08-05 09:59:11.930496: 
2026-08-05 09:59:11.930979: Epoch 11
2026-08-05 09:59:11.931100: Current learning rate: 0.0099
2026-08-05 09:59:53.120663: train_loss -0.5528
2026-08-05 09:59:53.121277: val_loss -0.5215
2026-08-05 09:59:53.121775: Pseudo dice [np.float32(0.5661), np.float32(0.7931), np.float32(0.7957)]
2026-08-05 09:59:53.122126: Epoch time: 41.19 s
2026-08-05 09:59:53.122226: Yayy! New best EMA pseudo Dice: 0.5163999795913696
2026-08-05 10:00:26.608779: 
2026-08-05 10:00:26.609150: Epoch 12
2026-08-05 10:00:26.609241: Current learning rate: 0.00989
2026-08-05 10:01:07.580279: train_loss -0.5858
2026-08-05 10:01:07.580814: val_loss -0.5935
2026-08-05 10:01:07.581030: Pseudo dice [np.float32(0.5897), np.float32(0.8327), np.float32(0.8287)]
2026-08-05 10:01:07.581225: Epoch time: 40.97 s
2026-08-05 10:01:07.581318: Yayy! New best EMA pseudo Dice: 0.5397999882698059
2026-08-05 10:01:31.170528: 
2026-08-05 10:01:31.170923: Epoch 13
2026-08-05 10:01:31.171014: Current learning rate: 0.00988
2026-08-05 10:02:12.365639: train_loss -0.6056
2026-08-05 10:02:12.366100: val_loss -0.6387
2026-08-05 10:02:12.366358: Pseudo dice [np.float32(0.6159), np.float32(0.8463), np.float32(0.8813)]
2026-08-05 10:02:12.366589: Epoch time: 41.2 s
2026-08-05 10:02:12.366742: Yayy! New best EMA pseudo Dice: 0.5638999938964844
2026-08-05 10:02:32.481282: 
2026-08-05 10:02:32.481756: Epoch 14
2026-08-05 10:02:32.481855: Current learning rate: 0.00987
2026-08-05 10:03:13.241284: train_loss -0.6277
2026-08-05 10:03:13.241867: val_loss -0.647
2026-08-05 10:03:13.242024: Pseudo dice [np.float32(0.6176), np.float32(0.8755), np.float32(0.8402)]
2026-08-05 10:03:13.242169: Epoch time: 40.76 s
2026-08-05 10:03:13.242256: Yayy! New best EMA pseudo Dice: 0.5853000283241272
2026-08-05 10:03:23.719612: 
2026-08-05 10:03:23.720102: Epoch 15
2026-08-05 10:03:23.720188: Current learning rate: 0.00986
2026-08-05 10:04:04.584452: train_loss -0.5972
2026-08-05 10:04:04.587158: val_loss -0.6344
2026-08-05 10:04:04.588027: Pseudo dice [np.float32(0.6218), np.float32(0.831), np.float32(0.877)]
2026-08-05 10:04:04.588420: Epoch time: 40.87 s
2026-08-05 10:04:04.588751: Yayy! New best EMA pseudo Dice: 0.6043999791145325
2026-08-05 10:04:13.582274: 
2026-08-05 10:04:13.582578: Epoch 16
2026-08-05 10:04:13.582675: Current learning rate: 0.00986
2026-08-05 10:04:54.236786: train_loss -0.614
2026-08-05 10:04:54.237413: val_loss -0.6487
2026-08-05 10:04:54.237616: Pseudo dice [np.float32(0.6194), np.float32(0.8584), np.float32(0.867)]
2026-08-05 10:04:54.237759: Epoch time: 40.66 s
2026-08-05 10:04:54.237851: Yayy! New best EMA pseudo Dice: 0.6222000122070312
2026-08-05 10:05:13.046988: 
2026-08-05 10:05:13.047350: Epoch 17
2026-08-05 10:05:13.047496: Current learning rate: 0.00985
2026-08-05 10:05:53.341568: train_loss -0.6518
2026-08-05 10:05:53.342184: val_loss -0.6848
2026-08-05 10:05:53.342324: Pseudo dice [np.float32(0.617), np.float32(0.8769), np.float32(0.8959)]
2026-08-05 10:05:53.342457: Epoch time: 40.3 s
2026-08-05 10:05:53.342545: Yayy! New best EMA pseudo Dice: 0.6395999789237976
2026-08-05 10:06:12.590662: 
2026-08-05 10:06:12.591146: Epoch 18
2026-08-05 10:06:12.591264: Current learning rate: 0.00984
2026-08-05 10:06:52.896157: train_loss -0.6548
2026-08-05 10:06:52.899124: val_loss -0.6549
2026-08-05 10:06:52.899186: Pseudo dice [np.float32(0.63), np.float32(0.8569), np.float32(0.8722)]
2026-08-05 10:06:52.899831: Epoch time: 40.31 s
2026-08-05 10:06:52.899876: Yayy! New best EMA pseudo Dice: 0.6542999744415283
2026-08-05 10:07:10.700169: 
2026-08-05 10:07:10.700658: Epoch 19
2026-08-05 10:07:10.700832: Current learning rate: 0.00983
2026-08-05 10:07:51.169326: train_loss -0.6485
2026-08-05 10:07:51.169793: val_loss -0.7051
2026-08-05 10:07:51.170001: Pseudo dice [np.float32(0.6479), np.float32(0.8773), np.float32(0.9175)]
2026-08-05 10:07:51.170112: Epoch time: 40.47 s
2026-08-05 10:07:51.170182: Yayy! New best EMA pseudo Dice: 0.6703000068664551
2026-08-05 10:08:10.204398: 
2026-08-05 10:08:10.204841: Epoch 20
2026-08-05 10:08:10.204999: Current learning rate: 0.00982
2026-08-05 10:08:50.604064: train_loss -0.6351
2026-08-05 10:08:50.604546: val_loss -0.7005
2026-08-05 10:08:50.604676: Pseudo dice [np.float32(0.6489), np.float32(0.8892), np.float32(0.9045)]
2026-08-05 10:08:50.604969: Epoch time: 40.4 s
2026-08-05 10:08:50.605072: Yayy! New best EMA pseudo Dice: 0.6847000122070312
2026-08-05 10:08:55.737427: 
2026-08-05 10:08:55.737758: Epoch 21
2026-08-05 10:08:55.737932: Current learning rate: 0.00981
2026-08-05 10:09:36.150299: train_loss -0.6807
2026-08-05 10:09:36.150868: val_loss -0.6829
2026-08-05 10:09:36.151065: Pseudo dice [np.float32(0.644), np.float32(0.8702), np.float32(0.8922)]
2026-08-05 10:09:36.151191: Epoch time: 40.42 s
2026-08-05 10:09:36.151279: Yayy! New best EMA pseudo Dice: 0.696399986743927
2026-08-05 10:09:41.422209: 
2026-08-05 10:09:41.422518: Epoch 22
2026-08-05 10:09:41.422605: Current learning rate: 0.0098
2026-08-05 10:10:22.017169: train_loss -0.6743
2026-08-05 10:10:22.017647: val_loss -0.7016
2026-08-05 10:10:22.017844: Pseudo dice [np.float32(0.6415), np.float32(0.8649), np.float32(0.9114)]
2026-08-05 10:10:22.017996: Epoch time: 40.6 s
2026-08-05 10:10:22.018087: Yayy! New best EMA pseudo Dice: 0.7074000239372253
2026-08-05 10:10:39.011226: 
2026-08-05 10:10:39.011675: Epoch 23
2026-08-05 10:10:39.011769: Current learning rate: 0.00979
2026-08-05 10:11:19.556480: train_loss -0.6867
2026-08-05 10:11:19.556958: val_loss -0.6851
2026-08-05 10:11:19.557067: Pseudo dice [np.float32(0.6398), np.float32(0.8609), np.float32(0.8988)]
2026-08-05 10:11:19.557167: Epoch time: 40.55 s
2026-08-05 10:11:19.557236: Yayy! New best EMA pseudo Dice: 0.7166000008583069
2026-08-05 10:11:29.303542: 
2026-08-05 10:11:29.304039: Epoch 24
2026-08-05 10:11:29.304128: Current learning rate: 0.00978
2026-08-05 10:12:10.103324: train_loss -0.696
2026-08-05 10:12:10.103760: val_loss -0.7136
2026-08-05 10:12:10.103864: Pseudo dice [np.float32(0.6646), np.float32(0.8755), np.float32(0.9111)]
2026-08-05 10:12:10.103987: Epoch time: 40.8 s
2026-08-05 10:12:10.104103: Yayy! New best EMA pseudo Dice: 0.7267000079154968
2026-08-05 10:12:17.512140: 
2026-08-05 10:12:17.512396: Epoch 25
2026-08-05 10:12:17.512551: Current learning rate: 0.00977
2026-08-05 10:12:57.843759: train_loss -0.7135
2026-08-05 10:12:57.844377: val_loss -0.7148
2026-08-05 10:12:57.844514: Pseudo dice [np.float32(0.6594), np.float32(0.8863), np.float32(0.9125)]
2026-08-05 10:12:57.844677: Epoch time: 40.33 s
2026-08-05 10:12:57.844773: Yayy! New best EMA pseudo Dice: 0.7358999848365784
2026-08-05 10:13:02.887553: 
2026-08-05 10:13:02.888028: Epoch 26
2026-08-05 10:13:02.888111: Current learning rate: 0.00977
2026-08-05 10:13:43.291659: train_loss -0.7121
2026-08-05 10:13:43.292295: val_loss -0.7377
2026-08-05 10:13:43.292433: Pseudo dice [np.float32(0.6698), np.float32(0.8952), np.float32(0.9215)]
2026-08-05 10:13:43.292557: Epoch time: 40.41 s
2026-08-05 10:13:43.292647: Yayy! New best EMA pseudo Dice: 0.745199978351593
2026-08-05 10:13:49.245335: 
2026-08-05 10:13:49.245824: Epoch 27
2026-08-05 10:13:49.245993: Current learning rate: 0.00976
2026-08-05 10:14:29.584033: train_loss -0.7186
2026-08-05 10:14:29.584324: val_loss -0.7072
2026-08-05 10:14:29.584379: Pseudo dice [np.float32(0.6374), np.float32(0.8752), np.float32(0.9104)]
2026-08-05 10:14:29.584433: Epoch time: 40.34 s
2026-08-05 10:14:29.584470: Yayy! New best EMA pseudo Dice: 0.7515000104904175
2026-08-05 10:14:36.934497: 
2026-08-05 10:14:36.934836: Epoch 28
2026-08-05 10:14:36.934966: Current learning rate: 0.00975
2026-08-05 10:15:17.331584: train_loss -0.6983
2026-08-05 10:15:17.332092: val_loss -0.7219
2026-08-05 10:15:17.332220: Pseudo dice [np.float32(0.6603), np.float32(0.8961), np.float32(0.9099)]
2026-08-05 10:15:17.332348: Epoch time: 40.4 s
2026-08-05 10:15:17.332434: Yayy! New best EMA pseudo Dice: 0.7584999799728394
2026-08-05 10:15:22.209676: 
2026-08-05 10:15:22.210058: Epoch 29
2026-08-05 10:15:22.210156: Current learning rate: 0.00974
2026-08-05 10:16:02.632654: train_loss -0.6922
2026-08-05 10:16:02.633268: val_loss -0.7186
2026-08-05 10:16:02.633407: Pseudo dice [np.float32(0.6678), np.float32(0.8952), np.float32(0.9062)]
2026-08-05 10:16:02.633533: Epoch time: 40.43 s
2026-08-05 10:16:02.633619: Yayy! New best EMA pseudo Dice: 0.7649999856948853
2026-08-05 10:16:07.729909: 
2026-08-05 10:16:07.730230: Epoch 30
2026-08-05 10:16:07.730362: Current learning rate: 0.00973
2026-08-05 10:16:47.995515: train_loss -0.7165
2026-08-05 10:16:47.996192: val_loss -0.72
2026-08-05 10:16:47.996335: Pseudo dice [np.float32(0.6715), np.float32(0.8847), np.float32(0.9135)]
2026-08-05 10:16:47.996460: Epoch time: 40.27 s
2026-08-05 10:16:47.996545: Yayy! New best EMA pseudo Dice: 0.770799994468689
2026-08-05 10:16:57.327450: 
2026-08-05 10:16:57.327871: Epoch 31
2026-08-05 10:16:57.327963: Current learning rate: 0.00972
2026-08-05 10:17:37.651091: train_loss -0.6814
2026-08-05 10:17:37.651761: val_loss -0.6973
2026-08-05 10:17:37.651828: Pseudo dice [np.float32(0.6479), np.float32(0.8814), np.float32(0.9043)]
2026-08-05 10:17:37.651886: Epoch time: 40.33 s
2026-08-05 10:17:37.651935: Yayy! New best EMA pseudo Dice: 0.7748000025749207
2026-08-05 10:17:47.972182: 
2026-08-05 10:17:47.972573: Epoch 32
2026-08-05 10:17:47.972670: Current learning rate: 0.00971
2026-08-05 10:18:28.202393: train_loss -0.6867
2026-08-05 10:18:28.202790: val_loss -0.6602
2026-08-05 10:18:28.202923: Pseudo dice [np.float32(0.6311), np.float32(0.8787), np.float32(0.8702)]
2026-08-05 10:18:28.203028: Epoch time: 40.23 s
2026-08-05 10:18:28.203097: Yayy! New best EMA pseudo Dice: 0.7767000198364258
2026-08-05 10:18:33.415714: 
2026-08-05 10:18:33.416044: Epoch 33
2026-08-05 10:18:33.416169: Current learning rate: 0.0097
2026-08-05 10:19:13.831622: train_loss -0.6944
2026-08-05 10:19:13.831862: val_loss -0.6752
2026-08-05 10:19:13.831929: Pseudo dice [np.float32(0.6473), np.float32(0.8735), np.float32(0.894)]
2026-08-05 10:19:13.831981: Epoch time: 40.42 s
2026-08-05 10:19:13.832016: Yayy! New best EMA pseudo Dice: 0.7795000076293945
2026-08-05 10:19:23.091800: 
2026-08-05 10:19:23.092053: Epoch 34
2026-08-05 10:19:23.092208: Current learning rate: 0.00969
2026-08-05 10:20:03.332002: train_loss -0.6849
2026-08-05 10:20:03.332472: val_loss -0.7197
2026-08-05 10:20:03.332582: Pseudo dice [np.float32(0.6646), np.float32(0.8805), np.float32(0.9145)]
2026-08-05 10:20:03.332675: Epoch time: 40.24 s
2026-08-05 10:20:03.332746: Yayy! New best EMA pseudo Dice: 0.7835999727249146
2026-08-05 10:20:09.520858: 
2026-08-05 10:20:09.521181: Epoch 35
2026-08-05 10:20:09.521281: Current learning rate: 0.00968
2026-08-05 10:20:49.865481: train_loss -0.7019
2026-08-05 10:20:49.865791: val_loss -0.7021
2026-08-05 10:20:49.865888: Pseudo dice [np.float32(0.6488), np.float32(0.864), np.float32(0.913)]
2026-08-05 10:20:49.865991: Epoch time: 40.35 s
2026-08-05 10:20:49.866059: Yayy! New best EMA pseudo Dice: 0.7860999703407288
2026-08-05 10:21:00.415118: 
2026-08-05 10:21:00.415475: Epoch 36
2026-08-05 10:21:00.415557: Current learning rate: 0.00968
2026-08-05 10:21:40.317544: train_loss -0.717
2026-08-05 10:21:40.317845: val_loss -0.7074
2026-08-05 10:21:40.318010: Pseudo dice [np.float32(0.6628), np.float32(0.8767), np.float32(0.9102)]
2026-08-05 10:21:40.318167: Epoch time: 39.91 s
2026-08-05 10:21:40.318240: Yayy! New best EMA pseudo Dice: 0.7890999913215637
2026-08-05 10:21:50.979344: 
2026-08-05 10:21:50.979718: Epoch 37
2026-08-05 10:21:50.979805: Current learning rate: 0.00967
2026-08-05 10:22:31.273576: train_loss -0.7109
2026-08-05 10:22:31.274138: val_loss -0.7259
2026-08-05 10:22:31.274254: Pseudo dice [np.float32(0.6645), np.float32(0.8863), np.float32(0.9104)]
2026-08-05 10:22:31.274362: Epoch time: 40.3 s
2026-08-05 10:22:31.274434: Yayy! New best EMA pseudo Dice: 0.7922000288963318
2026-08-05 10:22:37.044708: 
2026-08-05 10:22:37.045091: Epoch 38
2026-08-05 10:22:37.045218: Current learning rate: 0.00966
2026-08-05 10:23:17.345250: train_loss -0.7219
2026-08-05 10:23:17.345750: val_loss -0.7027
2026-08-05 10:23:17.345886: Pseudo dice [np.float32(0.6626), np.float32(0.8608), np.float32(0.9035)]
2026-08-05 10:23:17.346028: Epoch time: 40.3 s
2026-08-05 10:23:17.346113: Yayy! New best EMA pseudo Dice: 0.7939000129699707
2026-08-05 10:23:24.389234: 
2026-08-05 10:23:24.389564: Epoch 39
2026-08-05 10:23:24.389700: Current learning rate: 0.00965
2026-08-05 10:24:04.639190: train_loss -0.7241
2026-08-05 10:24:04.642502: val_loss -0.7179
2026-08-05 10:24:04.642929: Pseudo dice [np.float32(0.6631), np.float32(0.8976), np.float32(0.9063)]
2026-08-05 10:24:04.644769: Epoch time: 40.25 s
2026-08-05 10:24:04.645662: Yayy! New best EMA pseudo Dice: 0.7968000173568726
2026-08-05 10:24:11.553470: 
2026-08-05 10:24:11.553838: Epoch 40
2026-08-05 10:24:11.554024: Current learning rate: 0.00964
2026-08-05 10:24:52.192723: train_loss -0.7243
2026-08-05 10:24:52.194391: val_loss -0.7285
2026-08-05 10:24:52.194643: Pseudo dice [np.float32(0.6776), np.float32(0.8955), np.float32(0.9146)]
2026-08-05 10:24:52.194760: Epoch time: 40.64 s
2026-08-05 10:24:52.194832: Yayy! New best EMA pseudo Dice: 0.800000011920929
2026-08-05 10:24:56.667028: 
2026-08-05 10:24:56.667377: Epoch 41
2026-08-05 10:24:56.667463: Current learning rate: 0.00963
2026-08-05 10:25:37.067949: train_loss -0.7376
2026-08-05 10:25:37.068504: val_loss -0.733
2026-08-05 10:25:37.068717: Pseudo dice [np.float32(0.6801), np.float32(0.8959), np.float32(0.9214)]
2026-08-05 10:25:37.068996: Epoch time: 40.4 s
2026-08-05 10:25:37.069137: Yayy! New best EMA pseudo Dice: 0.8033000230789185
2026-08-05 10:25:42.558830: 
2026-08-05 10:25:42.559126: Epoch 42
2026-08-05 10:25:42.559305: Current learning rate: 0.00962
2026-08-05 10:26:23.055911: train_loss -0.7338
2026-08-05 10:26:23.056233: val_loss -0.7408
2026-08-05 10:26:23.056290: Pseudo dice [np.float32(0.6763), np.float32(0.904), np.float32(0.914)]
2026-08-05 10:26:23.056351: Epoch time: 40.5 s
2026-08-05 10:26:23.056391: Yayy! New best EMA pseudo Dice: 0.8061000108718872
2026-08-05 10:26:27.335868: 
2026-08-05 10:26:27.336217: Epoch 43
2026-08-05 10:26:27.336313: Current learning rate: 0.00961
2026-08-05 10:27:07.571638: train_loss -0.7407
2026-08-05 10:27:07.572023: val_loss -0.7512
2026-08-05 10:27:07.572152: Pseudo dice [np.float32(0.6852), np.float32(0.9041), np.float32(0.9248)]
2026-08-05 10:27:07.572262: Epoch time: 40.24 s
2026-08-05 10:27:07.572347: Yayy! New best EMA pseudo Dice: 0.8093000054359436
2026-08-05 10:27:12.441188: 
2026-08-05 10:27:12.441620: Epoch 44
2026-08-05 10:27:12.441733: Current learning rate: 0.0096
2026-08-05 10:27:52.668439: train_loss -0.7303
2026-08-05 10:27:52.668651: val_loss -0.7353
2026-08-05 10:27:52.668705: Pseudo dice [np.float32(0.6861), np.float32(0.8914), np.float32(0.9233)]
2026-08-05 10:27:52.668764: Epoch time: 40.23 s
2026-08-05 10:27:52.668811: Yayy! New best EMA pseudo Dice: 0.8116999864578247
2026-08-05 10:27:58.296789: 
2026-08-05 10:27:58.297174: Epoch 45
2026-08-05 10:27:58.297306: Current learning rate: 0.00959
2026-08-05 10:28:38.647028: train_loss -0.7427
2026-08-05 10:28:38.647647: val_loss -0.7736
2026-08-05 10:28:38.647789: Pseudo dice [np.float32(0.7098), np.float32(0.9171), np.float32(0.9325)]
2026-08-05 10:28:38.647935: Epoch time: 40.35 s
2026-08-05 10:28:38.648029: Yayy! New best EMA pseudo Dice: 0.8158000111579895
2026-08-05 10:28:44.811036: 
2026-08-05 10:28:44.811402: Epoch 46
2026-08-05 10:28:44.811487: Current learning rate: 0.00959
2026-08-05 10:29:25.288344: train_loss -0.7373
2026-08-05 10:29:25.288831: val_loss -0.7656
2026-08-05 10:29:25.289059: Pseudo dice [np.float32(0.6925), np.float32(0.9105), np.float32(0.9281)]
2026-08-05 10:29:25.289265: Epoch time: 40.48 s
2026-08-05 10:29:25.289362: Yayy! New best EMA pseudo Dice: 0.8185999989509583
2026-08-05 10:29:42.204797: 
2026-08-05 10:29:42.205195: Epoch 47
2026-08-05 10:29:42.205319: Current learning rate: 0.00958
2026-08-05 10:30:22.530360: train_loss -0.7498
2026-08-05 10:30:22.530849: val_loss -0.7547
2026-08-05 10:30:22.531105: Pseudo dice [np.float32(0.6828), np.float32(0.8981), np.float32(0.9244)]
2026-08-05 10:30:22.531246: Epoch time: 40.33 s
2026-08-05 10:30:22.531341: Yayy! New best EMA pseudo Dice: 0.8202999830245972
2026-08-05 10:30:27.693752: 
2026-08-05 10:30:27.694128: Epoch 48
2026-08-05 10:30:27.694211: Current learning rate: 0.00957
2026-08-05 10:31:07.995563: train_loss -0.7421
2026-08-05 10:31:07.996388: val_loss -0.7229
2026-08-05 10:31:07.996525: Pseudo dice [np.float32(0.6714), np.float32(0.8964), np.float32(0.9137)]
2026-08-05 10:31:07.996679: Epoch time: 40.3 s
2026-08-05 10:31:07.996776: Yayy! New best EMA pseudo Dice: 0.8209999799728394
2026-08-05 10:31:15.242869: 
2026-08-05 10:31:15.243181: Epoch 49
2026-08-05 10:31:15.243315: Current learning rate: 0.00956
2026-08-05 10:31:55.544296: train_loss -0.7487
2026-08-05 10:31:55.544734: val_loss -0.7569
2026-08-05 10:31:55.544870: Pseudo dice [np.float32(0.6966), np.float32(0.9018), np.float32(0.9274)]
2026-08-05 10:31:55.545013: Epoch time: 40.3 s
2026-08-05 10:31:57.062175: Yayy! New best EMA pseudo Dice: 0.8230999708175659
2026-08-05 10:32:43.808789: 
2026-08-05 10:32:43.809096: Epoch 50
2026-08-05 10:32:43.809218: Current learning rate: 0.00955
2026-08-05 10:33:24.135574: train_loss -0.7491
2026-08-05 10:33:24.135806: val_loss -0.7221
2026-08-05 10:33:24.135859: Pseudo dice [np.float32(0.6675), np.float32(0.8789), np.float32(0.9117)]
2026-08-05 10:33:24.135926: Epoch time: 40.33 s
2026-08-05 10:33:25.040160: 
2026-08-05 10:33:25.040663: Epoch 51
2026-08-05 10:33:25.040755: Current learning rate: 0.00954
2026-08-05 10:34:05.487876: train_loss -0.7505
2026-08-05 10:34:05.488171: val_loss -0.754
2026-08-05 10:34:05.488289: Pseudo dice [np.float32(0.693), np.float32(0.9036), np.float32(0.9182)]
2026-08-05 10:34:05.488358: Epoch time: 40.45 s
2026-08-05 10:34:05.488398: Yayy! New best EMA pseudo Dice: 0.8242999911308289
2026-08-05 10:34:15.477464: 
2026-08-05 10:34:15.477879: Epoch 52
2026-08-05 10:34:15.477971: Current learning rate: 0.00953
2026-08-05 10:34:55.912575: train_loss -0.7529
2026-08-05 10:34:55.913236: val_loss -0.7515
2026-08-05 10:34:55.913552: Pseudo dice [np.float32(0.6874), np.float32(0.9022), np.float32(0.915)]
2026-08-05 10:34:55.913865: Epoch time: 40.44 s
2026-08-05 10:34:55.913988: Yayy! New best EMA pseudo Dice: 0.8252999782562256
2026-08-05 10:35:06.858984: 
2026-08-05 10:35:06.859438: Epoch 53
2026-08-05 10:35:06.859533: Current learning rate: 0.00952
2026-08-05 10:35:47.185685: train_loss -0.7561
2026-08-05 10:35:47.185973: val_loss -0.7276
2026-08-05 10:35:47.186030: Pseudo dice [np.float32(0.6871), np.float32(0.9003), np.float32(0.9089)]
2026-08-05 10:35:47.186086: Epoch time: 40.33 s
2026-08-05 10:35:47.186124: Yayy! New best EMA pseudo Dice: 0.8259999752044678
2026-08-05 10:35:58.308674: 
2026-08-05 10:35:58.309029: Epoch 54
2026-08-05 10:35:58.309164: Current learning rate: 0.00951
2026-08-05 10:36:38.489085: train_loss -0.7554
2026-08-05 10:36:38.490144: val_loss -0.7296
2026-08-05 10:36:38.490290: Pseudo dice [np.float32(0.6825), np.float32(0.8902), np.float32(0.9161)]
2026-08-05 10:36:38.490412: Epoch time: 40.18 s
2026-08-05 10:36:38.490497: Yayy! New best EMA pseudo Dice: 0.8263999819755554
2026-08-05 10:36:43.532787: 
2026-08-05 10:36:43.533146: Epoch 55
2026-08-05 10:36:43.533227: Current learning rate: 0.0095
2026-08-05 10:37:23.895297: train_loss -0.7149
2026-08-05 10:37:23.897709: val_loss -0.7128
2026-08-05 10:37:23.897938: Pseudo dice [np.float32(0.6626), np.float32(0.8928), np.float32(0.8937)]
2026-08-05 10:37:23.898154: Epoch time: 40.37 s
2026-08-05 10:37:24.709788: 
2026-08-05 10:37:24.710200: Epoch 56
2026-08-05 10:37:24.710297: Current learning rate: 0.00949
2026-08-05 10:38:05.265325: train_loss -0.6947
2026-08-05 10:38:05.265680: val_loss -0.7102
2026-08-05 10:38:05.265785: Pseudo dice [np.float32(0.6582), np.float32(0.8941), np.float32(0.9039)]
2026-08-05 10:38:05.265886: Epoch time: 40.56 s
2026-08-05 10:38:05.971599: 
2026-08-05 10:38:05.971916: Epoch 57
2026-08-05 10:38:05.972113: Current learning rate: 0.00949
2026-08-05 10:38:46.266279: train_loss -0.726
2026-08-05 10:38:46.266658: val_loss -0.7359
2026-08-05 10:38:46.266766: Pseudo dice [np.float32(0.6776), np.float32(0.8981), np.float32(0.9207)]
2026-08-05 10:38:46.266862: Epoch time: 40.3 s
2026-08-05 10:38:46.985986: 
2026-08-05 10:38:46.986213: Epoch 58
2026-08-05 10:38:46.986380: Current learning rate: 0.00948
2026-08-05 10:39:27.296146: train_loss -0.7335
2026-08-05 10:39:27.296599: val_loss -0.7575
2026-08-05 10:39:27.296762: Pseudo dice [np.float32(0.6879), np.float32(0.907), np.float32(0.9298)]
2026-08-05 10:39:27.296866: Epoch time: 40.31 s
2026-08-05 10:39:27.296959: Yayy! New best EMA pseudo Dice: 0.8270000219345093
2026-08-05 10:39:31.964173: 
2026-08-05 10:39:31.964491: Epoch 59
2026-08-05 10:39:31.964604: Current learning rate: 0.00947
2026-08-05 10:40:12.103080: train_loss -0.7363
2026-08-05 10:40:12.103322: val_loss -0.7574
2026-08-05 10:40:12.103374: Pseudo dice [np.float32(0.6951), np.float32(0.9144), np.float32(0.9241)]
2026-08-05 10:40:12.103425: Epoch time: 40.14 s
2026-08-05 10:40:12.103460: Yayy! New best EMA pseudo Dice: 0.8288000226020813
2026-08-05 10:40:17.823333: 
2026-08-05 10:40:17.823643: Epoch 60
2026-08-05 10:40:17.823728: Current learning rate: 0.00946
2026-08-05 10:40:58.436447: train_loss -0.7501
2026-08-05 10:40:58.436980: val_loss -0.7646
2026-08-05 10:40:58.437106: Pseudo dice [np.float32(0.6943), np.float32(0.907), np.float32(0.9299)]
2026-08-05 10:40:58.437216: Epoch time: 40.62 s
2026-08-05 10:40:58.437298: Yayy! New best EMA pseudo Dice: 0.830299973487854
2026-08-05 10:41:09.864805: 
2026-08-05 10:41:09.865273: Epoch 61
2026-08-05 10:41:09.865358: Current learning rate: 0.00945
2026-08-05 10:41:50.144377: train_loss -0.7695
2026-08-05 10:41:50.144662: val_loss -0.7445
2026-08-05 10:41:50.144845: Pseudo dice [np.float32(0.6842), np.float32(0.8956), np.float32(0.9218)]
2026-08-05 10:41:50.145000: Epoch time: 40.28 s
2026-08-05 10:41:50.145094: Yayy! New best EMA pseudo Dice: 0.8306000232696533
2026-08-05 10:41:55.426218: 
2026-08-05 10:41:55.426549: Epoch 62
2026-08-05 10:41:55.426709: Current learning rate: 0.00944
2026-08-05 10:42:35.862964: train_loss -0.7593
2026-08-05 10:42:35.959323: val_loss -0.7658
2026-08-05 10:42:35.959497: Pseudo dice [np.float32(0.7078), np.float32(0.9091), np.float32(0.9283)]
2026-08-05 10:42:35.959622: Epoch time: 40.44 s
2026-08-05 10:42:35.959843: Yayy! New best EMA pseudo Dice: 0.8324000239372253
2026-08-05 10:42:46.469522: 
2026-08-05 10:42:46.469978: Epoch 63
2026-08-05 10:42:46.470070: Current learning rate: 0.00943
2026-08-05 10:43:26.934182: train_loss -0.762
2026-08-05 10:43:26.934498: val_loss -0.7598
2026-08-05 10:43:26.934622: Pseudo dice [np.float32(0.6967), np.float32(0.9111), np.float32(0.9261)]
2026-08-05 10:43:26.934734: Epoch time: 40.47 s
2026-08-05 10:43:26.934877: Yayy! New best EMA pseudo Dice: 0.8335999846458435
2026-08-05 10:43:32.520665: 
2026-08-05 10:43:32.520920: Epoch 64
2026-08-05 10:43:32.521018: Current learning rate: 0.00942
2026-08-05 10:44:12.926939: train_loss -0.7615
2026-08-05 10:44:12.927229: val_loss -0.7724
2026-08-05 10:44:12.927327: Pseudo dice [np.float32(0.7085), np.float32(0.9183), np.float32(0.9245)]
2026-08-05 10:44:12.927490: Epoch time: 40.41 s
2026-08-05 10:44:12.927572: Yayy! New best EMA pseudo Dice: 0.8353000283241272
2026-08-05 10:44:18.212730: 
2026-08-05 10:44:18.213064: Epoch 65
2026-08-05 10:44:18.213160: Current learning rate: 0.00941
2026-08-05 10:44:58.649861: train_loss -0.7668
2026-08-05 10:44:58.650356: val_loss -0.7648
2026-08-05 10:44:58.650492: Pseudo dice [np.float32(0.6911), np.float32(0.9176), np.float32(0.9264)]
2026-08-05 10:44:58.650618: Epoch time: 40.44 s
2026-08-05 10:44:58.650707: Yayy! New best EMA pseudo Dice: 0.8363000154495239
2026-08-05 10:45:04.870189: 
2026-08-05 10:45:04.870504: Epoch 66
2026-08-05 10:45:04.870593: Current learning rate: 0.0094
2026-08-05 10:45:45.324106: train_loss -0.7537
2026-08-05 10:45:45.324578: val_loss -0.7629
2026-08-05 10:45:45.324684: Pseudo dice [np.float32(0.6931), np.float32(0.9102), np.float32(0.9267)]
2026-08-05 10:45:45.324784: Epoch time: 40.46 s
2026-08-05 10:45:45.324852: Yayy! New best EMA pseudo Dice: 0.8370000123977661
2026-08-05 10:45:52.319480: 
2026-08-05 10:45:52.319966: Epoch 67
2026-08-05 10:45:52.320124: Current learning rate: 0.00939
2026-08-05 10:46:32.648164: train_loss -0.7597
2026-08-05 10:46:32.648604: val_loss -0.7572
2026-08-05 10:46:32.648710: Pseudo dice [np.float32(0.7036), np.float32(0.9059), np.float32(0.9201)]
2026-08-05 10:46:32.648811: Epoch time: 40.33 s
2026-08-05 10:46:32.649000: Yayy! New best EMA pseudo Dice: 0.8375999927520752
2026-08-05 10:46:42.199566: 
2026-08-05 10:46:42.200023: Epoch 68
2026-08-05 10:46:42.200173: Current learning rate: 0.00939
2026-08-05 10:47:22.605248: train_loss -0.766
2026-08-05 10:47:22.605686: val_loss -0.7588
2026-08-05 10:47:22.605817: Pseudo dice [np.float32(0.6992), np.float32(0.9105), np.float32(0.9266)]
2026-08-05 10:47:22.605957: Epoch time: 40.41 s
2026-08-05 10:47:22.606048: Yayy! New best EMA pseudo Dice: 0.8384000062942505
2026-08-05 10:47:30.462882: 
2026-08-05 10:47:30.463294: Epoch 69
2026-08-05 10:47:30.463385: Current learning rate: 0.00938
2026-08-05 10:48:10.758608: train_loss -0.7595
2026-08-05 10:48:10.758775: val_loss -0.7375
2026-08-05 10:48:10.758831: Pseudo dice [np.float32(0.6858), np.float32(0.8923), np.float32(0.9129)]
2026-08-05 10:48:10.758885: Epoch time: 40.3 s
2026-08-05 10:48:11.459843: 
2026-08-05 10:48:11.460188: Epoch 70
2026-08-05 10:48:11.460306: Current learning rate: 0.00937
2026-08-05 10:48:51.717798: train_loss -0.7591
2026-08-05 10:48:51.718173: val_loss -0.7355
2026-08-05 10:48:51.718295: Pseudo dice [np.float32(0.6742), np.float32(0.8891), np.float32(0.9145)]
2026-08-05 10:48:51.718404: Epoch time: 40.26 s
2026-08-05 10:48:52.529104: 
2026-08-05 10:48:52.529516: Epoch 71
2026-08-05 10:48:52.529602: Current learning rate: 0.00936
2026-08-05 10:49:32.884260: train_loss -0.7472
2026-08-05 10:49:32.896551: val_loss -0.761
2026-08-05 10:49:32.896693: Pseudo dice [np.float32(0.6921), np.float32(0.8871), np.float32(0.9325)]
2026-08-05 10:49:32.896815: Epoch time: 40.36 s
2026-08-05 10:49:33.670243: 
2026-08-05 10:49:33.670592: Epoch 72
2026-08-05 10:49:33.670684: Current learning rate: 0.00935
2026-08-05 10:50:18.444944: train_loss -0.7555
2026-08-05 10:50:18.445122: val_loss -0.7586
2026-08-05 10:50:18.445190: Pseudo dice [np.float32(0.6989), np.float32(0.9088), np.float32(0.929)]
2026-08-05 10:50:18.445245: Epoch time: 44.78 s
2026-08-05 10:50:19.175877: 
2026-08-05 10:50:19.176232: Epoch 73
2026-08-05 10:50:19.176336: Current learning rate: 0.00934
2026-08-05 10:50:59.606685: train_loss -0.7478
2026-08-05 10:50:59.607143: val_loss -0.7469
2026-08-05 10:50:59.607268: Pseudo dice [np.float32(0.6892), np.float32(0.9051), np.float32(0.9222)]
2026-08-05 10:50:59.607380: Epoch time: 40.43 s
2026-08-05 10:51:00.355348: 
2026-08-05 10:51:00.355605: Epoch 74
2026-08-05 10:51:00.355826: Current learning rate: 0.00933
2026-08-05 10:51:40.809373: train_loss -0.7357
2026-08-05 10:51:40.809832: val_loss -0.7464
2026-08-05 10:51:40.810111: Pseudo dice [np.float32(0.6842), np.float32(0.8948), np.float32(0.9209)]
2026-08-05 10:51:40.810264: Epoch time: 40.46 s
2026-08-05 10:51:41.910900: 
2026-08-05 10:51:41.911213: Epoch 75
2026-08-05 10:51:41.911327: Current learning rate: 0.00932
2026-08-05 10:52:22.336442: train_loss -0.7683
2026-08-05 10:52:22.336662: val_loss -0.7564
2026-08-05 10:52:22.336715: Pseudo dice [np.float32(0.696), np.float32(0.9133), np.float32(0.9128)]
2026-08-05 10:52:22.336784: Epoch time: 40.43 s
2026-08-05 10:52:23.057306: 
2026-08-05 10:52:23.057647: Epoch 76
2026-08-05 10:52:23.057771: Current learning rate: 0.00931
2026-08-05 10:53:03.570521: train_loss -0.7552
2026-08-05 10:53:03.570809: val_loss -0.7605
2026-08-05 10:53:03.570873: Pseudo dice [np.float32(0.7073), np.float32(0.9082), np.float32(0.9185)]
2026-08-05 10:53:03.571084: Epoch time: 40.52 s
2026-08-05 10:53:04.282428: 
2026-08-05 10:53:04.282653: Epoch 77
2026-08-05 10:53:04.282785: Current learning rate: 0.0093
2026-08-05 10:53:44.667943: train_loss -0.7677
2026-08-05 10:53:44.668221: val_loss -0.7599
2026-08-05 10:53:44.668319: Pseudo dice [np.float32(0.6902), np.float32(0.9016), np.float32(0.9318)]
2026-08-05 10:53:44.668408: Epoch time: 40.39 s
2026-08-05 10:53:44.668476: Yayy! New best EMA pseudo Dice: 0.8385000228881836
2026-08-05 10:53:50.100517: 
2026-08-05 10:53:50.100873: Epoch 78
2026-08-05 10:53:50.101039: Current learning rate: 0.0093
2026-08-05 10:54:30.518742: train_loss -0.7532
2026-08-05 10:54:30.519224: val_loss -0.7633
2026-08-05 10:54:30.519382: Pseudo dice [np.float32(0.6946), np.float32(0.9097), np.float32(0.9257)]
2026-08-05 10:54:30.519527: Epoch time: 40.42 s
2026-08-05 10:54:30.519616: Yayy! New best EMA pseudo Dice: 0.8389999866485596
2026-08-05 10:54:35.611294: 
2026-08-05 10:54:35.611587: Epoch 79
2026-08-05 10:54:35.611755: Current learning rate: 0.00929
2026-08-05 10:55:16.704172: train_loss -0.7359
2026-08-05 10:55:16.868428: val_loss -0.7623
2026-08-05 10:55:16.868551: Pseudo dice [np.float32(0.69), np.float32(0.9068), np.float32(0.9347)]
2026-08-05 10:55:16.868621: Epoch time: 41.1 s
2026-08-05 10:55:16.868661: Yayy! New best EMA pseudo Dice: 0.8395000100135803
2026-08-05 10:55:21.040380: 
2026-08-05 10:55:21.040838: Epoch 80
2026-08-05 10:55:21.040959: Current learning rate: 0.00928
2026-08-05 10:56:01.527533: train_loss -0.7679
2026-08-05 10:56:01.531495: val_loss -0.7549
2026-08-05 10:56:01.531671: Pseudo dice [np.float32(0.6868), np.float32(0.8992), np.float32(0.9307)]
2026-08-05 10:56:01.531811: Epoch time: 40.49 s
2026-08-05 10:56:02.685861: 
2026-08-05 10:56:02.686220: Epoch 81
2026-08-05 10:56:02.686306: Current learning rate: 0.00927
2026-08-05 10:56:43.163554: train_loss -0.7703
2026-08-05 10:56:43.380411: val_loss -0.7495
2026-08-05 10:56:43.380603: Pseudo dice [np.float32(0.6935), np.float32(0.9016), np.float32(0.9158)]
2026-08-05 10:56:43.380732: Epoch time: 40.48 s
2026-08-05 10:56:44.238471: 
2026-08-05 10:56:44.238832: Epoch 82
2026-08-05 10:56:44.238931: Current learning rate: 0.00926
2026-08-05 10:57:24.758362: train_loss -0.7617
2026-08-05 10:57:25.432754: val_loss -0.762
2026-08-05 10:57:25.432998: Pseudo dice [np.float32(0.6989), np.float32(0.911), np.float32(0.9218)]
2026-08-05 10:57:25.433182: Epoch time: 40.52 s
2026-08-05 10:57:25.433274: Yayy! New best EMA pseudo Dice: 0.8396000266075134
2026-08-05 10:57:31.068183: 
2026-08-05 10:57:31.068526: Epoch 83
2026-08-05 10:57:31.068608: Current learning rate: 0.00925
2026-08-05 10:58:11.433836: train_loss -0.7715
2026-08-05 10:58:11.866763: val_loss -0.7585
2026-08-05 10:58:11.866882: Pseudo dice [np.float32(0.6977), np.float32(0.9106), np.float32(0.9255)]
2026-08-05 10:58:11.866959: Epoch time: 40.37 s
2026-08-05 10:58:11.866999: Yayy! New best EMA pseudo Dice: 0.8400999903678894
2026-08-05 10:58:16.723087: 
2026-08-05 10:58:16.723414: Epoch 84
2026-08-05 10:58:16.723584: Current learning rate: 0.00924
2026-08-05 10:58:56.943818: train_loss -0.7634
2026-08-05 10:58:57.176405: val_loss -0.7503
2026-08-05 10:58:57.176624: Pseudo dice [np.float32(0.6876), np.float32(0.902), np.float32(0.9295)]
2026-08-05 10:58:57.176759: Epoch time: 40.22 s
2026-08-05 10:58:58.112921: 
2026-08-05 10:58:58.113248: Epoch 85
2026-08-05 10:58:58.113410: Current learning rate: 0.00923
2026-08-05 10:59:38.838832: train_loss -0.7662
2026-08-05 10:59:39.611973: val_loss -0.7651
2026-08-05 10:59:39.612301: Pseudo dice [np.float32(0.6934), np.float32(0.9055), np.float32(0.9342)]
2026-08-05 10:59:39.612450: Epoch time: 40.73 s
2026-08-05 10:59:39.612550: Yayy! New best EMA pseudo Dice: 0.840499997138977
2026-08-05 10:59:45.340240: 
2026-08-05 10:59:45.340610: Epoch 86
2026-08-05 10:59:45.340731: Current learning rate: 0.00922
2026-08-05 11:00:25.767787: train_loss -0.7763
2026-08-05 11:00:25.768190: val_loss -0.7834
2026-08-05 11:00:25.768298: Pseudo dice [np.float32(0.7091), np.float32(0.9206), np.float32(0.9357)]
2026-08-05 11:00:25.768397: Epoch time: 40.43 s
2026-08-05 11:00:25.768468: Yayy! New best EMA pseudo Dice: 0.8420000076293945
2026-08-05 11:00:32.217939: 
2026-08-05 11:00:32.218327: Epoch 87
2026-08-05 11:00:32.218411: Current learning rate: 0.00921
2026-08-05 11:01:12.538826: train_loss -0.7756
2026-08-05 11:01:12.810674: val_loss -0.7645
2026-08-05 11:01:12.810802: Pseudo dice [np.float32(0.7028), np.float32(0.9068), np.float32(0.9242)]
2026-08-05 11:01:12.810860: Epoch time: 40.32 s
2026-08-05 11:01:12.810921: Yayy! New best EMA pseudo Dice: 0.842199981212616
2026-08-05 11:01:19.331756: 
2026-08-05 11:01:19.332004: Epoch 88
2026-08-05 11:01:19.332124: Current learning rate: 0.0092
2026-08-05 11:01:59.674552: train_loss -0.772
2026-08-05 11:01:59.893679: val_loss -0.7598
2026-08-05 11:01:59.893869: Pseudo dice [np.float32(0.6988), np.float32(0.9053), np.float32(0.9218)]
2026-08-05 11:01:59.893940: Epoch time: 40.35 s
2026-08-05 11:02:00.881440: 
2026-08-05 11:02:00.881785: Epoch 89
2026-08-05 11:02:00.881871: Current learning rate: 0.0092
2026-08-05 11:02:41.230232: train_loss -0.7614
2026-08-05 11:02:41.230572: val_loss -0.7555
2026-08-05 11:02:41.703594: Pseudo dice [np.float32(0.6945), np.float32(0.9103), np.float32(0.921)]
2026-08-05 11:02:41.703831: Epoch time: 40.35 s
2026-08-05 11:02:42.648327: 
2026-08-05 11:02:42.648581: Epoch 90
2026-08-05 11:02:42.648696: Current learning rate: 0.00919
2026-08-05 11:03:22.785292: train_loss -0.7678
2026-08-05 11:03:23.230301: val_loss -0.76
2026-08-05 11:03:23.230645: Pseudo dice [np.float32(0.7066), np.float32(0.9001), np.float32(0.9224)]
2026-08-05 11:03:23.230797: Epoch time: 40.14 s
2026-08-05 11:03:23.230999: Yayy! New best EMA pseudo Dice: 0.8422999978065491
2026-08-05 11:03:31.017588: 
2026-08-05 11:03:31.018041: Epoch 91
2026-08-05 11:03:31.018133: Current learning rate: 0.00918
2026-08-05 11:04:11.357543: train_loss -0.7762
2026-08-05 11:04:11.358079: val_loss -0.743
2026-08-05 11:04:11.358209: Pseudo dice [np.float32(0.69), np.float32(0.8968), np.float32(0.9219)]
2026-08-05 11:04:11.358345: Epoch time: 40.34 s
2026-08-05 11:04:12.159379: 
2026-08-05 11:04:12.159772: Epoch 92
2026-08-05 11:04:12.159854: Current learning rate: 0.00917
2026-08-05 11:04:52.834545: train_loss -0.7739
2026-08-05 11:04:52.872910: val_loss -0.7414
2026-08-05 11:04:52.873049: Pseudo dice [np.float32(0.7002), np.float32(0.8932), np.float32(0.9262)]
2026-08-05 11:04:52.873150: Epoch time: 40.68 s
2026-08-05 11:04:53.668111: 
2026-08-05 11:04:53.668400: Epoch 93
2026-08-05 11:04:53.668580: Current learning rate: 0.00916
2026-08-05 11:05:34.540848: train_loss -0.7718
2026-08-05 11:05:34.541487: val_loss -0.7712
2026-08-05 11:05:34.541662: Pseudo dice [np.float32(0.7122), np.float32(0.9154), np.float32(0.9249)]
2026-08-05 11:05:34.541802: Epoch time: 40.88 s
2026-08-05 11:05:34.541919: Yayy! New best EMA pseudo Dice: 0.8424000144004822
2026-08-05 11:05:39.445910: 
2026-08-05 11:05:39.446259: Epoch 94
2026-08-05 11:05:39.446348: Current learning rate: 0.00915
2026-08-05 11:06:19.753046: train_loss -0.7538
2026-08-05 11:06:20.041474: val_loss -0.7567
2026-08-05 11:06:20.041696: Pseudo dice [np.float32(0.6937), np.float32(0.9036), np.float32(0.9273)]
2026-08-05 11:06:20.041828: Epoch time: 40.31 s
2026-08-05 11:06:20.995495: 
2026-08-05 11:06:20.995901: Epoch 95
2026-08-05 11:06:20.996028: Current learning rate: 0.00914
2026-08-05 11:07:01.370946: train_loss -0.7668
2026-08-05 11:07:01.371151: val_loss -0.74
2026-08-05 11:07:01.371204: Pseudo dice [np.float32(0.6972), np.float32(0.8788), np.float32(0.9262)]
2026-08-05 11:07:01.371256: Epoch time: 40.38 s
2026-08-05 11:07:02.052608: 
2026-08-05 11:07:02.052948: Epoch 96
2026-08-05 11:07:02.053021: Current learning rate: 0.00913
2026-08-05 11:07:42.448472: train_loss -0.7652
2026-08-05 11:07:42.669989: val_loss -0.7673
2026-08-05 11:07:42.670203: Pseudo dice [np.float32(0.699), np.float32(0.9181), np.float32(0.9277)]
2026-08-05 11:07:42.670300: Epoch time: 40.4 s
2026-08-05 11:07:43.536216: 
2026-08-05 11:07:43.536545: Epoch 97
2026-08-05 11:07:43.536772: Current learning rate: 0.00912
2026-08-05 11:08:23.967117: train_loss -0.7676
2026-08-05 11:08:23.967289: val_loss -0.7405
2026-08-05 11:08:23.967340: Pseudo dice [np.float32(0.6899), np.float32(0.8962), np.float32(0.9152)]
2026-08-05 11:08:23.967396: Epoch time: 40.43 s
2026-08-05 11:08:24.648352: 
2026-08-05 11:08:24.648753: Epoch 98
2026-08-05 11:08:24.648839: Current learning rate: 0.00911
2026-08-05 11:09:05.036999: train_loss -0.7636
2026-08-05 11:09:05.241754: val_loss -0.7694
2026-08-05 11:09:05.241867: Pseudo dice [np.float32(0.7084), np.float32(0.9092), np.float32(0.9377)]
2026-08-05 11:09:05.242014: Epoch time: 40.39 s
2026-08-05 11:09:05.923425: 
2026-08-05 11:09:05.923663: Epoch 99
2026-08-05 11:09:05.923836: Current learning rate: 0.0091
2026-08-05 11:09:46.257145: train_loss -0.7755
2026-08-05 11:09:46.258160: val_loss -0.768
2026-08-05 11:09:46.258281: Pseudo dice [np.float32(0.712), np.float32(0.9076), np.float32(0.9309)]
2026-08-05 11:09:46.258361: Epoch time: 40.34 s
2026-08-05 11:09:51.107981: Yayy! New best EMA pseudo Dice: 0.8432000279426575
2026-08-05 11:09:56.282820: 
2026-08-05 11:09:56.298246: Epoch 100
2026-08-05 11:09:56.298345: Current learning rate: 0.0091
2026-08-05 11:10:36.520917: train_loss -0.7838
2026-08-05 11:10:37.350356: val_loss -0.7804
2026-08-05 11:10:37.350735: Pseudo dice [np.float32(0.7163), np.float32(0.9143), np.float32(0.9345)]
2026-08-05 11:10:37.350875: Epoch time: 40.24 s
2026-08-05 11:10:37.351115: Yayy! New best EMA pseudo Dice: 0.8443999886512756
2026-08-05 11:10:43.697084: 
2026-08-05 11:10:43.697403: Epoch 101
2026-08-05 11:10:43.697492: Current learning rate: 0.00909
2026-08-05 11:11:24.049245: train_loss -0.7904
2026-08-05 11:11:24.075025: val_loss -0.7624
2026-08-05 11:11:24.075285: Pseudo dice [np.float32(0.697), np.float32(0.9096), np.float32(0.9276)]
2026-08-05 11:11:24.075397: Epoch time: 40.35 s
2026-08-05 11:11:24.075482: Yayy! New best EMA pseudo Dice: 0.8443999886512756
2026-08-05 11:11:27.442541: 
2026-08-05 11:11:27.442845: Epoch 102
2026-08-05 11:11:27.442982: Current learning rate: 0.00908
2026-08-05 11:12:07.761844: train_loss -0.7836
2026-08-05 11:12:07.762235: val_loss -0.7743
2026-08-05 11:12:07.762345: Pseudo dice [np.float32(0.71), np.float32(0.9122), np.float32(0.9287)]
2026-08-05 11:12:07.762446: Epoch time: 40.32 s
2026-08-05 11:12:07.762519: Yayy! New best EMA pseudo Dice: 0.8450000286102295
2026-08-05 11:12:13.217046: 
2026-08-05 11:12:13.217444: Epoch 103
2026-08-05 11:12:13.217532: Current learning rate: 0.00907
2026-08-05 11:12:53.560181: train_loss -0.7846
2026-08-05 11:12:53.726110: val_loss -0.7459
2026-08-05 11:12:53.726300: Pseudo dice [np.float32(0.6996), np.float32(0.9068), np.float32(0.9186)]
2026-08-05 11:12:53.726417: Epoch time: 40.35 s
2026-08-05 11:12:54.659391: 
2026-08-05 11:12:54.659805: Epoch 104
2026-08-05 11:12:54.659904: Current learning rate: 0.00906
2026-08-05 11:13:34.989953: train_loss -0.7881
2026-08-05 11:13:35.236182: val_loss -0.7781
2026-08-05 11:13:35.236400: Pseudo dice [np.float32(0.7026), np.float32(0.9179), np.float32(0.9317)]
2026-08-05 11:13:35.236532: Epoch time: 40.33 s
2026-08-05 11:13:35.236672: Yayy! New best EMA pseudo Dice: 0.845300018787384
2026-08-05 11:13:39.276076: 
2026-08-05 11:13:39.501173: Epoch 105
2026-08-05 11:13:39.501331: Current learning rate: 0.00905
2026-08-05 11:14:19.684883: train_loss -0.77
2026-08-05 11:14:19.686134: val_loss -0.7764
2026-08-05 11:14:19.686337: Pseudo dice [np.float32(0.7157), np.float32(0.9137), np.float32(0.9265)]
2026-08-05 11:14:19.686440: Epoch time: 40.41 s
2026-08-05 11:14:19.686526: Yayy! New best EMA pseudo Dice: 0.8458999991416931
2026-08-05 11:14:26.303006: 
2026-08-05 11:14:26.303869: Epoch 106
2026-08-05 11:14:26.303974: Current learning rate: 0.00904
2026-08-05 11:15:06.564702: train_loss -0.7764
2026-08-05 11:15:06.781106: val_loss -0.7638
2026-08-05 11:15:06.781347: Pseudo dice [np.float32(0.7002), np.float32(0.9066), np.float32(0.9275)]
2026-08-05 11:15:06.781600: Epoch time: 40.26 s
2026-08-05 11:15:07.748876: 
2026-08-05 11:15:07.749311: Epoch 107
2026-08-05 11:15:07.749396: Current learning rate: 0.00903
2026-08-05 11:15:47.876408: train_loss -0.7689
2026-08-05 11:15:47.958217: val_loss -0.7533
2026-08-05 11:15:47.958407: Pseudo dice [np.float32(0.6957), np.float32(0.8997), np.float32(0.9244)]
2026-08-05 11:15:47.958524: Epoch time: 40.13 s
2026-08-05 11:15:48.811312: 
2026-08-05 11:15:48.811642: Epoch 108
2026-08-05 11:15:48.811728: Current learning rate: 0.00902
2026-08-05 11:16:29.109875: train_loss -0.7667
2026-08-05 11:16:29.385424: val_loss -0.7665
2026-08-05 11:16:29.385631: Pseudo dice [np.float32(0.6996), np.float32(0.9061), np.float32(0.9305)]
2026-08-05 11:16:29.385747: Epoch time: 40.3 s
2026-08-05 11:16:30.393833: 
2026-08-05 11:16:30.394214: Epoch 109
2026-08-05 11:16:30.394332: Current learning rate: 0.00901
2026-08-05 11:17:10.685375: train_loss -0.7707
2026-08-05 11:17:10.712514: val_loss -0.772
2026-08-05 11:17:10.712667: Pseudo dice [np.float32(0.7096), np.float32(0.9103), np.float32(0.9333)]
2026-08-05 11:17:10.712782: Epoch time: 40.29 s
2026-08-05 11:17:11.522985: 
2026-08-05 11:17:11.523277: Epoch 110
2026-08-05 11:17:11.523437: Current learning rate: 0.009
2026-08-05 11:17:52.002603: train_loss -0.7829
2026-08-05 11:17:52.247947: val_loss -0.7794
2026-08-05 11:17:52.248120: Pseudo dice [np.float32(0.7122), np.float32(0.9108), np.float32(0.9367)]
2026-08-05 11:17:52.248234: Epoch time: 40.48 s
2026-08-05 11:17:52.248305: Yayy! New best EMA pseudo Dice: 0.8465999960899353
2026-08-05 11:18:00.900554: 
2026-08-05 11:18:00.900963: Epoch 111
2026-08-05 11:18:00.901050: Current learning rate: 0.009
2026-08-05 11:18:41.136407: train_loss -0.7819
2026-08-05 11:18:41.137974: val_loss -0.7771
2026-08-05 11:18:41.138120: Pseudo dice [np.float32(0.721), np.float32(0.9115), np.float32(0.9315)]
2026-08-05 11:18:41.138249: Epoch time: 40.24 s
2026-08-05 11:18:41.138336: Yayy! New best EMA pseudo Dice: 0.8474000096321106
2026-08-05 11:18:46.390137: 
2026-08-05 11:18:46.390538: Epoch 112
2026-08-05 11:18:46.390624: Current learning rate: 0.00899
2026-08-05 11:19:27.265935: train_loss -0.7792
2026-08-05 11:19:27.266541: val_loss -0.7512
2026-08-05 11:19:27.266690: Pseudo dice [np.float32(0.6938), np.float32(0.91), np.float32(0.9265)]
2026-08-05 11:19:27.266834: Epoch time: 40.88 s
2026-08-05 11:19:28.010582: 
2026-08-05 11:19:28.010865: Epoch 113
2026-08-05 11:19:28.011023: Current learning rate: 0.00898
2026-08-05 11:20:08.395587: train_loss -0.7628
2026-08-05 11:20:08.395921: val_loss -0.7687
2026-08-05 11:20:08.395982: Pseudo dice [np.float32(0.7022), np.float32(0.8939), np.float32(0.9342)]
2026-08-05 11:20:08.396096: Epoch time: 40.39 s
2026-08-05 11:20:09.090588: 
2026-08-05 11:20:09.091017: Epoch 114
2026-08-05 11:20:09.091096: Current learning rate: 0.00897
2026-08-05 11:20:49.434316: train_loss -0.7723
2026-08-05 11:20:49.535812: val_loss -0.7803
2026-08-05 11:20:49.536049: Pseudo dice [np.float32(0.7185), np.float32(0.9167), np.float32(0.9326)]
2026-08-05 11:20:49.536334: Epoch time: 40.35 s
2026-08-05 11:20:49.536439: Yayy! New best EMA pseudo Dice: 0.847599983215332
2026-08-05 11:20:55.490658: 
2026-08-05 11:20:55.490975: Epoch 115
2026-08-05 11:20:55.491108: Current learning rate: 0.00896
2026-08-05 11:21:35.780857: train_loss -0.7702
2026-08-05 11:21:35.827821: val_loss -0.7501
2026-08-05 11:21:35.827988: Pseudo dice [np.float32(0.7017), np.float32(0.8891), np.float32(0.9323)]
2026-08-05 11:21:35.828058: Epoch time: 40.29 s
2026-08-05 11:21:36.539760: 
2026-08-05 11:21:36.540098: Epoch 116
2026-08-05 11:21:36.540210: Current learning rate: 0.00895
2026-08-05 11:22:16.748050: train_loss -0.7522
2026-08-05 11:22:17.021688: val_loss -0.7583
2026-08-05 11:22:17.021878: Pseudo dice [np.float32(0.6961), np.float32(0.9059), np.float32(0.9288)]
2026-08-05 11:22:17.021979: Epoch time: 40.21 s
2026-08-05 11:22:17.798506: 
2026-08-05 11:22:17.798887: Epoch 117
2026-08-05 11:22:17.798978: Current learning rate: 0.00894
2026-08-05 11:22:57.825376: train_loss -0.7646
2026-08-05 11:22:57.930796: val_loss -0.7706
2026-08-05 11:22:57.931042: Pseudo dice [np.float32(0.7111), np.float32(0.9184), np.float32(0.9229)]
2026-08-05 11:22:57.931178: Epoch time: 40.03 s
2026-08-05 11:22:58.777106: 
2026-08-05 11:22:58.777287: Epoch 118
2026-08-05 11:22:58.777485: Current learning rate: 0.00893
2026-08-05 11:23:38.936857: train_loss -0.7801
2026-08-05 11:23:41.356990: val_loss -0.777
2026-08-05 11:23:41.357203: Pseudo dice [np.float32(0.7107), np.float32(0.9134), np.float32(0.9336)]
2026-08-05 11:23:41.357313: Epoch time: 40.16 s
2026-08-05 11:23:42.498760: 
2026-08-05 11:23:42.499105: Epoch 119
2026-08-05 11:23:42.499233: Current learning rate: 0.00892
2026-08-05 11:24:22.670614: train_loss -0.7921
2026-08-05 11:24:22.671063: val_loss -0.7784
2026-08-05 11:24:22.671176: Pseudo dice [np.float32(0.715), np.float32(0.9213), np.float32(0.9269)]
2026-08-05 11:24:22.671281: Epoch time: 40.17 s
2026-08-05 11:24:22.671356: Yayy! New best EMA pseudo Dice: 0.8482000231742859
2026-08-05 11:24:28.163608: 
2026-08-05 11:24:28.163907: Epoch 120
2026-08-05 11:24:28.164064: Current learning rate: 0.00891
2026-08-05 11:25:08.439325: train_loss -0.7933
2026-08-05 11:25:08.439767: val_loss -0.7689
2026-08-05 11:25:08.439922: Pseudo dice [np.float32(0.7077), np.float32(0.9146), np.float32(0.9277)]
2026-08-05 11:25:08.440059: Epoch time: 40.28 s
2026-08-05 11:25:08.440147: Yayy! New best EMA pseudo Dice: 0.8483999967575073
2026-08-05 11:25:14.992792: 
2026-08-05 11:25:14.993196: Epoch 121
2026-08-05 11:25:14.993273: Current learning rate: 0.0089
2026-08-05 11:25:55.180241: train_loss -0.7895
2026-08-05 11:25:55.180526: val_loss -0.7771
2026-08-05 11:25:55.180582: Pseudo dice [np.float32(0.7112), np.float32(0.9133), np.float32(0.9328)]
2026-08-05 11:25:55.180635: Epoch time: 40.19 s
2026-08-05 11:25:55.180671: Yayy! New best EMA pseudo Dice: 0.848800003528595
2026-08-05 11:26:06.510252: 
2026-08-05 11:26:06.510595: Epoch 122
2026-08-05 11:26:06.510680: Current learning rate: 0.00889
2026-08-05 11:26:46.773066: train_loss -0.7898
2026-08-05 11:26:46.774217: val_loss -0.7703
2026-08-05 11:26:46.774820: Pseudo dice [np.float32(0.708), np.float32(0.9025), np.float32(0.9303)]
2026-08-05 11:26:46.775045: Epoch time: 40.27 s
2026-08-05 11:26:47.495778: 
2026-08-05 11:26:47.496160: Epoch 123
2026-08-05 11:26:47.496250: Current learning rate: 0.00889
2026-08-05 11:27:27.635936: train_loss -0.7846
2026-08-05 11:27:27.636644: val_loss -0.7692
2026-08-05 11:27:27.636782: Pseudo dice [np.float32(0.712), np.float32(0.9131), np.float32(0.9286)]
2026-08-05 11:27:27.636926: Epoch time: 40.14 s
2026-08-05 11:27:27.637025: Yayy! New best EMA pseudo Dice: 0.8489000201225281
2026-08-05 11:27:35.964945: 
2026-08-05 11:27:35.965234: Epoch 124
2026-08-05 11:27:35.965413: Current learning rate: 0.00888
2026-08-05 11:28:17.350001: train_loss -0.7827
2026-08-05 11:28:17.417583: val_loss -0.7725
2026-08-05 11:28:17.417784: Pseudo dice [np.float32(0.7098), np.float32(0.9203), np.float32(0.9306)]
2026-08-05 11:28:17.417946: Epoch time: 41.39 s
2026-08-05 11:28:17.418045: Yayy! New best EMA pseudo Dice: 0.849399983882904
2026-08-05 11:28:32.805015: 
2026-08-05 11:28:32.805370: Epoch 125
2026-08-05 11:28:32.805544: Current learning rate: 0.00887
2026-08-05 11:29:13.176429: train_loss -0.7938
2026-08-05 11:29:13.176683: val_loss -0.783
2026-08-05 11:29:13.176800: Pseudo dice [np.float32(0.7241), np.float32(0.9151), np.float32(0.93)]
2026-08-05 11:29:13.176924: Epoch time: 40.37 s
2026-08-05 11:29:13.177011: Yayy! New best EMA pseudo Dice: 0.8500999808311462
2026-08-05 11:29:34.431223: 
2026-08-05 11:29:34.431494: Epoch 126
2026-08-05 11:29:34.431584: Current learning rate: 0.00886
2026-08-05 11:30:14.702836: train_loss -0.8016
2026-08-05 11:30:14.703521: val_loss -0.7841
2026-08-05 11:30:14.703665: Pseudo dice [np.float32(0.7164), np.float32(0.9176), np.float32(0.9372)]
2026-08-05 11:30:14.703802: Epoch time: 40.27 s
2026-08-05 11:30:14.703888: Yayy! New best EMA pseudo Dice: 0.8507999777793884
2026-08-05 11:30:26.632816: 
2026-08-05 11:30:26.633241: Epoch 127
2026-08-05 11:30:26.633437: Current learning rate: 0.00885
2026-08-05 11:31:07.574929: train_loss -0.786
2026-08-05 11:31:07.575398: val_loss -0.7735
2026-08-05 11:31:07.575537: Pseudo dice [np.float32(0.7107), np.float32(0.9091), np.float32(0.932)]
2026-08-05 11:31:07.575669: Epoch time: 40.95 s
2026-08-05 11:31:08.547316: 
2026-08-05 11:31:08.547649: Epoch 128
2026-08-05 11:31:08.547744: Current learning rate: 0.00884
2026-08-05 11:31:49.181813: train_loss -0.7903
2026-08-05 11:31:49.182334: val_loss -0.7681
2026-08-05 11:31:49.182469: Pseudo dice [np.float32(0.7075), np.float32(0.9035), np.float32(0.9336)]
2026-08-05 11:31:49.182611: Epoch time: 40.64 s
2026-08-05 11:31:50.195618: 
2026-08-05 11:31:50.195833: Epoch 129
2026-08-05 11:31:50.196010: Current learning rate: 0.00883
2026-08-05 11:32:30.723295: train_loss -0.7926
2026-08-05 11:32:30.723754: val_loss -0.7697
2026-08-05 11:32:30.723883: Pseudo dice [np.float32(0.711), np.float32(0.9051), np.float32(0.9281)]
2026-08-05 11:32:30.724038: Epoch time: 40.53 s
2026-08-05 11:32:32.008769: 
2026-08-05 11:32:32.009144: Epoch 130
2026-08-05 11:32:32.009232: Current learning rate: 0.00882
2026-08-05 11:33:12.566152: train_loss -0.7907
2026-08-05 11:33:12.595654: val_loss -0.7817
2026-08-05 11:33:12.595957: Pseudo dice [np.float32(0.7121), np.float32(0.9193), np.float32(0.9321)]
2026-08-05 11:33:12.596100: Epoch time: 40.56 s
2026-08-05 11:33:14.325581: 
2026-08-05 11:33:14.325919: Epoch 131
2026-08-05 11:33:14.326089: Current learning rate: 0.00881
2026-08-05 11:33:54.921120: train_loss -0.7959
2026-08-05 11:33:54.921460: val_loss -0.7732
2026-08-05 11:33:54.921587: Pseudo dice [np.float32(0.7101), np.float32(0.9127), np.float32(0.9296)]
2026-08-05 11:33:54.921699: Epoch time: 40.6 s
2026-08-05 11:33:55.750230: 
2026-08-05 11:33:55.750602: Epoch 132
2026-08-05 11:33:55.750735: Current learning rate: 0.0088
2026-08-05 11:34:36.374068: train_loss -0.7943
2026-08-05 11:34:36.374333: val_loss -0.7637
2026-08-05 11:34:36.374432: Pseudo dice [np.float32(0.6955), np.float32(0.909), np.float32(0.9292)]
2026-08-05 11:34:36.374522: Epoch time: 40.63 s
2026-08-05 11:34:37.123553: 
2026-08-05 11:34:37.123792: Epoch 133
2026-08-05 11:34:37.123933: Current learning rate: 0.00879
2026-08-05 11:35:18.030495: train_loss -0.8036
2026-08-05 11:35:18.030785: val_loss -0.785
2026-08-05 11:35:18.030838: Pseudo dice [np.float32(0.7154), np.float32(0.917), np.float32(0.941)]
2026-08-05 11:35:18.030888: Epoch time: 40.91 s
2026-08-05 11:35:18.030936: Yayy! New best EMA pseudo Dice: 0.8507999777793884
2026-08-05 11:35:25.348481: 
2026-08-05 11:35:25.348883: Epoch 134
2026-08-05 11:35:25.348979: Current learning rate: 0.00879
2026-08-05 11:36:06.032076: train_loss -0.7993
2026-08-05 11:36:06.032674: val_loss -0.7406
2026-08-05 11:36:06.032812: Pseudo dice [np.float32(0.6959), np.float32(0.909), np.float32(0.909)]
2026-08-05 11:36:06.032966: Epoch time: 40.69 s
2026-08-05 11:36:06.796394: 
2026-08-05 11:36:06.796739: Epoch 135
2026-08-05 11:36:06.796850: Current learning rate: 0.00878
2026-08-05 11:36:47.494314: train_loss -0.7904
2026-08-05 11:36:47.494859: val_loss -0.7872
2026-08-05 11:36:47.495124: Pseudo dice [np.float32(0.725), np.float32(0.9103), np.float32(0.9347)]
2026-08-05 11:36:47.495343: Epoch time: 40.7 s
2026-08-05 11:36:48.242204: 
2026-08-05 11:36:48.242634: Epoch 136
2026-08-05 11:36:48.242789: Current learning rate: 0.00877
2026-08-05 11:37:28.768155: train_loss -0.7607
2026-08-05 11:37:28.768721: val_loss -0.7332
2026-08-05 11:37:28.768972: Pseudo dice [np.float32(0.6872), np.float32(0.8913), np.float32(0.9131)]
2026-08-05 11:37:28.769453: Epoch time: 40.53 s
2026-08-05 11:37:29.554263: 
2026-08-05 11:37:29.554591: Epoch 137
2026-08-05 11:37:29.554672: Current learning rate: 0.00876
2026-08-05 11:38:09.933124: train_loss -0.7167
2026-08-05 11:38:09.933591: val_loss -0.7391
2026-08-05 11:38:09.933727: Pseudo dice [np.float32(0.6842), np.float32(0.9009), np.float32(0.9241)]
2026-08-05 11:38:09.933847: Epoch time: 40.38 s
2026-08-05 11:38:11.561298: 
2026-08-05 11:38:11.561676: Epoch 138
2026-08-05 11:38:11.561814: Current learning rate: 0.00875
2026-08-05 11:38:52.065943: train_loss -0.7428
2026-08-05 11:38:52.066577: val_loss -0.7593
2026-08-05 11:38:52.066702: Pseudo dice [np.float32(0.6958), np.float32(0.9099), np.float32(0.9271)]
2026-08-05 11:38:52.066825: Epoch time: 40.51 s
2026-08-05 11:38:52.911527: 
2026-08-05 11:38:52.911936: Epoch 139
2026-08-05 11:38:52.912037: Current learning rate: 0.00874
2026-08-05 11:39:33.495391: train_loss -0.7647
2026-08-05 11:39:33.495711: val_loss -0.7389
2026-08-05 11:39:33.495813: Pseudo dice [np.float32(0.6891), np.float32(0.8903), np.float32(0.9105)]
2026-08-05 11:39:33.495928: Epoch time: 40.59 s
2026-08-05 11:39:34.242760: 
2026-08-05 11:39:34.243136: Epoch 140
2026-08-05 11:39:34.243221: Current learning rate: 0.00873
2026-08-05 11:40:14.572633: train_loss -0.7676
2026-08-05 11:40:14.572947: val_loss -0.7655
2026-08-05 11:40:14.572999: Pseudo dice [np.float32(0.7076), np.float32(0.9124), np.float32(0.9218)]
2026-08-05 11:40:14.573050: Epoch time: 40.33 s
2026-08-05 11:40:15.297737: 
2026-08-05 11:40:15.298141: Epoch 141
2026-08-05 11:40:15.298216: Current learning rate: 0.00872
2026-08-05 11:40:55.882177: train_loss -0.7615
2026-08-05 11:40:55.882376: val_loss -0.7527
2026-08-05 11:40:55.882584: Pseudo dice [np.float32(0.6952), np.float32(0.9091), np.float32(0.9233)]
2026-08-05 11:40:55.882682: Epoch time: 40.59 s
2026-08-05 11:40:56.609942: 
2026-08-05 11:40:56.610271: Epoch 142
2026-08-05 11:40:56.610458: Current learning rate: 0.00871
2026-08-05 11:41:37.248451: train_loss -0.7725
2026-08-05 11:41:37.248706: val_loss -0.7641
2026-08-05 11:41:37.248771: Pseudo dice [np.float32(0.7049), np.float32(0.9102), np.float32(0.9264)]
2026-08-05 11:41:37.248824: Epoch time: 40.64 s
2026-08-05 11:41:37.967344: 
2026-08-05 11:41:37.967748: Epoch 143
2026-08-05 11:41:37.967851: Current learning rate: 0.0087
2026-08-05 11:42:18.342080: train_loss -0.7881
2026-08-05 11:42:18.342550: val_loss -0.7733
2026-08-05 11:42:18.342684: Pseudo dice [np.float32(0.7095), np.float32(0.9146), np.float32(0.9316)]
2026-08-05 11:42:18.342808: Epoch time: 40.38 s
2026-08-05 11:42:19.432079: 
2026-08-05 11:42:19.432517: Epoch 144
2026-08-05 11:42:19.432608: Current learning rate: 0.00869
2026-08-05 11:43:00.005678: train_loss -0.7861
2026-08-05 11:43:00.006112: val_loss -0.7524
2026-08-05 11:43:00.006239: Pseudo dice [np.float32(0.6949), np.float32(0.9046), np.float32(0.9221)]
2026-08-05 11:43:00.006311: Epoch time: 40.58 s
2026-08-05 11:43:01.132737: 
2026-08-05 11:43:01.133105: Epoch 145
2026-08-05 11:43:01.133186: Current learning rate: 0.00868
2026-08-05 11:43:41.571263: train_loss -0.7878
2026-08-05 11:43:41.571628: val_loss -0.7772
2026-08-05 11:43:41.571760: Pseudo dice [np.float32(0.711), np.float32(0.9167), np.float32(0.9291)]
2026-08-05 11:43:41.572001: Epoch time: 40.44 s
2026-08-05 11:43:42.352195: 
2026-08-05 11:43:42.352593: Epoch 146
2026-08-05 11:43:42.352675: Current learning rate: 0.00868
2026-08-05 11:44:22.805847: train_loss -0.7947
2026-08-05 11:44:22.806115: val_loss -0.7545
2026-08-05 11:44:22.806245: Pseudo dice [np.float32(0.6961), np.float32(0.9003), np.float32(0.9197)]
2026-08-05 11:44:22.806301: Epoch time: 40.46 s
2026-08-05 11:44:23.525853: 
2026-08-05 11:44:23.526332: Epoch 147
2026-08-05 11:44:23.526459: Current learning rate: 0.00867
2026-08-05 11:45:03.945541: train_loss -0.7913
2026-08-05 11:45:03.945726: val_loss -0.7849
2026-08-05 11:45:03.945776: Pseudo dice [np.float32(0.7209), np.float32(0.9161), np.float32(0.9344)]
2026-08-05 11:45:03.945844: Epoch time: 40.42 s
2026-08-05 11:45:04.698170: 
2026-08-05 11:45:04.698514: Epoch 148
2026-08-05 11:45:04.698666: Current learning rate: 0.00866
2026-08-05 11:45:45.035882: train_loss -0.7872
2026-08-05 11:45:45.036171: val_loss -0.7645
2026-08-05 11:45:45.036289: Pseudo dice [np.float32(0.7138), np.float32(0.9152), np.float32(0.9251)]
2026-08-05 11:45:45.036396: Epoch time: 40.34 s
2026-08-05 11:45:45.848737: 
2026-08-05 11:45:45.849037: Epoch 149
2026-08-05 11:45:45.849136: Current learning rate: 0.00865
2026-08-05 11:46:26.251859: train_loss -0.7802
2026-08-05 11:46:26.252846: val_loss -0.7629
2026-08-05 11:46:26.253448: Pseudo dice [np.float32(0.7063), np.float32(0.9064), np.float32(0.9245)]
2026-08-05 11:46:26.253814: Epoch time: 40.41 s
2026-08-05 11:46:31.529632: 
2026-08-05 11:46:31.530046: Epoch 150
2026-08-05 11:46:31.530223: Current learning rate: 0.00864
2026-08-05 11:47:12.078472: train_loss -0.7924
2026-08-05 11:47:12.078966: val_loss -0.7778
2026-08-05 11:47:12.079098: Pseudo dice [np.float32(0.7102), np.float32(0.9194), np.float32(0.9362)]
2026-08-05 11:47:12.079207: Epoch time: 40.55 s
2026-08-05 11:47:12.983778: 
2026-08-05 11:47:12.984189: Epoch 151
2026-08-05 11:47:12.984277: Current learning rate: 0.00863
2026-08-05 11:47:53.556816: train_loss -0.7862
2026-08-05 11:47:53.557326: val_loss -0.7687
2026-08-05 11:47:53.557457: Pseudo dice [np.float32(0.6952), np.float32(0.9101), np.float32(0.9324)]
2026-08-05 11:47:53.557567: Epoch time: 40.58 s
2026-08-05 11:47:54.683444: 
2026-08-05 11:47:54.683781: Epoch 152
2026-08-05 11:47:54.683916: Current learning rate: 0.00862
2026-08-05 11:48:35.112244: train_loss -0.7914
2026-08-05 11:48:35.112672: val_loss -0.7774
2026-08-05 11:48:35.119795: Pseudo dice [np.float32(0.7042), np.float32(0.916), np.float32(0.9357)]
2026-08-05 11:48:35.119998: Epoch time: 40.43 s
2026-08-05 11:48:35.943666: 
2026-08-05 11:48:35.943992: Epoch 153
2026-08-05 11:48:35.944078: Current learning rate: 0.00861
2026-08-05 11:49:16.300055: train_loss -0.7958
2026-08-05 11:49:16.300471: val_loss -0.7693
2026-08-05 11:49:16.300582: Pseudo dice [np.float32(0.6957), np.float32(0.9104), np.float32(0.9253)]
2026-08-05 11:49:16.300683: Epoch time: 40.36 s
2026-08-05 11:49:17.069224: 
2026-08-05 11:49:17.069598: Epoch 154
2026-08-05 11:49:17.069685: Current learning rate: 0.0086
2026-08-05 11:49:57.430350: train_loss -0.7975
2026-08-05 11:49:57.430810: val_loss -0.7678
2026-08-05 11:49:57.431099: Pseudo dice [np.float32(0.6981), np.float32(0.9073), np.float32(0.9318)]
2026-08-05 11:49:57.431226: Epoch time: 40.36 s
2026-08-05 11:49:58.275920: 
2026-08-05 11:49:58.276280: Epoch 155
2026-08-05 11:49:58.276576: Current learning rate: 0.00859
2026-08-05 11:50:44.575391: train_loss -0.7997
2026-08-05 11:50:44.577607: val_loss -0.7877
2026-08-05 11:50:44.577668: Pseudo dice [np.float32(0.7152), np.float32(0.9205), np.float32(0.9373)]
2026-08-05 11:50:44.577724: Epoch time: 46.3 s
2026-08-05 11:50:45.298843: 
2026-08-05 11:50:45.299109: Epoch 156
2026-08-05 11:50:45.299327: Current learning rate: 0.00858
2026-08-05 11:51:25.580915: train_loss -0.8092
2026-08-05 11:51:25.581827: val_loss -0.7849
2026-08-05 11:51:25.582150: Pseudo dice [np.float32(0.7196), np.float32(0.9155), np.float32(0.9288)]
2026-08-05 11:51:25.582251: Epoch time: 40.28 s
2026-08-05 11:51:26.326865: 
2026-08-05 11:51:26.327218: Epoch 157
2026-08-05 11:51:26.327344: Current learning rate: 0.00858
2026-08-05 11:52:06.677809: train_loss -0.8028
2026-08-05 11:52:06.679801: val_loss -0.7873
2026-08-05 11:52:06.679974: Pseudo dice [np.float32(0.7233), np.float32(0.9161), np.float32(0.9415)]
2026-08-05 11:52:06.680099: Epoch time: 40.35 s
2026-08-05 11:52:07.473380: 
2026-08-05 11:52:07.473603: Epoch 158
2026-08-05 11:52:07.473846: Current learning rate: 0.00857
2026-08-05 11:52:50.251796: train_loss -0.8066
2026-08-05 11:52:50.252205: val_loss -0.7759
2026-08-05 11:52:50.252313: Pseudo dice [np.float32(0.7086), np.float32(0.9137), np.float32(0.9312)]
2026-08-05 11:52:50.252428: Epoch time: 42.78 s
2026-08-05 11:52:51.003993: 
2026-08-05 11:52:51.004436: Epoch 159
2026-08-05 11:52:51.004524: Current learning rate: 0.00856
2026-08-05 11:53:31.518494: train_loss -0.811
2026-08-05 11:53:31.518831: val_loss -0.7758
2026-08-05 11:53:31.519084: Pseudo dice [np.float32(0.7046), np.float32(0.9176), np.float32(0.9357)]
2026-08-05 11:53:31.519198: Epoch time: 40.52 s
2026-08-05 11:53:32.349639: 
2026-08-05 11:53:32.350018: Epoch 160
2026-08-05 11:53:32.350114: Current learning rate: 0.00855
2026-08-05 11:54:12.808207: train_loss -0.8095
2026-08-05 11:54:12.808644: val_loss -0.7781
2026-08-05 11:54:12.808806: Pseudo dice [np.float32(0.7124), np.float32(0.9083), np.float32(0.932)]
2026-08-05 11:54:12.808938: Epoch time: 40.46 s
2026-08-05 11:54:13.590330: 
2026-08-05 11:54:13.590614: Epoch 161
2026-08-05 11:54:13.590741: Current learning rate: 0.00854
2026-08-05 11:54:54.112843: train_loss -0.8087
2026-08-05 11:54:54.113163: val_loss -0.7887
2026-08-05 11:54:54.113220: Pseudo dice [np.float32(0.7158), np.float32(0.9191), np.float32(0.9356)]
2026-08-05 11:54:54.113276: Epoch time: 40.53 s
2026-08-05 11:54:54.113315: Yayy! New best EMA pseudo Dice: 0.8511999845504761
2026-08-05 11:55:00.808881: 
2026-08-05 11:55:00.809336: Epoch 162
2026-08-05 11:55:00.809431: Current learning rate: 0.00853
2026-08-05 11:55:41.401876: train_loss -0.803
2026-08-05 11:55:41.402389: val_loss -0.7802
2026-08-05 11:55:41.402516: Pseudo dice [np.float32(0.7068), np.float32(0.9122), np.float32(0.9367)]
2026-08-05 11:55:41.402710: Epoch time: 40.6 s
2026-08-05 11:55:41.402810: Yayy! New best EMA pseudo Dice: 0.8511999845504761
2026-08-05 11:55:47.673508: 
2026-08-05 11:55:47.673798: Epoch 163
2026-08-05 11:55:47.674011: Current learning rate: 0.00852
2026-08-05 11:56:28.524137: train_loss -0.7956
2026-08-05 11:56:28.524574: val_loss -0.7521
2026-08-05 11:56:28.524706: Pseudo dice [np.float32(0.6971), np.float32(0.8964), np.float32(0.9216)]
2026-08-05 11:56:28.524826: Epoch time: 40.85 s
2026-08-05 11:56:29.378709: 
2026-08-05 11:56:29.379237: Epoch 164
2026-08-05 11:56:29.379331: Current learning rate: 0.00851
2026-08-05 11:57:10.384217: train_loss -0.779
2026-08-05 11:57:10.384761: val_loss -0.7532
2026-08-05 11:57:10.384909: Pseudo dice [np.float32(0.6987), np.float32(0.8967), np.float32(0.9327)]
2026-08-05 11:57:10.385031: Epoch time: 41.01 s
2026-08-05 11:57:11.313363: 
2026-08-05 11:57:11.313787: Epoch 165
2026-08-05 11:57:11.313881: Current learning rate: 0.0085
2026-08-05 11:57:52.157052: train_loss -0.7682
2026-08-05 11:57:52.157362: val_loss -0.7758
2026-08-05 11:57:52.157425: Pseudo dice [np.float32(0.7142), np.float32(0.9148), np.float32(0.9336)]
2026-08-05 11:57:52.157487: Epoch time: 40.85 s
2026-08-05 11:57:52.900480: 
2026-08-05 11:57:52.900922: Epoch 166
2026-08-05 11:57:52.901013: Current learning rate: 0.00849
2026-08-05 11:58:33.651060: train_loss -0.7856
2026-08-05 11:58:33.651283: val_loss -0.7624
2026-08-05 11:58:33.651408: Pseudo dice [np.float32(0.6957), np.float32(0.9041), np.float32(0.9257)]
2026-08-05 11:58:33.651523: Epoch time: 40.75 s
2026-08-05 11:58:34.372433: 
2026-08-05 11:58:34.372706: Epoch 167
2026-08-05 11:58:34.372825: Current learning rate: 0.00848
2026-08-05 11:59:14.974225: train_loss -0.7852
2026-08-05 11:59:15.181628: val_loss -0.7768
2026-08-05 11:59:15.181880: Pseudo dice [np.float32(0.7092), np.float32(0.9083), np.float32(0.9324)]
2026-08-05 11:59:15.182030: Epoch time: 40.6 s
2026-08-05 11:59:16.133701: 
2026-08-05 11:59:16.134129: Epoch 168
2026-08-05 11:59:16.134224: Current learning rate: 0.00847
2026-08-05 11:59:56.742810: train_loss -0.7932
2026-08-05 11:59:56.743321: val_loss -0.7587
2026-08-05 11:59:56.743451: Pseudo dice [np.float32(0.7011), np.float32(0.9103), np.float32(0.9278)]
2026-08-05 11:59:56.743580: Epoch time: 40.61 s
2026-08-05 11:59:57.588684: 
2026-08-05 11:59:57.588934: Epoch 169
2026-08-05 11:59:57.589191: Current learning rate: 0.00847
2026-08-05 12:00:39.802825: train_loss -0.7954
2026-08-05 12:00:40.006183: val_loss -0.7756
2026-08-05 12:00:40.006486: Pseudo dice [np.float32(0.7071), np.float32(0.9158), np.float32(0.936)]
2026-08-05 12:00:40.006701: Epoch time: 42.22 s
2026-08-05 12:00:41.187965: 
2026-08-05 12:00:41.188537: Epoch 170
2026-08-05 12:00:41.188766: Current learning rate: 0.00846
2026-08-05 12:01:27.119125: train_loss -0.7881
2026-08-05 12:01:27.119682: val_loss -0.769
2026-08-05 12:01:27.119753: Pseudo dice [np.float32(0.7106), np.float32(0.9108), np.float32(0.9256)]
2026-08-05 12:01:27.119822: Epoch time: 45.93 s
2026-08-05 12:01:28.080809: 
2026-08-05 12:01:28.081244: Epoch 171
2026-08-05 12:01:28.081376: Current learning rate: 0.00845
2026-08-05 12:02:10.281720: train_loss -0.7848
2026-08-05 12:02:10.391162: val_loss -0.7759
2026-08-05 12:02:10.391366: Pseudo dice [np.float32(0.7138), np.float32(0.9101), np.float32(0.9277)]
2026-08-05 12:02:10.391442: Epoch time: 42.21 s
2026-08-05 12:02:11.158664: 
2026-08-05 12:02:11.159131: Epoch 172
2026-08-05 12:02:11.159258: Current learning rate: 0.00844
2026-08-05 12:02:52.052360: train_loss -0.7793
2026-08-05 12:02:52.053229: val_loss -0.7723
2026-08-05 12:02:52.053479: Pseudo dice [np.float32(0.7119), np.float32(0.9158), np.float32(0.9322)]
2026-08-05 12:02:52.053652: Epoch time: 40.9 s
2026-08-05 12:02:52.859407: 
2026-08-05 12:02:52.859788: Epoch 173
2026-08-05 12:02:52.859944: Current learning rate: 0.00843
2026-08-05 12:03:33.540640: train_loss -0.7785
2026-08-05 12:03:33.541086: val_loss -0.7631
2026-08-05 12:03:33.541289: Pseudo dice [np.float32(0.7116), np.float32(0.8961), np.float32(0.9365)]
2026-08-05 12:03:33.541406: Epoch time: 40.68 s
2026-08-05 12:03:34.337852: 
2026-08-05 12:03:34.338125: Epoch 174
2026-08-05 12:03:34.338233: Current learning rate: 0.00842
2026-08-05 12:04:14.882809: train_loss -0.7927
2026-08-05 12:04:14.953998: val_loss -0.7629
2026-08-05 12:04:14.954225: Pseudo dice [np.float32(0.6973), np.float32(0.9061), np.float32(0.9297)]
2026-08-05 12:04:14.954356: Epoch time: 40.55 s
2026-08-05 12:04:15.930948: 
2026-08-05 12:04:15.931294: Epoch 175
2026-08-05 12:04:15.931495: Current learning rate: 0.00841
2026-08-05 12:04:56.660354: train_loss -0.7972
2026-08-05 12:04:56.660914: val_loss -0.7779
2026-08-05 12:04:56.661077: Pseudo dice [np.float32(0.7196), np.float32(0.9066), np.float32(0.9293)]
2026-08-05 12:04:56.661229: Epoch time: 40.73 s
2026-08-05 12:04:57.517616: 
2026-08-05 12:04:57.518049: Epoch 176
2026-08-05 12:04:57.518171: Current learning rate: 0.0084
2026-08-05 12:05:38.571283: train_loss -0.8
2026-08-05 12:05:38.571560: val_loss -0.7755
2026-08-05 12:05:38.571617: Pseudo dice [np.float32(0.7107), np.float32(0.915), np.float32(0.9282)]
2026-08-05 12:05:38.571677: Epoch time: 41.06 s
2026-08-05 12:05:39.365072: 
2026-08-05 12:05:39.365407: Epoch 177
2026-08-05 12:05:39.365514: Current learning rate: 0.00839
2026-08-05 12:06:20.203023: train_loss -0.7314
2026-08-05 12:06:20.203487: val_loss -0.7287
2026-08-05 12:06:20.203618: Pseudo dice [np.float32(0.6774), np.float32(0.8918), np.float32(0.9098)]
2026-08-05 12:06:20.203739: Epoch time: 40.84 s
2026-08-05 12:06:20.984837: 
2026-08-05 12:06:20.985208: Epoch 178
2026-08-05 12:06:20.985326: Current learning rate: 0.00838
2026-08-05 12:07:02.271055: train_loss -0.7509
2026-08-05 12:07:02.271561: val_loss -0.7336
2026-08-05 12:07:02.271698: Pseudo dice [np.float32(0.681), np.float32(0.896), np.float32(0.9183)]
2026-08-05 12:07:02.271837: Epoch time: 41.29 s
2026-08-05 12:07:03.034937: 
2026-08-05 12:07:03.035183: Epoch 179
2026-08-05 12:07:03.035290: Current learning rate: 0.00837
2026-08-05 12:07:44.162051: train_loss -0.7487
2026-08-05 12:07:44.163162: val_loss -0.7659
2026-08-05 12:07:44.163504: Pseudo dice [np.float32(0.7071), np.float32(0.9075), np.float32(0.9279)]
2026-08-05 12:07:44.163849: Epoch time: 41.13 s
2026-08-05 12:07:44.918463: 
2026-08-05 12:07:44.918853: Epoch 180
2026-08-05 12:07:44.918982: Current learning rate: 0.00836
2026-08-05 12:08:25.551720: train_loss -0.7701
2026-08-05 12:08:25.551959: val_loss -0.7584
2026-08-05 12:08:25.552016: Pseudo dice [np.float32(0.7062), np.float32(0.9105), np.float32(0.9186)]
2026-08-05 12:08:25.552080: Epoch time: 40.64 s
2026-08-05 12:08:26.499388: 
2026-08-05 12:08:26.499765: Epoch 181
2026-08-05 12:08:26.499909: Current learning rate: 0.00836
2026-08-05 12:09:06.946186: train_loss -0.7936
2026-08-05 12:09:06.951296: val_loss -0.7711
2026-08-05 12:09:06.951469: Pseudo dice [np.float32(0.7248), np.float32(0.9104), np.float32(0.9336)]
2026-08-05 12:09:06.951803: Epoch time: 40.45 s
2026-08-05 12:09:07.724945: 
2026-08-05 12:09:07.725230: Epoch 182
2026-08-05 12:09:07.725365: Current learning rate: 0.00835
2026-08-05 12:09:48.152642: train_loss -0.7948
2026-08-05 12:09:48.264114: val_loss -0.7825
2026-08-05 12:09:48.264381: Pseudo dice [np.float32(0.7134), np.float32(0.917), np.float32(0.9283)]
2026-08-05 12:09:48.264532: Epoch time: 40.43 s
2026-08-05 12:09:49.159546: 
2026-08-05 12:09:49.159820: Epoch 183
2026-08-05 12:09:49.159949: Current learning rate: 0.00834
2026-08-05 12:10:30.146443: train_loss -0.7924
2026-08-05 12:10:30.147194: val_loss -0.7685
2026-08-05 12:10:30.147342: Pseudo dice [np.float32(0.7074), np.float32(0.9066), np.float32(0.9347)]
2026-08-05 12:10:30.147565: Epoch time: 40.99 s
2026-08-05 12:10:30.991197: 
2026-08-05 12:10:30.991520: Epoch 184
2026-08-05 12:10:30.991634: Current learning rate: 0.00833
2026-08-05 12:11:11.913906: train_loss -0.7927
2026-08-05 12:11:11.952695: val_loss -0.7692
2026-08-05 12:11:11.952964: Pseudo dice [np.float32(0.7134), np.float32(0.9102), np.float32(0.9309)]
2026-08-05 12:11:11.953081: Epoch time: 40.93 s
2026-08-05 12:11:13.442099: 
2026-08-05 12:11:13.442499: Epoch 185
2026-08-05 12:11:13.442907: Current learning rate: 0.00832
2026-08-05 12:11:54.073239: train_loss -0.7891
2026-08-05 12:11:54.073732: val_loss -0.7579
2026-08-05 12:11:54.073805: Pseudo dice [np.float32(0.7061), np.float32(0.8912), np.float32(0.9315)]
2026-08-05 12:11:54.073877: Epoch time: 40.63 s
2026-08-05 12:11:55.129674: 
2026-08-05 12:11:55.129977: Epoch 186
2026-08-05 12:11:55.130128: Current learning rate: 0.00831
2026-08-05 12:12:36.349858: train_loss -0.7706
2026-08-05 12:12:36.350331: val_loss -0.7661
2026-08-05 12:12:36.350398: Pseudo dice [np.float32(0.6974), np.float32(0.9156), np.float32(0.9258)]
2026-08-05 12:12:36.350467: Epoch time: 41.22 s
2026-08-05 12:12:37.077026: 
2026-08-05 12:12:37.077375: Epoch 187
2026-08-05 12:12:37.077594: Current learning rate: 0.0083
2026-08-05 12:13:18.194041: train_loss -0.7853
2026-08-05 12:13:18.926943: val_loss -0.7827
2026-08-05 12:13:18.927171: Pseudo dice [np.float32(0.7106), np.float32(0.9176), np.float32(0.9326)]
2026-08-05 12:13:18.927339: Epoch time: 41.12 s
2026-08-05 12:13:19.832725: 
2026-08-05 12:13:19.832968: Epoch 188
2026-08-05 12:13:19.833161: Current learning rate: 0.00829
2026-08-05 12:14:00.722188: train_loss -0.7958
2026-08-05 12:14:01.171058: val_loss -0.76
2026-08-05 12:14:01.171289: Pseudo dice [np.float32(0.6967), np.float32(0.9107), np.float32(0.9161)]
2026-08-05 12:14:01.171428: Epoch time: 40.89 s
2026-08-05 12:14:02.172512: 
2026-08-05 12:14:02.172902: Epoch 189
2026-08-05 12:14:02.173008: Current learning rate: 0.00828
2026-08-05 12:14:42.979029: train_loss -0.7842
2026-08-05 12:14:42.990095: val_loss -0.7779
2026-08-05 12:14:42.990187: Pseudo dice [np.float32(0.7162), np.float32(0.9144), np.float32(0.9345)]
2026-08-05 12:14:42.990252: Epoch time: 40.81 s
2026-08-05 12:14:43.725384: 
2026-08-05 12:14:43.725691: Epoch 190
2026-08-05 12:14:43.725835: Current learning rate: 0.00827
2026-08-05 12:15:24.449781: train_loss -0.7803
2026-08-05 12:15:24.526204: val_loss -0.7608
2026-08-05 12:15:24.526379: Pseudo dice [np.float32(0.7003), np.float32(0.9083), np.float32(0.9223)]
2026-08-05 12:15:24.526450: Epoch time: 40.73 s
2026-08-05 12:15:25.371998: 
2026-08-05 12:15:25.372220: Epoch 191
2026-08-05 12:15:25.372339: Current learning rate: 0.00826
2026-08-05 12:16:06.214041: train_loss -0.7576
2026-08-05 12:16:06.332087: val_loss -0.76
2026-08-05 12:16:06.332316: Pseudo dice [np.float32(0.6889), np.float32(0.9121), np.float32(0.9274)]
2026-08-05 12:16:06.332430: Epoch time: 40.85 s
2026-08-05 12:16:07.775642: 
2026-08-05 12:16:07.776049: Epoch 192
2026-08-05 12:16:07.776167: Current learning rate: 0.00825
2026-08-05 12:16:48.558589: train_loss -0.7728
2026-08-05 12:16:48.842307: val_loss -0.7692
2026-08-05 12:16:48.842458: Pseudo dice [np.float32(0.705), np.float32(0.9059), np.float32(0.9348)]
2026-08-05 12:16:48.842536: Epoch time: 40.79 s
2026-08-05 12:16:49.792222: 
2026-08-05 12:16:49.792581: Epoch 193
2026-08-05 12:16:49.792759: Current learning rate: 0.00824
2026-08-05 12:17:30.700739: train_loss -0.7988
2026-08-05 12:17:30.701380: val_loss -0.7696
2026-08-05 12:17:30.701528: Pseudo dice [np.float32(0.7152), np.float32(0.9135), np.float32(0.9251)]
2026-08-05 12:17:30.701714: Epoch time: 40.91 s
2026-08-05 12:17:31.673274: 
2026-08-05 12:17:31.673664: Epoch 194
2026-08-05 12:17:31.673833: Current learning rate: 0.00824
2026-08-05 12:18:12.941217: train_loss -0.7993
2026-08-05 12:18:12.941476: val_loss -0.7665
2026-08-05 12:18:12.941536: Pseudo dice [np.float32(0.7004), np.float32(0.9145), np.float32(0.9273)]
2026-08-05 12:18:12.941599: Epoch time: 41.27 s
2026-08-05 12:18:13.904360: 
2026-08-05 12:18:13.904658: Epoch 195
2026-08-05 12:18:13.905029: Current learning rate: 0.00823
2026-08-05 12:18:54.894014: train_loss -0.7952
2026-08-05 12:18:54.894353: val_loss -0.7656
2026-08-05 12:18:54.894487: Pseudo dice [np.float32(0.6996), np.float32(0.9016), np.float32(0.9232)]
2026-08-05 12:18:54.894586: Epoch time: 40.99 s
2026-08-05 12:18:55.657732: 
2026-08-05 12:18:55.658067: Epoch 196
2026-08-05 12:18:55.658308: Current learning rate: 0.00822
2026-08-05 12:19:36.762695: train_loss -0.7953
2026-08-05 12:19:36.763108: val_loss -0.7768
2026-08-05 12:19:36.763231: Pseudo dice [np.float32(0.7168), np.float32(0.9099), np.float32(0.926)]
2026-08-05 12:19:36.821409: Epoch time: 41.11 s
2026-08-05 12:19:37.831337: 
2026-08-05 12:19:37.831734: Epoch 197
2026-08-05 12:19:37.831851: Current learning rate: 0.00821
2026-08-05 12:20:19.076222: train_loss -0.7963
2026-08-05 12:20:19.077348: val_loss -0.7848
2026-08-05 12:20:19.077683: Pseudo dice [np.float32(0.7148), np.float32(0.9155), np.float32(0.9356)]
2026-08-05 12:20:19.077929: Epoch time: 41.25 s
2026-08-05 12:20:19.971423: 
2026-08-05 12:20:19.971676: Epoch 198
2026-08-05 12:20:19.971940: Current learning rate: 0.0082
2026-08-05 12:21:00.732838: train_loss -0.8005
2026-08-05 12:21:01.183948: val_loss -0.7769
2026-08-05 12:21:01.184156: Pseudo dice [np.float32(0.7116), np.float32(0.9099), np.float32(0.9322)]
2026-08-05 12:21:01.184280: Epoch time: 40.77 s
2026-08-05 12:21:02.655565: 
2026-08-05 12:21:02.655867: Epoch 199
2026-08-05 12:21:02.655976: Current learning rate: 0.00819
2026-08-05 12:22:08.902519: train_loss -0.8062
2026-08-05 12:22:08.955244: val_loss -0.7792
2026-08-05 12:22:08.955379: Pseudo dice [np.float32(0.7154), np.float32(0.9133), np.float32(0.9305)]
2026-08-05 12:22:08.955451: Epoch time: 66.25 s
2026-08-05 12:22:14.809875: 
2026-08-05 12:22:14.810210: Epoch 200
2026-08-05 12:22:14.810348: Current learning rate: 0.00818
2026-08-05 12:22:55.637551: train_loss -0.8084
2026-08-05 12:22:55.639303: val_loss -0.7756
2026-08-05 12:22:55.639409: Pseudo dice [np.float32(0.7092), np.float32(0.9103), np.float32(0.9294)]
2026-08-05 12:22:55.639490: Epoch time: 40.83 s
2026-08-05 12:22:56.393593: 
2026-08-05 12:22:56.394000: Epoch 201
2026-08-05 12:22:56.394148: Current learning rate: 0.00817
2026-08-05 12:23:36.803051: train_loss -0.8098
2026-08-05 12:23:36.808595: val_loss -0.7899
2026-08-05 12:23:36.808674: Pseudo dice [np.float32(0.7232), np.float32(0.9215), np.float32(0.9326)]
2026-08-05 12:23:36.808752: Epoch time: 40.41 s
2026-08-05 12:23:37.760896: 
2026-08-05 12:23:37.761345: Epoch 202
2026-08-05 12:23:37.761552: Current learning rate: 0.00816
2026-08-05 12:24:18.920832: train_loss -0.8066
2026-08-05 12:24:18.921406: val_loss -0.7705
2026-08-05 12:24:18.921702: Pseudo dice [np.float32(0.7121), np.float32(0.9145), np.float32(0.9256)]
2026-08-05 12:24:18.921831: Epoch time: 41.16 s
2026-08-05 12:24:19.780046: 
2026-08-05 12:24:19.780480: Epoch 203
2026-08-05 12:24:19.780618: Current learning rate: 0.00815
2026-08-05 12:25:01.002557: train_loss -0.8087
2026-08-05 12:25:01.004727: val_loss -0.7932
2026-08-05 12:25:01.004884: Pseudo dice [np.float32(0.732), np.float32(0.9223), np.float32(0.9368)]
2026-08-05 12:25:01.005066: Epoch time: 41.23 s
2026-08-05 12:25:01.005145: Yayy! New best EMA pseudo Dice: 0.8514999747276306
2026-08-05 12:25:14.406996: 
2026-08-05 12:25:14.407323: Epoch 204
2026-08-05 12:25:14.407476: Current learning rate: 0.00814
2026-08-05 12:25:55.855144: train_loss -0.8023
2026-08-05 12:25:55.855441: val_loss -0.7673
2026-08-05 12:25:55.855620: Pseudo dice [np.float32(0.7173), np.float32(0.9112), np.float32(0.9326)]
2026-08-05 12:25:55.855795: Epoch time: 41.45 s
2026-08-05 12:25:55.855846: Yayy! New best EMA pseudo Dice: 0.8517000079154968
2026-08-05 12:26:07.371298: 
2026-08-05 12:26:07.488033: Epoch 205
2026-08-05 12:26:07.488307: Current learning rate: 0.00813
2026-08-05 12:26:48.569735: train_loss -0.7962
2026-08-05 12:26:48.598587: val_loss -0.7768
2026-08-05 12:26:48.598765: Pseudo dice [np.float32(0.7149), np.float32(0.9126), np.float32(0.9315)]
2026-08-05 12:26:48.598981: Epoch time: 41.2 s
2026-08-05 12:26:48.599086: Yayy! New best EMA pseudo Dice: 0.8518000245094299
2026-08-05 12:26:55.620971: 
2026-08-05 12:26:56.137579: Epoch 206
2026-08-05 12:26:56.137960: Current learning rate: 0.00813
2026-08-05 12:27:37.535980: train_loss -0.7977
2026-08-05 12:27:37.632345: val_loss -0.7807
2026-08-05 12:27:37.632573: Pseudo dice [np.float32(0.7162), np.float32(0.9198), np.float32(0.9327)]
2026-08-05 12:27:37.632711: Epoch time: 41.92 s
2026-08-05 12:27:37.632806: Yayy! New best EMA pseudo Dice: 0.8522999882698059
2026-08-05 12:27:43.699592: 
2026-08-05 12:27:44.004092: Epoch 207
2026-08-05 12:27:44.004403: Current learning rate: 0.00812
2026-08-05 12:28:25.195652: train_loss -0.8048
2026-08-05 12:28:25.214494: val_loss -0.7968
2026-08-05 12:28:25.214590: Pseudo dice [np.float32(0.7327), np.float32(0.9237), np.float32(0.9351)]
2026-08-05 12:28:25.214652: Epoch time: 41.5 s
2026-08-05 12:28:25.214693: Yayy! New best EMA pseudo Dice: 0.8533999919891357
2026-08-05 12:28:32.926025: 
2026-08-05 12:28:32.926410: Epoch 208
2026-08-05 12:28:32.926527: Current learning rate: 0.00811
2026-08-05 12:29:13.906632: train_loss -0.8106
2026-08-05 12:29:14.239041: val_loss -0.7889
2026-08-05 12:29:14.239209: Pseudo dice [np.float32(0.7243), np.float32(0.9198), np.float32(0.9321)]
2026-08-05 12:29:14.239294: Epoch time: 40.98 s
2026-08-05 12:29:14.239346: Yayy! New best EMA pseudo Dice: 0.8539999723434448
2026-08-05 12:29:20.680012: 
2026-08-05 12:29:20.744932: Epoch 209
2026-08-05 12:29:20.745115: Current learning rate: 0.0081
2026-08-05 12:30:01.214697: train_loss -0.7999
2026-08-05 12:30:01.272312: val_loss -0.7709
2026-08-05 12:30:01.272438: Pseudo dice [np.float32(0.7023), np.float32(0.9154), np.float32(0.9288)]
2026-08-05 12:30:01.272503: Epoch time: 40.54 s
2026-08-05 12:30:02.127319: 
2026-08-05 12:30:02.127628: Epoch 210
2026-08-05 12:30:02.127738: Current learning rate: 0.00809
2026-08-05 12:30:43.092631: train_loss -0.8066
2026-08-05 12:30:43.840801: val_loss -0.7752
2026-08-05 12:30:43.841122: Pseudo dice [np.float32(0.7074), np.float32(0.9147), np.float32(0.9292)]
2026-08-05 12:30:43.841296: Epoch time: 40.97 s
2026-08-05 12:30:46.153092: 
2026-08-05 12:30:46.153469: Epoch 211
2026-08-05 12:30:46.153581: Current learning rate: 0.00808
2026-08-05 12:31:28.904871: train_loss -0.809
2026-08-05 12:31:28.905306: val_loss -0.7854
2026-08-05 12:31:28.905553: Pseudo dice [np.float32(0.7127), np.float32(0.9187), np.float32(0.9373)]
2026-08-05 12:31:28.905716: Epoch time: 42.75 s
2026-08-05 12:31:30.044404: 
2026-08-05 12:31:30.044877: Epoch 212
2026-08-05 12:31:30.045008: Current learning rate: 0.00807
2026-08-05 12:32:10.857263: train_loss -0.8135
2026-08-05 12:32:11.090410: val_loss -0.7925
2026-08-05 12:32:11.090713: Pseudo dice [np.float32(0.7189), np.float32(0.9197), np.float32(0.9393)]
2026-08-05 12:32:11.090862: Epoch time: 40.82 s
2026-08-05 12:32:11.090976: Yayy! New best EMA pseudo Dice: 0.8539999723434448
2026-08-05 12:32:19.491751: 
2026-08-05 12:32:19.492237: Epoch 213
2026-08-05 12:32:19.492366: Current learning rate: 0.00806
2026-08-05 12:33:00.611244: train_loss -0.8186
2026-08-05 12:33:00.823281: val_loss -0.7789
2026-08-05 12:33:00.823494: Pseudo dice [np.float32(0.7081), np.float32(0.9174), np.float32(0.9324)]
2026-08-05 12:33:00.823657: Epoch time: 41.12 s
2026-08-05 12:33:01.864829: 
2026-08-05 12:33:01.865160: Epoch 214
2026-08-05 12:33:01.865258: Current learning rate: 0.00805
2026-08-05 12:33:42.903188: train_loss -0.8198
2026-08-05 12:33:42.967158: val_loss -0.7657
2026-08-05 12:33:42.967397: Pseudo dice [np.float32(0.7066), np.float32(0.915), np.float32(0.9204)]
2026-08-05 12:33:42.967554: Epoch time: 41.04 s
2026-08-05 12:33:44.285480: 
2026-08-05 12:33:44.285820: Epoch 215
2026-08-05 12:33:44.286062: Current learning rate: 0.00804
2026-08-05 12:34:25.523277: train_loss -0.8069
2026-08-05 12:34:25.575558: val_loss -0.753
2026-08-05 12:34:25.575676: Pseudo dice [np.float32(0.6969), np.float32(0.9043), np.float32(0.9203)]
2026-08-05 12:34:25.575761: Epoch time: 41.24 s
2026-08-05 12:34:26.446382: 
2026-08-05 12:34:26.446765: Epoch 216
2026-08-05 12:34:26.446874: Current learning rate: 0.00803
2026-08-05 12:35:08.249562: train_loss -0.7741
2026-08-05 12:35:08.249979: val_loss -0.7506
2026-08-05 12:35:08.250097: Pseudo dice [np.float32(0.6931), np.float32(0.9018), np.float32(0.9229)]
2026-08-05 12:35:08.250361: Epoch time: 41.81 s
2026-08-05 12:35:09.809774: 
2026-08-05 12:35:09.810073: Epoch 217
2026-08-05 12:35:09.810230: Current learning rate: 0.00802
2026-08-05 12:35:51.094154: train_loss -0.7777
2026-08-05 12:35:51.094330: val_loss -0.773
2026-08-05 12:35:51.098581: Pseudo dice [np.float32(0.7141), np.float32(0.9085), np.float32(0.9302)]
2026-08-05 12:35:51.098808: Epoch time: 41.29 s
2026-08-05 12:35:53.432074: 
2026-08-05 12:35:53.432689: Epoch 218
2026-08-05 12:35:53.432803: Current learning rate: 0.00801
2026-08-05 12:36:34.696846: train_loss -0.8007
2026-08-05 12:36:34.697067: val_loss -0.784
2026-08-05 12:36:34.697128: Pseudo dice [np.float32(0.7261), np.float32(0.925), np.float32(0.9319)]
2026-08-05 12:36:34.697193: Epoch time: 41.27 s
2026-08-05 12:36:35.443270: 
2026-08-05 12:36:35.443635: Epoch 219
2026-08-05 12:36:35.443750: Current learning rate: 0.00801
2026-08-05 12:37:19.225482: train_loss -0.8043
2026-08-05 12:37:19.225920: val_loss -0.7796
2026-08-05 12:37:19.226073: Pseudo dice [np.float32(0.7198), np.float32(0.9193), np.float32(0.9329)]
2026-08-05 12:37:19.226198: Epoch time: 43.79 s
2026-08-05 12:37:20.256549: 
2026-08-05 12:37:20.256860: Epoch 220
2026-08-05 12:37:20.256968: Current learning rate: 0.008
2026-08-05 12:38:01.155005: train_loss -0.81
2026-08-05 12:38:01.155532: val_loss -0.7807
2026-08-05 12:38:01.155662: Pseudo dice [np.float32(0.7165), np.float32(0.9195), np.float32(0.9354)]
2026-08-05 12:38:01.155780: Epoch time: 40.9 s
2026-08-05 12:38:02.676942: 
2026-08-05 12:38:02.677249: Epoch 221
2026-08-05 12:38:02.677363: Current learning rate: 0.00799
2026-08-05 12:38:44.245372: train_loss -0.8147
2026-08-05 12:38:44.245571: val_loss -0.7801
2026-08-05 12:38:44.245623: Pseudo dice [np.float32(0.7079), np.float32(0.9139), np.float32(0.9394)]
2026-08-05 12:38:44.245680: Epoch time: 41.57 s
2026-08-05 12:38:45.409915: 
2026-08-05 12:38:45.410261: Epoch 222
2026-08-05 12:38:45.410465: Current learning rate: 0.00798
2026-08-05 12:39:26.629447: train_loss -0.8111
2026-08-05 12:39:26.629682: val_loss -0.7909
2026-08-05 12:39:26.629756: Pseudo dice [np.float32(0.7234), np.float32(0.922), np.float32(0.9341)]
2026-08-05 12:39:26.629823: Epoch time: 41.22 s
2026-08-05 12:39:27.458843: 
2026-08-05 12:39:27.459296: Epoch 223
2026-08-05 12:39:27.459417: Current learning rate: 0.00797
2026-08-05 12:40:08.900147: train_loss -0.8149
2026-08-05 12:40:08.900427: val_loss -0.7855
2026-08-05 12:40:08.900587: Pseudo dice [np.float32(0.7207), np.float32(0.917), np.float32(0.9361)]
2026-08-05 12:40:08.900703: Epoch time: 41.44 s
2026-08-05 12:40:09.698678: 
2026-08-05 12:40:09.698942: Epoch 224
2026-08-05 12:40:09.699141: Current learning rate: 0.00796
2026-08-05 12:40:50.490288: train_loss -0.8217
2026-08-05 12:40:50.490603: val_loss -0.785
2026-08-05 12:40:50.490794: Pseudo dice [np.float32(0.7222), np.float32(0.9235), np.float32(0.9372)]
2026-08-05 12:40:50.490927: Epoch time: 40.79 s
2026-08-05 12:40:50.491025: Yayy! New best EMA pseudo Dice: 0.8547000288963318
2026-08-05 12:40:58.108729: 
2026-08-05 12:40:58.109101: Epoch 225
2026-08-05 12:40:58.109294: Current learning rate: 0.00795
2026-08-05 12:41:39.174731: train_loss -0.8069
2026-08-05 12:41:39.175243: val_loss -0.7571
2026-08-05 12:41:39.175378: Pseudo dice [np.float32(0.7132), np.float32(0.906), np.float32(0.918)]
2026-08-05 12:41:39.175489: Epoch time: 41.07 s
2026-08-05 12:41:39.997689: 
2026-08-05 12:41:39.997982: Epoch 226
2026-08-05 12:41:39.998081: Current learning rate: 0.00794
2026-08-05 12:42:20.819172: train_loss -0.8055
2026-08-05 12:42:20.819731: val_loss -0.7855
2026-08-05 12:42:20.819955: Pseudo dice [np.float32(0.7204), np.float32(0.9196), np.float32(0.9375)]
2026-08-05 12:42:20.820079: Epoch time: 40.82 s
2026-08-05 12:42:21.801181: 
2026-08-05 12:42:21.801557: Epoch 227
2026-08-05 12:42:21.801650: Current learning rate: 0.00793
2026-08-05 12:43:02.916047: train_loss -0.8122
2026-08-05 12:43:02.916439: val_loss -0.7891
2026-08-05 12:43:02.916580: Pseudo dice [np.float32(0.7242), np.float32(0.917), np.float32(0.9365)]
2026-08-05 12:43:02.916701: Epoch time: 41.12 s
2026-08-05 12:43:02.916795: Yayy! New best EMA pseudo Dice: 0.8547999858856201
2026-08-05 12:43:09.542640: 
2026-08-05 12:43:09.543025: Epoch 228
2026-08-05 12:43:09.543131: Current learning rate: 0.00792
2026-08-05 12:43:50.460225: train_loss -0.8082
2026-08-05 12:43:50.460510: val_loss -0.7714
2026-08-05 12:43:50.460723: Pseudo dice [np.float32(0.7133), np.float32(0.9106), np.float32(0.9325)]
2026-08-05 12:43:50.460824: Epoch time: 40.92 s
2026-08-05 12:43:52.118914: 
2026-08-05 12:43:52.119408: Epoch 229
2026-08-05 12:43:52.119541: Current learning rate: 0.00791
2026-08-05 12:44:32.984351: train_loss -0.8136
2026-08-05 12:44:32.984935: val_loss -0.7844
2026-08-05 12:44:32.985080: Pseudo dice [np.float32(0.715), np.float32(0.9208), np.float32(0.9289)]
2026-08-05 12:44:32.985195: Epoch time: 40.87 s
2026-08-05 12:44:34.309072: 
2026-08-05 12:44:34.309497: Epoch 230
2026-08-05 12:44:34.309597: Current learning rate: 0.0079
2026-08-05 12:45:15.838943: train_loss -0.8179
2026-08-05 12:45:15.839240: val_loss -0.7817
2026-08-05 12:45:15.839299: Pseudo dice [np.float32(0.7122), np.float32(0.9151), np.float32(0.938)]
2026-08-05 12:45:15.839363: Epoch time: 41.53 s
2026-08-05 12:45:17.096351: 
2026-08-05 12:45:17.096754: Epoch 231
2026-08-05 12:45:17.096870: Current learning rate: 0.00789
2026-08-05 12:45:58.285315: train_loss -0.8163
2026-08-05 12:45:58.285884: val_loss -0.7923
2026-08-05 12:45:58.286046: Pseudo dice [np.float32(0.7224), np.float32(0.9252), np.float32(0.9376)]
2026-08-05 12:45:58.286172: Epoch time: 41.19 s
2026-08-05 12:45:58.286267: Yayy! New best EMA pseudo Dice: 0.855400025844574
2026-08-05 12:46:04.882115: 
2026-08-05 12:46:04.882518: Epoch 232
2026-08-05 12:46:04.882640: Current learning rate: 0.00789
2026-08-05 12:46:45.981311: train_loss -0.8183
2026-08-05 12:46:45.981629: val_loss -0.7778
2026-08-05 12:46:45.981860: Pseudo dice [np.float32(0.7215), np.float32(0.9183), np.float32(0.9318)]
2026-08-05 12:46:45.982004: Epoch time: 41.1 s
2026-08-05 12:46:45.982130: Yayy! New best EMA pseudo Dice: 0.8554999828338623
2026-08-05 12:46:51.125486: 
2026-08-05 12:46:51.125805: Epoch 233
2026-08-05 12:46:51.125926: Current learning rate: 0.00788
2026-08-05 12:47:32.620432: train_loss -0.8056
2026-08-05 12:47:32.620755: val_loss -0.769
2026-08-05 12:47:32.620879: Pseudo dice [np.float32(0.7118), np.float32(0.9121), np.float32(0.9295)]
2026-08-05 12:47:32.621010: Epoch time: 41.5 s
2026-08-05 12:47:33.445148: 
2026-08-05 12:47:33.445482: Epoch 234
2026-08-05 12:47:33.445579: Current learning rate: 0.00787
2026-08-05 12:48:14.288929: train_loss -0.8134
2026-08-05 12:48:14.289176: val_loss -0.7659
2026-08-05 12:48:14.289233: Pseudo dice [np.float32(0.7032), np.float32(0.9132), np.float32(0.9198)]
2026-08-05 12:48:14.289385: Epoch time: 40.85 s
2026-08-05 12:48:15.016706: 
2026-08-05 12:48:15.017007: Epoch 235
2026-08-05 12:48:15.017146: Current learning rate: 0.00786
2026-08-05 12:48:56.077986: train_loss -0.811
2026-08-05 12:48:56.078175: val_loss -0.7917
2026-08-05 12:48:56.078233: Pseudo dice [np.float32(0.728), np.float32(0.9177), np.float32(0.9349)]
2026-08-05 12:48:56.078292: Epoch time: 41.06 s
2026-08-05 12:48:57.041945: 
2026-08-05 12:48:57.042190: Epoch 236
2026-08-05 12:48:57.042454: Current learning rate: 0.00785
2026-08-05 12:49:42.547522: train_loss -0.8164
2026-08-05 12:49:42.548197: val_loss -0.7711
2026-08-05 12:49:42.548539: Pseudo dice [np.float32(0.7108), np.float32(0.9069), np.float32(0.9375)]
2026-08-05 12:49:42.548817: Epoch time: 45.51 s
2026-08-05 12:49:43.866140: 
2026-08-05 12:49:43.866547: Epoch 237
2026-08-05 12:49:43.866654: Current learning rate: 0.00784
2026-08-05 12:50:25.070727: train_loss -0.8108
2026-08-05 12:50:25.071242: val_loss -0.7926
2026-08-05 12:50:25.071577: Pseudo dice [np.float32(0.7282), np.float32(0.9209), np.float32(0.9363)]
2026-08-05 12:50:25.071716: Epoch time: 41.21 s
2026-08-05 12:50:26.041114: 
2026-08-05 12:50:26.041493: Epoch 238
2026-08-05 12:50:26.041628: Current learning rate: 0.00783
2026-08-05 12:51:06.929824: train_loss -0.8066
2026-08-05 12:51:06.930157: val_loss -0.7774
2026-08-05 12:51:06.930288: Pseudo dice [np.float32(0.7153), np.float32(0.9082), np.float32(0.932)]
2026-08-05 12:51:06.930402: Epoch time: 40.89 s
2026-08-05 12:51:08.363954: 
2026-08-05 12:51:08.364305: Epoch 239
2026-08-05 12:51:08.364407: Current learning rate: 0.00782
2026-08-05 12:51:49.166395: train_loss -0.8092
2026-08-05 12:51:49.166910: val_loss -0.7808
2026-08-05 12:51:49.167071: Pseudo dice [np.float32(0.7143), np.float32(0.9098), np.float32(0.9354)]
2026-08-05 12:51:49.167191: Epoch time: 40.81 s
2026-08-05 12:51:49.946533: 
2026-08-05 12:51:49.946844: Epoch 240
2026-08-05 12:51:49.946965: Current learning rate: 0.00781
2026-08-05 12:52:34.218239: train_loss -0.8221
2026-08-05 12:52:34.218453: val_loss -0.7723
2026-08-05 12:52:34.218543: Pseudo dice [np.float32(0.7071), np.float32(0.9083), np.float32(0.9366)]
2026-08-05 12:52:34.218640: Epoch time: 44.27 s
2026-08-05 12:52:34.959830: 
2026-08-05 12:52:34.960153: Epoch 241
2026-08-05 12:52:34.960265: Current learning rate: 0.0078
2026-08-05 12:53:16.356556: train_loss -0.8194
2026-08-05 12:53:16.356825: val_loss -0.7715
2026-08-05 12:53:16.356943: Pseudo dice [np.float32(0.7135), np.float32(0.9138), np.float32(0.9245)]
2026-08-05 12:53:16.357018: Epoch time: 41.4 s
2026-08-05 12:53:17.122310: 
2026-08-05 12:53:17.122654: Epoch 242
2026-08-05 12:53:17.122798: Current learning rate: 0.00779
2026-08-05 12:53:58.160029: train_loss -0.8072
2026-08-05 12:53:58.160620: val_loss -0.7475
2026-08-05 12:53:58.160877: Pseudo dice [np.float32(0.7051), np.float32(0.8898), np.float32(0.9276)]
2026-08-05 12:53:58.161054: Epoch time: 41.04 s
2026-08-05 12:53:59.171557: 
2026-08-05 12:53:59.171924: Epoch 243
2026-08-05 12:53:59.172037: Current learning rate: 0.00778
2026-08-05 12:54:39.492882: train_loss -0.7793
2026-08-05 12:54:39.493181: val_loss -0.7661
2026-08-05 12:54:39.493241: Pseudo dice [np.float32(0.6973), np.float32(0.9125), np.float32(0.9307)]
2026-08-05 12:54:39.493334: Epoch time: 40.32 s
2026-08-05 12:54:40.434645: 
2026-08-05 12:54:40.434879: Epoch 244
2026-08-05 12:54:40.435030: Current learning rate: 0.00777
2026-08-05 12:55:21.079945: train_loss -0.7916
2026-08-05 12:55:21.109476: val_loss -0.7706
2026-08-05 12:55:21.109554: Pseudo dice [np.float32(0.7096), np.float32(0.9089), np.float32(0.9302)]
2026-08-05 12:55:21.109615: Epoch time: 40.65 s
2026-08-05 12:55:22.725187: 
2026-08-05 12:55:22.725458: Epoch 245
2026-08-05 12:55:22.725614: Current learning rate: 0.00777
2026-08-05 12:56:03.613591: train_loss -0.8062
2026-08-05 12:56:03.614636: val_loss -0.7831
2026-08-05 12:56:03.614710: Pseudo dice [np.float32(0.72), np.float32(0.917), np.float32(0.9305)]
2026-08-05 12:56:03.614799: Epoch time: 40.89 s
2026-08-05 12:56:06.819295: 
2026-08-05 12:56:06.819663: Epoch 246
2026-08-05 12:56:06.819805: Current learning rate: 0.00776
2026-08-05 12:56:47.821950: train_loss -0.8063
2026-08-05 12:56:47.822256: val_loss -0.7827
2026-08-05 12:56:47.822381: Pseudo dice [np.float32(0.7232), np.float32(0.913), np.float32(0.9341)]
2026-08-05 12:56:47.822589: Epoch time: 41.01 s
2026-08-05 12:56:48.647618: 
2026-08-05 12:56:48.647973: Epoch 247
2026-08-05 12:56:48.648082: Current learning rate: 0.00775
2026-08-05 12:57:29.006475: train_loss -0.8073
2026-08-05 12:57:29.006729: val_loss -0.775
2026-08-05 12:57:29.006795: Pseudo dice [np.float32(0.7071), np.float32(0.9051), np.float32(0.9346)]
2026-08-05 12:57:29.006874: Epoch time: 40.36 s
2026-08-05 12:57:29.936883: 
2026-08-05 12:57:29.937241: Epoch 248
2026-08-05 12:57:29.937368: Current learning rate: 0.00774
2026-08-05 12:58:10.237984: train_loss -0.8133
2026-08-05 12:58:10.238292: val_loss -0.7782
2026-08-05 12:58:10.238412: Pseudo dice [np.float32(0.7148), np.float32(0.9198), np.float32(0.932)]
2026-08-05 12:58:10.238519: Epoch time: 40.31 s
2026-08-05 12:58:11.038603: 
2026-08-05 12:58:11.038887: Epoch 249
2026-08-05 12:58:11.039027: Current learning rate: 0.00773
2026-08-05 12:58:51.705064: train_loss -0.8157
2026-08-05 12:58:51.706371: val_loss -0.7673
2026-08-05 12:58:51.706548: Pseudo dice [np.float32(0.7085), np.float32(0.9085), np.float32(0.9255)]
2026-08-05 12:58:51.706677: Epoch time: 40.67 s
2026-08-05 12:58:59.828726: 
2026-08-05 12:58:59.829112: Epoch 250
2026-08-05 12:58:59.829273: Current learning rate: 0.00772
2026-08-05 12:59:53.177598: train_loss -0.8222
2026-08-05 12:59:53.540477: val_loss -0.7823
2026-08-05 12:59:53.540679: Pseudo dice [np.float32(0.7149), np.float32(0.9146), np.float32(0.9395)]
2026-08-05 12:59:53.540776: Epoch time: 53.35 s
2026-08-05 12:59:54.298048: 
2026-08-05 12:59:54.298445: Epoch 251
2026-08-05 12:59:54.298551: Current learning rate: 0.00771
2026-08-05 13:00:34.877131: train_loss -0.7846
2026-08-05 13:00:34.877382: val_loss -0.7689
2026-08-05 13:00:34.877435: Pseudo dice [np.float32(0.7106), np.float32(0.9136), np.float32(0.9252)]
2026-08-05 13:00:34.877498: Epoch time: 40.58 s
2026-08-05 13:00:35.608270: 
2026-08-05 13:00:35.608451: Epoch 252
2026-08-05 13:00:35.608576: Current learning rate: 0.0077
2026-08-05 13:01:16.202418: train_loss -0.788
2026-08-05 13:01:16.202647: val_loss -0.7549
2026-08-05 13:01:16.202819: Pseudo dice [np.float32(0.6818), np.float32(0.9081), np.float32(0.9255)]
2026-08-05 13:01:16.202909: Epoch time: 40.6 s
2026-08-05 13:01:20.029553: 
2026-08-05 13:01:20.029833: Epoch 253
2026-08-05 13:01:20.029950: Current learning rate: 0.00769
2026-08-05 13:02:01.084570: train_loss -0.7989
2026-08-05 13:02:01.084905: val_loss -0.7804
2026-08-05 13:02:01.085009: Pseudo dice [np.float32(0.7167), np.float32(0.9163), np.float32(0.9344)]
2026-08-05 13:02:01.087694: Epoch time: 41.06 s
2026-08-05 13:02:01.950127: 
2026-08-05 13:02:01.950538: Epoch 254
2026-08-05 13:02:01.950671: Current learning rate: 0.00768
2026-08-05 13:02:42.740846: train_loss -0.7988
2026-08-05 13:02:42.741072: val_loss -0.7838
2026-08-05 13:02:42.741135: Pseudo dice [np.float32(0.7182), np.float32(0.9136), np.float32(0.935)]
2026-08-05 13:02:42.741216: Epoch time: 40.79 s
2026-08-05 13:02:43.883715: 
2026-08-05 13:02:43.883990: Epoch 255
2026-08-05 13:02:43.884186: Current learning rate: 0.00767
2026-08-05 13:03:24.873698: train_loss -0.8008
2026-08-05 13:03:24.874316: val_loss -0.7763
2026-08-05 13:03:24.874443: Pseudo dice [np.float32(0.7135), np.float32(0.9091), np.float32(0.9299)]
2026-08-05 13:03:24.874546: Epoch time: 40.99 s
2026-08-05 13:03:25.763120: 
2026-08-05 13:03:25.763443: Epoch 256
2026-08-05 13:03:25.763561: Current learning rate: 0.00766
2026-08-05 13:04:06.960376: train_loss -0.8094
2026-08-05 13:04:07.258719: val_loss -0.7834
2026-08-05 13:04:07.258956: Pseudo dice [np.float32(0.717), np.float32(0.9137), np.float32(0.9352)]
2026-08-05 13:04:07.259088: Epoch time: 41.2 s
2026-08-05 13:04:08.279384: 
2026-08-05 13:04:08.279702: Epoch 257
2026-08-05 13:04:08.279805: Current learning rate: 0.00765
2026-08-05 13:04:49.585134: train_loss -0.8122
2026-08-05 13:04:49.602867: val_loss -0.7849
2026-08-05 13:04:49.603116: Pseudo dice [np.float32(0.7244), np.float32(0.9237), np.float32(0.9309)]
2026-08-05 13:04:49.603411: Epoch time: 41.31 s
2026-08-05 13:04:50.805511: 
2026-08-05 13:04:50.805883: Epoch 258
2026-08-05 13:04:50.806033: Current learning rate: 0.00764
2026-08-05 13:05:32.040540: train_loss -0.7912
2026-08-05 13:05:32.130261: val_loss -0.7757
2026-08-05 13:05:32.130362: Pseudo dice [np.float32(0.7103), np.float32(0.9183), np.float32(0.9282)]
2026-08-05 13:05:32.130426: Epoch time: 41.24 s
2026-08-05 13:05:33.516365: 
2026-08-05 13:05:33.516762: Epoch 259
2026-08-05 13:05:33.516865: Current learning rate: 0.00764
2026-08-05 13:06:14.471775: train_loss -0.79
2026-08-05 13:06:14.474821: val_loss -0.7728
2026-08-05 13:06:14.474883: Pseudo dice [np.float32(0.7025), np.float32(0.9126), np.float32(0.931)]
2026-08-05 13:06:14.474950: Epoch time: 40.96 s
2026-08-05 13:06:18.282651: 
2026-08-05 13:06:18.283931: Epoch 260
2026-08-05 13:06:18.284047: Current learning rate: 0.00763
2026-08-05 13:06:59.534670: train_loss -0.8074
2026-08-05 13:06:59.609498: val_loss -0.7884
2026-08-05 13:06:59.609725: Pseudo dice [np.float32(0.7225), np.float32(0.9185), np.float32(0.9335)]
2026-08-05 13:06:59.609857: Epoch time: 41.25 s
2026-08-05 13:07:00.704577: 
2026-08-05 13:07:00.704845: Epoch 261
2026-08-05 13:07:00.704976: Current learning rate: 0.00762
2026-08-05 13:07:41.995966: train_loss -0.8009
2026-08-05 13:07:42.632835: val_loss -0.7874
2026-08-05 13:07:42.633111: Pseudo dice [np.float32(0.721), np.float32(0.9201), np.float32(0.9375)]
2026-08-05 13:07:42.633249: Epoch time: 41.29 s
2026-08-05 13:07:43.868921: 
2026-08-05 13:07:43.869277: Epoch 262
2026-08-05 13:07:43.869384: Current learning rate: 0.00761
2026-08-05 13:08:25.068019: train_loss -0.812
2026-08-05 13:08:25.214248: val_loss -0.7593
2026-08-05 13:08:25.214392: Pseudo dice [np.float32(0.6994), np.float32(0.9081), np.float32(0.9223)]
2026-08-05 13:08:25.214461: Epoch time: 41.2 s
2026-08-05 13:08:26.264800: 
2026-08-05 13:08:26.265186: Epoch 263
2026-08-05 13:08:26.265277: Current learning rate: 0.0076
2026-08-05 13:09:07.466197: train_loss -0.807
2026-08-05 13:09:07.650053: val_loss -0.7767
2026-08-05 13:09:07.650246: Pseudo dice [np.float32(0.7056), np.float32(0.914), np.float32(0.9348)]
2026-08-05 13:09:07.650324: Epoch time: 41.2 s
2026-08-05 13:09:09.266021: 
2026-08-05 13:09:09.444647: Epoch 264
2026-08-05 13:09:09.444858: Current learning rate: 0.00759
2026-08-05 13:09:50.161693: train_loss -0.8118
2026-08-05 13:09:50.444196: val_loss -0.7847
2026-08-05 13:09:50.444348: Pseudo dice [np.float32(0.7188), np.float32(0.9251), np.float32(0.932)]
2026-08-05 13:09:50.444430: Epoch time: 40.9 s
2026-08-05 13:09:51.707608: 
2026-08-05 13:09:51.707842: Epoch 265
2026-08-05 13:09:51.707984: Current learning rate: 0.00758
2026-08-05 13:10:32.451982: train_loss -0.8159
2026-08-05 13:10:32.452258: val_loss -0.7748
2026-08-05 13:10:32.452384: Pseudo dice [np.float32(0.7155), np.float32(0.9102), np.float32(0.9275)]
2026-08-05 13:10:32.452523: Epoch time: 40.75 s
2026-08-05 13:10:34.215396: 
2026-08-05 13:10:34.215740: Epoch 266
2026-08-05 13:10:34.215846: Current learning rate: 0.00757
2026-08-05 13:11:22.081220: train_loss -0.804
2026-08-05 13:11:22.081566: val_loss -0.7653
2026-08-05 13:11:22.081744: Pseudo dice [np.float32(0.7095), np.float32(0.907), np.float32(0.9302)]
2026-08-05 13:11:22.081864: Epoch time: 47.87 s
2026-08-05 13:11:23.767299: 
2026-08-05 13:11:23.767500: Epoch 267
2026-08-05 13:11:23.767600: Current learning rate: 0.00756
2026-08-05 13:12:14.779750: train_loss -0.7984
2026-08-05 13:12:14.780012: val_loss -0.7707
2026-08-05 13:12:14.780073: Pseudo dice [np.float32(0.7135), np.float32(0.9026), np.float32(0.9279)]
2026-08-05 13:12:14.780138: Epoch time: 51.02 s
2026-08-05 13:12:15.539712: 
2026-08-05 13:12:15.540043: Epoch 268
2026-08-05 13:12:15.540288: Current learning rate: 0.00755
2026-08-05 13:12:56.606679: train_loss -0.8135
2026-08-05 13:12:56.606924: val_loss -0.7828
2026-08-05 13:12:56.606979: Pseudo dice [np.float32(0.7195), np.float32(0.9155), np.float32(0.9321)]
2026-08-05 13:12:56.607034: Epoch time: 41.07 s
2026-08-05 13:12:57.406610: 
2026-08-05 13:12:57.406883: Epoch 269
2026-08-05 13:12:57.407121: Current learning rate: 0.00754
2026-08-05 13:13:38.261323: train_loss -0.8037
2026-08-05 13:13:38.261581: val_loss -0.7626
2026-08-05 13:13:38.261639: Pseudo dice [np.float32(0.7125), np.float32(0.9086), np.float32(0.9191)]
2026-08-05 13:13:38.261696: Epoch time: 40.86 s
2026-08-05 13:13:39.091135: 
2026-08-05 13:13:39.091427: Epoch 270
2026-08-05 13:13:39.091558: Current learning rate: 0.00753
2026-08-05 13:14:19.898516: train_loss -0.8095
2026-08-05 13:14:19.898721: val_loss -0.7781
2026-08-05 13:14:19.898786: Pseudo dice [np.float32(0.7147), np.float32(0.9164), np.float32(0.938)]
2026-08-05 13:14:19.898939: Epoch time: 40.81 s
2026-08-05 13:14:20.908799: 
2026-08-05 13:14:20.909066: Epoch 271
2026-08-05 13:14:20.909191: Current learning rate: 0.00752
2026-08-05 13:15:01.292682: train_loss -0.8186
2026-08-05 13:15:01.292959: val_loss -0.7844
2026-08-05 13:15:01.293021: Pseudo dice [np.float32(0.7176), np.float32(0.9199), np.float32(0.933)]
2026-08-05 13:15:01.293083: Epoch time: 40.39 s
2026-08-05 13:15:02.281206: 
2026-08-05 13:15:02.281426: Epoch 272
2026-08-05 13:15:02.281519: Current learning rate: 0.00751
2026-08-05 13:15:43.479915: train_loss -0.8081
2026-08-05 13:15:43.480112: val_loss -0.7825
2026-08-05 13:15:43.480165: Pseudo dice [np.float32(0.7142), np.float32(0.9221), np.float32(0.9282)]
2026-08-05 13:15:43.480223: Epoch time: 41.21 s
2026-08-05 13:15:44.660859: 
2026-08-05 13:15:44.661230: Epoch 273
2026-08-05 13:15:44.661383: Current learning rate: 0.00751
2026-08-05 13:16:26.012176: train_loss -0.8153
2026-08-05 13:16:26.019656: val_loss -0.77
2026-08-05 13:16:26.019722: Pseudo dice [np.float32(0.7267), np.float32(0.925), np.float32(0.9211)]
2026-08-05 13:16:26.019789: Epoch time: 41.35 s
2026-08-05 13:16:27.228774: 
2026-08-05 13:16:27.228996: Epoch 274
2026-08-05 13:16:27.229117: Current learning rate: 0.0075
2026-08-05 13:17:10.427826: train_loss -0.8118
2026-08-05 13:17:10.428038: val_loss -0.7699
2026-08-05 13:17:10.428094: Pseudo dice [np.float32(0.714), np.float32(0.9162), np.float32(0.9214)]
2026-08-05 13:17:10.428154: Epoch time: 43.2 s
2026-08-05 13:17:11.194364: 
2026-08-05 13:17:11.194713: Epoch 275
2026-08-05 13:17:11.194865: Current learning rate: 0.00749
2026-08-05 13:17:51.842199: train_loss -0.8044
2026-08-05 13:17:51.842678: val_loss -0.7711
2026-08-05 13:17:51.842867: Pseudo dice [np.float32(0.7052), np.float32(0.9087), np.float32(0.9369)]
2026-08-05 13:17:51.843089: Epoch time: 40.65 s
2026-08-05 13:17:52.774912: 
2026-08-05 13:17:52.775306: Epoch 276
2026-08-05 13:17:52.775409: Current learning rate: 0.00748
2026-08-05 13:18:33.669358: train_loss -0.7657
2026-08-05 13:18:33.669930: val_loss -0.7416
2026-08-05 13:18:33.670006: Pseudo dice [np.float32(0.6674), np.float32(0.8943), np.float32(0.9172)]
2026-08-05 13:18:33.670079: Epoch time: 40.9 s
2026-08-05 13:18:34.694137: 
2026-08-05 13:18:34.694524: Epoch 277
2026-08-05 13:18:34.694696: Current learning rate: 0.00747
2026-08-05 13:19:15.729545: train_loss -0.7469
2026-08-05 13:19:16.179964: val_loss -0.7379
2026-08-05 13:19:16.180198: Pseudo dice [np.float32(0.6971), np.float32(0.8984), np.float32(0.9112)]
2026-08-05 13:19:16.180292: Epoch time: 41.04 s
2026-08-05 13:19:17.189145: 
2026-08-05 13:19:17.189464: Epoch 278
2026-08-05 13:19:17.189610: Current learning rate: 0.00746
2026-08-05 13:19:57.825249: train_loss -0.7556
2026-08-05 13:19:57.931005: val_loss -0.7518
2026-08-05 13:19:57.931336: Pseudo dice [np.float32(0.703), np.float32(0.8998), np.float32(0.92)]
2026-08-05 13:19:57.931533: Epoch time: 40.64 s
2026-08-05 13:19:58.780789: 
2026-08-05 13:19:58.781117: Epoch 279
2026-08-05 13:19:58.781215: Current learning rate: 0.00745
2026-08-05 13:20:39.537281: train_loss -0.7884
2026-08-05 13:20:39.873722: val_loss -0.7735
2026-08-05 13:20:39.874007: Pseudo dice [np.float32(0.7084), np.float32(0.9101), np.float32(0.9294)]
2026-08-05 13:20:39.874169: Epoch time: 40.77 s
2026-08-05 13:20:40.885608: 
2026-08-05 13:20:40.885905: Epoch 280
2026-08-05 13:20:40.886267: Current learning rate: 0.00744
2026-08-05 13:21:21.711550: train_loss -0.7864
2026-08-05 13:21:21.711793: val_loss -0.7781
2026-08-05 13:21:21.711853: Pseudo dice [np.float32(0.7093), np.float32(0.9082), np.float32(0.9356)]
2026-08-05 13:21:21.711924: Epoch time: 40.83 s
2026-08-05 13:21:22.876045: 
2026-08-05 13:21:22.876395: Epoch 281
2026-08-05 13:21:22.876540: Current learning rate: 0.00743
2026-08-05 13:22:04.943305: train_loss -0.7998
2026-08-05 13:22:04.943721: val_loss -0.7698
2026-08-05 13:22:04.943864: Pseudo dice [np.float32(0.7117), np.float32(0.9072), np.float32(0.9327)]
2026-08-05 13:22:04.944017: Epoch time: 42.07 s
2026-08-05 13:22:05.787695: 
2026-08-05 13:22:05.788112: Epoch 282
2026-08-05 13:22:05.788214: Current learning rate: 0.00742
2026-08-05 13:22:46.560605: train_loss -0.8111
2026-08-05 13:22:46.560983: val_loss -0.7755
2026-08-05 13:22:46.561103: Pseudo dice [np.float32(0.7147), np.float32(0.9125), np.float32(0.9307)]
2026-08-05 13:22:46.561214: Epoch time: 40.78 s
2026-08-05 13:22:47.473279: 
2026-08-05 13:22:47.473656: Epoch 283
2026-08-05 13:22:47.473809: Current learning rate: 0.00741
2026-08-05 13:23:28.197606: train_loss -0.816
2026-08-05 13:23:28.294022: val_loss -0.7849
2026-08-05 13:23:28.294212: Pseudo dice [np.float32(0.7196), np.float32(0.9136), np.float32(0.9375)]
2026-08-05 13:23:28.349203: Epoch time: 40.73 s
2026-08-05 13:23:29.229829: 
2026-08-05 13:23:29.230159: Epoch 284
2026-08-05 13:23:29.230266: Current learning rate: 0.0074
2026-08-05 13:24:10.271738: train_loss -0.8179
2026-08-05 13:24:10.420856: val_loss -0.7862
2026-08-05 13:24:10.421069: Pseudo dice [np.float32(0.7188), np.float32(0.9207), np.float32(0.9348)]
2026-08-05 13:24:10.421193: Epoch time: 41.05 s
2026-08-05 13:24:11.294129: 
2026-08-05 13:24:11.294448: Epoch 285
2026-08-05 13:24:11.294562: Current learning rate: 0.00739
2026-08-05 13:24:52.203278: train_loss -0.8234
2026-08-05 13:24:52.597097: val_loss -0.7713
2026-08-05 13:24:52.597369: Pseudo dice [np.float32(0.7059), np.float32(0.9155), np.float32(0.9315)]
2026-08-05 13:24:52.597511: Epoch time: 40.91 s
2026-08-05 13:24:53.504265: 
2026-08-05 13:24:53.504639: Epoch 286
2026-08-05 13:24:53.504843: Current learning rate: 0.00738
2026-08-05 13:25:34.794061: train_loss -0.8242
2026-08-05 13:25:35.139715: val_loss -0.7833
2026-08-05 13:25:35.139977: Pseudo dice [np.float32(0.7186), np.float32(0.9215), np.float32(0.9308)]
2026-08-05 13:25:35.140049: Epoch time: 41.29 s
2026-08-05 13:25:36.290224: 
2026-08-05 13:25:36.294164: Epoch 287
2026-08-05 13:25:36.294369: Current learning rate: 0.00738
2026-08-05 13:26:17.154338: train_loss -0.8198
2026-08-05 13:26:17.154581: val_loss -0.7839
2026-08-05 13:26:17.154701: Pseudo dice [np.float32(0.72), np.float32(0.9222), np.float32(0.9352)]
2026-08-05 13:26:17.155154: Epoch time: 40.87 s
2026-08-05 13:26:17.990191: 
2026-08-05 13:26:17.990402: Epoch 288
2026-08-05 13:26:17.990532: Current learning rate: 0.00737
2026-08-05 13:26:59.295039: train_loss -0.8242
2026-08-05 13:26:59.295265: val_loss -0.7828
2026-08-05 13:26:59.295357: Pseudo dice [np.float32(0.7231), np.float32(0.9154), np.float32(0.9327)]
2026-08-05 13:26:59.295544: Epoch time: 41.31 s
2026-08-05 13:27:00.052202: 
2026-08-05 13:27:00.052518: Epoch 289
2026-08-05 13:27:00.052734: Current learning rate: 0.00736
2026-08-05 13:27:40.463236: train_loss -0.8242
2026-08-05 13:27:40.463464: val_loss -0.7737
2026-08-05 13:27:40.463528: Pseudo dice [np.float32(0.7034), np.float32(0.9121), np.float32(0.9323)]
2026-08-05 13:27:40.463598: Epoch time: 40.41 s
2026-08-05 13:27:41.501230: 
2026-08-05 13:27:41.501533: Epoch 290
2026-08-05 13:27:41.501752: Current learning rate: 0.00735
2026-08-05 13:28:22.271835: train_loss -0.8214
2026-08-05 13:28:22.272323: val_loss -0.775
2026-08-05 13:28:22.272399: Pseudo dice [np.float32(0.7129), np.float32(0.9184), np.float32(0.9274)]
2026-08-05 13:28:22.272477: Epoch time: 40.77 s
2026-08-05 13:28:23.256727: 
2026-08-05 13:28:23.257072: Epoch 291
2026-08-05 13:28:23.257215: Current learning rate: 0.00734
2026-08-05 13:29:06.409829: train_loss -0.8215
2026-08-05 13:29:06.410252: val_loss -0.7675
2026-08-05 13:29:06.410488: Pseudo dice [np.float32(0.7121), np.float32(0.885), np.float32(0.9334)]
2026-08-05 13:29:06.410610: Epoch time: 43.16 s
2026-08-05 13:29:07.679970: 
2026-08-05 13:29:07.680195: Epoch 292
2026-08-05 13:29:07.680289: Current learning rate: 0.00733
2026-08-05 13:29:48.555660: train_loss -0.8305
2026-08-05 13:29:48.555942: val_loss -0.7837
2026-08-05 13:29:48.556125: Pseudo dice [np.float32(0.7231), np.float32(0.9148), np.float32(0.9345)]
2026-08-05 13:29:48.556244: Epoch time: 40.88 s
2026-08-05 13:29:49.442377: 
2026-08-05 13:29:49.442660: Epoch 293
2026-08-05 13:29:49.442750: Current learning rate: 0.00732
2026-08-05 13:30:29.891564: train_loss -0.8328
2026-08-05 13:30:30.190538: val_loss -0.7895
2026-08-05 13:30:30.190768: Pseudo dice [np.float32(0.719), np.float32(0.9157), np.float32(0.9391)]
2026-08-05 13:30:30.190916: Epoch time: 40.45 s
2026-08-05 13:30:31.242455: 
2026-08-05 13:30:31.242750: Epoch 294
2026-08-05 13:30:31.243007: Current learning rate: 0.00731
2026-08-05 13:31:12.298934: train_loss -0.8327
2026-08-05 13:31:12.983284: val_loss -0.7887
2026-08-05 13:31:12.983492: Pseudo dice [np.float32(0.7222), np.float32(0.9175), np.float32(0.9337)]
2026-08-05 13:31:12.983618: Epoch time: 41.06 s
2026-08-05 13:31:15.672610: 
2026-08-05 13:31:15.672985: Epoch 295
2026-08-05 13:31:15.673200: Current learning rate: 0.0073
2026-08-05 13:31:56.697660: train_loss -0.8358
2026-08-05 13:31:56.697998: val_loss -0.7858
2026-08-05 13:31:56.698131: Pseudo dice [np.float32(0.7157), np.float32(0.9179), np.float32(0.9331)]
2026-08-05 13:31:56.698266: Epoch time: 41.03 s
2026-08-05 13:31:57.543642: 
2026-08-05 13:31:57.543981: Epoch 296
2026-08-05 13:31:57.544091: Current learning rate: 0.00729
2026-08-05 13:32:38.499993: train_loss -0.8351
2026-08-05 13:32:38.500274: val_loss -0.7907
2026-08-05 13:32:38.500348: Pseudo dice [np.float32(0.7198), np.float32(0.9233), np.float32(0.9352)]
2026-08-05 13:32:38.500491: Epoch time: 40.96 s
2026-08-05 13:32:39.536994: 
2026-08-05 13:32:39.537314: Epoch 297
2026-08-05 13:32:39.537484: Current learning rate: 0.00728
2026-08-05 13:33:20.494917: train_loss -0.8292
2026-08-05 13:33:20.495213: val_loss -0.7818
2026-08-05 13:33:20.495271: Pseudo dice [np.float32(0.7201), np.float32(0.9185), np.float32(0.9307)]
2026-08-05 13:33:20.495330: Epoch time: 40.96 s
2026-08-05 13:33:21.406778: 
2026-08-05 13:33:21.407155: Epoch 298
2026-08-05 13:33:21.407265: Current learning rate: 0.00727
2026-08-05 13:34:02.255388: train_loss -0.8305
2026-08-05 13:34:02.255565: val_loss -0.7917
2026-08-05 13:34:02.255651: Pseudo dice [np.float32(0.7172), np.float32(0.9173), np.float32(0.9382)]
2026-08-05 13:34:02.255750: Epoch time: 40.85 s
2026-08-05 13:34:02.997507: 
2026-08-05 13:34:02.997858: Epoch 299
2026-08-05 13:34:02.997965: Current learning rate: 0.00726
2026-08-05 13:34:44.008917: train_loss -0.8337
2026-08-05 13:34:44.015317: val_loss -0.7823
2026-08-05 13:34:44.015459: Pseudo dice [np.float32(0.7181), np.float32(0.9213), np.float32(0.9331)]
2026-08-05 13:34:44.015584: Epoch time: 41.01 s
2026-08-05 13:34:50.493435: 
2026-08-05 13:34:51.170740: Epoch 300
2026-08-05 13:34:51.171075: Current learning rate: 0.00725
2026-08-05 13:35:32.274269: train_loss -0.8357
2026-08-05 13:35:32.505826: val_loss -0.7855
2026-08-05 13:35:32.506103: Pseudo dice [np.float32(0.7265), np.float32(0.9235), np.float32(0.9329)]
2026-08-05 13:35:32.506205: Epoch time: 41.78 s
2026-08-05 13:35:33.550834: 
2026-08-05 13:35:33.551269: Epoch 301
2026-08-05 13:35:33.551399: Current learning rate: 0.00724
2026-08-05 13:36:14.451488: train_loss -0.8352
2026-08-05 13:36:14.451690: val_loss -0.7813
2026-08-05 13:36:14.451744: Pseudo dice [np.float32(0.7157), np.float32(0.9147), np.float32(0.9366)]
2026-08-05 13:36:14.451797: Epoch time: 40.9 s
2026-08-05 13:36:16.877476: 
2026-08-05 13:36:16.877852: Epoch 302
2026-08-05 13:36:16.877972: Current learning rate: 0.00724
2026-08-05 13:36:57.951764: train_loss -0.8387
2026-08-05 13:36:57.952031: val_loss -0.7774
2026-08-05 13:36:57.952138: Pseudo dice [np.float32(0.7162), np.float32(0.9149), np.float32(0.9285)]
2026-08-05 13:36:57.952205: Epoch time: 41.08 s
2026-08-05 13:36:58.901039: 
2026-08-05 13:36:58.901424: Epoch 303
2026-08-05 13:36:58.901618: Current learning rate: 0.00723
2026-08-05 13:37:39.804726: train_loss -0.8345
2026-08-05 13:37:39.804887: val_loss -0.7854
2026-08-05 13:37:39.804955: Pseudo dice [np.float32(0.722), np.float32(0.923), np.float32(0.9318)]
2026-08-05 13:37:39.805012: Epoch time: 40.91 s
2026-08-05 13:37:39.805105: Yayy! New best EMA pseudo Dice: 0.8555999994277954
2026-08-05 13:37:47.958673: 
2026-08-05 13:37:47.959034: Epoch 304
2026-08-05 13:37:47.959151: Current learning rate: 0.00722
2026-08-05 13:38:28.267720: train_loss -0.8362
2026-08-05 13:38:28.267946: val_loss -0.7877
2026-08-05 13:38:28.267998: Pseudo dice [np.float32(0.729), np.float32(0.917), np.float32(0.9378)]
2026-08-05 13:38:28.268054: Epoch time: 40.31 s
2026-08-05 13:38:28.268091: Yayy! New best EMA pseudo Dice: 0.8561999797821045
2026-08-05 13:38:34.626900: 
2026-08-05 13:38:34.627191: Epoch 305
2026-08-05 13:38:34.627355: Current learning rate: 0.00721
2026-08-05 13:39:15.159247: train_loss -0.8294
2026-08-05 13:39:15.159479: val_loss -0.796
2026-08-05 13:39:15.159546: Pseudo dice [np.float32(0.7289), np.float32(0.9211), np.float32(0.937)]
2026-08-05 13:39:15.188100: Epoch time: 40.54 s
2026-08-05 13:39:15.188196: Yayy! New best EMA pseudo Dice: 0.8568000197410583
2026-08-05 13:39:27.676506: 
2026-08-05 13:39:27.676961: Epoch 306
2026-08-05 13:39:27.677101: Current learning rate: 0.0072
2026-08-05 13:40:08.532630: train_loss -0.8294
2026-08-05 13:40:08.780993: val_loss -0.787
2026-08-05 13:40:08.781123: Pseudo dice [np.float32(0.7168), np.float32(0.9251), np.float32(0.9357)]
2026-08-05 13:40:08.781195: Epoch time: 40.86 s
2026-08-05 13:40:08.781235: Yayy! New best EMA pseudo Dice: 0.8569999933242798
2026-08-05 13:40:14.460521: 
2026-08-05 13:40:14.460943: Epoch 307
2026-08-05 13:40:14.461042: Current learning rate: 0.00719
2026-08-05 13:40:55.133538: train_loss -0.8288
2026-08-05 13:40:55.133882: val_loss -0.7874
2026-08-05 13:40:55.133954: Pseudo dice [np.float32(0.7297), np.float32(0.9154), np.float32(0.932)]
2026-08-05 13:40:55.134030: Epoch time: 40.68 s
2026-08-05 13:40:55.134070: Yayy! New best EMA pseudo Dice: 0.857200026512146
2026-08-05 13:41:01.485454: 
2026-08-05 13:41:01.485822: Epoch 308
2026-08-05 13:41:01.486132: Current learning rate: 0.00718
2026-08-05 13:41:41.913491: train_loss -0.8348
2026-08-05 13:41:41.913813: val_loss -0.8029
2026-08-05 13:41:41.913951: Pseudo dice [np.float32(0.7356), np.float32(0.9214), np.float32(0.9406)]
2026-08-05 13:41:41.914030: Epoch time: 40.43 s
2026-08-05 13:41:41.914078: Yayy! New best EMA pseudo Dice: 0.8580999970436096
2026-08-05 13:41:58.043934: 
2026-08-05 13:41:58.044196: Epoch 309
2026-08-05 13:41:58.044380: Current learning rate: 0.00717
2026-08-05 13:42:39.264356: train_loss -0.8372
2026-08-05 13:42:39.534858: val_loss -0.7879
2026-08-05 13:42:39.535107: Pseudo dice [np.float32(0.7192), np.float32(0.9251), np.float32(0.9379)]
2026-08-05 13:42:39.535240: Epoch time: 41.22 s
2026-08-05 13:42:39.535330: Yayy! New best EMA pseudo Dice: 0.8583999872207642
2026-08-05 13:42:46.443223: 
2026-08-05 13:42:46.443766: Epoch 310
2026-08-05 13:42:46.443881: Current learning rate: 0.00716
2026-08-05 13:43:28.005594: train_loss -0.8401
2026-08-05 13:43:28.007629: val_loss -0.7815
2026-08-05 13:43:28.007783: Pseudo dice [np.float32(0.7201), np.float32(0.9194), np.float32(0.9321)]
2026-08-05 13:43:28.007880: Epoch time: 41.57 s
2026-08-05 13:43:28.734495: 
2026-08-05 13:43:28.734812: Epoch 311
2026-08-05 13:43:28.734919: Current learning rate: 0.00715
2026-08-05 13:44:09.260780: train_loss -0.8391
2026-08-05 13:44:09.260997: val_loss -0.7957
2026-08-05 13:44:09.261053: Pseudo dice [np.float32(0.7245), np.float32(0.9188), np.float32(0.9368)]
2026-08-05 13:44:09.261107: Epoch time: 40.53 s
2026-08-05 13:44:09.261144: Yayy! New best EMA pseudo Dice: 0.8583999872207642
2026-08-05 13:44:14.640132: 
2026-08-05 13:44:14.640464: Epoch 312
2026-08-05 13:44:14.640654: Current learning rate: 0.00714
2026-08-05 13:44:55.244505: train_loss -0.8313
2026-08-05 13:44:55.244721: val_loss -0.7742
2026-08-05 13:44:55.244782: Pseudo dice [np.float32(0.7176), np.float32(0.9135), np.float32(0.9267)]
2026-08-05 13:44:55.244939: Epoch time: 40.61 s
2026-08-05 13:44:56.366180: 
2026-08-05 13:44:56.366576: Epoch 313
2026-08-05 13:44:56.366699: Current learning rate: 0.00713
2026-08-05 13:45:36.530240: train_loss -0.8358
2026-08-05 13:45:36.530505: val_loss -0.7831
2026-08-05 13:45:36.530572: Pseudo dice [np.float32(0.7133), np.float32(0.9132), np.float32(0.9385)]
2026-08-05 13:45:36.530652: Epoch time: 40.17 s
2026-08-05 13:45:38.235306: 
2026-08-05 13:45:38.235720: Epoch 314
2026-08-05 13:45:38.235839: Current learning rate: 0.00712
2026-08-05 13:46:18.383315: train_loss -0.8432
2026-08-05 13:46:18.383489: val_loss -0.7861
2026-08-05 13:46:18.383545: Pseudo dice [np.float32(0.7199), np.float32(0.9171), np.float32(0.9305)]
2026-08-05 13:46:18.383601: Epoch time: 40.15 s
2026-08-05 13:46:19.165930: 
2026-08-05 13:46:19.166264: Epoch 315
2026-08-05 13:46:19.166372: Current learning rate: 0.00711
2026-08-05 13:46:59.835767: train_loss -0.8405
2026-08-05 13:46:59.836101: val_loss -0.7687
2026-08-05 13:46:59.836164: Pseudo dice [np.float32(0.7074), np.float32(0.9084), np.float32(0.935)]
2026-08-05 13:46:59.836228: Epoch time: 40.67 s
2026-08-05 13:47:00.816179: 
2026-08-05 13:47:00.816684: Epoch 316
2026-08-05 13:47:00.816817: Current learning rate: 0.0071
2026-08-05 13:47:41.578217: train_loss -0.8315
2026-08-05 13:47:41.578432: val_loss -0.7872
2026-08-05 13:47:41.578516: Pseudo dice [np.float32(0.7233), np.float32(0.9232), np.float32(0.9348)]
2026-08-05 13:47:41.578598: Epoch time: 40.77 s
2026-08-05 13:47:42.278528: 
2026-08-05 13:47:42.278857: Epoch 317
2026-08-05 13:47:42.278975: Current learning rate: 0.0071
2026-08-05 13:48:22.908707: train_loss -0.8315
2026-08-05 13:48:22.909144: val_loss -0.7838
2026-08-05 13:48:22.909369: Pseudo dice [np.float32(0.7221), np.float32(0.9232), np.float32(0.9384)]
2026-08-05 13:48:22.909618: Epoch time: 40.63 s
2026-08-05 13:48:23.746274: 
2026-08-05 13:48:23.746681: Epoch 318
2026-08-05 13:48:23.746792: Current learning rate: 0.00709
2026-08-05 13:49:04.312257: train_loss -0.8326
2026-08-05 13:49:04.312492: val_loss -0.7721
2026-08-05 13:49:04.312559: Pseudo dice [np.float32(0.7064), np.float32(0.9227), np.float32(0.9279)]
2026-08-05 13:49:04.312649: Epoch time: 40.57 s
2026-08-05 13:49:05.277823: 
2026-08-05 13:49:05.294697: Epoch 319
2026-08-05 13:49:05.294870: Current learning rate: 0.00708
2026-08-05 13:49:45.491569: train_loss -0.8406
2026-08-05 13:49:45.491865: val_loss -0.7865
2026-08-05 13:49:45.492120: Pseudo dice [np.float32(0.7162), np.float32(0.9156), np.float32(0.941)]
2026-08-05 13:49:45.492251: Epoch time: 40.22 s
2026-08-05 13:49:46.308759: 
2026-08-05 13:49:46.309194: Epoch 320
2026-08-05 13:49:46.309380: Current learning rate: 0.00707
2026-08-05 13:50:27.701658: train_loss -0.834
2026-08-05 13:50:27.702195: val_loss -0.7697
2026-08-05 13:50:27.702329: Pseudo dice [np.float32(0.7022), np.float32(0.9187), np.float32(0.9374)]
2026-08-05 13:50:27.702441: Epoch time: 41.4 s
2026-08-05 13:50:28.546751: 
2026-08-05 13:50:28.547199: Epoch 321
2026-08-05 13:50:28.547324: Current learning rate: 0.00706
2026-08-05 13:51:09.168851: train_loss -0.8344
2026-08-05 13:51:09.169111: val_loss -0.7862
2026-08-05 13:51:09.169167: Pseudo dice [np.float32(0.7286), np.float32(0.916), np.float32(0.9322)]
2026-08-05 13:51:09.169225: Epoch time: 40.63 s
2026-08-05 13:51:09.918908: 
2026-08-05 13:51:09.919304: Epoch 322
2026-08-05 13:51:09.919413: Current learning rate: 0.00705
2026-08-05 13:51:50.439098: train_loss -0.8349
2026-08-05 13:51:50.439585: val_loss -0.7853
2026-08-05 13:51:50.439656: Pseudo dice [np.float32(0.7191), np.float32(0.9206), np.float32(0.9345)]
2026-08-05 13:51:50.439736: Epoch time: 40.52 s
2026-08-05 13:51:51.545515: 
2026-08-05 13:51:51.545958: Epoch 323
2026-08-05 13:51:51.546106: Current learning rate: 0.00704
2026-08-05 13:52:32.300998: train_loss -0.8405
2026-08-05 13:52:32.301395: val_loss -0.8003
2026-08-05 13:52:32.301610: Pseudo dice [np.float32(0.7258), np.float32(0.93), np.float32(0.9413)]
2026-08-05 13:52:32.301724: Epoch time: 40.76 s
2026-08-05 13:52:33.645648: 
2026-08-05 13:52:33.645846: Epoch 324
2026-08-05 13:52:33.646006: Current learning rate: 0.00703
2026-08-05 13:53:14.774577: train_loss -0.8437
2026-08-05 13:53:14.774925: val_loss -0.7812
2026-08-05 13:53:14.775058: Pseudo dice [np.float32(0.7201), np.float32(0.924), np.float32(0.933)]
2026-08-05 13:53:14.775201: Epoch time: 41.13 s
2026-08-05 13:53:16.373240: 
2026-08-05 13:53:16.373554: Epoch 325
2026-08-05 13:53:16.373669: Current learning rate: 0.00702
2026-08-05 13:53:57.680250: train_loss -0.848
2026-08-05 13:53:57.680758: val_loss -0.7944
2026-08-05 13:53:57.681059: Pseudo dice [np.float32(0.726), np.float32(0.9215), np.float32(0.9391)]
2026-08-05 13:53:57.681279: Epoch time: 41.31 s
2026-08-05 13:53:58.560368: 
2026-08-05 13:53:58.560673: Epoch 326
2026-08-05 13:53:58.560804: Current learning rate: 0.00701
2026-08-05 13:54:39.763363: train_loss -0.8439
2026-08-05 13:54:40.215182: val_loss -0.7913
2026-08-05 13:54:40.215424: Pseudo dice [np.float32(0.7276), np.float32(0.9279), np.float32(0.936)]
2026-08-05 13:54:40.285958: Epoch time: 41.21 s
2026-08-05 13:54:40.286150: Yayy! New best EMA pseudo Dice: 0.8589000105857849
2026-08-05 13:54:50.244629: 
2026-08-05 13:54:50.244977: Epoch 327
2026-08-05 13:54:50.245083: Current learning rate: 0.007
2026-08-05 13:55:32.265390: train_loss -0.8453
2026-08-05 13:55:32.265800: val_loss -0.7798
2026-08-05 13:55:32.265916: Pseudo dice [np.float32(0.7129), np.float32(0.916), np.float32(0.9327)]
2026-08-05 13:55:32.266028: Epoch time: 42.02 s
2026-08-05 13:55:33.065674: 
2026-08-05 13:55:33.066082: Epoch 328
2026-08-05 13:55:33.066209: Current learning rate: 0.00699
2026-08-05 13:56:13.740793: train_loss -0.8435
2026-08-05 13:56:13.741242: val_loss -0.7825
2026-08-05 13:56:13.741308: Pseudo dice [np.float32(0.7163), np.float32(0.9154), np.float32(0.9347)]
2026-08-05 13:56:13.741373: Epoch time: 40.68 s
2026-08-05 13:56:14.707749: 
2026-08-05 13:56:14.708215: Epoch 329
2026-08-05 13:56:14.708361: Current learning rate: 0.00698
2026-08-05 13:56:56.113635: train_loss -0.8343
2026-08-05 13:56:56.114068: val_loss -0.7825
2026-08-05 13:56:56.114389: Pseudo dice [np.float32(0.7136), np.float32(0.9195), np.float32(0.9346)]
2026-08-05 13:56:56.114573: Epoch time: 41.41 s
2026-08-05 13:56:56.995549: 
2026-08-05 13:56:56.996001: Epoch 330
2026-08-05 13:56:56.996130: Current learning rate: 0.00697
2026-08-05 13:57:37.800099: train_loss -0.8357
2026-08-05 13:57:37.922835: val_loss -0.7798
2026-08-05 13:57:37.923054: Pseudo dice [np.float32(0.7108), np.float32(0.9167), np.float32(0.9375)]
2026-08-05 13:57:37.923300: Epoch time: 40.81 s
2026-08-05 13:57:39.061028: 
2026-08-05 13:57:39.061385: Epoch 331
2026-08-05 13:57:39.061531: Current learning rate: 0.00696
2026-08-05 13:58:19.686309: train_loss -0.8363
2026-08-05 13:58:19.701616: val_loss -0.78
2026-08-05 13:58:19.701710: Pseudo dice [np.float32(0.708), np.float32(0.9228), np.float32(0.9357)]
2026-08-05 13:58:19.701793: Epoch time: 40.63 s
2026-08-05 13:58:21.363642: 
2026-08-05 13:58:21.364167: Epoch 332
2026-08-05 13:58:21.364281: Current learning rate: 0.00696
2026-08-05 13:59:02.702668: train_loss -0.8396
2026-08-05 13:59:02.861224: val_loss -0.7826
2026-08-05 13:59:02.861470: Pseudo dice [np.float32(0.7186), np.float32(0.9209), np.float32(0.9374)]
2026-08-05 13:59:02.861609: Epoch time: 41.34 s
2026-08-05 13:59:04.212336: 
2026-08-05 13:59:04.352250: Epoch 333
2026-08-05 13:59:04.352452: Current learning rate: 0.00695
2026-08-05 13:59:47.198342: train_loss -0.8462
2026-08-05 13:59:47.513047: val_loss -0.7833
2026-08-05 13:59:47.513365: Pseudo dice [np.float32(0.7161), np.float32(0.9191), np.float32(0.9342)]
2026-08-05 13:59:47.513519: Epoch time: 42.99 s
2026-08-05 13:59:49.473942: 
2026-08-05 13:59:49.474277: Epoch 334
2026-08-05 13:59:49.474388: Current learning rate: 0.00694
2026-08-05 14:00:30.632670: train_loss -0.8298
2026-08-05 14:00:30.632944: val_loss -0.7795
2026-08-05 14:00:30.633043: Pseudo dice [np.float32(0.7126), np.float32(0.9136), np.float32(0.935)]
2026-08-05 14:00:30.633105: Epoch time: 41.16 s
2026-08-05 14:00:31.393094: 
2026-08-05 14:00:31.393553: Epoch 335
2026-08-05 14:00:31.393656: Current learning rate: 0.00693
2026-08-05 14:01:12.410537: train_loss -0.831
2026-08-05 14:01:12.410787: val_loss -0.7642
2026-08-05 14:01:12.410844: Pseudo dice [np.float32(0.7052), np.float32(0.909), np.float32(0.9231)]
2026-08-05 14:01:12.410924: Epoch time: 41.02 s
2026-08-05 14:01:13.388543: 
2026-08-05 14:01:13.388789: Epoch 336
2026-08-05 14:01:13.388919: Current learning rate: 0.00692
2026-08-05 14:01:53.763864: train_loss -0.8316
2026-08-05 14:01:53.764107: val_loss -0.7795
2026-08-05 14:01:53.764164: Pseudo dice [np.float32(0.7142), np.float32(0.9189), np.float32(0.9333)]
2026-08-05 14:01:53.764227: Epoch time: 40.38 s
2026-08-05 14:01:54.902257: 
2026-08-05 14:01:54.902508: Epoch 337
2026-08-05 14:01:54.902624: Current learning rate: 0.00691
2026-08-05 14:02:35.672654: train_loss -0.8181
2026-08-05 14:02:35.672913: val_loss -0.7723
2026-08-05 14:02:35.672989: Pseudo dice [np.float32(0.7094), np.float32(0.917), np.float32(0.9334)]
2026-08-05 14:02:35.673059: Epoch time: 40.77 s
2026-08-05 14:02:37.031849: 
2026-08-05 14:02:37.032228: Epoch 338
2026-08-05 14:02:37.032385: Current learning rate: 0.0069
2026-08-05 14:03:17.785293: train_loss -0.8302
2026-08-05 14:03:17.785538: val_loss -0.7917
2026-08-05 14:03:17.785611: Pseudo dice [np.float32(0.7275), np.float32(0.9254), np.float32(0.9363)]
2026-08-05 14:03:17.785676: Epoch time: 40.76 s
2026-08-05 14:03:18.811901: 
2026-08-05 14:03:18.812269: Epoch 339
2026-08-05 14:03:18.812380: Current learning rate: 0.00689
2026-08-05 14:04:00.721536: train_loss -0.8174
2026-08-05 14:04:00.724631: val_loss -0.7466
2026-08-05 14:04:00.724954: Pseudo dice [np.float32(0.6967), np.float32(0.9029), np.float32(0.9073)]
2026-08-05 14:04:00.725179: Epoch time: 41.91 s
2026-08-05 14:04:01.962883: 
2026-08-05 14:04:01.963171: Epoch 340
2026-08-05 14:04:01.963338: Current learning rate: 0.00688
2026-08-05 14:04:43.471981: train_loss -0.7712
2026-08-05 14:04:43.472907: val_loss -0.7509
2026-08-05 14:04:43.473406: Pseudo dice [np.float32(0.6927), np.float32(0.9078), np.float32(0.9214)]
2026-08-05 14:04:43.473561: Epoch time: 41.51 s
2026-08-05 14:04:46.592946: 
2026-08-05 14:04:46.594318: Epoch 341
2026-08-05 14:04:46.594431: Current learning rate: 0.00687
2026-08-05 14:05:28.781163: train_loss -0.7651
2026-08-05 14:05:28.848720: val_loss -0.746
2026-08-05 14:05:28.848848: Pseudo dice [np.float32(0.687), np.float32(0.8891), np.float32(0.9262)]
2026-08-05 14:05:28.848934: Epoch time: 42.19 s
2026-08-05 14:05:29.883018: 
2026-08-05 14:05:29.914958: Epoch 342
2026-08-05 14:05:29.915106: Current learning rate: 0.00686
2026-08-05 14:06:10.643743: train_loss -0.7789
2026-08-05 14:06:10.784674: val_loss -0.7701
2026-08-05 14:06:10.784810: Pseudo dice [np.float32(0.705), np.float32(0.9136), np.float32(0.9309)]
2026-08-05 14:06:10.784946: Epoch time: 40.76 s
2026-08-05 14:06:11.783549: 
2026-08-05 14:06:11.783836: Epoch 343
2026-08-05 14:06:11.784018: Current learning rate: 0.00685
2026-08-05 14:06:52.853456: train_loss -0.7723
2026-08-05 14:06:53.162397: val_loss -0.766
2026-08-05 14:06:53.162637: Pseudo dice [np.float32(0.6986), np.float32(0.9062), np.float32(0.9319)]
2026-08-05 14:06:53.162768: Epoch time: 41.07 s
2026-08-05 14:06:54.607442: 
2026-08-05 14:06:54.607753: Epoch 344
2026-08-05 14:06:54.607959: Current learning rate: 0.00684
2026-08-05 14:07:35.772710: train_loss -0.7863
2026-08-05 14:07:35.773144: val_loss -0.7604
2026-08-05 14:07:35.773253: Pseudo dice [np.float32(0.7152), np.float32(0.9081), np.float32(0.9238)]
2026-08-05 14:07:35.773368: Epoch time: 41.17 s
2026-08-05 14:07:37.122084: 
2026-08-05 14:07:37.122527: Epoch 345
2026-08-05 14:07:37.122629: Current learning rate: 0.00683
2026-08-05 14:08:18.061361: train_loss -0.7837
2026-08-05 14:08:18.061914: val_loss -0.7599
2026-08-05 14:08:18.061993: Pseudo dice [np.float32(0.7084), np.float32(0.8947), np.float32(0.9307)]
2026-08-05 14:08:18.062068: Epoch time: 40.94 s
2026-08-05 14:08:19.137157: 
2026-08-05 14:08:19.137551: Epoch 346
2026-08-05 14:08:19.137707: Current learning rate: 0.00682
2026-08-05 14:09:00.164221: train_loss -0.7775
2026-08-05 14:09:00.165312: val_loss -0.7139
2026-08-05 14:09:00.165478: Pseudo dice [np.float32(0.6805), np.float32(0.8887), np.float32(0.9185)]
2026-08-05 14:09:00.165636: Epoch time: 41.03 s
2026-08-05 14:09:00.989619: 
2026-08-05 14:09:00.990040: Epoch 347
2026-08-05 14:09:00.990155: Current learning rate: 0.00681
2026-08-05 14:09:41.873267: train_loss -0.7855
2026-08-05 14:09:41.873595: val_loss -0.7592
2026-08-05 14:09:41.873666: Pseudo dice [np.float32(0.702), np.float32(0.9056), np.float32(0.9297)]
2026-08-05 14:09:41.873747: Epoch time: 40.89 s
2026-08-05 14:09:44.122088: 
2026-08-05 14:09:44.122442: Epoch 348
2026-08-05 14:09:44.122572: Current learning rate: 0.0068
2026-08-05 14:10:25.281518: train_loss -0.7927
2026-08-05 14:10:25.281923: val_loss -0.7477
2026-08-05 14:10:25.282087: Pseudo dice [np.float32(0.6997), np.float32(0.9076), np.float32(0.9058)]
2026-08-05 14:10:25.325493: Epoch time: 41.16 s
2026-08-05 14:10:26.230871: 
2026-08-05 14:10:26.231222: Epoch 349
2026-08-05 14:10:26.231323: Current learning rate: 0.0068
2026-08-05 14:11:07.196783: train_loss -0.8083
2026-08-05 14:11:07.197203: val_loss -0.7722
2026-08-05 14:11:07.197332: Pseudo dice [np.float32(0.7105), np.float32(0.9095), np.float32(0.9328)]
2026-08-05 14:11:07.197451: Epoch time: 40.97 s
2026-08-05 14:11:12.750669: 
2026-08-05 14:11:12.750938: Epoch 350
2026-08-05 14:11:12.751091: Current learning rate: 0.00679
2026-08-05 14:11:53.088417: train_loss -0.8113
2026-08-05 14:11:53.088688: val_loss -0.7772
2026-08-05 14:11:53.088748: Pseudo dice [np.float32(0.7166), np.float32(0.9087), np.float32(0.9333)]
2026-08-05 14:11:53.088850: Epoch time: 40.34 s
2026-08-05 14:11:54.151246: 
2026-08-05 14:11:54.151700: Epoch 351
2026-08-05 14:11:54.151823: Current learning rate: 0.00678
2026-08-05 14:12:35.128672: train_loss -0.82
2026-08-05 14:12:35.129147: val_loss -0.775
2026-08-05 14:12:35.129330: Pseudo dice [np.float32(0.7101), np.float32(0.9124), np.float32(0.9305)]
2026-08-05 14:12:35.129444: Epoch time: 40.98 s
2026-08-05 14:12:36.409430: 
2026-08-05 14:12:36.801228: Epoch 352
2026-08-05 14:12:36.801512: Current learning rate: 0.00677
2026-08-05 14:13:17.643819: train_loss -0.8298
2026-08-05 14:13:17.841213: val_loss -0.7793
2026-08-05 14:13:17.841413: Pseudo dice [np.float32(0.7188), np.float32(0.9158), np.float32(0.9326)]
2026-08-05 14:13:17.841538: Epoch time: 41.24 s
2026-08-05 14:13:18.722721: 
2026-08-05 14:13:18.723058: Epoch 353
2026-08-05 14:13:18.723147: Current learning rate: 0.00676
2026-08-05 14:13:59.532007: train_loss -0.8235
2026-08-05 14:13:59.660442: val_loss -0.7816
2026-08-05 14:13:59.660658: Pseudo dice [np.float32(0.7203), np.float32(0.9104), np.float32(0.9348)]
2026-08-05 14:13:59.660736: Epoch time: 40.81 s
2026-08-05 14:14:00.830710: 
2026-08-05 14:14:00.830968: Epoch 354
2026-08-05 14:14:00.831117: Current learning rate: 0.00675
2026-08-05 14:14:42.954889: train_loss -0.8309
2026-08-05 14:14:43.220885: val_loss -0.7815
2026-08-05 14:14:43.221110: Pseudo dice [np.float32(0.7194), np.float32(0.9191), np.float32(0.9295)]
2026-08-05 14:14:43.221180: Epoch time: 42.13 s
2026-08-05 14:14:44.013615: 
2026-08-05 14:14:44.013904: Epoch 355
2026-08-05 14:14:44.014107: Current learning rate: 0.00674
2026-08-05 14:15:24.756366: train_loss -0.834
2026-08-05 14:15:24.756596: val_loss -0.7927
2026-08-05 14:15:24.756657: Pseudo dice [np.float32(0.7229), np.float32(0.9207), np.float32(0.9407)]
2026-08-05 14:15:24.756720: Epoch time: 40.75 s
2026-08-05 14:15:25.720116: 
2026-08-05 14:15:25.720359: Epoch 356
2026-08-05 14:15:25.720482: Current learning rate: 0.00673
2026-08-05 14:16:06.650664: train_loss -0.8172
2026-08-05 14:16:06.651079: val_loss -0.7805
2026-08-05 14:16:06.651305: Pseudo dice [np.float32(0.7179), np.float32(0.9218), np.float32(0.9327)]
2026-08-05 14:16:06.651444: Epoch time: 40.93 s
2026-08-05 14:16:07.655237: 
2026-08-05 14:16:07.655555: Epoch 357
2026-08-05 14:16:07.655647: Current learning rate: 0.00672
2026-08-05 14:16:48.755615: train_loss -0.8182
2026-08-05 14:16:48.756062: val_loss -0.7756
2026-08-05 14:16:48.756277: Pseudo dice [np.float32(0.7111), np.float32(0.9177), np.float32(0.9294)]
2026-08-05 14:16:48.756421: Epoch time: 41.1 s
2026-08-05 14:16:49.761013: 
2026-08-05 14:16:49.761292: Epoch 358
2026-08-05 14:16:49.761433: Current learning rate: 0.00671
2026-08-05 14:17:30.169306: train_loss -0.8269
2026-08-05 14:17:30.169746: val_loss -0.7847
2026-08-05 14:17:30.169880: Pseudo dice [np.float32(0.7249), np.float32(0.9254), np.float32(0.9252)]
2026-08-05 14:17:30.170028: Epoch time: 40.41 s
2026-08-05 14:17:31.050559: 
2026-08-05 14:17:31.050939: Epoch 359
2026-08-05 14:17:31.051059: Current learning rate: 0.0067
2026-08-05 14:18:11.905969: train_loss -0.8234
2026-08-05 14:18:11.906137: val_loss -0.7777
2026-08-05 14:18:11.906192: Pseudo dice [np.float32(0.7219), np.float32(0.9165), np.float32(0.9326)]
2026-08-05 14:18:11.906366: Epoch time: 40.86 s
2026-08-05 14:18:12.710060: 
2026-08-05 14:18:12.710381: Epoch 360
2026-08-05 14:18:12.710490: Current learning rate: 0.00669
2026-08-05 14:18:53.814249: train_loss -0.8289
2026-08-05 14:18:53.814553: val_loss -0.7735
2026-08-05 14:18:53.814614: Pseudo dice [np.float32(0.7107), np.float32(0.9216), np.float32(0.9272)]
2026-08-05 14:18:53.814678: Epoch time: 41.11 s
2026-08-05 14:18:55.327067: 
2026-08-05 14:18:55.327471: Epoch 361
2026-08-05 14:18:55.327685: Current learning rate: 0.00668
2026-08-05 14:19:36.357759: train_loss -0.8329
2026-08-05 14:19:36.358173: val_loss -0.7694
2026-08-05 14:19:36.358329: Pseudo dice [np.float32(0.7102), np.float32(0.9092), np.float32(0.9258)]
2026-08-05 14:19:36.358476: Epoch time: 41.03 s
2026-08-05 14:19:37.134149: 
2026-08-05 14:19:37.134551: Epoch 362
2026-08-05 14:19:37.134654: Current learning rate: 0.00667
2026-08-05 14:20:18.041023: train_loss -0.8239
2026-08-05 14:20:18.041427: val_loss -0.7859
2026-08-05 14:20:18.041648: Pseudo dice [np.float32(0.7129), np.float32(0.9169), np.float32(0.9369)]
2026-08-05 14:20:18.041780: Epoch time: 40.91 s
2026-08-05 14:20:18.862414: 
2026-08-05 14:20:18.862764: Epoch 363
2026-08-05 14:20:18.862870: Current learning rate: 0.00666
2026-08-05 14:20:59.997033: train_loss -0.8252
2026-08-05 14:20:59.997230: val_loss -0.7774
2026-08-05 14:20:59.997284: Pseudo dice [np.float32(0.7158), np.float32(0.9147), np.float32(0.935)]
2026-08-05 14:20:59.997341: Epoch time: 41.14 s
2026-08-05 14:21:00.752074: 
2026-08-05 14:21:00.752527: Epoch 364
2026-08-05 14:21:00.752628: Current learning rate: 0.00665
2026-08-05 14:21:42.372027: train_loss -0.8347
2026-08-05 14:21:42.372495: val_loss -0.7743
2026-08-05 14:21:42.372696: Pseudo dice [np.float32(0.7079), np.float32(0.9129), np.float32(0.9294)]
2026-08-05 14:21:42.372830: Epoch time: 41.62 s
2026-08-05 14:21:43.212530: 
2026-08-05 14:21:43.213009: Epoch 365
2026-08-05 14:21:43.213155: Current learning rate: 0.00665
2026-08-05 14:22:24.190040: train_loss -0.8375
2026-08-05 14:22:24.190225: val_loss -0.7889
2026-08-05 14:22:24.190278: Pseudo dice [np.float32(0.7223), np.float32(0.9161), np.float32(0.9384)]
2026-08-05 14:22:24.190336: Epoch time: 40.98 s
2026-08-05 14:22:24.965419: 
2026-08-05 14:22:24.965874: Epoch 366
2026-08-05 14:22:24.965980: Current learning rate: 0.00664
2026-08-05 14:23:05.785058: train_loss -0.8404
2026-08-05 14:23:06.284346: val_loss -0.7891
2026-08-05 14:23:06.284557: Pseudo dice [np.float32(0.7297), np.float32(0.923), np.float32(0.9333)]
2026-08-05 14:23:06.284767: Epoch time: 40.82 s
2026-08-05 14:23:07.281861: 
2026-08-05 14:23:07.282112: Epoch 367
2026-08-05 14:23:07.282393: Current learning rate: 0.00663
2026-08-05 14:23:48.333874: train_loss -0.8399
2026-08-05 14:23:48.334139: val_loss -0.7941
2026-08-05 14:23:48.334196: Pseudo dice [np.float32(0.7315), np.float32(0.9187), np.float32(0.9352)]
2026-08-05 14:23:48.334250: Epoch time: 41.05 s
2026-08-05 14:23:49.066477: 
2026-08-05 14:23:49.066897: Epoch 368
2026-08-05 14:23:49.067001: Current learning rate: 0.00662
2026-08-05 14:24:30.478482: train_loss -0.8421
2026-08-05 14:24:30.478815: val_loss -0.7846
2026-08-05 14:24:30.478961: Pseudo dice [np.float32(0.721), np.float32(0.9189), np.float32(0.9321)]
2026-08-05 14:24:30.479077: Epoch time: 41.41 s
2026-08-05 14:24:31.294383: 
2026-08-05 14:24:31.294736: Epoch 369
2026-08-05 14:24:31.294985: Current learning rate: 0.00661
2026-08-05 14:25:12.397302: train_loss -0.8411
2026-08-05 14:25:12.398349: val_loss -0.7749
2026-08-05 14:25:12.398582: Pseudo dice [np.float32(0.7168), np.float32(0.9161), np.float32(0.9321)]
2026-08-05 14:25:12.398835: Epoch time: 41.11 s
2026-08-05 14:25:13.176098: 
2026-08-05 14:25:13.176387: Epoch 370
2026-08-05 14:25:13.176496: Current learning rate: 0.0066
2026-08-05 14:25:53.856399: train_loss -0.8399
2026-08-05 14:25:53.910012: val_loss -0.786
2026-08-05 14:25:53.910181: Pseudo dice [np.float32(0.7227), np.float32(0.9227), np.float32(0.9328)]
2026-08-05 14:25:53.910298: Epoch time: 40.68 s
2026-08-05 14:25:54.898817: 
2026-08-05 14:25:54.899262: Epoch 371
2026-08-05 14:25:54.899412: Current learning rate: 0.00659
2026-08-05 14:26:35.749807: train_loss -0.8401
2026-08-05 14:26:35.750171: val_loss -0.7792
2026-08-05 14:26:35.750298: Pseudo dice [np.float32(0.719), np.float32(0.9188), np.float32(0.9272)]
2026-08-05 14:26:35.750412: Epoch time: 40.85 s
2026-08-05 14:26:36.667936: 
2026-08-05 14:26:36.668364: Epoch 372
2026-08-05 14:26:36.668496: Current learning rate: 0.00658
2026-08-05 14:27:17.519479: train_loss -0.8405
2026-08-05 14:27:17.519769: val_loss -0.7776
2026-08-05 14:27:17.519842: Pseudo dice [np.float32(0.7194), np.float32(0.9153), np.float32(0.9316)]
2026-08-05 14:27:17.519928: Epoch time: 40.85 s
2026-08-05 14:27:18.477343: 
2026-08-05 14:27:18.477760: Epoch 373
2026-08-05 14:27:18.477901: Current learning rate: 0.00657
2026-08-05 14:27:58.885176: train_loss -0.8316
2026-08-05 14:27:58.885529: val_loss -0.7691
2026-08-05 14:27:58.885654: Pseudo dice [np.float32(0.7079), np.float32(0.9073), np.float32(0.93)]
2026-08-05 14:27:58.885765: Epoch time: 40.41 s
2026-08-05 14:27:59.716275: 
2026-08-05 14:27:59.716553: Epoch 374
2026-08-05 14:27:59.716673: Current learning rate: 0.00656
2026-08-05 14:28:40.169360: train_loss -0.8074
2026-08-05 14:28:40.169696: val_loss -0.7816
2026-08-05 14:28:40.169759: Pseudo dice [np.float32(0.7176), np.float32(0.9155), np.float32(0.9322)]
2026-08-05 14:28:40.169827: Epoch time: 40.46 s
2026-08-05 14:28:41.629253: 
2026-08-05 14:28:41.629638: Epoch 375
2026-08-05 14:28:41.629765: Current learning rate: 0.00655
2026-08-05 14:29:21.762980: train_loss -0.8138
2026-08-05 14:29:21.763232: val_loss -0.7746
2026-08-05 14:29:21.763353: Pseudo dice [np.float32(0.7132), np.float32(0.9185), np.float32(0.9257)]
2026-08-05 14:29:21.763422: Epoch time: 40.14 s
2026-08-05 14:29:22.728214: 
2026-08-05 14:29:22.728711: Epoch 376
2026-08-05 14:29:22.728878: Current learning rate: 0.00654
2026-08-05 14:30:03.130960: train_loss -0.7603
2026-08-05 14:30:03.131167: val_loss -0.7592
2026-08-05 14:30:03.131230: Pseudo dice [np.float32(0.6943), np.float32(0.9138), np.float32(0.924)]
2026-08-05 14:30:03.131297: Epoch time: 40.41 s
2026-08-05 14:30:03.921600: 
2026-08-05 14:30:03.922005: Epoch 377
2026-08-05 14:30:03.922109: Current learning rate: 0.00653
2026-08-05 14:30:44.572602: train_loss -0.7805
2026-08-05 14:30:44.720537: val_loss -0.7732
2026-08-05 14:30:44.720721: Pseudo dice [np.float32(0.7083), np.float32(0.908), np.float32(0.9377)]
2026-08-05 14:30:44.720845: Epoch time: 40.65 s
2026-08-05 14:30:45.695463: 
2026-08-05 14:30:45.695713: Epoch 378
2026-08-05 14:30:45.695915: Current learning rate: 0.00652
2026-08-05 14:31:26.648658: train_loss -0.8022
2026-08-05 14:31:26.648976: val_loss -0.7779
2026-08-05 14:31:26.649089: Pseudo dice [np.float32(0.7145), np.float32(0.9002), np.float32(0.9329)]
2026-08-05 14:31:26.649152: Epoch time: 40.96 s
2026-08-05 14:31:27.434190: 
2026-08-05 14:31:27.434536: Epoch 379
2026-08-05 14:31:27.434641: Current learning rate: 0.00651
2026-08-05 14:32:08.349105: train_loss -0.806
2026-08-05 14:32:08.783545: val_loss -0.7741
2026-08-05 14:32:08.783786: Pseudo dice [np.float32(0.7204), np.float32(0.9133), np.float32(0.9314)]
2026-08-05 14:32:08.784039: Epoch time: 40.92 s
2026-08-05 14:32:09.627259: 
2026-08-05 14:32:09.627549: Epoch 380
2026-08-05 14:32:09.627670: Current learning rate: 0.0065
2026-08-05 14:32:52.443121: train_loss -0.8197
2026-08-05 14:32:52.444125: val_loss -0.7754
2026-08-05 14:32:52.445324: Pseudo dice [np.float32(0.7138), np.float32(0.9106), np.float32(0.9347)]
2026-08-05 14:32:52.445510: Epoch time: 42.82 s
2026-08-05 14:32:53.353554: 
2026-08-05 14:32:53.353988: Epoch 381
2026-08-05 14:32:53.354079: Current learning rate: 0.00649
2026-08-05 14:33:34.177218: train_loss -0.8292
2026-08-05 14:33:34.177631: val_loss -0.793
2026-08-05 14:33:34.177743: Pseudo dice [np.float32(0.7293), np.float32(0.924), np.float32(0.9351)]
2026-08-05 14:33:34.177877: Epoch time: 40.83 s
2026-08-05 14:33:36.091382: 
2026-08-05 14:33:36.091675: Epoch 382
2026-08-05 14:33:36.091810: Current learning rate: 0.00648
2026-08-05 14:34:17.230784: train_loss -0.8306
2026-08-05 14:34:17.231247: val_loss -0.7822
2026-08-05 14:34:17.231375: Pseudo dice [np.float32(0.7091), np.float32(0.9172), np.float32(0.9358)]
2026-08-05 14:34:17.231555: Epoch time: 41.14 s
2026-08-05 14:34:18.148622: 
2026-08-05 14:34:18.149000: Epoch 383
2026-08-05 14:34:18.149089: Current learning rate: 0.00648
2026-08-05 14:34:59.017237: train_loss -0.8319
2026-08-05 14:34:59.017602: val_loss -0.7799
2026-08-05 14:34:59.017744: Pseudo dice [np.float32(0.7177), np.float32(0.9058), np.float32(0.9363)]
2026-08-05 14:34:59.017845: Epoch time: 40.87 s
2026-08-05 14:34:59.935447: 
2026-08-05 14:34:59.935814: Epoch 384
2026-08-05 14:34:59.935980: Current learning rate: 0.00647
2026-08-05 14:35:40.545723: train_loss -0.8347
2026-08-05 14:35:40.546155: val_loss -0.7782
2026-08-05 14:35:40.546210: Pseudo dice [np.float32(0.7262), np.float32(0.9241), np.float32(0.9278)]
2026-08-05 14:35:40.546291: Epoch time: 40.61 s
2026-08-05 14:35:41.529277: 
2026-08-05 14:35:41.529612: Epoch 385
2026-08-05 14:35:41.529826: Current learning rate: 0.00646
2026-08-05 14:36:22.454341: train_loss -0.8169
2026-08-05 14:36:22.471409: val_loss -0.7674
2026-08-05 14:36:22.471565: Pseudo dice [np.float32(0.7049), np.float32(0.9092), np.float32(0.9335)]
2026-08-05 14:36:22.471803: Epoch time: 40.93 s
2026-08-05 14:36:23.404276: 
2026-08-05 14:36:23.404634: Epoch 386
2026-08-05 14:36:23.404744: Current learning rate: 0.00645
2026-08-05 14:37:04.381168: train_loss -0.8021
2026-08-05 14:37:04.381456: val_loss -0.7809
2026-08-05 14:37:04.381521: Pseudo dice [np.float32(0.7164), np.float32(0.9181), np.float32(0.939)]
2026-08-05 14:37:04.381581: Epoch time: 40.98 s
2026-08-05 14:37:05.180686: 
2026-08-05 14:37:05.181114: Epoch 387
2026-08-05 14:37:05.181354: Current learning rate: 0.00644
2026-08-05 14:37:46.224855: train_loss -0.7949
2026-08-05 14:37:46.225543: val_loss -0.7756
2026-08-05 14:37:46.225847: Pseudo dice [np.float32(0.7124), np.float32(0.9183), np.float32(0.933)]
2026-08-05 14:37:46.226024: Epoch time: 41.05 s
2026-08-05 14:37:47.178640: 
2026-08-05 14:37:47.178999: Epoch 388
2026-08-05 14:37:47.179134: Current learning rate: 0.00643
2026-08-05 14:38:27.671058: train_loss -0.7582
2026-08-05 14:38:27.671303: val_loss -0.763
2026-08-05 14:38:27.671373: Pseudo dice [np.float32(0.7002), np.float32(0.9101), np.float32(0.9272)]
2026-08-05 14:38:27.671451: Epoch time: 40.5 s
2026-08-05 14:38:30.019071: 
2026-08-05 14:38:30.019488: Epoch 389
2026-08-05 14:38:30.019610: Current learning rate: 0.00642
2026-08-05 14:39:10.381398: train_loss -0.7958
2026-08-05 14:39:10.381723: val_loss -0.7785
2026-08-05 14:39:10.381780: Pseudo dice [np.float32(0.7159), np.float32(0.9166), np.float32(0.935)]
2026-08-05 14:39:10.381850: Epoch time: 40.37 s
2026-08-05 14:39:11.376594: 
2026-08-05 14:39:11.376933: Epoch 390
2026-08-05 14:39:11.377057: Current learning rate: 0.00641
2026-08-05 14:39:51.924563: train_loss -0.803
2026-08-05 14:39:51.925216: val_loss -0.7638
2026-08-05 14:39:51.925281: Pseudo dice [np.float32(0.7013), np.float32(0.9062), np.float32(0.9238)]
2026-08-05 14:39:51.925346: Epoch time: 40.55 s
2026-08-05 14:39:53.022403: 
2026-08-05 14:39:53.022769: Epoch 391
2026-08-05 14:39:53.022915: Current learning rate: 0.0064
2026-08-05 14:40:35.239998: train_loss -0.8116
2026-08-05 14:40:35.240174: val_loss -0.788
2026-08-05 14:40:35.240228: Pseudo dice [np.float32(0.7169), np.float32(0.9172), np.float32(0.9358)]
2026-08-05 14:40:35.240289: Epoch time: 42.22 s
2026-08-05 14:40:36.374301: 
2026-08-05 14:40:36.374681: Epoch 392
2026-08-05 14:40:36.374788: Current learning rate: 0.00639
2026-08-05 14:41:17.312382: train_loss -0.8238
2026-08-05 14:41:17.312653: val_loss -0.7936
2026-08-05 14:41:17.312724: Pseudo dice [np.float32(0.725), np.float32(0.9166), np.float32(0.94)]
2026-08-05 14:41:17.312787: Epoch time: 40.94 s
2026-08-05 14:41:18.767676: 
2026-08-05 14:41:18.767963: Epoch 393
2026-08-05 14:41:18.768072: Current learning rate: 0.00638
2026-08-05 14:41:59.787059: train_loss -0.8314
2026-08-05 14:41:59.816087: val_loss -0.777
2026-08-05 14:41:59.816285: Pseudo dice [np.float32(0.7181), np.float32(0.9161), np.float32(0.9286)]
2026-08-05 14:41:59.816420: Epoch time: 41.02 s
2026-08-05 14:42:01.268244: 
2026-08-05 14:42:01.268522: Epoch 394
2026-08-05 14:42:01.268662: Current learning rate: 0.00637
2026-08-05 14:42:42.439540: train_loss -0.8355
2026-08-05 14:42:42.440052: val_loss -0.7817
2026-08-05 14:42:42.440181: Pseudo dice [np.float32(0.7212), np.float32(0.9218), np.float32(0.935)]
2026-08-05 14:42:42.440305: Epoch time: 41.17 s
2026-08-05 14:42:44.315663: 
2026-08-05 14:42:44.315958: Epoch 395
2026-08-05 14:42:44.316096: Current learning rate: 0.00636
2026-08-05 14:43:29.275795: train_loss -0.8359
2026-08-05 14:43:29.276685: val_loss -0.786
2026-08-05 14:43:29.276812: Pseudo dice [np.float32(0.7164), np.float32(0.9196), np.float32(0.9358)]
2026-08-05 14:43:29.276944: Epoch time: 44.96 s
2026-08-05 14:43:30.212925: 
2026-08-05 14:43:30.213279: Epoch 396
2026-08-05 14:43:30.213373: Current learning rate: 0.00635
2026-08-05 14:44:11.100725: train_loss -0.8379
2026-08-05 14:44:11.934883: val_loss -0.7852
2026-08-05 14:44:11.935137: Pseudo dice [np.float32(0.7294), np.float32(0.9147), np.float32(0.9347)]
2026-08-05 14:44:11.935278: Epoch time: 40.89 s
2026-08-05 14:44:12.793528: 
2026-08-05 14:44:12.793826: Epoch 397
2026-08-05 14:44:12.793990: Current learning rate: 0.00634
2026-08-05 14:44:53.494064: train_loss -0.8384
2026-08-05 14:44:53.695275: val_loss -0.7832
2026-08-05 14:44:53.695425: Pseudo dice [np.float32(0.7146), np.float32(0.9201), np.float32(0.9344)]
2026-08-05 14:44:53.695493: Epoch time: 40.7 s
2026-08-05 14:44:54.510050: 
2026-08-05 14:44:54.510367: Epoch 398
2026-08-05 14:44:54.510548: Current learning rate: 0.00633
2026-08-05 14:45:35.260293: train_loss -0.8392
2026-08-05 14:45:35.405854: val_loss -0.7942
2026-08-05 14:45:35.406171: Pseudo dice [np.float32(0.7288), np.float32(0.9209), np.float32(0.9365)]
2026-08-05 14:45:35.406304: Epoch time: 40.75 s
2026-08-05 14:45:36.858119: 
2026-08-05 14:45:36.858543: Epoch 399
2026-08-05 14:45:36.858718: Current learning rate: 0.00632
2026-08-05 14:46:17.598385: train_loss -0.8398
2026-08-05 14:46:17.841228: val_loss -0.7774
2026-08-05 14:46:17.841373: Pseudo dice [np.float32(0.7158), np.float32(0.912), np.float32(0.9352)]
2026-08-05 14:46:17.841443: Epoch time: 40.74 s
2026-08-05 14:46:42.342967: 
2026-08-05 14:46:42.343294: Epoch 400
2026-08-05 14:46:42.343415: Current learning rate: 0.00631
2026-08-05 14:47:23.238348: train_loss -0.8422
2026-08-05 14:47:23.238748: val_loss -0.7943
2026-08-05 14:47:23.238939: Pseudo dice [np.float32(0.7225), np.float32(0.9225), np.float32(0.9356)]
2026-08-05 14:47:23.239087: Epoch time: 40.9 s
2026-08-05 14:47:24.424584: 
2026-08-05 14:47:24.430464: Epoch 401
2026-08-05 14:47:24.430627: Current learning rate: 0.0063
2026-08-05 14:48:06.752169: train_loss -0.8482
2026-08-05 14:48:06.752359: val_loss -0.7791
2026-08-05 14:48:06.752415: Pseudo dice [np.float32(0.7201), np.float32(0.9137), np.float32(0.9346)]
2026-08-05 14:48:06.752582: Epoch time: 42.33 s
2026-08-05 14:48:07.833343: 
2026-08-05 14:48:07.833741: Epoch 402
2026-08-05 14:48:07.833846: Current learning rate: 0.0063
2026-08-05 14:48:48.760910: train_loss -0.8248
2026-08-05 14:48:48.761320: val_loss -0.7549
2026-08-05 14:48:48.761446: Pseudo dice [np.float32(0.6951), np.float32(0.8979), np.float32(0.9288)]
2026-08-05 14:48:48.761556: Epoch time: 40.93 s
2026-08-05 14:48:50.297034: 
2026-08-05 14:48:50.297426: Epoch 403
2026-08-05 14:48:50.297528: Current learning rate: 0.00629
2026-08-05 14:49:30.712147: train_loss -0.8148
2026-08-05 14:49:30.712430: val_loss -0.7438
2026-08-05 14:49:30.712515: Pseudo dice [np.float32(0.682), np.float32(0.8959), np.float32(0.9258)]
2026-08-05 14:49:30.712622: Epoch time: 40.42 s
2026-08-05 14:49:31.474912: 
2026-08-05 14:49:31.475302: Epoch 404
2026-08-05 14:49:31.475402: Current learning rate: 0.00628
2026-08-05 14:50:12.374840: train_loss -0.8221
2026-08-05 14:50:12.375359: val_loss -0.7948
2026-08-05 14:50:12.375471: Pseudo dice [np.float32(0.7327), np.float32(0.9252), np.float32(0.9331)]
2026-08-05 14:50:12.375579: Epoch time: 40.9 s
2026-08-05 14:50:13.631624: 
2026-08-05 14:50:13.631933: Epoch 405
2026-08-05 14:50:13.632034: Current learning rate: 0.00627
2026-08-05 14:50:54.463679: train_loss -0.8301
2026-08-05 14:50:54.463976: val_loss -0.7685
2026-08-05 14:50:54.464112: Pseudo dice [np.float32(0.7115), np.float32(0.9207), np.float32(0.9268)]
2026-08-05 14:50:54.464183: Epoch time: 40.83 s
2026-08-05 14:50:55.557050: 
2026-08-05 14:50:55.557470: Epoch 406
2026-08-05 14:50:55.557593: Current learning rate: 0.00626
2026-08-05 14:51:36.332500: train_loss -0.8416
2026-08-05 14:51:36.332784: val_loss -0.7836
2026-08-05 14:51:36.332837: Pseudo dice [np.float32(0.7219), np.float32(0.9174), np.float32(0.9389)]
2026-08-05 14:51:36.332906: Epoch time: 40.78 s
2026-08-05 14:51:37.109457: 
2026-08-05 14:51:37.109759: Epoch 407
2026-08-05 14:51:37.109867: Current learning rate: 0.00625
2026-08-05 14:52:17.991952: train_loss -0.845
2026-08-05 14:52:18.050175: val_loss -0.782
2026-08-05 14:52:18.050392: Pseudo dice [np.float32(0.7082), np.float32(0.9171), np.float32(0.9366)]
2026-08-05 14:52:18.050525: Epoch time: 40.89 s
2026-08-05 14:52:27.052974: 
2026-08-05 14:52:27.271801: Epoch 408
2026-08-05 14:52:27.272054: Current learning rate: 0.00624
2026-08-05 14:53:07.962613: train_loss -0.842
2026-08-05 14:53:07.963021: val_loss -0.7752
2026-08-05 14:53:07.963101: Pseudo dice [np.float32(0.7138), np.float32(0.9091), np.float32(0.9388)]
2026-08-05 14:53:07.963173: Epoch time: 40.91 s
2026-08-05 14:53:08.998017: 
2026-08-05 14:53:08.998482: Epoch 409
2026-08-05 14:53:08.998603: Current learning rate: 0.00623
2026-08-05 14:53:49.427805: train_loss -0.8436
2026-08-05 14:53:49.468363: val_loss -0.7833
2026-08-05 14:53:49.468474: Pseudo dice [np.float32(0.7237), np.float32(0.922), np.float32(0.9317)]
2026-08-05 14:53:49.468551: Epoch time: 40.43 s
2026-08-05 14:53:50.280327: 
2026-08-05 14:53:50.280676: Epoch 410
2026-08-05 14:53:50.280777: Current learning rate: 0.00622
2026-08-05 14:54:31.273303: train_loss -0.8452
2026-08-05 14:54:31.537251: val_loss -0.7825
2026-08-05 14:54:31.537437: Pseudo dice [np.float32(0.719), np.float32(0.9212), np.float32(0.9331)]
2026-08-05 14:54:31.537507: Epoch time: 41.0 s
2026-08-05 14:54:32.545787: 
2026-08-05 14:54:32.547111: Epoch 411
2026-08-05 14:54:32.547226: Current learning rate: 0.00621
2026-08-05 14:55:13.101504: train_loss -0.8341
2026-08-05 14:55:13.132447: val_loss -0.7853
2026-08-05 14:55:13.132675: Pseudo dice [np.float32(0.7164), np.float32(0.9203), np.float32(0.9369)]
2026-08-05 14:55:13.132769: Epoch time: 40.56 s
2026-08-05 14:55:14.089635: 
2026-08-05 14:55:14.090033: Epoch 412
2026-08-05 14:55:14.090142: Current learning rate: 0.0062
2026-08-05 14:55:55.183654: train_loss -0.8271
2026-08-05 14:55:55.403759: val_loss -0.7725
2026-08-05 14:55:55.404127: Pseudo dice [np.float32(0.7112), np.float32(0.9138), np.float32(0.9308)]
2026-08-05 14:55:55.404273: Epoch time: 41.1 s
2026-08-05 14:55:56.241555: 
2026-08-05 14:55:56.241930: Epoch 413
2026-08-05 14:55:56.242034: Current learning rate: 0.00619
2026-08-05 14:56:37.004133: train_loss -0.8291
2026-08-05 14:56:37.090553: val_loss -0.784
2026-08-05 14:56:37.090688: Pseudo dice [np.float32(0.7217), np.float32(0.9211), np.float32(0.9377)]
2026-08-05 14:56:37.090765: Epoch time: 40.77 s
2026-08-05 14:56:38.287812: 
2026-08-05 14:56:38.288339: Epoch 414
2026-08-05 14:56:38.288436: Current learning rate: 0.00618
2026-08-05 14:57:19.272008: train_loss -0.8386
2026-08-05 14:57:19.272708: val_loss -0.7818
2026-08-05 14:57:19.272817: Pseudo dice [np.float32(0.7196), np.float32(0.9118), np.float32(0.9374)]
2026-08-05 14:57:19.272927: Epoch time: 40.99 s
2026-08-05 14:57:23.297428: 
2026-08-05 14:57:23.298319: Epoch 415
2026-08-05 14:57:23.298425: Current learning rate: 0.00617
2026-08-05 14:58:04.365943: train_loss -0.8348
2026-08-05 14:58:04.369453: val_loss -0.7812
2026-08-05 14:58:04.369674: Pseudo dice [np.float32(0.721), np.float32(0.9094), np.float32(0.9276)]
2026-08-05 14:58:04.384250: Epoch time: 41.07 s
2026-08-05 14:58:05.295287: 
2026-08-05 14:58:05.295847: Epoch 416
2026-08-05 14:58:05.295969: Current learning rate: 0.00616
2026-08-05 14:58:46.394057: train_loss -0.8281
2026-08-05 14:58:46.394623: val_loss -0.7741
2026-08-05 14:58:46.394689: Pseudo dice [np.float32(0.7117), np.float32(0.9119), np.float32(0.9299)]
2026-08-05 14:58:46.394747: Epoch time: 41.1 s
2026-08-05 14:58:47.445744: 
2026-08-05 14:58:47.447745: Epoch 417
2026-08-05 14:58:47.447881: Current learning rate: 0.00615
2026-08-05 14:59:29.414723: train_loss -0.8322
2026-08-05 14:59:29.415874: val_loss -0.7833
2026-08-05 14:59:29.416055: Pseudo dice [np.float32(0.719), np.float32(0.9157), np.float32(0.9361)]
2026-08-05 14:59:29.416180: Epoch time: 41.97 s
2026-08-05 14:59:30.597992: 
2026-08-05 14:59:30.971106: Epoch 418
2026-08-05 14:59:30.971369: Current learning rate: 0.00614
2026-08-05 15:00:12.032002: train_loss -0.8433
2026-08-05 15:00:12.032546: val_loss -0.78
2026-08-05 15:00:12.032692: Pseudo dice [np.float32(0.7139), np.float32(0.9158), np.float32(0.9377)]
2026-08-05 15:00:12.032817: Epoch time: 41.44 s
2026-08-05 15:00:13.654513: 
2026-08-05 15:00:13.654912: Epoch 419
2026-08-05 15:00:13.655025: Current learning rate: 0.00613
2026-08-05 15:01:06.577415: train_loss -0.8406
2026-08-05 15:01:06.684752: val_loss -0.7765
2026-08-05 15:01:06.685009: Pseudo dice [np.float32(0.7155), np.float32(0.914), np.float32(0.9351)]
2026-08-05 15:01:06.685212: Epoch time: 52.93 s
2026-08-05 15:01:08.117076: 
2026-08-05 15:01:08.117406: Epoch 420
2026-08-05 15:01:08.117545: Current learning rate: 0.00612
2026-08-05 15:01:48.961522: train_loss -0.8464
2026-08-05 15:01:48.961744: val_loss -0.7864
2026-08-05 15:01:48.961799: Pseudo dice [np.float32(0.7262), np.float32(0.9121), np.float32(0.9372)]
2026-08-05 15:01:48.961857: Epoch time: 40.85 s
2026-08-05 15:01:49.806842: 
2026-08-05 15:01:49.807233: Epoch 421
2026-08-05 15:01:49.807342: Current learning rate: 0.00612
2026-08-05 15:02:30.936994: train_loss -0.8492
2026-08-05 15:02:30.937202: val_loss -0.7819
2026-08-05 15:02:30.937257: Pseudo dice [np.float32(0.713), np.float32(0.9181), np.float32(0.9365)]
2026-08-05 15:02:30.937315: Epoch time: 41.13 s
2026-08-05 15:02:32.739667: 
2026-08-05 15:02:32.739955: Epoch 422
2026-08-05 15:02:32.740048: Current learning rate: 0.00611
2026-08-05 15:03:16.884611: train_loss -0.8501
2026-08-05 15:03:16.893568: val_loss -0.7883
2026-08-05 15:03:16.893651: Pseudo dice [np.float32(0.7167), np.float32(0.9186), np.float32(0.9337)]
2026-08-05 15:03:16.893714: Epoch time: 44.15 s
2026-08-05 15:03:17.686141: 
2026-08-05 15:03:17.686413: Epoch 423
2026-08-05 15:03:17.686810: Current learning rate: 0.0061
2026-08-05 15:04:00.604687: train_loss -0.8515
2026-08-05 15:04:00.605245: val_loss -0.7827
2026-08-05 15:04:00.605305: Pseudo dice [np.float32(0.7216), np.float32(0.9203), np.float32(0.933)]
2026-08-05 15:04:00.605366: Epoch time: 42.92 s
2026-08-05 15:04:02.040176: 
2026-08-05 15:04:02.040465: Epoch 424
2026-08-05 15:04:02.040601: Current learning rate: 0.00609
2026-08-05 15:04:42.977241: train_loss -0.8408
2026-08-05 15:04:42.977451: val_loss -0.7851
2026-08-05 15:04:42.977546: Pseudo dice [np.float32(0.7144), np.float32(0.9162), np.float32(0.9329)]
2026-08-05 15:04:42.977635: Epoch time: 40.94 s
2026-08-05 15:04:43.787643: 
2026-08-05 15:04:43.787854: Epoch 425
2026-08-05 15:04:43.788039: Current learning rate: 0.00608
2026-08-05 15:05:24.684673: train_loss -0.8418
2026-08-05 15:05:24.684887: val_loss -0.7738
2026-08-05 15:05:24.684963: Pseudo dice [np.float32(0.7152), np.float32(0.9188), np.float32(0.9346)]
2026-08-05 15:05:24.685034: Epoch time: 40.9 s
2026-08-05 15:05:25.691571: 
2026-08-05 15:05:25.692057: Epoch 426
2026-08-05 15:05:25.692267: Current learning rate: 0.00607
2026-08-05 15:06:06.188867: train_loss -0.8491
2026-08-05 15:06:06.189284: val_loss -0.7986
2026-08-05 15:06:06.189422: Pseudo dice [np.float32(0.7334), np.float32(0.9247), np.float32(0.9425)]
2026-08-05 15:06:06.189603: Epoch time: 40.5 s
2026-08-05 15:06:07.127986: 
2026-08-05 15:06:07.128351: Epoch 427
2026-08-05 15:06:07.128464: Current learning rate: 0.00606
2026-08-05 15:06:47.821038: train_loss -0.8527
2026-08-05 15:06:47.822513: val_loss -0.7913
2026-08-05 15:06:47.822685: Pseudo dice [np.float32(0.7209), np.float32(0.925), np.float32(0.936)]
2026-08-05 15:06:47.822826: Epoch time: 40.7 s
2026-08-05 15:06:48.830827: 
2026-08-05 15:06:48.831281: Epoch 428
2026-08-05 15:06:48.831504: Current learning rate: 0.00605
2026-08-05 15:07:29.898656: train_loss -0.8531
2026-08-05 15:07:29.936941: val_loss -0.793
2026-08-05 15:07:29.937114: Pseudo dice [np.float32(0.7294), np.float32(0.9184), np.float32(0.9383)]
2026-08-05 15:07:29.937182: Epoch time: 41.07 s
2026-08-05 15:07:31.002451: 
2026-08-05 15:07:31.652530: Epoch 429
2026-08-05 15:07:31.652771: Current learning rate: 0.00604
2026-08-05 15:08:13.877479: train_loss -0.8551
2026-08-05 15:08:13.878482: val_loss -0.7863
2026-08-05 15:08:13.878548: Pseudo dice [np.float32(0.7204), np.float32(0.9195), np.float32(0.939)]
2026-08-05 15:08:13.878619: Epoch time: 42.88 s
2026-08-05 15:08:14.832963: 
2026-08-05 15:08:14.833316: Epoch 430
2026-08-05 15:08:14.833438: Current learning rate: 0.00603
2026-08-05 15:08:55.459831: train_loss -0.853
2026-08-05 15:08:55.460050: val_loss -0.7773
2026-08-05 15:08:55.460106: Pseudo dice [np.float32(0.7138), np.float32(0.9157), np.float32(0.9356)]
2026-08-05 15:08:55.460171: Epoch time: 40.63 s
2026-08-05 15:08:56.398711: 
2026-08-05 15:08:56.399165: Epoch 431
2026-08-05 15:08:56.399298: Current learning rate: 0.00602
2026-08-05 15:09:37.433415: train_loss -0.8498
2026-08-05 15:09:37.434262: val_loss -0.7827
2026-08-05 15:09:37.434340: Pseudo dice [np.float32(0.7235), np.float32(0.9215), np.float32(0.9354)]
2026-08-05 15:09:37.434404: Epoch time: 41.04 s
2026-08-05 15:09:38.373131: 
2026-08-05 15:09:38.373405: Epoch 432
2026-08-05 15:09:38.373530: Current learning rate: 0.00601
2026-08-05 15:10:18.802194: train_loss -0.8431
2026-08-05 15:10:18.803159: val_loss -0.7863
2026-08-05 15:10:18.803227: Pseudo dice [np.float32(0.7201), np.float32(0.919), np.float32(0.9386)]
2026-08-05 15:10:18.803281: Epoch time: 40.43 s
2026-08-05 15:10:19.577134: 
2026-08-05 15:10:19.577450: Epoch 433
2026-08-05 15:10:19.577581: Current learning rate: 0.006
2026-08-05 15:10:59.772247: train_loss -0.8521
2026-08-05 15:10:59.772445: val_loss -0.7757
2026-08-05 15:10:59.772498: Pseudo dice [np.float32(0.7224), np.float32(0.9234), np.float32(0.9306)]
2026-08-05 15:10:59.772556: Epoch time: 40.2 s
2026-08-05 15:11:00.783813: 
2026-08-05 15:11:00.784106: Epoch 434
2026-08-05 15:11:00.784245: Current learning rate: 0.00599
2026-08-05 15:11:41.249746: train_loss -0.853
2026-08-05 15:11:41.249938: val_loss -0.7853
2026-08-05 15:11:41.249991: Pseudo dice [np.float32(0.7204), np.float32(0.9236), np.float32(0.9391)]
2026-08-05 15:11:41.250045: Epoch time: 40.47 s
2026-08-05 15:11:42.047668: 
2026-08-05 15:11:42.047896: Epoch 435
2026-08-05 15:11:42.048005: Current learning rate: 0.00598
2026-08-05 15:12:22.632973: train_loss -0.8542
2026-08-05 15:12:22.633420: val_loss -0.7873
2026-08-05 15:12:22.633481: Pseudo dice [np.float32(0.7211), np.float32(0.9231), np.float32(0.9326)]
2026-08-05 15:12:22.633582: Epoch time: 40.59 s
2026-08-05 15:12:25.099715: 
2026-08-05 15:12:25.100060: Epoch 436
2026-08-05 15:12:25.100169: Current learning rate: 0.00597
2026-08-05 15:13:06.043023: train_loss -0.8569
2026-08-05 15:13:06.043277: val_loss -0.7764
2026-08-05 15:13:06.043338: Pseudo dice [np.float32(0.7179), np.float32(0.9212), np.float32(0.9317)]
2026-08-05 15:13:06.043401: Epoch time: 40.95 s
2026-08-05 15:13:07.074919: 
2026-08-05 15:13:07.075354: Epoch 437
2026-08-05 15:13:07.075480: Current learning rate: 0.00596
2026-08-05 15:13:47.455500: train_loss -0.8536
2026-08-05 15:13:47.455837: val_loss -0.7824
2026-08-05 15:13:47.455980: Pseudo dice [np.float32(0.7188), np.float32(0.9198), np.float32(0.9347)]
2026-08-05 15:13:47.456101: Epoch time: 40.38 s
2026-08-05 15:13:48.490964: 
2026-08-05 15:13:48.491295: Epoch 438
2026-08-05 15:13:48.496969: Current learning rate: 0.00595
2026-08-05 15:14:29.001705: train_loss -0.8542
2026-08-05 15:14:29.131827: val_loss -0.7838
2026-08-05 15:14:29.131982: Pseudo dice [np.float32(0.7189), np.float32(0.9228), np.float32(0.932)]
2026-08-05 15:14:29.132055: Epoch time: 40.51 s
2026-08-05 15:14:30.088249: 
2026-08-05 15:14:30.088624: Epoch 439
2026-08-05 15:14:30.088753: Current learning rate: 0.00594
2026-08-05 15:15:10.800072: train_loss -0.8526
2026-08-05 15:15:10.800486: val_loss -0.7793
2026-08-05 15:15:10.800550: Pseudo dice [np.float32(0.7216), np.float32(0.9207), np.float32(0.9314)]
2026-08-05 15:15:10.800605: Epoch time: 40.72 s
2026-08-05 15:15:11.606053: 
2026-08-05 15:15:11.606480: Epoch 440
2026-08-05 15:15:11.606574: Current learning rate: 0.00593
2026-08-05 15:15:52.464052: train_loss -0.8593
2026-08-05 15:15:52.464771: val_loss -0.7789
2026-08-05 15:15:52.464938: Pseudo dice [np.float32(0.7143), np.float32(0.9145), np.float32(0.937)]
2026-08-05 15:15:52.465072: Epoch time: 40.86 s
2026-08-05 15:15:53.343492: 
2026-08-05 15:15:53.343859: Epoch 441
2026-08-05 15:15:53.344086: Current learning rate: 0.00592
2026-08-05 15:16:34.345390: train_loss -0.8584
2026-08-05 15:16:34.681525: val_loss -0.7992
2026-08-05 15:16:34.681659: Pseudo dice [np.float32(0.7344), np.float32(0.9253), np.float32(0.9459)]
2026-08-05 15:16:34.681733: Epoch time: 41.0 s
2026-08-05 15:16:34.681913: Yayy! New best EMA pseudo Dice: 0.8589000105857849
2026-08-05 15:16:42.021191: 
2026-08-05 15:16:42.021653: Epoch 442
2026-08-05 15:16:42.021757: Current learning rate: 0.00592
2026-08-05 15:17:22.846062: train_loss -0.8559
2026-08-05 15:17:22.846452: val_loss -0.7795
2026-08-05 15:17:22.846509: Pseudo dice [np.float32(0.7254), np.float32(0.9158), np.float32(0.9324)]
2026-08-05 15:17:22.846564: Epoch time: 40.83 s
2026-08-05 15:17:24.565976: 
2026-08-05 15:17:24.566429: Epoch 443
2026-08-05 15:17:24.566529: Current learning rate: 0.00591
2026-08-05 15:18:05.732079: train_loss -0.8568
2026-08-05 15:18:06.184246: val_loss -0.7661
2026-08-05 15:18:06.184460: Pseudo dice [np.float32(0.7088), np.float32(0.916), np.float32(0.924)]
2026-08-05 15:18:06.184584: Epoch time: 41.17 s
2026-08-05 15:18:07.220349: 
2026-08-05 15:18:07.220651: Epoch 444
2026-08-05 15:18:07.220739: Current learning rate: 0.0059
2026-08-05 15:18:48.006907: train_loss -0.8587
2026-08-05 15:18:48.819938: val_loss -0.7856
2026-08-05 15:18:48.820148: Pseudo dice [np.float32(0.7248), np.float32(0.9198), np.float32(0.9382)]
2026-08-05 15:18:48.820266: Epoch time: 40.79 s
2026-08-05 15:18:49.619592: 
2026-08-05 15:18:49.619883: Epoch 445
2026-08-05 15:18:49.620030: Current learning rate: 0.00589
2026-08-05 15:19:30.563035: train_loss -0.8609
2026-08-05 15:19:30.563545: val_loss -0.7939
2026-08-05 15:19:30.563694: Pseudo dice [np.float32(0.7338), np.float32(0.9253), np.float32(0.9387)]
2026-08-05 15:19:30.563861: Epoch time: 40.95 s
2026-08-05 15:19:30.564017: Yayy! New best EMA pseudo Dice: 0.859000027179718
2026-08-05 15:19:36.341963: 
2026-08-05 15:19:36.342276: Epoch 446
2026-08-05 15:19:36.342411: Current learning rate: 0.00588
2026-08-05 15:20:16.562477: train_loss -0.8596
2026-08-05 15:20:16.562870: val_loss -0.7868
2026-08-05 15:20:16.562948: Pseudo dice [np.float32(0.727), np.float32(0.9193), np.float32(0.9369)]
2026-08-05 15:20:16.563004: Epoch time: 40.22 s
2026-08-05 15:20:16.563043: Yayy! New best EMA pseudo Dice: 0.8592000007629395
2026-08-05 15:20:21.929214: 
2026-08-05 15:20:21.929569: Epoch 447
2026-08-05 15:20:21.929725: Current learning rate: 0.00587
2026-08-05 15:21:03.087824: train_loss -0.8603
2026-08-05 15:21:03.088228: val_loss -0.7888
2026-08-05 15:21:03.088287: Pseudo dice [np.float32(0.7226), np.float32(0.923), np.float32(0.9374)]
2026-08-05 15:21:03.088344: Epoch time: 41.16 s
2026-08-05 15:21:03.088382: Yayy! New best EMA pseudo Dice: 0.8593999743461609
2026-08-05 15:21:08.982095: 
2026-08-05 15:21:08.985846: Epoch 448
2026-08-05 15:21:08.985982: Current learning rate: 0.00586
2026-08-05 15:21:49.899785: train_loss -0.8611
2026-08-05 15:21:49.926998: val_loss -0.7779
2026-08-05 15:21:49.927135: Pseudo dice [np.float32(0.7142), np.float32(0.9171), np.float32(0.9352)]
2026-08-05 15:21:49.927295: Epoch time: 40.92 s
2026-08-05 15:21:51.214774: 
2026-08-05 15:21:51.215034: Epoch 449
2026-08-05 15:21:51.215139: Current learning rate: 0.00585
2026-08-05 15:22:33.080611: train_loss -0.8646
2026-08-05 15:22:33.083456: val_loss -0.7838
2026-08-05 15:22:33.083656: Pseudo dice [np.float32(0.7165), np.float32(0.9152), np.float32(0.9339)]
2026-08-05 15:22:33.083777: Epoch time: 41.87 s
2026-08-05 15:22:39.481664: 
2026-08-05 15:22:39.481940: Epoch 450
2026-08-05 15:22:39.482100: Current learning rate: 0.00584
2026-08-05 15:23:20.054410: train_loss -0.8592
2026-08-05 15:23:20.106251: val_loss -0.7775
2026-08-05 15:23:20.106483: Pseudo dice [np.float32(0.7077), np.float32(0.913), np.float32(0.9371)]
2026-08-05 15:23:20.106644: Epoch time: 40.58 s
2026-08-05 15:23:21.340335: 
2026-08-05 15:23:21.340600: Epoch 451
2026-08-05 15:23:21.340770: Current learning rate: 0.00583
2026-08-05 15:24:02.045571: train_loss -0.8583
2026-08-05 15:24:02.045923: val_loss -0.7882
2026-08-05 15:24:02.046101: Pseudo dice [np.float32(0.7289), np.float32(0.9221), np.float32(0.9342)]
2026-08-05 15:24:02.046247: Epoch time: 40.71 s
2026-08-05 15:24:03.055582: 
2026-08-05 15:24:03.055955: Epoch 452
2026-08-05 15:24:03.056063: Current learning rate: 0.00582
2026-08-05 15:24:43.666132: train_loss -0.8626
2026-08-05 15:24:43.666679: val_loss -0.7815
2026-08-05 15:24:43.666808: Pseudo dice [np.float32(0.7202), np.float32(0.9251), np.float32(0.9271)]
2026-08-05 15:24:43.666937: Epoch time: 40.61 s
2026-08-05 15:24:44.831467: 
2026-08-05 15:24:44.831851: Epoch 453
2026-08-05 15:24:44.831964: Current learning rate: 0.00581
2026-08-05 15:25:25.375030: train_loss -0.8645
2026-08-05 15:25:25.375942: val_loss -0.779
2026-08-05 15:25:25.376009: Pseudo dice [np.float32(0.7204), np.float32(0.9191), np.float32(0.9326)]
2026-08-05 15:25:25.376066: Epoch time: 40.55 s
2026-08-05 15:25:26.141732: 
2026-08-05 15:25:26.142081: Epoch 454
2026-08-05 15:25:26.142172: Current learning rate: 0.0058
2026-08-05 15:26:06.807593: train_loss -0.8518
2026-08-05 15:26:06.808135: val_loss -0.7692
2026-08-05 15:26:06.808199: Pseudo dice [np.float32(0.7113), np.float32(0.9133), np.float32(0.9333)]
2026-08-05 15:26:06.808263: Epoch time: 40.67 s
2026-08-05 15:26:08.005603: 
2026-08-05 15:26:08.005964: Epoch 455
2026-08-05 15:26:08.006092: Current learning rate: 0.00579
2026-08-05 15:26:48.565081: train_loss -0.8402
2026-08-05 15:26:48.565461: val_loss -0.787
2026-08-05 15:26:48.565520: Pseudo dice [np.float32(0.7268), np.float32(0.9285), np.float32(0.9319)]
2026-08-05 15:26:48.565575: Epoch time: 40.56 s
2026-08-05 15:26:50.540831: 
2026-08-05 15:26:50.541229: Epoch 456
2026-08-05 15:26:50.541364: Current learning rate: 0.00578
2026-08-05 15:27:31.540392: train_loss -0.8277
2026-08-05 15:27:31.541033: val_loss -0.7792
2026-08-05 15:27:31.541268: Pseudo dice [np.float32(0.7183), np.float32(0.9119), np.float32(0.9363)]
2026-08-05 15:27:31.541454: Epoch time: 41.0 s
2026-08-05 15:27:32.429511: 
2026-08-05 15:27:32.429818: Epoch 457
2026-08-05 15:27:32.429949: Current learning rate: 0.00577
2026-08-05 15:28:12.719476: train_loss -0.8423
2026-08-05 15:28:12.977459: val_loss -0.7738
2026-08-05 15:28:12.977844: Pseudo dice [np.float32(0.7072), np.float32(0.9145), np.float32(0.9311)]
2026-08-05 15:28:12.977993: Epoch time: 40.29 s
2026-08-05 15:28:14.007060: 
2026-08-05 15:28:14.007521: Epoch 458
2026-08-05 15:28:14.007651: Current learning rate: 0.00576
2026-08-05 15:28:54.157066: train_loss -0.8503
2026-08-05 15:28:54.158186: val_loss -0.7832
2026-08-05 15:28:54.158258: Pseudo dice [np.float32(0.7171), np.float32(0.9191), np.float32(0.9338)]
2026-08-05 15:28:54.158331: Epoch time: 40.15 s
2026-08-05 15:28:55.268071: 
2026-08-05 15:28:55.268499: Epoch 459
2026-08-05 15:28:55.268616: Current learning rate: 0.00575
2026-08-05 15:29:35.976401: train_loss -0.8508
2026-08-05 15:29:35.976992: val_loss -0.7884
2026-08-05 15:29:35.993434: Pseudo dice [np.float32(0.721), np.float32(0.9228), np.float32(0.9387)]
2026-08-05 15:29:35.993598: Epoch time: 40.71 s
2026-08-05 15:29:37.409471: 
2026-08-05 15:29:37.409791: Epoch 460
2026-08-05 15:29:37.409908: Current learning rate: 0.00574
2026-08-05 15:30:18.452780: train_loss -0.8593
2026-08-05 15:30:18.453335: val_loss -0.7842
2026-08-05 15:30:18.453581: Pseudo dice [np.float32(0.7309), np.float32(0.9212), np.float32(0.9359)]
2026-08-05 15:30:18.453701: Epoch time: 41.05 s
2026-08-05 15:30:19.845039: 
2026-08-05 15:30:19.845344: Epoch 461
2026-08-05 15:30:19.845507: Current learning rate: 0.00573
2026-08-05 15:31:00.576635: train_loss -0.8211
2026-08-05 15:31:00.584474: val_loss -0.763
2026-08-05 15:31:00.584619: Pseudo dice [np.float32(0.6909), np.float32(0.9065), np.float32(0.9339)]
2026-08-05 15:31:00.584737: Epoch time: 40.73 s
2026-08-05 15:31:01.408447: 
2026-08-05 15:31:01.408815: Epoch 462
2026-08-05 15:31:01.409006: Current learning rate: 0.00572
2026-08-05 15:31:42.405837: train_loss -0.7509
2026-08-05 15:31:42.406417: val_loss -0.745
2026-08-05 15:31:42.406565: Pseudo dice [np.float32(0.6958), np.float32(0.8806), np.float32(0.9227)]
2026-08-05 15:31:42.406687: Epoch time: 41.0 s
2026-08-05 15:31:44.826704: 
2026-08-05 15:31:44.827112: Epoch 463
2026-08-05 15:31:44.827212: Current learning rate: 0.00571
2026-08-05 15:32:25.529639: train_loss -0.7604
2026-08-05 15:32:25.530046: val_loss -0.728
2026-08-05 15:32:25.530113: Pseudo dice [np.float32(0.6871), np.float32(0.8855), np.float32(0.9192)]
2026-08-05 15:32:25.530172: Epoch time: 40.71 s
2026-08-05 15:32:26.303221: 
2026-08-05 15:32:26.303566: Epoch 464
2026-08-05 15:32:26.303725: Current learning rate: 0.0057
2026-08-05 15:33:07.116498: train_loss -0.7879
2026-08-05 15:33:07.116869: val_loss -0.783
2026-08-05 15:33:07.117015: Pseudo dice [np.float32(0.7215), np.float32(0.914), np.float32(0.9316)]
2026-08-05 15:33:07.117131: Epoch time: 40.82 s
2026-08-05 15:33:08.209530: 
2026-08-05 15:33:08.209877: Epoch 465
2026-08-05 15:33:08.210129: Current learning rate: 0.0057
2026-08-05 15:33:49.007933: train_loss -0.7903
2026-08-05 15:33:49.008416: val_loss -0.7215
2026-08-05 15:33:49.008541: Pseudo dice [np.float32(0.6833), np.float32(0.91), np.float32(0.9012)]
2026-08-05 15:33:49.008657: Epoch time: 40.8 s
2026-08-05 15:33:49.946690: 
2026-08-05 15:33:49.946923: Epoch 466
2026-08-05 15:33:49.947132: Current learning rate: 0.00569
2026-08-05 15:34:30.756953: train_loss -0.7657
2026-08-05 15:34:30.757210: val_loss -0.752
2026-08-05 15:34:30.757328: Pseudo dice [np.float32(0.6954), np.float32(0.8995), np.float32(0.9204)]
2026-08-05 15:34:30.757488: Epoch time: 40.81 s
2026-08-05 15:34:31.616620: 
2026-08-05 15:34:31.617020: Epoch 467
2026-08-05 15:34:31.617249: Current learning rate: 0.00568
2026-08-05 15:35:12.246328: train_loss -0.7934
2026-08-05 15:35:12.246604: val_loss -0.7608
2026-08-05 15:35:12.246964: Pseudo dice [np.float32(0.7054), np.float32(0.9139), np.float32(0.9232)]
2026-08-05 15:35:12.247092: Epoch time: 40.63 s
2026-08-05 15:35:14.223454: 
2026-08-05 15:35:14.223770: Epoch 468
2026-08-05 15:35:14.224066: Current learning rate: 0.00567
2026-08-05 15:35:54.888667: train_loss -0.8251
2026-08-05 15:35:54.888913: val_loss -0.7974
2026-08-05 15:35:54.888968: Pseudo dice [np.float32(0.7179), np.float32(0.9204), np.float32(0.9386)]
2026-08-05 15:35:54.889023: Epoch time: 40.67 s
2026-08-05 15:35:55.956763: 
2026-08-05 15:35:55.957191: Epoch 469
2026-08-05 15:35:55.957319: Current learning rate: 0.00566
2026-08-05 15:36:36.876000: train_loss -0.805
2026-08-05 15:36:36.876297: val_loss -0.7724
2026-08-05 15:36:36.876419: Pseudo dice [np.float32(0.7129), np.float32(0.9139), np.float32(0.9285)]
2026-08-05 15:36:36.876643: Epoch time: 40.92 s
2026-08-05 15:36:38.467002: 
2026-08-05 15:36:38.467343: Epoch 470
2026-08-05 15:36:38.467446: Current learning rate: 0.00565
2026-08-05 15:37:21.283783: train_loss -0.7971
2026-08-05 15:37:21.284075: val_loss -0.7591
2026-08-05 15:37:21.284221: Pseudo dice [np.float32(0.6966), np.float32(0.9104), np.float32(0.9229)]
2026-08-05 15:37:21.284357: Epoch time: 42.82 s
2026-08-05 15:37:22.166348: 
2026-08-05 15:37:22.166657: Epoch 471
2026-08-05 15:37:22.166880: Current learning rate: 0.00564
2026-08-05 15:38:02.886625: train_loss -0.7733
2026-08-05 15:38:02.886944: val_loss -0.7469
2026-08-05 15:38:02.887021: Pseudo dice [np.float32(0.6912), np.float32(0.9012), np.float32(0.9166)]
2026-08-05 15:38:02.887095: Epoch time: 40.72 s
2026-08-05 15:38:03.705795: 
2026-08-05 15:38:03.706159: Epoch 472
2026-08-05 15:38:03.706269: Current learning rate: 0.00563
2026-08-05 15:38:44.445461: train_loss -0.7898
2026-08-05 15:38:44.492076: val_loss -0.7601
2026-08-05 15:38:44.492294: Pseudo dice [np.float32(0.6924), np.float32(0.9116), np.float32(0.9275)]
2026-08-05 15:38:44.492429: Epoch time: 40.74 s
2026-08-05 15:38:45.234962: 
2026-08-05 15:38:45.235172: Epoch 473
2026-08-05 15:38:45.235414: Current learning rate: 0.00562
2026-08-05 15:39:26.046234: train_loss -0.7967
2026-08-05 15:39:26.094611: val_loss -0.7818
2026-08-05 15:39:26.094781: Pseudo dice [np.float32(0.7167), np.float32(0.9194), np.float32(0.9335)]
2026-08-05 15:39:26.094923: Epoch time: 40.81 s
2026-08-05 15:39:26.953134: 
2026-08-05 15:39:26.953487: Epoch 474
2026-08-05 15:39:26.953584: Current learning rate: 0.00561
2026-08-05 15:40:07.717860: train_loss -0.8148
2026-08-05 15:40:07.718500: val_loss -0.7869
2026-08-05 15:40:07.718622: Pseudo dice [np.float32(0.7187), np.float32(0.9206), np.float32(0.9349)]
2026-08-05 15:40:07.718717: Epoch time: 40.77 s
2026-08-05 15:40:08.502094: 
2026-08-05 15:40:08.502354: Epoch 475
2026-08-05 15:40:08.502490: Current learning rate: 0.0056
2026-08-05 15:40:49.488388: train_loss -0.8292
2026-08-05 15:40:49.549758: val_loss -0.7775
2026-08-05 15:40:49.549967: Pseudo dice [np.float32(0.7164), np.float32(0.9184), np.float32(0.9327)]
2026-08-05 15:40:49.550101: Epoch time: 40.99 s
2026-08-05 15:40:50.562427: 
2026-08-05 15:40:50.562739: Epoch 476
2026-08-05 15:40:50.562845: Current learning rate: 0.00559
2026-08-05 15:41:31.247231: train_loss -0.8391
2026-08-05 15:41:31.247661: val_loss -0.7822
2026-08-05 15:41:31.247824: Pseudo dice [np.float32(0.718), np.float32(0.9134), np.float32(0.9369)]
2026-08-05 15:41:31.247954: Epoch time: 40.69 s
2026-08-05 15:41:32.020005: 
2026-08-05 15:41:32.020241: Epoch 477
2026-08-05 15:41:32.020425: Current learning rate: 0.00558
2026-08-05 15:42:13.150182: train_loss -0.8351
2026-08-05 15:42:13.150463: val_loss -0.7664
2026-08-05 15:42:13.150565: Pseudo dice [np.float32(0.706), np.float32(0.9137), np.float32(0.9222)]
2026-08-05 15:42:13.150659: Epoch time: 41.13 s
2026-08-05 15:42:13.979455: 
2026-08-05 15:42:13.979842: Epoch 478
2026-08-05 15:42:13.980062: Current learning rate: 0.00557
2026-08-05 15:42:54.641393: train_loss -0.8425
2026-08-05 15:42:54.641749: val_loss -0.7838
2026-08-05 15:42:54.641911: Pseudo dice [np.float32(0.7133), np.float32(0.9189), np.float32(0.9344)]
2026-08-05 15:42:54.642037: Epoch time: 40.67 s
2026-08-05 15:42:55.444324: 
2026-08-05 15:42:55.444567: Epoch 479
2026-08-05 15:42:55.444669: Current learning rate: 0.00556
2026-08-05 15:43:36.103583: train_loss -0.8498
2026-08-05 15:43:36.103805: val_loss -0.7877
2026-08-05 15:43:36.103864: Pseudo dice [np.float32(0.7187), np.float32(0.9209), np.float32(0.9338)]
2026-08-05 15:43:36.103929: Epoch time: 40.66 s
2026-08-05 15:43:36.900304: 
2026-08-05 15:43:36.900593: Epoch 480
2026-08-05 15:43:36.900700: Current learning rate: 0.00555
2026-08-05 15:44:17.535292: train_loss -0.8496
2026-08-05 15:44:17.535628: val_loss -0.7914
2026-08-05 15:44:17.535687: Pseudo dice [np.float32(0.7249), np.float32(0.9213), np.float32(0.9369)]
2026-08-05 15:44:17.535744: Epoch time: 40.64 s
2026-08-05 15:44:18.295500: 
2026-08-05 15:44:18.295767: Epoch 481
2026-08-05 15:44:18.295872: Current learning rate: 0.00554
2026-08-05 15:44:59.024818: train_loss -0.8523
2026-08-05 15:44:59.026279: val_loss -0.7876
2026-08-05 15:44:59.026734: Pseudo dice [np.float32(0.721), np.float32(0.9217), np.float32(0.9353)]
2026-08-05 15:44:59.026863: Epoch time: 40.73 s
2026-08-05 15:44:59.884333: 
2026-08-05 15:44:59.884741: Epoch 482
2026-08-05 15:44:59.884851: Current learning rate: 0.00553
2026-08-05 15:45:40.752468: train_loss -0.8529
2026-08-05 15:45:40.752996: val_loss -0.7876
2026-08-05 15:45:40.753091: Pseudo dice [np.float32(0.7313), np.float32(0.9194), np.float32(0.9323)]
2026-08-05 15:45:40.753179: Epoch time: 40.87 s
2026-08-05 15:45:41.998127: 
2026-08-05 15:45:41.998523: Epoch 483
2026-08-05 15:45:41.998678: Current learning rate: 0.00552
2026-08-05 15:46:22.940908: train_loss -0.8519
2026-08-05 15:46:22.941370: val_loss -0.7972
2026-08-05 15:46:22.941514: Pseudo dice [np.float32(0.7236), np.float32(0.9276), np.float32(0.941)]
2026-08-05 15:46:22.941628: Epoch time: 40.95 s
2026-08-05 15:46:23.845413: 
2026-08-05 15:46:23.845775: Epoch 484
2026-08-05 15:46:23.845886: Current learning rate: 0.00551
2026-08-05 15:47:04.812598: train_loss -0.855
2026-08-05 15:47:04.812813: val_loss -0.7806
2026-08-05 15:47:04.812871: Pseudo dice [np.float32(0.723), np.float32(0.9149), np.float32(0.9366)]
2026-08-05 15:47:04.812945: Epoch time: 40.97 s
2026-08-05 15:47:05.747997: 
2026-08-05 15:47:05.748362: Epoch 485
2026-08-05 15:47:05.748490: Current learning rate: 0.0055
2026-08-05 15:47:46.501880: train_loss -0.8536
2026-08-05 15:47:46.502212: val_loss -0.7869
2026-08-05 15:47:46.502340: Pseudo dice [np.float32(0.7211), np.float32(0.9225), np.float32(0.9387)]
2026-08-05 15:47:46.502434: Epoch time: 40.76 s
2026-08-05 15:47:47.369200: 
2026-08-05 15:47:47.369556: Epoch 486
2026-08-05 15:47:47.369698: Current learning rate: 0.00549
2026-08-05 15:48:29.509483: train_loss -0.8632
2026-08-05 15:48:29.510060: val_loss -0.7809
2026-08-05 15:48:29.510376: Pseudo dice [np.float32(0.7182), np.float32(0.9199), np.float32(0.9353)]
2026-08-05 15:48:29.510524: Epoch time: 42.14 s
2026-08-05 15:48:30.645808: 
2026-08-05 15:48:30.646354: Epoch 487
2026-08-05 15:48:30.646478: Current learning rate: 0.00548
2026-08-05 15:49:11.596453: train_loss -0.8589
2026-08-05 15:49:11.596648: val_loss -0.7874
2026-08-05 15:49:11.596703: Pseudo dice [np.float32(0.7167), np.float32(0.92), np.float32(0.9379)]
2026-08-05 15:49:11.596767: Epoch time: 40.95 s
2026-08-05 15:49:12.391060: 
2026-08-05 15:49:12.391425: Epoch 488
2026-08-05 15:49:12.391542: Current learning rate: 0.00547
2026-08-05 15:49:53.475918: train_loss -0.8544
2026-08-05 15:49:53.476165: val_loss -0.786
2026-08-05 15:49:53.476232: Pseudo dice [np.float32(0.7206), np.float32(0.9217), np.float32(0.9348)]
2026-08-05 15:49:53.476302: Epoch time: 41.09 s
2026-08-05 15:49:54.534310: 
2026-08-05 15:49:54.534671: Epoch 489
2026-08-05 15:49:54.534796: Current learning rate: 0.00546
2026-08-05 15:50:36.041523: train_loss -0.8572
2026-08-05 15:50:36.042045: val_loss -0.7733
2026-08-05 15:50:36.042195: Pseudo dice [np.float32(0.7113), np.float32(0.916), np.float32(0.9339)]
2026-08-05 15:50:36.042336: Epoch time: 41.51 s
2026-08-05 15:50:36.920508: 
2026-08-05 15:50:36.920839: Epoch 490
2026-08-05 15:50:36.921002: Current learning rate: 0.00546
2026-08-05 15:51:17.781593: train_loss -0.8569
2026-08-05 15:51:17.782495: val_loss -0.7788
2026-08-05 15:51:17.782820: Pseudo dice [np.float32(0.7139), np.float32(0.9225), np.float32(0.9336)]
2026-08-05 15:51:17.783091: Epoch time: 40.86 s
2026-08-05 15:51:19.113520: 
2026-08-05 15:51:19.113770: Epoch 491
2026-08-05 15:51:19.113927: Current learning rate: 0.00545
2026-08-05 15:52:00.067372: train_loss -0.857
2026-08-05 15:52:00.067688: val_loss -0.7736
2026-08-05 15:52:00.067748: Pseudo dice [np.float32(0.7121), np.float32(0.9169), np.float32(0.9346)]
2026-08-05 15:52:00.067815: Epoch time: 40.96 s
2026-08-05 15:52:01.017385: 
2026-08-05 15:52:01.017786: Epoch 492
2026-08-05 15:52:01.017924: Current learning rate: 0.00544
2026-08-05 15:52:41.847791: train_loss -0.8512
2026-08-05 15:52:41.848170: val_loss -0.7805
2026-08-05 15:52:41.848422: Pseudo dice [np.float32(0.7166), np.float32(0.9191), np.float32(0.9328)]
2026-08-05 15:52:41.848547: Epoch time: 40.83 s
2026-08-05 15:52:42.703115: 
2026-08-05 15:52:42.703461: Epoch 493
2026-08-05 15:52:42.703605: Current learning rate: 0.00543
2026-08-05 15:53:23.617361: train_loss -0.8591
2026-08-05 15:53:23.617571: val_loss -0.7781
2026-08-05 15:53:23.617638: Pseudo dice [np.float32(0.7209), np.float32(0.9132), np.float32(0.9293)]
2026-08-05 15:53:23.617710: Epoch time: 40.92 s
2026-08-05 15:53:24.571586: 
2026-08-05 15:53:24.571980: Epoch 494
2026-08-05 15:53:24.572105: Current learning rate: 0.00542
2026-08-05 15:54:05.612664: train_loss -0.8562
2026-08-05 15:54:05.613371: val_loss -0.7866
2026-08-05 15:54:05.613572: Pseudo dice [np.float32(0.7207), np.float32(0.9243), np.float32(0.9347)]
2026-08-05 15:54:05.613679: Epoch time: 41.05 s
2026-08-05 15:54:06.398749: 
2026-08-05 15:54:06.398964: Epoch 495
2026-08-05 15:54:06.399346: Current learning rate: 0.00541
2026-08-05 15:54:47.160801: train_loss -0.8593
2026-08-05 15:54:47.161122: val_loss -0.7804
2026-08-05 15:54:47.161187: Pseudo dice [np.float32(0.7127), np.float32(0.9197), np.float32(0.9369)]
2026-08-05 15:54:47.161249: Epoch time: 40.77 s
2026-08-05 15:54:47.937076: 
2026-08-05 15:54:47.937476: Epoch 496
2026-08-05 15:54:47.937647: Current learning rate: 0.0054
2026-08-05 15:55:28.896948: train_loss -0.858
2026-08-05 15:55:29.172323: val_loss -0.7812
2026-08-05 15:55:29.172557: Pseudo dice [np.float32(0.7182), np.float32(0.9194), np.float32(0.937)]
2026-08-05 15:55:29.172708: Epoch time: 40.96 s
2026-08-05 15:55:30.214877: 
2026-08-05 15:55:30.215214: Epoch 497
2026-08-05 15:55:30.215363: Current learning rate: 0.00539
2026-08-05 15:56:11.389575: train_loss -0.8661
2026-08-05 15:56:11.389846: val_loss -0.7785
2026-08-05 15:56:11.389955: Pseudo dice [np.float32(0.7163), np.float32(0.9192), np.float32(0.937)]
2026-08-05 15:56:11.390134: Epoch time: 41.18 s
2026-08-05 15:56:12.327931: 
2026-08-05 15:56:12.328238: Epoch 498
2026-08-05 15:56:12.328337: Current learning rate: 0.00538
2026-08-05 15:56:53.968018: train_loss -0.8676
2026-08-05 15:56:53.968630: val_loss -0.7804
2026-08-05 15:56:53.968760: Pseudo dice [np.float32(0.7107), np.float32(0.9164), np.float32(0.9299)]
2026-08-05 15:56:53.968939: Epoch time: 41.66 s
2026-08-05 15:56:54.985164: 
2026-08-05 15:56:54.985519: Epoch 499
2026-08-05 15:56:54.985677: Current learning rate: 0.00537
2026-08-05 15:57:36.165469: train_loss -0.8649
2026-08-05 15:57:36.165949: val_loss -0.7917
2026-08-05 15:57:36.166079: Pseudo dice [np.float32(0.7241), np.float32(0.928), np.float32(0.9367)]
2026-08-05 15:57:36.166201: Epoch time: 41.18 s
2026-08-05 15:57:44.052141: 
2026-08-05 15:57:44.052458: Epoch 500
2026-08-05 15:57:44.052549: Current learning rate: 0.00536
2026-08-05 15:58:25.055864: train_loss -0.8644
2026-08-05 15:58:25.056220: val_loss -0.7825
2026-08-05 15:58:25.056279: Pseudo dice [np.float32(0.7199), np.float32(0.9227), np.float32(0.9331)]
2026-08-05 15:58:25.056338: Epoch time: 41.01 s
2026-08-05 15:58:25.844949: 
2026-08-05 15:58:25.845377: Epoch 501
2026-08-05 15:58:25.845581: Current learning rate: 0.00535
2026-08-05 15:59:06.617318: train_loss -0.8529
2026-08-05 15:59:06.617708: val_loss -0.7856
2026-08-05 15:59:06.617938: Pseudo dice [np.float32(0.7222), np.float32(0.9233), np.float32(0.9368)]
2026-08-05 15:59:06.618086: Epoch time: 40.78 s
2026-08-05 15:59:07.397376: 
2026-08-05 15:59:07.397751: Epoch 502
2026-08-05 15:59:07.397928: Current learning rate: 0.00534
2026-08-05 15:59:48.479201: train_loss -0.8385
2026-08-05 15:59:48.479775: val_loss -0.7693
2026-08-05 15:59:48.479997: Pseudo dice [np.float32(0.7106), np.float32(0.9115), np.float32(0.9348)]
2026-08-05 15:59:48.480127: Epoch time: 41.08 s
2026-08-05 15:59:49.369559: 
2026-08-05 15:59:49.369845: Epoch 503
2026-08-05 15:59:49.369966: Current learning rate: 0.00533
2026-08-05 16:00:30.264090: train_loss -0.8382
2026-08-05 16:00:30.264300: val_loss -0.7627
2026-08-05 16:00:30.264357: Pseudo dice [np.float32(0.6983), np.float32(0.9069), np.float32(0.9212)]
2026-08-05 16:00:30.264414: Epoch time: 40.9 s
2026-08-05 16:00:31.024608: 
2026-08-05 16:00:31.024954: Epoch 504
2026-08-05 16:00:31.025216: Current learning rate: 0.00532
2026-08-05 16:01:12.278227: train_loss -0.8355
2026-08-05 16:01:12.333539: val_loss -0.7814
2026-08-05 16:01:12.333863: Pseudo dice [np.float32(0.722), np.float32(0.9167), np.float32(0.9303)]
2026-08-05 16:01:12.334026: Epoch time: 41.26 s
2026-08-05 16:01:13.793016: 
2026-08-05 16:01:13.793422: Epoch 505
2026-08-05 16:01:13.793541: Current learning rate: 0.00531
2026-08-05 16:01:54.879766: train_loss -0.8506
2026-08-05 16:01:54.880677: val_loss -0.7812
2026-08-05 16:01:54.880787: Pseudo dice [np.float32(0.7194), np.float32(0.9197), np.float32(0.9334)]
2026-08-05 16:01:54.880887: Epoch time: 41.09 s
2026-08-05 16:01:55.672707: 
2026-08-05 16:01:55.673098: Epoch 506
2026-08-05 16:01:55.673223: Current learning rate: 0.0053
2026-08-05 16:02:36.647807: train_loss -0.85
2026-08-05 16:02:36.648411: val_loss -0.7797
2026-08-05 16:02:36.648486: Pseudo dice [np.float32(0.7181), np.float32(0.9215), np.float32(0.9323)]
2026-08-05 16:02:36.648578: Epoch time: 40.98 s
2026-08-05 16:02:37.457211: 
2026-08-05 16:02:37.457680: Epoch 507
2026-08-05 16:02:37.457822: Current learning rate: 0.00529
2026-08-05 16:03:18.745252: train_loss -0.8537
2026-08-05 16:03:18.745550: val_loss -0.795
2026-08-05 16:03:18.745624: Pseudo dice [np.float32(0.7324), np.float32(0.9252), np.float32(0.9335)]
2026-08-05 16:03:18.745704: Epoch time: 41.29 s
2026-08-05 16:03:19.500571: 
2026-08-05 16:03:19.500909: Epoch 508
2026-08-05 16:03:19.501005: Current learning rate: 0.00528
2026-08-05 16:04:00.815619: train_loss -0.8564
2026-08-05 16:04:00.816509: val_loss -0.7715
2026-08-05 16:04:00.816603: Pseudo dice [np.float32(0.7056), np.float32(0.9151), np.float32(0.9312)]
2026-08-05 16:04:00.816676: Epoch time: 41.32 s
2026-08-05 16:04:01.800076: 
2026-08-05 16:04:01.800483: Epoch 509
2026-08-05 16:04:01.800591: Current learning rate: 0.00527
2026-08-05 16:04:42.843516: train_loss -0.8529
2026-08-05 16:04:43.028309: val_loss -0.7691
2026-08-05 16:04:43.028571: Pseudo dice [np.float32(0.7046), np.float32(0.9122), np.float32(0.9352)]
2026-08-05 16:04:43.028652: Epoch time: 41.05 s
2026-08-05 16:04:44.017582: 
2026-08-05 16:04:44.017918: Epoch 510
2026-08-05 16:04:44.018047: Current learning rate: 0.00526
2026-08-05 16:05:28.389729: train_loss -0.8436
2026-08-05 16:05:28.390299: val_loss -0.7768
2026-08-05 16:05:28.390386: Pseudo dice [np.float32(0.7194), np.float32(0.9184), np.float32(0.9293)]
2026-08-05 16:05:28.390465: Epoch time: 44.37 s
2026-08-05 16:05:29.220371: 
2026-08-05 16:05:29.220735: Epoch 511
2026-08-05 16:05:29.220865: Current learning rate: 0.00525
2026-08-05 16:06:09.393184: train_loss -0.8443
2026-08-05 16:06:09.393509: val_loss -0.775
2026-08-05 16:06:09.393569: Pseudo dice [np.float32(0.7212), np.float32(0.9148), np.float32(0.9378)]
2026-08-05 16:06:09.393635: Epoch time: 40.18 s
2026-08-05 16:06:11.032626: 
2026-08-05 16:06:11.033007: Epoch 512
2026-08-05 16:06:11.033209: Current learning rate: 0.00524
2026-08-05 16:06:52.109739: train_loss -0.8426
2026-08-05 16:06:52.110817: val_loss -0.7908
2026-08-05 16:06:52.110975: Pseudo dice [np.float32(0.7259), np.float32(0.9278), np.float32(0.9341)]
2026-08-05 16:06:52.111111: Epoch time: 41.08 s
2026-08-05 16:06:52.985401: 
2026-08-05 16:06:52.985730: Epoch 513
2026-08-05 16:06:52.985853: Current learning rate: 0.00523
2026-08-05 16:07:34.142731: train_loss -0.8567
2026-08-05 16:07:34.143337: val_loss -0.7918
2026-08-05 16:07:34.143509: Pseudo dice [np.float32(0.7313), np.float32(0.925), np.float32(0.9398)]
2026-08-05 16:07:34.143588: Epoch time: 41.16 s
2026-08-05 16:07:34.921568: 
2026-08-05 16:07:34.921972: Epoch 514
2026-08-05 16:07:34.922080: Current learning rate: 0.00522
2026-08-05 16:08:16.011949: train_loss -0.8596
2026-08-05 16:08:16.012470: val_loss -0.7773
2026-08-05 16:08:16.012534: Pseudo dice [np.float32(0.7166), np.float32(0.9209), np.float32(0.9374)]
2026-08-05 16:08:16.012595: Epoch time: 41.09 s
2026-08-05 16:08:17.042024: 
2026-08-05 16:08:17.042356: Epoch 515
2026-08-05 16:08:17.042466: Current learning rate: 0.00521
2026-08-05 16:09:08.238336: train_loss -0.8291
2026-08-05 16:09:08.369638: val_loss -0.751
2026-08-05 16:09:08.369940: Pseudo dice [np.float32(0.6934), np.float32(0.9057), np.float32(0.9256)]
2026-08-05 16:09:08.370095: Epoch time: 51.2 s
2026-08-05 16:09:09.450001: 
2026-08-05 16:09:09.450336: Epoch 516
2026-08-05 16:09:09.450451: Current learning rate: 0.0052
2026-08-05 16:09:50.383278: train_loss -0.8183
2026-08-05 16:09:50.383570: val_loss -0.7565
2026-08-05 16:09:50.383687: Pseudo dice [np.float32(0.6955), np.float32(0.9072), np.float32(0.924)]
2026-08-05 16:09:50.383800: Epoch time: 40.94 s
2026-08-05 16:09:51.239816: 
2026-08-05 16:09:51.240201: Epoch 517
2026-08-05 16:09:51.240311: Current learning rate: 0.00519
2026-08-05 16:10:32.146093: train_loss -0.841
2026-08-05 16:10:32.160728: val_loss -0.7765
2026-08-05 16:10:32.160886: Pseudo dice [np.float32(0.7154), np.float32(0.9185), np.float32(0.93)]
2026-08-05 16:10:32.161082: Epoch time: 40.91 s
2026-08-05 16:10:33.125181: 
2026-08-05 16:10:33.125564: Epoch 518
2026-08-05 16:10:33.125666: Current learning rate: 0.00518
2026-08-05 16:11:13.828515: train_loss -0.8481
2026-08-05 16:11:13.828712: val_loss -0.7831
2026-08-05 16:11:13.828783: Pseudo dice [np.float32(0.7187), np.float32(0.9221), np.float32(0.9348)]
2026-08-05 16:11:13.828838: Epoch time: 40.71 s
2026-08-05 16:11:14.820455: 
2026-08-05 16:11:14.820728: Epoch 519
2026-08-05 16:11:14.820822: Current learning rate: 0.00518
2026-08-05 16:11:56.413958: train_loss -0.8485
2026-08-05 16:11:56.414153: val_loss -0.7718
2026-08-05 16:11:56.414207: Pseudo dice [np.float32(0.7097), np.float32(0.9129), np.float32(0.938)]
2026-08-05 16:11:56.414262: Epoch time: 41.6 s
2026-08-05 16:11:57.178640: 
2026-08-05 16:11:57.178938: Epoch 520
2026-08-05 16:11:57.179052: Current learning rate: 0.00517
2026-08-05 16:12:38.486277: train_loss -0.8445
2026-08-05 16:12:38.488391: val_loss -0.7885
2026-08-05 16:12:38.488569: Pseudo dice [np.float32(0.7279), np.float32(0.9239), np.float32(0.9382)]
2026-08-05 16:12:38.488971: Epoch time: 41.31 s
2026-08-05 16:12:39.385239: 
2026-08-05 16:12:39.385622: Epoch 521
2026-08-05 16:12:39.385737: Current learning rate: 0.00516
2026-08-05 16:13:20.376368: train_loss -0.8348
2026-08-05 16:13:20.376999: val_loss -0.7865
2026-08-05 16:13:20.377111: Pseudo dice [np.float32(0.7261), np.float32(0.9236), np.float32(0.9348)]
2026-08-05 16:13:20.377215: Epoch time: 40.99 s
2026-08-05 16:13:21.179993: 
2026-08-05 16:13:21.180351: Epoch 522
2026-08-05 16:13:21.180468: Current learning rate: 0.00515
2026-08-05 16:14:02.393219: train_loss -0.8437
2026-08-05 16:14:02.402353: val_loss -0.7862
2026-08-05 16:14:02.402429: Pseudo dice [np.float32(0.7166), np.float32(0.9202), np.float32(0.9381)]
2026-08-05 16:14:02.402505: Epoch time: 41.22 s
2026-08-05 16:14:04.053545: 
2026-08-05 16:14:04.053872: Epoch 523
2026-08-05 16:14:04.054063: Current learning rate: 0.00514
2026-08-05 16:14:45.037046: train_loss -0.8421
2026-08-05 16:14:45.037404: val_loss -0.7873
2026-08-05 16:14:45.037565: Pseudo dice [np.float32(0.7196), np.float32(0.9186), np.float32(0.9356)]
2026-08-05 16:14:45.037859: Epoch time: 40.99 s
2026-08-05 16:14:46.340399: 
2026-08-05 16:14:46.340800: Epoch 524
2026-08-05 16:14:46.340960: Current learning rate: 0.00513
2026-08-05 16:15:27.374675: train_loss -0.8482
2026-08-05 16:15:27.375170: val_loss -0.7759
2026-08-05 16:15:27.375288: Pseudo dice [np.float32(0.7096), np.float32(0.9178), np.float32(0.9265)]
2026-08-05 16:15:27.375350: Epoch time: 41.04 s
2026-08-05 16:15:28.472793: 
2026-08-05 16:15:28.473146: Epoch 525
2026-08-05 16:15:28.473262: Current learning rate: 0.00512
2026-08-05 16:16:09.077040: train_loss -0.8573
2026-08-05 16:16:09.077278: val_loss -0.7752
2026-08-05 16:16:09.077343: Pseudo dice [np.float32(0.7184), np.float32(0.9147), np.float32(0.9343)]
2026-08-05 16:16:09.077418: Epoch time: 40.61 s
2026-08-05 16:16:10.514745: 
2026-08-05 16:16:10.515102: Epoch 526
2026-08-05 16:16:10.515353: Current learning rate: 0.00511
2026-08-05 16:16:52.532420: train_loss -0.8577
2026-08-05 16:16:52.769841: val_loss -0.7876
2026-08-05 16:16:52.770186: Pseudo dice [np.float32(0.7285), np.float32(0.9217), np.float32(0.9362)]
2026-08-05 16:16:52.963420: Epoch time: 42.02 s
2026-08-05 16:16:53.842690: 
2026-08-05 16:16:53.843003: Epoch 527
2026-08-05 16:16:53.843115: Current learning rate: 0.0051
2026-08-05 16:17:34.955051: train_loss -0.8562
2026-08-05 16:17:35.005470: val_loss -0.7617
2026-08-05 16:17:35.005599: Pseudo dice [np.float32(0.7099), np.float32(0.9039), np.float32(0.9292)]
2026-08-05 16:17:35.005682: Epoch time: 41.12 s
2026-08-05 16:17:36.075538: 
2026-08-05 16:17:36.075851: Epoch 528
2026-08-05 16:17:36.076091: Current learning rate: 0.00509
2026-08-05 16:18:17.271908: train_loss -0.826
2026-08-05 16:18:17.272796: val_loss -0.7481
2026-08-05 16:18:17.272861: Pseudo dice [np.float32(0.6936), np.float32(0.9036), np.float32(0.9192)]
2026-08-05 16:18:17.272941: Epoch time: 41.2 s
2026-08-05 16:18:18.071187: 
2026-08-05 16:18:18.071501: Epoch 529
2026-08-05 16:18:18.071702: Current learning rate: 0.00508
2026-08-05 16:18:59.084198: train_loss -0.8288
2026-08-05 16:18:59.084533: val_loss -0.7541
2026-08-05 16:18:59.084643: Pseudo dice [np.float32(0.6931), np.float32(0.9096), np.float32(0.9266)]
2026-08-05 16:18:59.084719: Epoch time: 41.02 s
2026-08-05 16:19:00.043925: 
2026-08-05 16:19:00.044307: Epoch 530
2026-08-05 16:19:00.044418: Current learning rate: 0.00507
2026-08-05 16:19:41.175021: train_loss -0.8331
2026-08-05 16:19:41.175467: val_loss -0.7632
2026-08-05 16:19:41.175530: Pseudo dice [np.float32(0.6993), np.float32(0.8971), np.float32(0.9324)]
2026-08-05 16:19:41.175603: Epoch time: 41.13 s
2026-08-05 16:19:42.365596: 
2026-08-05 16:19:42.365855: Epoch 531
2026-08-05 16:19:42.365995: Current learning rate: 0.00506
2026-08-05 16:20:23.064681: train_loss -0.8327
2026-08-05 16:20:23.064936: val_loss -0.7566
2026-08-05 16:20:23.064994: Pseudo dice [np.float32(0.69), np.float32(0.9079), np.float32(0.9268)]
2026-08-05 16:20:23.065065: Epoch time: 40.7 s
2026-08-05 16:20:24.045351: 
2026-08-05 16:20:24.045725: Epoch 532
2026-08-05 16:20:24.045858: Current learning rate: 0.00505
2026-08-05 16:21:04.865144: train_loss -0.8432
2026-08-05 16:21:04.865382: val_loss -0.7847
2026-08-05 16:21:04.865445: Pseudo dice [np.float32(0.7193), np.float32(0.9152), np.float32(0.9359)]
2026-08-05 16:21:04.865505: Epoch time: 40.82 s
2026-08-05 16:21:05.857123: 
2026-08-05 16:21:05.857464: Epoch 533
2026-08-05 16:21:05.857592: Current learning rate: 0.00504
2026-08-05 16:21:47.780701: train_loss -0.8534
2026-08-05 16:21:47.781308: val_loss -0.7789
2026-08-05 16:21:47.781452: Pseudo dice [np.float32(0.7134), np.float32(0.9209), np.float32(0.9296)]
2026-08-05 16:21:47.781615: Epoch time: 41.93 s
2026-08-05 16:21:48.658897: 
2026-08-05 16:21:48.659339: Epoch 534
2026-08-05 16:21:48.659458: Current learning rate: 0.00503
2026-08-05 16:22:29.575993: train_loss -0.857
2026-08-05 16:22:31.016133: val_loss -0.773
2026-08-05 16:22:31.016369: Pseudo dice [np.float32(0.7086), np.float32(0.9189), np.float32(0.9323)]
2026-08-05 16:22:31.016479: Epoch time: 40.92 s
2026-08-05 16:22:31.970695: 
2026-08-05 16:22:31.971116: Epoch 535
2026-08-05 16:22:31.971249: Current learning rate: 0.00502
2026-08-05 16:23:12.545496: train_loss -0.8551
2026-08-05 16:23:12.546099: val_loss -0.7754
2026-08-05 16:23:12.546286: Pseudo dice [np.float32(0.7142), np.float32(0.918), np.float32(0.9293)]
2026-08-05 16:23:12.546440: Epoch time: 40.58 s
2026-08-05 16:23:13.654268: 
2026-08-05 16:23:13.654660: Epoch 536
2026-08-05 16:23:13.654824: Current learning rate: 0.00501
2026-08-05 16:23:54.629452: train_loss -0.856
2026-08-05 16:23:54.629775: val_loss -0.7858
2026-08-05 16:23:54.629836: Pseudo dice [np.float32(0.7224), np.float32(0.9233), np.float32(0.9366)]
2026-08-05 16:23:54.629932: Epoch time: 40.98 s
2026-08-05 16:23:57.793685: 
2026-08-05 16:23:57.794043: Epoch 537
2026-08-05 16:23:57.794161: Current learning rate: 0.005
2026-08-05 16:24:39.125142: train_loss -0.8494
2026-08-05 16:24:39.125598: val_loss -0.7857
2026-08-05 16:24:39.125731: Pseudo dice [np.float32(0.7266), np.float32(0.9232), np.float32(0.9355)]
2026-08-05 16:24:39.125854: Epoch time: 41.33 s
2026-08-05 16:24:40.058565: 
2026-08-05 16:24:40.058838: Epoch 538
2026-08-05 16:24:40.058952: Current learning rate: 0.00499
2026-08-05 16:25:21.041678: train_loss -0.8519
2026-08-05 16:25:21.042106: val_loss -0.7812
2026-08-05 16:25:21.042176: Pseudo dice [np.float32(0.7195), np.float32(0.9213), np.float32(0.9334)]
2026-08-05 16:25:21.042248: Epoch time: 40.99 s
2026-08-05 16:25:21.936048: 
2026-08-05 16:25:21.936391: Epoch 539
2026-08-05 16:25:21.936546: Current learning rate: 0.00498
2026-08-05 16:26:06.513978: train_loss -0.8512
2026-08-05 16:26:06.944875: val_loss -0.7788
2026-08-05 16:26:06.945126: Pseudo dice [np.float32(0.7116), np.float32(0.923), np.float32(0.9337)]
2026-08-05 16:26:06.945257: Epoch time: 44.58 s
2026-08-05 16:26:07.926777: 
2026-08-05 16:26:07.927157: Epoch 540
2026-08-05 16:26:07.927310: Current learning rate: 0.00497
2026-08-05 16:26:50.526355: train_loss -0.8573
2026-08-05 16:26:50.704665: val_loss -0.7884
2026-08-05 16:26:50.704873: Pseudo dice [np.float32(0.721), np.float32(0.92), np.float32(0.9381)]
2026-08-05 16:26:50.705022: Epoch time: 42.6 s
2026-08-05 16:26:51.784090: 
2026-08-05 16:26:51.784424: Epoch 541
2026-08-05 16:26:51.784555: Current learning rate: 0.00496
2026-08-05 16:27:32.774251: train_loss -0.8577
2026-08-05 16:27:32.990060: val_loss -0.7836
2026-08-05 16:27:32.990278: Pseudo dice [np.float32(0.7315), np.float32(0.9195), np.float32(0.9377)]
2026-08-05 16:27:32.990349: Epoch time: 40.99 s
2026-08-05 16:27:33.837316: 
2026-08-05 16:27:33.837661: Epoch 542
2026-08-05 16:27:33.837901: Current learning rate: 0.00495
2026-08-05 16:28:14.647056: train_loss -0.8624
2026-08-05 16:28:14.647711: val_loss -0.7801
2026-08-05 16:28:14.647777: Pseudo dice [np.float32(0.7183), np.float32(0.9185), np.float32(0.9338)]
2026-08-05 16:28:14.647846: Epoch time: 40.81 s
2026-08-05 16:28:15.491192: 
2026-08-05 16:28:15.491557: Epoch 543
2026-08-05 16:28:15.491795: Current learning rate: 0.00494
2026-08-05 16:28:56.886949: train_loss -0.8522
2026-08-05 16:28:56.889745: val_loss -0.7617
2026-08-05 16:28:56.890046: Pseudo dice [np.float32(0.7069), np.float32(0.912), np.float32(0.9326)]
2026-08-05 16:28:56.890177: Epoch time: 41.4 s
2026-08-05 16:28:58.200529: 
2026-08-05 16:28:58.200871: Epoch 544
2026-08-05 16:28:58.201145: Current learning rate: 0.00493
2026-08-05 16:29:39.319835: train_loss -0.8479
2026-08-05 16:29:39.529518: val_loss -0.7816
2026-08-05 16:29:39.529793: Pseudo dice [np.float32(0.7216), np.float32(0.9063), np.float32(0.9393)]
2026-08-05 16:29:39.529962: Epoch time: 41.12 s
2026-08-05 16:29:40.680964: 
2026-08-05 16:29:40.681671: Epoch 545
2026-08-05 16:29:40.681955: Current learning rate: 0.00492
2026-08-05 16:30:21.879239: train_loss -0.8514
2026-08-05 16:30:21.879473: val_loss -0.7741
2026-08-05 16:30:21.879530: Pseudo dice [np.float32(0.7103), np.float32(0.9233), np.float32(0.9295)]
2026-08-05 16:30:21.879605: Epoch time: 41.2 s
2026-08-05 16:30:22.704727: 
2026-08-05 16:30:22.705032: Epoch 546
2026-08-05 16:30:22.705135: Current learning rate: 0.00491
2026-08-05 16:31:04.289672: train_loss -0.8556
2026-08-05 16:31:04.289989: val_loss -0.7788
2026-08-05 16:31:04.290075: Pseudo dice [np.float32(0.721), np.float32(0.9159), np.float32(0.9382)]
2026-08-05 16:31:04.290157: Epoch time: 41.59 s
2026-08-05 16:31:05.815639: 
2026-08-05 16:31:05.815919: Epoch 547
2026-08-05 16:31:05.816130: Current learning rate: 0.0049
2026-08-05 16:31:47.153289: train_loss -0.8591
2026-08-05 16:31:47.153629: val_loss -0.7738
2026-08-05 16:31:47.153699: Pseudo dice [np.float32(0.705), np.float32(0.9164), np.float32(0.9329)]
2026-08-05 16:31:47.153770: Epoch time: 41.34 s
2026-08-05 16:31:47.946708: 
2026-08-05 16:31:47.947036: Epoch 548
2026-08-05 16:31:47.947158: Current learning rate: 0.00489
2026-08-05 16:32:29.253291: train_loss -0.862
2026-08-05 16:32:29.253614: val_loss -0.787
2026-08-05 16:32:29.253679: Pseudo dice [np.float32(0.7273), np.float32(0.919), np.float32(0.9414)]
2026-08-05 16:32:29.253743: Epoch time: 41.31 s
2026-08-05 16:32:30.104156: 
2026-08-05 16:32:30.104412: Epoch 549
2026-08-05 16:32:30.104530: Current learning rate: 0.00488
2026-08-05 16:33:11.294118: train_loss -0.8673
2026-08-05 16:33:11.296188: val_loss -0.7757
2026-08-05 16:33:11.296269: Pseudo dice [np.float32(0.7151), np.float32(0.92), np.float32(0.933)]
2026-08-05 16:33:11.296404: Epoch time: 41.19 s
2026-08-05 16:33:19.380774: 
2026-08-05 16:33:19.381203: Epoch 550
2026-08-05 16:33:19.381394: Current learning rate: 0.00487
2026-08-05 16:34:01.142088: train_loss -0.8689
2026-08-05 16:34:01.142342: val_loss -0.7642
2026-08-05 16:34:01.142397: Pseudo dice [np.float32(0.6946), np.float32(0.9141), np.float32(0.9318)]
2026-08-05 16:34:01.142467: Epoch time: 41.76 s
2026-08-05 16:34:01.918027: 
2026-08-05 16:34:01.918335: Epoch 551
2026-08-05 16:34:01.918473: Current learning rate: 0.00486
2026-08-05 16:34:43.852276: train_loss -0.868
2026-08-05 16:34:45.206800: val_loss -0.7983
2026-08-05 16:34:45.207007: Pseudo dice [np.float32(0.7338), np.float32(0.9316), np.float32(0.9438)]
2026-08-05 16:34:45.207131: Epoch time: 41.94 s
2026-08-05 16:34:46.282130: 
2026-08-05 16:34:46.282493: Epoch 552
2026-08-05 16:34:46.282698: Current learning rate: 0.00485
2026-08-05 16:35:28.534543: train_loss -0.8678
2026-08-05 16:35:28.540677: val_loss -0.7738
2026-08-05 16:35:28.540802: Pseudo dice [np.float32(0.7168), np.float32(0.9153), np.float32(0.9301)]
2026-08-05 16:35:28.540925: Epoch time: 42.26 s
2026-08-05 16:35:29.964805: 
2026-08-05 16:35:29.965377: Epoch 553
2026-08-05 16:35:29.965582: Current learning rate: 0.00484
2026-08-05 16:36:11.919495: train_loss -0.8653
2026-08-05 16:36:11.922163: val_loss -0.7725
2026-08-05 16:36:11.922256: Pseudo dice [np.float32(0.7181), np.float32(0.921), np.float32(0.9317)]
2026-08-05 16:36:11.922339: Epoch time: 41.96 s
2026-08-05 16:36:14.638776: 
2026-08-05 16:36:14.639340: Epoch 554
2026-08-05 16:36:14.639518: Current learning rate: 0.00484
2026-08-05 16:36:56.508822: train_loss -0.858
2026-08-05 16:36:56.509152: val_loss -0.7733
2026-08-05 16:36:56.509220: Pseudo dice [np.float32(0.7129), np.float32(0.9206), np.float32(0.9313)]
2026-08-05 16:36:56.509305: Epoch time: 41.87 s
2026-08-05 16:36:57.468331: 
2026-08-05 16:36:57.468595: Epoch 555
2026-08-05 16:36:57.468724: Current learning rate: 0.00483
2026-08-05 16:37:38.125204: train_loss -0.863
2026-08-05 16:37:38.125518: val_loss -0.7683
2026-08-05 16:37:38.125577: Pseudo dice [np.float32(0.7044), np.float32(0.9157), np.float32(0.9266)]
2026-08-05 16:37:38.125648: Epoch time: 40.66 s
2026-08-05 16:37:38.947267: 
2026-08-05 16:37:38.947703: Epoch 556
2026-08-05 16:37:38.947805: Current learning rate: 0.00482
2026-08-05 16:38:21.120273: train_loss -0.863
2026-08-05 16:38:21.231980: val_loss -0.7704
2026-08-05 16:38:21.232189: Pseudo dice [np.float32(0.7159), np.float32(0.9157), np.float32(0.932)]
2026-08-05 16:38:21.232319: Epoch time: 42.18 s
2026-08-05 16:38:22.103231: 
2026-08-05 16:38:22.103630: Epoch 557
2026-08-05 16:38:22.103798: Current learning rate: 0.00481
2026-08-05 16:39:03.708038: train_loss -0.8484
2026-08-05 16:39:03.708563: val_loss -0.7346
2026-08-05 16:39:03.708644: Pseudo dice [np.float32(0.7148), np.float32(0.8895), np.float32(0.9024)]
2026-08-05 16:39:03.708741: Epoch time: 41.61 s
2026-08-05 16:39:04.728736: 
2026-08-05 16:39:04.729122: Epoch 558
2026-08-05 16:39:04.729267: Current learning rate: 0.0048
2026-08-05 16:39:46.527505: train_loss -0.8188
2026-08-05 16:39:46.594164: val_loss -0.774
2026-08-05 16:39:46.594486: Pseudo dice [np.float32(0.7013), np.float32(0.9153), np.float32(0.9343)]
2026-08-05 16:39:46.594591: Epoch time: 41.8 s
2026-08-05 16:39:47.507375: 
2026-08-05 16:39:47.507688: Epoch 559
2026-08-05 16:39:47.507970: Current learning rate: 0.00479
2026-08-05 16:40:28.688429: train_loss -0.8369
2026-08-05 16:40:28.688780: val_loss -0.7832
2026-08-05 16:40:28.688853: Pseudo dice [np.float32(0.7241), np.float32(0.9193), np.float32(0.937)]
2026-08-05 16:40:28.689004: Epoch time: 41.19 s
2026-08-05 16:40:29.666448: 
2026-08-05 16:40:29.666831: Epoch 560
2026-08-05 16:40:29.667033: Current learning rate: 0.00478
2026-08-05 16:41:11.064983: train_loss -0.8462
2026-08-05 16:41:11.065552: val_loss -0.7766
2026-08-05 16:41:11.065768: Pseudo dice [np.float32(0.7101), np.float32(0.9179), np.float32(0.9292)]
2026-08-05 16:41:11.065916: Epoch time: 41.4 s
2026-08-05 16:41:12.779631: 
2026-08-05 16:41:12.780159: Epoch 561
2026-08-05 16:41:12.780333: Current learning rate: 0.00477
2026-08-05 16:41:54.046055: train_loss -0.8377
2026-08-05 16:41:54.046490: val_loss -0.7554
2026-08-05 16:41:54.046601: Pseudo dice [np.float32(0.6873), np.float32(0.8991), np.float32(0.9341)]
2026-08-05 16:41:54.046707: Epoch time: 41.27 s
2026-08-05 16:41:54.947237: 
2026-08-05 16:41:54.947601: Epoch 562
2026-08-05 16:41:54.947686: Current learning rate: 0.00476
2026-08-05 16:42:36.743485: train_loss -0.841
2026-08-05 16:42:36.743994: val_loss -0.779
2026-08-05 16:42:36.744068: Pseudo dice [np.float32(0.7123), np.float32(0.9204), np.float32(0.9354)]
2026-08-05 16:42:36.744159: Epoch time: 41.8 s
2026-08-05 16:42:37.538447: 
2026-08-05 16:42:37.538771: Epoch 563
2026-08-05 16:42:37.539002: Current learning rate: 0.00475
2026-08-05 16:43:18.619062: train_loss -0.8485
2026-08-05 16:43:18.619770: val_loss -0.7761
2026-08-05 16:43:18.619978: Pseudo dice [np.float32(0.7118), np.float32(0.912), np.float32(0.9385)]
2026-08-05 16:43:18.620162: Epoch time: 41.08 s
2026-08-05 16:43:19.517803: 
2026-08-05 16:43:19.518200: Epoch 564
2026-08-05 16:43:19.518304: Current learning rate: 0.00474
2026-08-05 16:44:00.602711: train_loss -0.8506
2026-08-05 16:44:00.603089: val_loss -0.7701
2026-08-05 16:44:00.603156: Pseudo dice [np.float32(0.7028), np.float32(0.9101), np.float32(0.937)]
2026-08-05 16:44:00.603225: Epoch time: 41.09 s
2026-08-05 16:44:01.404410: 
2026-08-05 16:44:01.404828: Epoch 565
2026-08-05 16:44:01.404972: Current learning rate: 0.00473
2026-08-05 16:44:42.279169: train_loss -0.838
2026-08-05 16:44:42.279696: val_loss -0.7736
2026-08-05 16:44:42.279758: Pseudo dice [np.float32(0.715), np.float32(0.9031), np.float32(0.9337)]
2026-08-05 16:44:42.279839: Epoch time: 40.88 s
2026-08-05 16:44:43.289853: 
2026-08-05 16:44:43.290190: Epoch 566
2026-08-05 16:44:43.290355: Current learning rate: 0.00472
2026-08-05 16:45:25.465737: train_loss -0.8339
2026-08-05 16:45:25.466161: val_loss -0.7733
2026-08-05 16:45:25.466226: Pseudo dice [np.float32(0.7157), np.float32(0.9192), np.float32(0.9332)]
2026-08-05 16:45:25.466292: Epoch time: 42.18 s
2026-08-05 16:45:26.348436: 
2026-08-05 16:45:26.348860: Epoch 567
2026-08-05 16:45:26.348992: Current learning rate: 0.00471
2026-08-05 16:46:08.817118: train_loss -0.8394
2026-08-05 16:46:08.825199: val_loss -0.7633
2026-08-05 16:46:08.825318: Pseudo dice [np.float32(0.6988), np.float32(0.9128), np.float32(0.9303)]
2026-08-05 16:46:08.825436: Epoch time: 42.47 s
2026-08-05 16:46:09.844343: 
2026-08-05 16:46:09.844795: Epoch 568
2026-08-05 16:46:09.844941: Current learning rate: 0.0047
2026-08-05 16:46:52.829383: train_loss -0.8426
2026-08-05 16:46:52.896838: val_loss -0.7803
2026-08-05 16:46:52.897111: Pseudo dice [np.float32(0.7139), np.float32(0.9253), np.float32(0.9353)]
2026-08-05 16:46:52.897231: Epoch time: 42.99 s
2026-08-05 16:46:54.001998: 
2026-08-05 16:46:54.002545: Epoch 569
2026-08-05 16:46:54.002730: Current learning rate: 0.00469
2026-08-05 16:47:35.871732: train_loss -0.8567
2026-08-05 16:47:35.872342: val_loss -0.7856
2026-08-05 16:47:35.872407: Pseudo dice [np.float32(0.7243), np.float32(0.9197), np.float32(0.9379)]
2026-08-05 16:47:35.872496: Epoch time: 41.87 s
2026-08-05 16:47:36.851757: 
2026-08-05 16:47:36.852064: Epoch 570
2026-08-05 16:47:36.852201: Current learning rate: 0.00468
2026-08-05 16:48:18.619305: train_loss -0.8555
2026-08-05 16:48:18.620117: val_loss -0.7834
2026-08-05 16:48:18.620332: Pseudo dice [np.float32(0.7229), np.float32(0.9184), np.float32(0.937)]
2026-08-05 16:48:18.620478: Epoch time: 41.77 s
2026-08-05 16:48:19.549908: 
2026-08-05 16:48:19.550587: Epoch 571
2026-08-05 16:48:19.550767: Current learning rate: 0.00467
2026-08-05 16:49:01.465289: train_loss -0.8583
2026-08-05 16:49:01.465838: val_loss -0.7726
2026-08-05 16:49:01.465929: Pseudo dice [np.float32(0.7159), np.float32(0.9183), np.float32(0.9353)]
2026-08-05 16:49:01.466031: Epoch time: 41.92 s
2026-08-05 16:49:02.339422: 
2026-08-05 16:49:02.340050: Epoch 572
2026-08-05 16:49:02.340318: Current learning rate: 0.00466
2026-08-05 16:49:44.480324: train_loss -0.8616
2026-08-05 16:49:44.480749: val_loss -0.7993
2026-08-05 16:49:44.484075: Pseudo dice [np.float32(0.7364), np.float32(0.9269), np.float32(0.9388)]
2026-08-05 16:49:44.484303: Epoch time: 42.15 s
2026-08-05 16:49:45.413926: 
2026-08-05 16:49:45.414518: Epoch 573
2026-08-05 16:49:45.414662: Current learning rate: 0.00465
2026-08-05 16:50:27.498514: train_loss -0.8645
2026-08-05 16:50:27.499133: val_loss -0.7842
2026-08-05 16:50:27.499279: Pseudo dice [np.float32(0.7271), np.float32(0.9189), np.float32(0.9375)]
2026-08-05 16:50:27.499433: Epoch time: 42.09 s
2026-08-05 16:50:28.735166: 
2026-08-05 16:50:28.735721: Epoch 574
2026-08-05 16:50:28.735908: Current learning rate: 0.00464
2026-08-05 16:51:10.486343: train_loss -0.8666
2026-08-05 16:51:10.486860: val_loss -0.7987
2026-08-05 16:51:10.486933: Pseudo dice [np.float32(0.7344), np.float32(0.9293), np.float32(0.9402)]
2026-08-05 16:51:10.487010: Epoch time: 41.76 s
2026-08-05 16:51:11.397562: 
2026-08-05 16:51:11.398046: Epoch 575
2026-08-05 16:51:11.398167: Current learning rate: 0.00463
2026-08-05 16:51:54.628684: train_loss -0.8666
2026-08-05 16:51:54.629038: val_loss -0.7868
2026-08-05 16:51:54.629111: Pseudo dice [np.float32(0.7254), np.float32(0.923), np.float32(0.9362)]
2026-08-05 16:51:54.629193: Epoch time: 43.23 s
2026-08-05 16:51:55.502669: 
2026-08-05 16:51:55.503054: Epoch 576
2026-08-05 16:51:55.503321: Current learning rate: 0.00462
2026-08-05 16:52:37.638728: train_loss -0.8625
2026-08-05 16:52:37.640260: val_loss -0.7682
2026-08-05 16:52:37.640360: Pseudo dice [np.float32(0.7162), np.float32(0.9149), np.float32(0.9315)]
2026-08-05 16:52:37.640457: Epoch time: 42.14 s
2026-08-05 16:52:38.579144: 
2026-08-05 16:52:38.579709: Epoch 577
2026-08-05 16:52:38.579905: Current learning rate: 0.00461
2026-08-05 16:53:20.904234: train_loss -0.8575
2026-08-05 16:53:20.904658: val_loss -0.7774
2026-08-05 16:53:20.904727: Pseudo dice [np.float32(0.7153), np.float32(0.9187), np.float32(0.9372)]
2026-08-05 16:53:20.904809: Epoch time: 42.33 s
2026-08-05 16:53:21.731405: 
2026-08-05 16:53:21.731819: Epoch 578
2026-08-05 16:53:21.731955: Current learning rate: 0.0046
2026-08-05 16:54:03.514111: train_loss -0.8436
2026-08-05 16:54:03.514410: val_loss -0.7734
2026-08-05 16:54:03.514471: Pseudo dice [np.float32(0.7058), np.float32(0.9122), np.float32(0.9326)]
2026-08-05 16:54:03.514543: Epoch time: 41.79 s
2026-08-05 16:54:04.513136: 
2026-08-05 16:54:04.513613: Epoch 579
2026-08-05 16:54:04.513758: Current learning rate: 0.00459
2026-08-05 16:54:46.522982: train_loss -0.835
2026-08-05 16:54:46.523446: val_loss -0.7621
2026-08-05 16:54:46.523572: Pseudo dice [np.float32(0.7007), np.float32(0.9046), np.float32(0.9286)]
2026-08-05 16:54:46.523709: Epoch time: 42.01 s
2026-08-05 16:54:47.485284: 
2026-08-05 16:54:47.485627: Epoch 580
2026-08-05 16:54:47.485767: Current learning rate: 0.00458
2026-08-05 16:55:29.328942: train_loss -0.8423
2026-08-05 16:55:29.329611: val_loss -0.7744
2026-08-05 16:55:29.329697: Pseudo dice [np.float32(0.7077), np.float32(0.911), np.float32(0.9353)]
2026-08-05 16:55:29.329844: Epoch time: 41.85 s
2026-08-05 16:55:30.285558: 
2026-08-05 16:55:30.286144: Epoch 581
2026-08-05 16:55:30.286470: Current learning rate: 0.00457
2026-08-05 16:56:12.444428: train_loss -0.8575
2026-08-05 16:56:12.445071: val_loss -0.7821
2026-08-05 16:56:12.445249: Pseudo dice [np.float32(0.7248), np.float32(0.9181), np.float32(0.9329)]
2026-08-05 16:56:12.445442: Epoch time: 42.16 s
2026-08-05 16:56:13.396765: 
2026-08-05 16:56:13.397032: Epoch 582
2026-08-05 16:56:13.397231: Current learning rate: 0.00456
2026-08-05 16:56:55.678867: train_loss -0.861
2026-08-05 16:56:55.679427: val_loss -0.7705
2026-08-05 16:56:55.679519: Pseudo dice [np.float32(0.7038), np.float32(0.921), np.float32(0.9308)]
2026-08-05 16:56:55.679614: Epoch time: 42.29 s
2026-08-05 16:56:56.536165: 
2026-08-05 16:56:56.536811: Epoch 583
2026-08-05 16:56:56.536944: Current learning rate: 0.00455
2026-08-05 16:57:38.182407: train_loss -0.8642
2026-08-05 16:57:38.182748: val_loss -0.7859
2026-08-05 16:57:38.182809: Pseudo dice [np.float32(0.7242), np.float32(0.9266), np.float32(0.9338)]
2026-08-05 16:57:38.182876: Epoch time: 41.65 s
2026-08-05 16:57:38.963481: 
2026-08-05 16:57:38.963925: Epoch 584
2026-08-05 16:57:38.964037: Current learning rate: 0.00454
2026-08-05 16:58:21.267952: train_loss -0.8668
2026-08-05 16:58:21.268345: val_loss -0.7639
2026-08-05 16:58:21.268475: Pseudo dice [np.float32(0.7073), np.float32(0.918), np.float32(0.9267)]
2026-08-05 16:58:21.268547: Epoch time: 42.31 s
2026-08-05 16:58:22.387301: 
2026-08-05 16:58:22.387925: Epoch 585
2026-08-05 16:58:22.388097: Current learning rate: 0.00453
2026-08-05 16:59:04.742834: train_loss -0.8647
2026-08-05 16:59:04.743493: val_loss -0.7735
2026-08-05 16:59:04.743560: Pseudo dice [np.float32(0.7126), np.float32(0.9199), np.float32(0.9343)]
2026-08-05 16:59:04.743648: Epoch time: 42.36 s
2026-08-05 16:59:05.524987: 
2026-08-05 16:59:05.525466: Epoch 586
2026-08-05 16:59:05.525582: Current learning rate: 0.00452
2026-08-05 16:59:47.343072: train_loss -0.8657
2026-08-05 16:59:47.348324: val_loss -0.776
2026-08-05 16:59:47.348460: Pseudo dice [np.float32(0.7146), np.float32(0.917), np.float32(0.937)]
2026-08-05 16:59:47.348593: Epoch time: 41.82 s
2026-08-05 16:59:48.291791: 
2026-08-05 16:59:48.292158: Epoch 587
2026-08-05 16:59:48.292326: Current learning rate: 0.00451
2026-08-05 17:00:29.485801: train_loss -0.8704
2026-08-05 17:00:30.070060: val_loss -0.7816
2026-08-05 17:00:30.070204: Pseudo dice [np.float32(0.7186), np.float32(0.921), np.float32(0.9356)]
2026-08-05 17:00:30.070321: Epoch time: 41.2 s
2026-08-05 17:00:31.097756: 
2026-08-05 17:00:31.098133: Epoch 588
2026-08-05 17:00:31.098258: Current learning rate: 0.0045
2026-08-05 17:01:12.475672: train_loss -0.8684
2026-08-05 17:01:12.478496: val_loss -0.773
2026-08-05 17:01:12.478564: Pseudo dice [np.float32(0.708), np.float32(0.9117), np.float32(0.9306)]
2026-08-05 17:01:12.478650: Epoch time: 41.38 s
2026-08-05 17:01:13.788962: 
2026-08-05 17:01:13.789315: Epoch 589
2026-08-05 17:01:13.789429: Current learning rate: 0.00449
2026-08-05 17:01:55.654729: train_loss -0.8682
2026-08-05 17:01:55.654994: val_loss -0.7752
2026-08-05 17:01:55.655072: Pseudo dice [np.float32(0.7168), np.float32(0.9151), np.float32(0.9375)]
2026-08-05 17:01:55.655144: Epoch time: 41.87 s
2026-08-05 17:01:56.643366: 
2026-08-05 17:01:56.643669: Epoch 590
2026-08-05 17:01:56.643792: Current learning rate: 0.00448
2026-08-05 17:02:38.512828: train_loss -0.8739
2026-08-05 17:02:38.513203: val_loss -0.7913
2026-08-05 17:02:38.513261: Pseudo dice [np.float32(0.7256), np.float32(0.9268), np.float32(0.9364)]
2026-08-05 17:02:38.513327: Epoch time: 41.87 s
2026-08-05 17:02:39.407730: 
2026-08-05 17:02:39.408421: Epoch 591
2026-08-05 17:02:39.408827: Current learning rate: 0.00447
2026-08-05 17:03:21.184746: train_loss -0.8719
2026-08-05 17:03:21.185484: val_loss -0.7837
2026-08-05 17:03:21.185637: Pseudo dice [np.float32(0.7215), np.float32(0.9227), np.float32(0.9368)]
2026-08-05 17:03:21.185798: Epoch time: 41.78 s
2026-08-05 17:03:22.084638: 
2026-08-05 17:03:22.085031: Epoch 592
2026-08-05 17:03:22.085293: Current learning rate: 0.00446
2026-08-05 17:04:04.142139: train_loss -0.8711
2026-08-05 17:04:04.142618: val_loss -0.784
2026-08-05 17:04:04.142685: Pseudo dice [np.float32(0.7182), np.float32(0.9247), np.float32(0.9406)]
2026-08-05 17:04:04.142885: Epoch time: 42.06 s
2026-08-05 17:04:04.916359: 
2026-08-05 17:04:04.916954: Epoch 593
2026-08-05 17:04:04.917104: Current learning rate: 0.00445
2026-08-05 17:04:46.843643: train_loss -0.8763
2026-08-05 17:04:46.844436: val_loss -0.7789
2026-08-05 17:04:46.844528: Pseudo dice [np.float32(0.7191), np.float32(0.9176), np.float32(0.936)]
2026-08-05 17:04:46.845027: Epoch time: 41.93 s
2026-08-05 17:04:47.634138: 
2026-08-05 17:04:47.634616: Epoch 594
2026-08-05 17:04:47.634713: Current learning rate: 0.00444
2026-08-05 17:05:28.726589: train_loss -0.8736
2026-08-05 17:05:28.727808: val_loss -0.7867
2026-08-05 17:05:28.727904: Pseudo dice [np.float32(0.7248), np.float32(0.9185), np.float32(0.9357)]
2026-08-05 17:05:28.728050: Epoch time: 41.1 s
2026-08-05 17:05:29.778193: 
2026-08-05 17:05:29.778667: Epoch 595
2026-08-05 17:05:29.778904: Current learning rate: 0.00443
2026-08-05 17:06:10.900928: train_loss -0.8747
2026-08-05 17:06:10.901207: val_loss -0.7785
2026-08-05 17:06:10.901266: Pseudo dice [np.float32(0.7183), np.float32(0.9227), np.float32(0.9324)]
2026-08-05 17:06:10.901332: Epoch time: 41.13 s
2026-08-05 17:06:12.701387: 
2026-08-05 17:06:12.701676: Epoch 596
2026-08-05 17:06:12.701773: Current learning rate: 0.00442
2026-08-05 17:06:53.897248: train_loss -0.8759
2026-08-05 17:06:53.897944: val_loss -0.7784
2026-08-05 17:06:53.898110: Pseudo dice [np.float32(0.7146), np.float32(0.9239), np.float32(0.9334)]
2026-08-05 17:06:53.898251: Epoch time: 41.2 s
2026-08-05 17:06:54.831482: 
2026-08-05 17:06:54.831860: Epoch 597
2026-08-05 17:06:54.831981: Current learning rate: 0.00441
2026-08-05 17:07:36.456171: train_loss -0.8659
2026-08-05 17:07:36.456449: val_loss -0.7729
2026-08-05 17:07:36.456560: Pseudo dice [np.float32(0.7061), np.float32(0.916), np.float32(0.9348)]
2026-08-05 17:07:36.456649: Epoch time: 41.63 s
2026-08-05 17:07:37.288633: 
2026-08-05 17:07:37.288939: Epoch 598
2026-08-05 17:07:37.289052: Current learning rate: 0.0044
2026-08-05 17:08:18.852050: train_loss -0.8754
2026-08-05 17:08:18.852397: val_loss -0.7801
2026-08-05 17:08:18.852460: Pseudo dice [np.float32(0.72), np.float32(0.9233), np.float32(0.9346)]
2026-08-05 17:08:18.852531: Epoch time: 41.57 s
2026-08-05 17:08:19.628081: 
2026-08-05 17:08:19.628539: Epoch 599
2026-08-05 17:08:19.628634: Current learning rate: 0.00439
2026-08-05 17:09:00.509769: train_loss -0.8735
2026-08-05 17:09:00.510094: val_loss -0.7731
2026-08-05 17:09:00.510164: Pseudo dice [np.float32(0.7149), np.float32(0.9224), np.float32(0.9345)]
2026-08-05 17:09:00.510238: Epoch time: 40.88 s
2026-08-05 17:09:11.512421: 
2026-08-05 17:09:11.512992: Epoch 600
2026-08-05 17:09:11.513116: Current learning rate: 0.00438
2026-08-05 17:09:52.655261: train_loss -0.872
2026-08-05 17:09:52.656092: val_loss -0.7733
2026-08-05 17:09:52.656251: Pseudo dice [np.float32(0.7112), np.float32(0.9139), np.float32(0.9396)]
2026-08-05 17:09:52.656409: Epoch time: 41.15 s
2026-08-05 17:09:53.538662: 
2026-08-05 17:09:53.538917: Epoch 601
2026-08-05 17:09:53.539062: Current learning rate: 0.00437
2026-08-05 17:10:34.699946: train_loss -0.8766
2026-08-05 17:10:34.700482: val_loss -0.7802
2026-08-05 17:10:34.700637: Pseudo dice [np.float32(0.7168), np.float32(0.9208), np.float32(0.938)]
2026-08-05 17:10:34.700772: Epoch time: 41.16 s
2026-08-05 17:10:35.734745: 
2026-08-05 17:10:35.735123: Epoch 602
2026-08-05 17:10:35.735231: Current learning rate: 0.00436
2026-08-05 17:11:16.891236: train_loss -0.8794
2026-08-05 17:11:16.891543: val_loss -0.7733
2026-08-05 17:11:16.891608: Pseudo dice [np.float32(0.7155), np.float32(0.9159), np.float32(0.9353)]
2026-08-05 17:11:16.891687: Epoch time: 41.16 s
2026-08-05 17:11:18.702847: 
2026-08-05 17:11:18.703358: Epoch 603
2026-08-05 17:11:18.703489: Current learning rate: 0.00435
2026-08-05 17:12:00.113163: train_loss -0.8773
2026-08-05 17:12:00.113804: val_loss -0.783
2026-08-05 17:12:00.113926: Pseudo dice [np.float32(0.7173), np.float32(0.9227), np.float32(0.9355)]
2026-08-05 17:12:00.114045: Epoch time: 41.41 s
2026-08-05 17:12:00.975044: 
2026-08-05 17:12:00.975453: Epoch 604
2026-08-05 17:12:00.975596: Current learning rate: 0.00434
2026-08-05 17:12:42.354820: train_loss -0.8746
2026-08-05 17:12:42.355130: val_loss -0.7736
2026-08-05 17:12:42.355203: Pseudo dice [np.float32(0.7131), np.float32(0.9228), np.float32(0.9306)]
2026-08-05 17:12:42.355278: Epoch time: 41.38 s
2026-08-05 17:12:43.372470: 
2026-08-05 17:12:43.372766: Epoch 605
2026-08-05 17:12:43.373343: Current learning rate: 0.00433
2026-08-05 17:13:23.801666: train_loss -0.8743
2026-08-05 17:13:23.801963: val_loss -0.7853
2026-08-05 17:13:23.802022: Pseudo dice [np.float32(0.7217), np.float32(0.9239), np.float32(0.9435)]
2026-08-05 17:13:23.802083: Epoch time: 40.43 s
2026-08-05 17:13:24.561031: 
2026-08-05 17:13:24.561392: Epoch 606
2026-08-05 17:13:24.561485: Current learning rate: 0.00432
2026-08-05 17:14:05.122931: train_loss -0.8774
2026-08-05 17:14:05.123661: val_loss -0.7765
2026-08-05 17:14:05.123888: Pseudo dice [np.float32(0.7227), np.float32(0.9204), np.float32(0.9338)]
2026-08-05 17:14:05.124047: Epoch time: 40.56 s
2026-08-05 17:14:06.244879: 
2026-08-05 17:14:06.245364: Epoch 607
2026-08-05 17:14:06.245465: Current learning rate: 0.00431
2026-08-05 17:14:47.366802: train_loss -0.8784
2026-08-05 17:14:47.367203: val_loss -0.7902
2026-08-05 17:14:47.367337: Pseudo dice [np.float32(0.7281), np.float32(0.9258), np.float32(0.9368)]
2026-08-05 17:14:47.367476: Epoch time: 41.12 s
2026-08-05 17:14:48.407730: 
2026-08-05 17:14:48.408101: Epoch 608
2026-08-05 17:14:48.408208: Current learning rate: 0.0043
2026-08-05 17:15:29.196944: train_loss -0.8804
2026-08-05 17:15:29.352799: val_loss -0.7781
2026-08-05 17:15:29.352948: Pseudo dice [np.float32(0.7222), np.float32(0.9258), np.float32(0.9363)]
2026-08-05 17:15:29.353114: Epoch time: 40.79 s
2026-08-05 17:15:30.261062: 
2026-08-05 17:15:30.261356: Epoch 609
2026-08-05 17:15:30.261550: Current learning rate: 0.00429
2026-08-05 17:16:10.855911: train_loss -0.8751
2026-08-05 17:16:10.856436: val_loss -0.7668
2026-08-05 17:16:10.856508: Pseudo dice [np.float32(0.7107), np.float32(0.9204), np.float32(0.9323)]
2026-08-05 17:16:10.856632: Epoch time: 40.6 s
2026-08-05 17:16:12.307983: 
2026-08-05 17:16:12.308347: Epoch 610
2026-08-05 17:16:12.308439: Current learning rate: 0.00429
2026-08-05 17:16:52.798900: train_loss -0.8765
2026-08-05 17:16:52.799401: val_loss -0.7752
2026-08-05 17:16:52.799470: Pseudo dice [np.float32(0.7198), np.float32(0.9147), np.float32(0.9398)]
2026-08-05 17:16:52.799541: Epoch time: 40.49 s
2026-08-05 17:16:53.573912: 
2026-08-05 17:16:53.574247: Epoch 611
2026-08-05 17:16:53.574366: Current learning rate: 0.00428
2026-08-05 17:17:34.003560: train_loss -0.8768
2026-08-05 17:17:34.003875: val_loss -0.7843
2026-08-05 17:17:34.003955: Pseudo dice [np.float32(0.7225), np.float32(0.9245), np.float32(0.9367)]
2026-08-05 17:17:34.004023: Epoch time: 40.43 s
2026-08-05 17:17:34.771232: 
2026-08-05 17:17:34.771572: Epoch 612
2026-08-05 17:17:34.771666: Current learning rate: 0.00427
2026-08-05 17:18:14.984826: train_loss -0.8782
2026-08-05 17:18:14.990454: val_loss -0.7732
2026-08-05 17:18:14.990537: Pseudo dice [np.float32(0.7235), np.float32(0.9214), np.float32(0.9336)]
2026-08-05 17:18:14.990619: Epoch time: 40.22 s
2026-08-05 17:18:16.204001: 
2026-08-05 17:18:16.204435: Epoch 613
2026-08-05 17:18:16.204629: Current learning rate: 0.00426
2026-08-05 17:18:56.353867: train_loss -0.8704
2026-08-05 17:18:56.354160: val_loss -0.7832
2026-08-05 17:18:56.354221: Pseudo dice [np.float32(0.7235), np.float32(0.9222), np.float32(0.9407)]
2026-08-05 17:18:56.354279: Epoch time: 40.15 s
2026-08-05 17:18:57.120217: 
2026-08-05 17:18:57.120633: Epoch 614
2026-08-05 17:18:57.120732: Current learning rate: 0.00425
2026-08-05 17:19:37.359481: train_loss -0.8781
2026-08-05 17:19:37.360121: val_loss -0.7792
2026-08-05 17:19:37.360250: Pseudo dice [np.float32(0.7177), np.float32(0.9201), np.float32(0.9393)]
2026-08-05 17:19:37.360358: Epoch time: 40.24 s
2026-08-05 17:19:38.373941: 
2026-08-05 17:19:38.374313: Epoch 615
2026-08-05 17:19:38.374413: Current learning rate: 0.00424
2026-08-05 17:20:18.632350: train_loss -0.8787
2026-08-05 17:20:18.632684: val_loss -0.779
2026-08-05 17:20:18.632757: Pseudo dice [np.float32(0.7188), np.float32(0.9242), np.float32(0.9381)]
2026-08-05 17:20:18.632852: Epoch time: 40.26 s
2026-08-05 17:20:19.699720: 
2026-08-05 17:20:19.700069: Epoch 616
2026-08-05 17:20:19.700298: Current learning rate: 0.00423
2026-08-05 17:21:00.588007: train_loss -0.8766
2026-08-05 17:21:00.600926: val_loss -0.7756
2026-08-05 17:21:00.601120: Pseudo dice [np.float32(0.7218), np.float32(0.9191), np.float32(0.936)]
2026-08-05 17:21:00.601270: Epoch time: 40.89 s
2026-08-05 17:21:01.672920: 
2026-08-05 17:21:01.673355: Epoch 617
2026-08-05 17:21:01.673499: Current learning rate: 0.00422
2026-08-05 17:21:42.344908: train_loss -0.8761
2026-08-05 17:21:42.345519: val_loss -0.7892
2026-08-05 17:21:42.345579: Pseudo dice [np.float32(0.7266), np.float32(0.9204), np.float32(0.9378)]
2026-08-05 17:21:42.345641: Epoch time: 40.68 s
2026-08-05 17:21:43.101675: 
2026-08-05 17:21:43.102031: Epoch 618
2026-08-05 17:21:43.102120: Current learning rate: 0.00421
2026-08-05 17:22:56.287573: train_loss -0.8777
2026-08-05 17:22:56.288113: val_loss -0.781
2026-08-05 17:22:56.288263: Pseudo dice [np.float32(0.7124), np.float32(0.9183), np.float32(0.9382)]
2026-08-05 17:22:56.288374: Epoch time: 73.19 s
2026-08-05 17:22:57.466950: 
2026-08-05 17:22:57.467278: Epoch 619
2026-08-05 17:22:57.467397: Current learning rate: 0.0042
2026-08-05 17:23:37.883398: train_loss -0.8739
2026-08-05 17:23:37.884549: val_loss -0.7915
2026-08-05 17:23:37.884770: Pseudo dice [np.float32(0.7346), np.float32(0.9279), np.float32(0.9398)]
2026-08-05 17:23:37.885118: Epoch time: 40.42 s
2026-08-05 17:23:37.885214: Yayy! New best EMA pseudo Dice: 0.8598999977111816
2026-08-05 17:23:45.920209: 
2026-08-05 17:23:45.920576: Epoch 620
2026-08-05 17:23:45.920734: Current learning rate: 0.00419
2026-08-05 17:24:26.169552: train_loss -0.8762
2026-08-05 17:24:26.170108: val_loss -0.7868
2026-08-05 17:24:26.170249: Pseudo dice [np.float32(0.7246), np.float32(0.9224), np.float32(0.9405)]
2026-08-05 17:24:26.170380: Epoch time: 40.25 s
2026-08-05 17:24:26.170468: Yayy! New best EMA pseudo Dice: 0.8600999712944031
2026-08-05 17:24:33.625686: 
2026-08-05 17:24:33.625982: Epoch 621
2026-08-05 17:24:33.626125: Current learning rate: 0.00418
2026-08-05 17:25:13.953550: train_loss -0.8788
2026-08-05 17:25:13.953909: val_loss -0.7782
2026-08-05 17:25:13.954043: Pseudo dice [np.float32(0.7177), np.float32(0.9204), np.float32(0.9325)]
2026-08-05 17:25:13.954159: Epoch time: 40.33 s
2026-08-05 17:25:14.826045: 
2026-08-05 17:25:14.826435: Epoch 622
2026-08-05 17:25:14.826528: Current learning rate: 0.00417
2026-08-05 17:25:55.420746: train_loss -0.8767
2026-08-05 17:25:55.421130: val_loss -0.7982
2026-08-05 17:25:55.421245: Pseudo dice [np.float32(0.7292), np.float32(0.9241), np.float32(0.9378)]
2026-08-05 17:25:55.421358: Epoch time: 40.6 s
2026-08-05 17:25:55.421434: Yayy! New best EMA pseudo Dice: 0.8601999878883362
2026-08-05 17:26:05.481358: 
2026-08-05 17:26:05.481702: Epoch 623
2026-08-05 17:26:05.481816: Current learning rate: 0.00416
2026-08-05 17:26:46.201318: train_loss -0.8764
2026-08-05 17:26:46.201844: val_loss -0.7891
2026-08-05 17:26:46.201983: Pseudo dice [np.float32(0.7248), np.float32(0.9271), np.float32(0.9427)]
2026-08-05 17:26:46.202100: Epoch time: 40.72 s
2026-08-05 17:26:46.202177: Yayy! New best EMA pseudo Dice: 0.8607000112533569
2026-08-05 17:27:07.251793: 
2026-08-05 17:27:07.252193: Epoch 624
2026-08-05 17:27:07.252302: Current learning rate: 0.00415
2026-08-05 17:27:47.314700: train_loss -0.8794
2026-08-05 17:27:47.339020: val_loss -0.7895
2026-08-05 17:27:47.339206: Pseudo dice [np.float32(0.7229), np.float32(0.9276), np.float32(0.9372)]
2026-08-05 17:27:47.339277: Epoch time: 40.07 s
2026-08-05 17:27:47.339319: Yayy! New best EMA pseudo Dice: 0.86080002784729
2026-08-05 17:27:57.135920: 
2026-08-05 17:27:57.136409: Epoch 625
2026-08-05 17:27:57.136508: Current learning rate: 0.00414
2026-08-05 17:28:37.586283: train_loss -0.8732
2026-08-05 17:28:38.004848: val_loss -0.7712
2026-08-05 17:28:38.005343: Pseudo dice [np.float32(0.7109), np.float32(0.9093), np.float32(0.9354)]
2026-08-05 17:28:38.005567: Epoch time: 40.45 s
2026-08-05 17:28:39.026572: 
2026-08-05 17:28:39.026984: Epoch 626
2026-08-05 17:28:39.027182: Current learning rate: 0.00413
2026-08-05 17:29:19.403682: train_loss -0.8674
2026-08-05 17:29:19.404081: val_loss -0.787
2026-08-05 17:29:19.404150: Pseudo dice [np.float32(0.7276), np.float32(0.9216), np.float32(0.9382)]
2026-08-05 17:29:19.404222: Epoch time: 40.38 s
2026-08-05 17:29:20.251765: 
2026-08-05 17:29:20.252068: Epoch 627
2026-08-05 17:29:20.252161: Current learning rate: 0.00412
2026-08-05 17:30:00.853440: train_loss -0.8755
2026-08-05 17:30:00.854216: val_loss -0.793
2026-08-05 17:30:00.854374: Pseudo dice [np.float32(0.7269), np.float32(0.9272), np.float32(0.9385)]
2026-08-05 17:30:00.854502: Epoch time: 40.6 s
2026-08-05 17:30:02.249889: 
2026-08-05 17:30:02.250306: Epoch 628
2026-08-05 17:30:02.250416: Current learning rate: 0.00411
2026-08-05 17:30:42.426943: train_loss -0.859
2026-08-05 17:30:42.427238: val_loss -0.7679
2026-08-05 17:30:42.427301: Pseudo dice [np.float32(0.7046), np.float32(0.9161), np.float32(0.9291)]
2026-08-05 17:30:42.427365: Epoch time: 40.18 s
2026-08-05 17:30:43.206232: 
2026-08-05 17:30:43.206493: Epoch 629
2026-08-05 17:30:43.206580: Current learning rate: 0.0041
2026-08-05 17:31:23.995817: train_loss -0.8488
2026-08-05 17:31:23.996161: val_loss -0.7762
2026-08-05 17:31:23.996269: Pseudo dice [np.float32(0.7123), np.float32(0.9176), np.float32(0.9317)]
2026-08-05 17:31:23.996355: Epoch time: 40.79 s
2026-08-05 17:31:25.088542: 
2026-08-05 17:31:25.088781: Epoch 630
2026-08-05 17:31:25.088925: Current learning rate: 0.00409
2026-08-05 17:32:05.645482: train_loss -0.8602
2026-08-05 17:32:05.645707: val_loss -0.7817
2026-08-05 17:32:05.645763: Pseudo dice [np.float32(0.7158), np.float32(0.9244), np.float32(0.9371)]
2026-08-05 17:32:05.645820: Epoch time: 40.56 s
2026-08-05 17:32:06.404370: 
2026-08-05 17:32:06.404784: Epoch 631
2026-08-05 17:32:06.404924: Current learning rate: 0.00408
2026-08-05 17:32:46.860390: train_loss -0.8676
2026-08-05 17:32:46.860676: val_loss -0.7747
2026-08-05 17:32:46.860734: Pseudo dice [np.float32(0.702), np.float32(0.9157), np.float32(0.936)]
2026-08-05 17:32:46.860796: Epoch time: 40.46 s
2026-08-05 17:32:47.913948: 
2026-08-05 17:32:47.914397: Epoch 632
2026-08-05 17:32:47.914585: Current learning rate: 0.00407
2026-08-05 17:33:28.242525: train_loss -0.8696
2026-08-05 17:33:28.243035: val_loss -0.771
2026-08-05 17:33:28.243172: Pseudo dice [np.float32(0.7186), np.float32(0.9193), np.float32(0.9352)]
2026-08-05 17:33:28.243404: Epoch time: 40.33 s
2026-08-05 17:33:29.282811: 
2026-08-05 17:33:29.283215: Epoch 633
2026-08-05 17:33:29.283333: Current learning rate: 0.00406
2026-08-05 17:34:09.894679: train_loss -0.8718
2026-08-05 17:34:09.895198: val_loss -0.7884
2026-08-05 17:34:09.895289: Pseudo dice [np.float32(0.7298), np.float32(0.9303), np.float32(0.9364)]
2026-08-05 17:34:09.895380: Epoch time: 40.61 s
2026-08-05 17:34:11.207681: 
2026-08-05 17:34:11.207932: Epoch 634
2026-08-05 17:34:11.208113: Current learning rate: 0.00405
2026-08-05 17:34:52.010064: train_loss -0.874
2026-08-05 17:34:52.013377: val_loss -0.7853
2026-08-05 17:34:52.014212: Pseudo dice [np.float32(0.7188), np.float32(0.9231), np.float32(0.9345)]
2026-08-05 17:34:52.014416: Epoch time: 40.81 s
2026-08-05 17:34:53.036000: 
2026-08-05 17:34:53.036412: Epoch 635
2026-08-05 17:34:53.036542: Current learning rate: 0.00404
2026-08-05 17:35:33.533774: train_loss -0.8745
2026-08-05 17:35:33.534317: val_loss -0.7862
2026-08-05 17:35:33.534401: Pseudo dice [np.float32(0.7271), np.float32(0.9258), np.float32(0.9371)]
2026-08-05 17:35:33.534523: Epoch time: 40.5 s
2026-08-05 17:35:34.539393: 
2026-08-05 17:35:34.539745: Epoch 636
2026-08-05 17:35:34.539842: Current learning rate: 0.00403
2026-08-05 17:36:14.761832: train_loss -0.878
2026-08-05 17:36:14.791586: val_loss -0.7767
2026-08-05 17:36:14.791684: Pseudo dice [np.float32(0.7061), np.float32(0.9205), np.float32(0.9369)]
2026-08-05 17:36:14.791761: Epoch time: 40.23 s
2026-08-05 17:36:15.791834: 
2026-08-05 17:36:15.792097: Epoch 637
2026-08-05 17:36:15.792236: Current learning rate: 0.00402
2026-08-05 17:36:56.226657: train_loss -0.8815
2026-08-05 17:36:56.227201: val_loss -0.7811
2026-08-05 17:36:56.227340: Pseudo dice [np.float32(0.7173), np.float32(0.9203), np.float32(0.9385)]
2026-08-05 17:36:56.227551: Epoch time: 40.44 s
2026-08-05 17:36:57.158313: 
2026-08-05 17:36:57.158720: Epoch 638
2026-08-05 17:36:57.158906: Current learning rate: 0.00401
2026-08-05 17:37:37.660345: train_loss -0.8814
2026-08-05 17:37:37.726342: val_loss -0.7705
2026-08-05 17:37:37.726583: Pseudo dice [np.float32(0.7123), np.float32(0.9216), np.float32(0.9324)]
2026-08-05 17:37:37.726745: Epoch time: 40.51 s
2026-08-05 17:37:38.685702: 
2026-08-05 17:37:38.686093: Epoch 639
2026-08-05 17:37:38.686268: Current learning rate: 0.004
2026-08-05 17:38:19.127017: train_loss -0.8804
2026-08-05 17:38:19.236938: val_loss -0.7765
2026-08-05 17:38:19.237139: Pseudo dice [np.float32(0.7239), np.float32(0.9226), np.float32(0.9366)]
2026-08-05 17:38:19.237267: Epoch time: 40.44 s
2026-08-05 17:38:20.292887: 
2026-08-05 17:38:20.293116: Epoch 640
2026-08-05 17:38:20.293239: Current learning rate: 0.00399
2026-08-05 17:39:00.947583: train_loss -0.8803
2026-08-05 17:39:00.947881: val_loss -0.7732
2026-08-05 17:39:00.947975: Pseudo dice [np.float32(0.7233), np.float32(0.9162), np.float32(0.9345)]
2026-08-05 17:39:00.948048: Epoch time: 40.66 s
2026-08-05 17:39:01.959229: 
2026-08-05 17:39:01.959555: Epoch 641
2026-08-05 17:39:01.959675: Current learning rate: 0.00398
2026-08-05 17:39:42.175632: train_loss -0.881
2026-08-05 17:39:42.176132: val_loss -0.782
2026-08-05 17:39:42.176267: Pseudo dice [np.float32(0.7341), np.float32(0.9223), np.float32(0.9384)]
2026-08-05 17:39:42.176397: Epoch time: 40.22 s
2026-08-05 17:39:43.043806: 
2026-08-05 17:39:43.044272: Epoch 642
2026-08-05 17:39:43.044365: Current learning rate: 0.00397
2026-08-05 17:40:23.296639: train_loss -0.8772
2026-08-05 17:40:23.297246: val_loss -0.7787
2026-08-05 17:40:23.297318: Pseudo dice [np.float32(0.7209), np.float32(0.9238), np.float32(0.9349)]
2026-08-05 17:40:23.297395: Epoch time: 40.26 s
2026-08-05 17:40:24.350262: 
2026-08-05 17:40:24.350619: Epoch 643
2026-08-05 17:40:24.350785: Current learning rate: 0.00396
2026-08-05 17:41:04.793469: train_loss -0.8774
2026-08-05 17:41:04.794184: val_loss -0.7749
2026-08-05 17:41:04.794383: Pseudo dice [np.float32(0.7147), np.float32(0.9193), np.float32(0.9381)]
2026-08-05 17:41:04.794572: Epoch time: 40.45 s
2026-08-05 17:41:05.724852: 
2026-08-05 17:41:05.725185: Epoch 644
2026-08-05 17:41:05.725272: Current learning rate: 0.00395
2026-08-05 17:41:45.808921: train_loss -0.8784
2026-08-05 17:41:45.809299: val_loss -0.7852
2026-08-05 17:41:45.809409: Pseudo dice [np.float32(0.7205), np.float32(0.9227), np.float32(0.9346)]
2026-08-05 17:41:45.809524: Epoch time: 40.09 s
2026-08-05 17:41:46.830451: 
2026-08-05 17:41:46.830775: Epoch 645
2026-08-05 17:41:46.830880: Current learning rate: 0.00394
2026-08-05 17:42:26.998913: train_loss -0.8798
2026-08-05 17:42:26.999244: val_loss -0.7869
2026-08-05 17:42:26.999315: Pseudo dice [np.float32(0.7285), np.float32(0.9214), np.float32(0.9367)]
2026-08-05 17:42:26.999402: Epoch time: 40.17 s
2026-08-05 17:42:28.057301: 
2026-08-05 17:42:28.057713: Epoch 646
2026-08-05 17:42:28.057813: Current learning rate: 0.00393
2026-08-05 17:43:08.856374: train_loss -0.8789
2026-08-05 17:43:08.856663: val_loss -0.7772
2026-08-05 17:43:08.856720: Pseudo dice [np.float32(0.7149), np.float32(0.9225), np.float32(0.9347)]
2026-08-05 17:43:08.856788: Epoch time: 40.8 s
2026-08-05 17:43:09.771000: 
2026-08-05 17:43:09.771297: Epoch 647
2026-08-05 17:43:09.771398: Current learning rate: 0.00392
2026-08-05 17:43:50.226859: train_loss -0.8816
2026-08-05 17:43:50.227281: val_loss -0.7868
2026-08-05 17:43:50.227432: Pseudo dice [np.float32(0.7266), np.float32(0.927), np.float32(0.9357)]
2026-08-05 17:43:50.227515: Epoch time: 40.46 s
2026-08-05 17:43:51.233283: 
2026-08-05 17:43:51.233585: Epoch 648
2026-08-05 17:43:51.233885: Current learning rate: 0.00391
2026-08-05 17:44:31.651166: train_loss -0.8804
2026-08-05 17:44:31.651456: val_loss -0.7772
2026-08-05 17:44:31.651511: Pseudo dice [np.float32(0.7181), np.float32(0.9226), np.float32(0.9383)]
2026-08-05 17:44:31.651574: Epoch time: 40.42 s
2026-08-05 17:44:32.532275: 
2026-08-05 17:44:32.532641: Epoch 649
2026-08-05 17:44:32.532746: Current learning rate: 0.0039
2026-08-05 17:45:12.975652: train_loss -0.87
2026-08-05 17:45:12.976010: val_loss -0.7812
2026-08-05 17:45:12.976190: Pseudo dice [np.float32(0.7246), np.float32(0.9216), np.float32(0.9366)]
2026-08-05 17:45:12.976278: Epoch time: 40.45 s
2026-08-05 17:45:18.089092: 
2026-08-05 17:45:18.089470: Epoch 650
2026-08-05 17:45:18.089576: Current learning rate: 0.00389
2026-08-05 17:45:58.048865: train_loss -0.8714
2026-08-05 17:45:58.049154: val_loss -0.774
2026-08-05 17:45:58.049216: Pseudo dice [np.float32(0.7201), np.float32(0.9198), np.float32(0.9331)]
2026-08-05 17:45:58.049284: Epoch time: 39.96 s
2026-08-05 17:45:59.018519: 
2026-08-05 17:45:59.018861: Epoch 651
2026-08-05 17:45:59.018979: Current learning rate: 0.00388
2026-08-05 17:46:38.976147: train_loss -0.8787
2026-08-05 17:46:38.976636: val_loss -0.7833
2026-08-05 17:46:38.976713: Pseudo dice [np.float32(0.7214), np.float32(0.923), np.float32(0.9368)]
2026-08-05 17:46:38.976790: Epoch time: 39.96 s
2026-08-05 17:46:40.402864: 
2026-08-05 17:46:40.403330: Epoch 652
2026-08-05 17:46:40.403453: Current learning rate: 0.00387
2026-08-05 17:47:20.283977: train_loss -0.8802
2026-08-05 17:47:20.284346: val_loss -0.7838
2026-08-05 17:47:20.284415: Pseudo dice [np.float32(0.7211), np.float32(0.9224), np.float32(0.9398)]
2026-08-05 17:47:20.284487: Epoch time: 39.89 s
2026-08-05 17:47:21.135850: 
2026-08-05 17:47:21.136085: Epoch 653
2026-08-05 17:47:21.136178: Current learning rate: 0.00386
2026-08-05 17:48:01.322435: train_loss -0.882
2026-08-05 17:48:01.322818: val_loss -0.7721
2026-08-05 17:48:01.322972: Pseudo dice [np.float32(0.7045), np.float32(0.9168), np.float32(0.9409)]
2026-08-05 17:48:01.323102: Epoch time: 40.19 s
2026-08-05 17:48:02.301939: 
2026-08-05 17:48:02.302283: Epoch 654
2026-08-05 17:48:02.302421: Current learning rate: 0.00385
2026-08-05 17:48:42.701102: train_loss -0.8806
2026-08-05 17:48:42.701309: val_loss -0.7771
2026-08-05 17:48:42.701380: Pseudo dice [np.float32(0.7101), np.float32(0.9228), np.float32(0.937)]
2026-08-05 17:48:42.701442: Epoch time: 40.4 s
2026-08-05 17:48:43.675201: 
2026-08-05 17:48:43.675579: Epoch 655
2026-08-05 17:48:43.675762: Current learning rate: 0.00384
2026-08-05 17:49:23.594635: train_loss -0.8784
2026-08-05 17:49:23.594969: val_loss -0.7728
2026-08-05 17:49:23.595042: Pseudo dice [np.float32(0.7215), np.float32(0.9224), np.float32(0.9293)]
2026-08-05 17:49:23.595122: Epoch time: 39.92 s
2026-08-05 17:49:24.585836: 
2026-08-05 17:49:24.586179: Epoch 656
2026-08-05 17:49:24.586286: Current learning rate: 0.00383
2026-08-05 17:50:04.973101: train_loss -0.8768
2026-08-05 17:50:04.973358: val_loss -0.7818
2026-08-05 17:50:04.973421: Pseudo dice [np.float32(0.7288), np.float32(0.9245), np.float32(0.932)]
2026-08-05 17:50:04.973485: Epoch time: 40.39 s
2026-08-05 17:50:05.995304: 
2026-08-05 17:50:05.995591: Epoch 657
2026-08-05 17:50:05.995688: Current learning rate: 0.00382
2026-08-05 17:50:46.297449: train_loss -0.878
2026-08-05 17:50:46.297816: val_loss -0.7722
2026-08-05 17:50:46.298021: Pseudo dice [np.float32(0.722), np.float32(0.9208), np.float32(0.9316)]
2026-08-05 17:50:46.298131: Epoch time: 40.31 s
2026-08-05 17:50:47.778477: 
2026-08-05 17:50:47.778758: Epoch 658
2026-08-05 17:50:47.778881: Current learning rate: 0.00381
2026-08-05 17:51:28.164541: train_loss -0.8773
2026-08-05 17:51:28.164773: val_loss -0.7814
2026-08-05 17:51:28.164829: Pseudo dice [np.float32(0.7236), np.float32(0.9249), np.float32(0.9337)]
2026-08-05 17:51:28.164908: Epoch time: 40.39 s
2026-08-05 17:51:29.093763: 
2026-08-05 17:51:29.094248: Epoch 659
2026-08-05 17:51:29.094365: Current learning rate: 0.0038
2026-08-05 17:52:09.066681: train_loss -0.8782
2026-08-05 17:52:09.067012: val_loss -0.7784
2026-08-05 17:52:09.171664: Pseudo dice [np.float32(0.7194), np.float32(0.9227), np.float32(0.9369)]
2026-08-05 17:52:09.171842: Epoch time: 39.98 s
2026-08-05 17:52:10.169397: 
2026-08-05 17:52:10.169708: Epoch 660
2026-08-05 17:52:10.169827: Current learning rate: 0.00379
2026-08-05 17:52:50.804082: train_loss -0.8793
2026-08-05 17:52:50.804579: val_loss -0.7773
2026-08-05 17:52:50.804643: Pseudo dice [np.float32(0.7199), np.float32(0.9222), np.float32(0.9355)]
2026-08-05 17:52:50.804722: Epoch time: 40.64 s
2026-08-05 17:52:51.636318: 
2026-08-05 17:52:51.636752: Epoch 661
2026-08-05 17:52:51.636836: Current learning rate: 0.00378
2026-08-05 17:53:32.348920: train_loss -0.8819
2026-08-05 17:53:32.349278: val_loss -0.7718
2026-08-05 17:53:32.349391: Pseudo dice [np.float32(0.7115), np.float32(0.9167), np.float32(0.9348)]
2026-08-05 17:53:32.349463: Epoch time: 40.72 s
2026-08-05 17:53:33.363656: 
2026-08-05 17:53:33.364043: Epoch 662
2026-08-05 17:53:33.364196: Current learning rate: 0.00377
2026-08-05 17:54:13.532060: train_loss -0.8816
2026-08-05 17:54:13.532422: val_loss -0.7801
2026-08-05 17:54:13.532490: Pseudo dice [np.float32(0.724), np.float32(0.9292), np.float32(0.9327)]
2026-08-05 17:54:13.532575: Epoch time: 40.17 s
2026-08-05 17:54:14.362712: 
2026-08-05 17:54:14.363089: Epoch 663
2026-08-05 17:54:14.363187: Current learning rate: 0.00376
2026-08-05 17:54:54.754083: train_loss -0.8821
2026-08-05 17:54:54.754583: val_loss -0.7845
2026-08-05 17:54:54.754780: Pseudo dice [np.float32(0.7188), np.float32(0.9224), np.float32(0.9377)]
2026-08-05 17:54:54.755059: Epoch time: 40.39 s
2026-08-05 17:54:55.754347: 
2026-08-05 17:54:55.755048: Epoch 664
2026-08-05 17:54:55.755213: Current learning rate: 0.00375
2026-08-05 17:55:36.420365: train_loss -0.8691
2026-08-05 17:55:36.420587: val_loss -0.7748
2026-08-05 17:55:36.420639: Pseudo dice [np.float32(0.7109), np.float32(0.915), np.float32(0.9355)]
2026-08-05 17:55:36.420699: Epoch time: 40.67 s
2026-08-05 17:55:37.192013: 
2026-08-05 17:55:37.192311: Epoch 665
2026-08-05 17:55:37.192405: Current learning rate: 0.00374
2026-08-05 17:56:17.457301: train_loss -0.8639
2026-08-05 17:56:17.458207: val_loss -0.7698
2026-08-05 17:56:17.458490: Pseudo dice [np.float32(0.7148), np.float32(0.9175), np.float32(0.9349)]
2026-08-05 17:56:17.458702: Epoch time: 40.27 s
2026-08-05 17:56:18.662225: 
2026-08-05 17:56:18.662556: Epoch 666
2026-08-05 17:56:18.662658: Current learning rate: 0.00373
2026-08-05 17:56:58.994933: train_loss -0.8727
2026-08-05 17:56:58.995347: val_loss -0.7767
2026-08-05 17:56:58.995418: Pseudo dice [np.float32(0.7218), np.float32(0.9234), np.float32(0.9336)]
2026-08-05 17:56:58.995483: Epoch time: 40.34 s
2026-08-05 17:56:59.784282: 
2026-08-05 17:56:59.784647: Epoch 667
2026-08-05 17:56:59.784744: Current learning rate: 0.00372
2026-08-05 17:57:39.836738: train_loss -0.8778
2026-08-05 17:57:39.837447: val_loss -0.774
2026-08-05 17:57:39.837533: Pseudo dice [np.float32(0.7174), np.float32(0.9237), np.float32(0.9359)]
2026-08-05 17:57:39.837654: Epoch time: 40.06 s
2026-08-05 17:57:40.853485: 
2026-08-05 17:57:40.853843: Epoch 668
2026-08-05 17:57:40.853962: Current learning rate: 0.00371
2026-08-05 17:58:21.352059: train_loss -0.8819
2026-08-05 17:58:21.352513: val_loss -0.7804
2026-08-05 17:58:21.352674: Pseudo dice [np.float32(0.7185), np.float32(0.9215), np.float32(0.9358)]
2026-08-05 17:58:21.352789: Epoch time: 40.5 s
2026-08-05 17:58:22.163541: 
2026-08-05 17:58:22.163969: Epoch 669
2026-08-05 17:58:22.164073: Current learning rate: 0.0037
2026-08-05 17:59:02.612066: train_loss -0.88
2026-08-05 17:59:02.612445: val_loss -0.7823
2026-08-05 17:59:02.612510: Pseudo dice [np.float32(0.7192), np.float32(0.9245), np.float32(0.9363)]
2026-08-05 17:59:02.612578: Epoch time: 40.45 s
2026-08-05 17:59:03.680810: 
2026-08-05 17:59:03.681158: Epoch 670
2026-08-05 17:59:03.681264: Current learning rate: 0.00369
2026-08-05 17:59:44.126339: train_loss -0.88
2026-08-05 17:59:44.449250: val_loss -0.7658
2026-08-05 17:59:44.449495: Pseudo dice [np.float32(0.7069), np.float32(0.9195), np.float32(0.9334)]
2026-08-05 17:59:44.449609: Epoch time: 40.45 s
2026-08-05 17:59:45.459755: 
2026-08-05 17:59:45.460071: Epoch 671
2026-08-05 17:59:45.460172: Current learning rate: 0.00368
2026-08-05 18:00:25.393126: train_loss -0.8777
2026-08-05 18:00:25.393507: val_loss -0.7825
2026-08-05 18:00:25.393585: Pseudo dice [np.float32(0.7262), np.float32(0.9275), np.float32(0.9355)]
2026-08-05 18:00:25.393663: Epoch time: 39.94 s
2026-08-05 18:00:26.394620: 
2026-08-05 18:00:26.394859: Epoch 672
2026-08-05 18:00:26.394982: Current learning rate: 0.00367
2026-08-05 18:01:06.512743: train_loss -0.8839
2026-08-05 18:01:06.514548: val_loss -0.7773
2026-08-05 18:01:06.514653: Pseudo dice [np.float32(0.7131), np.float32(0.9253), np.float32(0.9354)]
2026-08-05 18:01:06.514768: Epoch time: 40.12 s
2026-08-05 18:01:07.453954: 
2026-08-05 18:01:07.454288: Epoch 673
2026-08-05 18:01:07.454397: Current learning rate: 0.00366
2026-08-05 18:01:47.663482: train_loss -0.8831
2026-08-05 18:01:47.689849: val_loss -0.78
2026-08-05 18:01:47.690023: Pseudo dice [np.float32(0.7222), np.float32(0.9224), np.float32(0.9357)]
2026-08-05 18:01:47.690144: Epoch time: 40.21 s
2026-08-05 18:01:48.753720: 
2026-08-05 18:01:48.754057: Epoch 674
2026-08-05 18:01:48.754153: Current learning rate: 0.00365
2026-08-05 18:02:46.015460: train_loss -0.8824
2026-08-05 18:02:46.015787: val_loss -0.7822
2026-08-05 18:02:46.015858: Pseudo dice [np.float32(0.7192), np.float32(0.9214), np.float32(0.9403)]
2026-08-05 18:02:46.015953: Epoch time: 57.27 s
2026-08-05 18:02:47.051492: 
2026-08-05 18:02:47.051759: Epoch 675
2026-08-05 18:02:47.051869: Current learning rate: 0.00364
2026-08-05 18:03:27.526072: train_loss -0.8766
2026-08-05 18:03:27.526352: val_loss -0.779
2026-08-05 18:03:27.526407: Pseudo dice [np.float32(0.7181), np.float32(0.9216), np.float32(0.9378)]
2026-08-05 18:03:27.526620: Epoch time: 40.48 s
2026-08-05 18:03:28.426062: 
2026-08-05 18:03:28.426410: Epoch 676
2026-08-05 18:03:28.426556: Current learning rate: 0.00363
2026-08-05 18:04:09.221544: train_loss -0.8709
2026-08-05 18:04:09.221850: val_loss -0.7957
2026-08-05 18:04:09.221920: Pseudo dice [np.float32(0.731), np.float32(0.9267), np.float32(0.9383)]
2026-08-05 18:04:09.221996: Epoch time: 40.8 s
2026-08-05 18:04:10.059358: 
2026-08-05 18:04:10.059906: Epoch 677
2026-08-05 18:04:10.060008: Current learning rate: 0.00362
2026-08-05 18:04:50.907156: train_loss -0.8751
2026-08-05 18:04:50.907427: val_loss -0.7748
2026-08-05 18:04:50.907492: Pseudo dice [np.float32(0.7139), np.float32(0.9214), np.float32(0.9313)]
2026-08-05 18:04:50.907561: Epoch time: 40.85 s
2026-08-05 18:04:51.933935: 
2026-08-05 18:04:51.934199: Epoch 678
2026-08-05 18:04:51.934306: Current learning rate: 0.00361
2026-08-05 18:05:32.376393: train_loss -0.8786
2026-08-05 18:05:32.376782: val_loss -0.7756
2026-08-05 18:05:32.376845: Pseudo dice [np.float32(0.7228), np.float32(0.92), np.float32(0.9362)]
2026-08-05 18:05:32.376945: Epoch time: 40.45 s
2026-08-05 18:05:33.198471: 
2026-08-05 18:05:33.198792: Epoch 679
2026-08-05 18:05:33.198968: Current learning rate: 0.0036
2026-08-05 18:06:13.870093: train_loss -0.8821
2026-08-05 18:06:13.870997: val_loss -0.7808
2026-08-05 18:06:13.871064: Pseudo dice [np.float32(0.7226), np.float32(0.9182), np.float32(0.9378)]
2026-08-05 18:06:13.871146: Epoch time: 40.67 s
2026-08-05 18:06:14.917304: 
2026-08-05 18:06:14.917733: Epoch 680
2026-08-05 18:06:14.917855: Current learning rate: 0.00359
2026-08-05 18:06:55.314558: train_loss -0.8826
2026-08-05 18:06:55.315840: val_loss -0.7742
2026-08-05 18:06:55.316032: Pseudo dice [np.float32(0.7167), np.float32(0.9187), np.float32(0.9355)]
2026-08-05 18:06:55.316348: Epoch time: 40.4 s
2026-08-05 18:06:56.312886: 
2026-08-05 18:06:56.313272: Epoch 681
2026-08-05 18:06:56.313380: Current learning rate: 0.00358
2026-08-05 18:07:36.922082: train_loss -0.8826
2026-08-05 18:07:36.922539: val_loss -0.7794
2026-08-05 18:07:36.922731: Pseudo dice [np.float32(0.7126), np.float32(0.9172), np.float32(0.9362)]
2026-08-05 18:07:36.922873: Epoch time: 40.61 s
2026-08-05 18:07:38.098357: 
2026-08-05 18:07:38.098881: Epoch 682
2026-08-05 18:07:38.099013: Current learning rate: 0.00357
2026-08-05 18:08:19.335235: train_loss -0.885
2026-08-05 18:08:19.338679: val_loss -0.7832
2026-08-05 18:08:19.338823: Pseudo dice [np.float32(0.7229), np.float32(0.9261), np.float32(0.9424)]
2026-08-05 18:08:19.338953: Epoch time: 41.24 s
2026-08-05 18:08:20.258268: 
2026-08-05 18:08:20.258785: Epoch 683
2026-08-05 18:08:20.258974: Current learning rate: 0.00356
2026-08-05 18:09:00.800877: train_loss -0.8854
2026-08-05 18:09:00.801349: val_loss -0.7759
2026-08-05 18:09:00.801456: Pseudo dice [np.float32(0.7138), np.float32(0.9197), np.float32(0.9365)]
2026-08-05 18:09:00.801540: Epoch time: 40.55 s
2026-08-05 18:09:01.817091: 
2026-08-05 18:09:01.817454: Epoch 684
2026-08-05 18:09:01.817566: Current learning rate: 0.00355
2026-08-05 18:09:42.654848: train_loss -0.886
2026-08-05 18:09:42.655480: val_loss -0.7854
2026-08-05 18:09:42.655591: Pseudo dice [np.float32(0.7231), np.float32(0.9212), np.float32(0.9372)]
2026-08-05 18:09:42.655680: Epoch time: 40.84 s
2026-08-05 18:09:43.658098: 
2026-08-05 18:09:43.658403: Epoch 685
2026-08-05 18:09:43.658521: Current learning rate: 0.00354
2026-08-05 18:10:24.358235: train_loss -0.8883
2026-08-05 18:10:24.358621: val_loss -0.7855
2026-08-05 18:10:24.358685: Pseudo dice [np.float32(0.7253), np.float32(0.9243), np.float32(0.9373)]
2026-08-05 18:10:24.358744: Epoch time: 40.7 s
2026-08-05 18:10:25.146043: 
2026-08-05 18:10:25.146413: Epoch 686
2026-08-05 18:10:25.146506: Current learning rate: 0.00353
2026-08-05 18:11:05.512570: train_loss -0.89
2026-08-05 18:11:05.513115: val_loss -0.7677
2026-08-05 18:11:05.513182: Pseudo dice [np.float32(0.7195), np.float32(0.921), np.float32(0.9319)]
2026-08-05 18:11:05.513262: Epoch time: 40.37 s
2026-08-05 18:11:06.542470: 
2026-08-05 18:11:06.542862: Epoch 687
2026-08-05 18:11:06.543038: Current learning rate: 0.00352
2026-08-05 18:11:47.002551: train_loss -0.8883
2026-08-05 18:11:47.003224: val_loss -0.7842
2026-08-05 18:11:47.003304: Pseudo dice [np.float32(0.7252), np.float32(0.9262), np.float32(0.9378)]
2026-08-05 18:11:47.003458: Epoch time: 40.46 s
2026-08-05 18:11:47.970576: 
2026-08-05 18:11:47.970858: Epoch 688
2026-08-05 18:11:47.970989: Current learning rate: 0.00351
2026-08-05 18:12:28.510300: train_loss -0.8879
2026-08-05 18:12:28.510638: val_loss -0.7746
2026-08-05 18:12:28.510697: Pseudo dice [np.float32(0.7196), np.float32(0.9191), np.float32(0.9356)]
2026-08-05 18:12:28.510766: Epoch time: 40.54 s
2026-08-05 18:12:29.889399: 
2026-08-05 18:12:29.889751: Epoch 689
2026-08-05 18:12:29.889849: Current learning rate: 0.0035
2026-08-05 18:13:10.469124: train_loss -0.8864
2026-08-05 18:13:10.703135: val_loss -0.7834
2026-08-05 18:13:10.703424: Pseudo dice [np.float32(0.7253), np.float32(0.9271), np.float32(0.9379)]
2026-08-05 18:13:10.703602: Epoch time: 40.58 s
2026-08-05 18:13:11.857610: 
2026-08-05 18:13:11.857931: Epoch 690
2026-08-05 18:13:11.858199: Current learning rate: 0.00349
2026-08-05 18:13:52.539705: train_loss -0.8882
2026-08-05 18:13:52.540325: val_loss -0.7746
2026-08-05 18:13:52.540422: Pseudo dice [np.float32(0.7186), np.float32(0.9249), np.float32(0.9353)]
2026-08-05 18:13:52.540511: Epoch time: 40.69 s
2026-08-05 18:13:53.572918: 
2026-08-05 18:13:53.573176: Epoch 691
2026-08-05 18:13:53.573307: Current learning rate: 0.00348
2026-08-05 18:14:34.132724: train_loss -0.8891
2026-08-05 18:14:34.341022: val_loss -0.7851
2026-08-05 18:14:34.341316: Pseudo dice [np.float32(0.7163), np.float32(0.9181), np.float32(0.9363)]
2026-08-05 18:14:34.341555: Epoch time: 40.56 s
2026-08-05 18:14:35.603165: 
2026-08-05 18:14:35.603519: Epoch 692
2026-08-05 18:14:35.603712: Current learning rate: 0.00346
2026-08-05 18:15:15.968920: train_loss -0.8891
2026-08-05 18:15:15.969988: val_loss -0.7731
2026-08-05 18:15:15.970054: Pseudo dice [np.float32(0.7099), np.float32(0.9257), np.float32(0.9327)]
2026-08-05 18:15:15.970134: Epoch time: 40.37 s
2026-08-05 18:15:16.903645: 
2026-08-05 18:15:16.904162: Epoch 693
2026-08-05 18:15:16.904355: Current learning rate: 0.00345
2026-08-05 18:15:57.936342: train_loss -0.8854
2026-08-05 18:15:57.936774: val_loss -0.7765
2026-08-05 18:15:57.936853: Pseudo dice [np.float32(0.7207), np.float32(0.9188), np.float32(0.9294)]
2026-08-05 18:15:57.936961: Epoch time: 41.04 s
2026-08-05 18:15:58.767123: 
2026-08-05 18:15:58.767631: Epoch 694
2026-08-05 18:15:58.767792: Current learning rate: 0.00344
2026-08-05 18:16:39.303782: train_loss -0.8874
2026-08-05 18:16:39.304222: val_loss -0.7775
2026-08-05 18:16:39.304360: Pseudo dice [np.float32(0.7207), np.float32(0.921), np.float32(0.9323)]
2026-08-05 18:16:39.304426: Epoch time: 40.54 s
2026-08-05 18:16:40.793213: 
2026-08-05 18:16:40.793546: Epoch 695
2026-08-05 18:16:40.793736: Current learning rate: 0.00343
2026-08-05 18:17:21.332941: train_loss -0.8843
2026-08-05 18:17:21.366134: val_loss -0.7791
2026-08-05 18:17:21.366261: Pseudo dice [np.float32(0.7292), np.float32(0.9224), np.float32(0.9335)]
2026-08-05 18:17:21.366333: Epoch time: 40.54 s
2026-08-05 18:17:22.398159: 
2026-08-05 18:17:22.398545: Epoch 696
2026-08-05 18:17:22.398657: Current learning rate: 0.00342
2026-08-05 18:18:03.215186: train_loss -0.8834
2026-08-05 18:18:03.215765: val_loss -0.7664
2026-08-05 18:18:03.216020: Pseudo dice [np.float32(0.7145), np.float32(0.9221), np.float32(0.9315)]
2026-08-05 18:18:03.216160: Epoch time: 40.82 s
2026-08-05 18:18:04.334371: 
2026-08-05 18:18:04.334763: Epoch 697
2026-08-05 18:18:04.334867: Current learning rate: 0.00341
2026-08-05 18:18:45.082210: train_loss -0.8774
2026-08-05 18:18:45.082484: val_loss -0.7756
2026-08-05 18:18:45.082544: Pseudo dice [np.float32(0.7196), np.float32(0.9127), np.float32(0.9387)]
2026-08-05 18:18:45.082622: Epoch time: 40.75 s
2026-08-05 18:18:45.944600: 
2026-08-05 18:18:45.944933: Epoch 698
2026-08-05 18:18:45.945029: Current learning rate: 0.0034
2026-08-05 18:19:26.609258: train_loss -0.8638
2026-08-05 18:19:26.609587: val_loss -0.778
2026-08-05 18:19:26.609650: Pseudo dice [np.float32(0.7116), np.float32(0.9208), np.float32(0.9356)]
2026-08-05 18:19:26.609713: Epoch time: 40.67 s
2026-08-05 18:19:27.659398: 
2026-08-05 18:19:27.659929: Epoch 699
2026-08-05 18:19:27.660055: Current learning rate: 0.00339
2026-08-05 18:20:08.258405: train_loss -0.8745
2026-08-05 18:20:08.258727: val_loss -0.7783
2026-08-05 18:20:08.258808: Pseudo dice [np.float32(0.7171), np.float32(0.9188), np.float32(0.9358)]
2026-08-05 18:20:08.258877: Epoch time: 40.6 s
2026-08-05 18:20:17.416255: 
2026-08-05 18:20:17.416578: Epoch 700
2026-08-05 18:20:17.416680: Current learning rate: 0.00338
2026-08-05 18:20:58.104090: train_loss -0.8769
2026-08-05 18:20:58.104463: val_loss -0.7774
2026-08-05 18:20:58.104561: Pseudo dice [np.float32(0.7243), np.float32(0.9223), np.float32(0.932)]
2026-08-05 18:20:58.104633: Epoch time: 40.69 s
2026-08-05 18:20:58.965073: 
2026-08-05 18:20:58.965367: Epoch 701
2026-08-05 18:20:58.965458: Current learning rate: 0.00337
2026-08-05 18:21:40.438844: train_loss -0.8835
2026-08-05 18:21:40.439336: val_loss -0.7648
2026-08-05 18:21:40.439432: Pseudo dice [np.float32(0.7134), np.float32(0.9195), np.float32(0.9333)]
2026-08-05 18:21:40.439517: Epoch time: 41.48 s
2026-08-05 18:21:41.501829: 
2026-08-05 18:21:41.502221: Epoch 702
2026-08-05 18:21:41.502339: Current learning rate: 0.00336
2026-08-05 18:22:21.954199: train_loss -0.8842
2026-08-05 18:22:21.954628: val_loss -0.7731
2026-08-05 18:22:21.954708: Pseudo dice [np.float32(0.7087), np.float32(0.9164), np.float32(0.9356)]
2026-08-05 18:22:21.954773: Epoch time: 40.46 s
2026-08-05 18:22:23.166599: 
2026-08-05 18:22:23.167115: Epoch 703
2026-08-05 18:22:23.167223: Current learning rate: 0.00335
2026-08-05 18:23:03.745209: train_loss -0.8849
2026-08-05 18:23:03.745528: val_loss -0.7833
2026-08-05 18:23:03.745592: Pseudo dice [np.float32(0.7288), np.float32(0.9221), np.float32(0.9393)]
2026-08-05 18:23:03.745666: Epoch time: 40.58 s
2026-08-05 18:23:04.852170: 
2026-08-05 18:23:04.852531: Epoch 704
2026-08-05 18:23:04.852682: Current learning rate: 0.00334
2026-08-05 18:23:45.752600: train_loss -0.8794
2026-08-05 18:23:45.753764: val_loss -0.775
2026-08-05 18:23:45.754006: Pseudo dice [np.float32(0.7189), np.float32(0.9202), np.float32(0.9304)]
2026-08-05 18:23:45.754159: Epoch time: 40.9 s
2026-08-05 18:23:46.676909: 
2026-08-05 18:23:46.677356: Epoch 705
2026-08-05 18:23:46.677476: Current learning rate: 0.00333
2026-08-05 18:24:27.432120: train_loss -0.8826
2026-08-05 18:24:27.551556: val_loss -0.7828
2026-08-05 18:24:27.551767: Pseudo dice [np.float32(0.7223), np.float32(0.9179), np.float32(0.9395)]
2026-08-05 18:24:27.551924: Epoch time: 40.76 s
2026-08-05 18:24:28.508235: 
2026-08-05 18:24:28.508589: Epoch 706
2026-08-05 18:24:28.508677: Current learning rate: 0.00332
2026-08-05 18:25:09.366837: train_loss -0.8781
2026-08-05 18:25:09.367272: val_loss -0.7765
2026-08-05 18:25:09.367422: Pseudo dice [np.float32(0.7241), np.float32(0.9188), np.float32(0.937)]
2026-08-05 18:25:09.367586: Epoch time: 40.86 s
2026-08-05 18:25:10.388848: 
2026-08-05 18:25:10.389123: Epoch 707
2026-08-05 18:25:10.389225: Current learning rate: 0.00331
2026-08-05 18:25:52.088342: train_loss -0.8791
2026-08-05 18:25:52.088681: val_loss -0.7753
2026-08-05 18:25:52.088746: Pseudo dice [np.float32(0.7214), np.float32(0.9227), np.float32(0.9336)]
2026-08-05 18:25:52.088816: Epoch time: 41.7 s
2026-08-05 18:25:53.113110: 
2026-08-05 18:25:53.113439: Epoch 708
2026-08-05 18:25:53.113581: Current learning rate: 0.0033
2026-08-05 18:26:33.754122: train_loss -0.867
2026-08-05 18:26:33.754993: val_loss -0.787
2026-08-05 18:26:33.755263: Pseudo dice [np.float32(0.7229), np.float32(0.9244), np.float32(0.9351)]
2026-08-05 18:26:33.755556: Epoch time: 40.64 s
2026-08-05 18:26:34.897595: 
2026-08-05 18:26:34.897953: Epoch 709
2026-08-05 18:26:34.898045: Current learning rate: 0.00329
2026-08-05 18:27:15.282801: train_loss -0.8518
2026-08-05 18:27:15.283241: val_loss -0.7849
2026-08-05 18:27:15.283336: Pseudo dice [np.float32(0.728), np.float32(0.9225), np.float32(0.9325)]
2026-08-05 18:27:15.283510: Epoch time: 40.39 s
2026-08-05 18:27:16.329799: 
2026-08-05 18:27:16.330216: Epoch 710
2026-08-05 18:27:16.330371: Current learning rate: 0.00328
2026-08-05 18:27:56.607452: train_loss -0.8625
2026-08-05 18:27:56.608245: val_loss -0.7688
2026-08-05 18:27:56.608451: Pseudo dice [np.float32(0.7156), np.float32(0.9171), np.float32(0.9336)]
2026-08-05 18:27:56.608560: Epoch time: 40.28 s
2026-08-05 18:27:57.646917: 
2026-08-05 18:27:57.647362: Epoch 711
2026-08-05 18:27:57.647479: Current learning rate: 0.00327
2026-08-05 18:28:37.868172: train_loss -0.8694
2026-08-05 18:28:37.868724: val_loss -0.7721
2026-08-05 18:28:37.868793: Pseudo dice [np.float32(0.7101), np.float32(0.9162), np.float32(0.9353)]
2026-08-05 18:28:37.868876: Epoch time: 40.23 s
2026-08-05 18:28:38.897911: 
2026-08-05 18:28:38.898329: Epoch 712
2026-08-05 18:28:38.898459: Current learning rate: 0.00326
2026-08-05 18:29:19.631781: train_loss -0.8718
2026-08-05 18:29:20.013770: val_loss -0.7836
2026-08-05 18:29:20.014112: Pseudo dice [np.float32(0.7223), np.float32(0.9259), np.float32(0.935)]
2026-08-05 18:29:20.014435: Epoch time: 40.74 s
2026-08-05 18:29:20.988241: 
2026-08-05 18:29:20.988729: Epoch 713
2026-08-05 18:29:20.988830: Current learning rate: 0.00325
2026-08-05 18:30:01.816928: train_loss -0.8751
2026-08-05 18:30:01.817458: val_loss -0.7753
2026-08-05 18:30:01.817528: Pseudo dice [np.float32(0.712), np.float32(0.9191), np.float32(0.933)]
2026-08-05 18:30:01.817608: Epoch time: 40.83 s
2026-08-05 18:30:03.151200: 
2026-08-05 18:30:03.151516: Epoch 714
2026-08-05 18:30:03.151663: Current learning rate: 0.00324
2026-08-05 18:30:43.855918: train_loss -0.881
2026-08-05 18:30:43.856406: val_loss -0.7627
2026-08-05 18:30:43.856500: Pseudo dice [np.float32(0.7028), np.float32(0.9174), np.float32(0.9374)]
2026-08-05 18:30:43.856579: Epoch time: 40.71 s
2026-08-05 18:30:44.935920: 
2026-08-05 18:30:44.936384: Epoch 715
2026-08-05 18:30:44.936542: Current learning rate: 0.00323
2026-08-05 18:31:25.961914: train_loss -0.8829
2026-08-05 18:31:25.962169: val_loss -0.7763
2026-08-05 18:31:25.962241: Pseudo dice [np.float32(0.7118), np.float32(0.919), np.float32(0.939)]
2026-08-05 18:31:25.962323: Epoch time: 41.03 s
2026-08-05 18:31:26.845835: 
2026-08-05 18:31:26.846244: Epoch 716
2026-08-05 18:31:26.846408: Current learning rate: 0.00322
2026-08-05 18:32:07.758733: train_loss -0.8785
2026-08-05 18:32:07.759505: val_loss -0.7739
2026-08-05 18:32:07.759684: Pseudo dice [np.float32(0.7174), np.float32(0.9183), np.float32(0.9369)]
2026-08-05 18:32:07.759831: Epoch time: 40.92 s
2026-08-05 18:32:08.676743: 
2026-08-05 18:32:08.677170: Epoch 717
2026-08-05 18:32:08.677274: Current learning rate: 0.00321
2026-08-05 18:32:49.541002: train_loss -0.8649
2026-08-05 18:32:49.541298: val_loss -0.7845
2026-08-05 18:32:49.541371: Pseudo dice [np.float32(0.7294), np.float32(0.9257), np.float32(0.9331)]
2026-08-05 18:32:49.541438: Epoch time: 40.87 s
2026-08-05 18:32:50.407938: 
2026-08-05 18:32:50.408359: Epoch 718
2026-08-05 18:32:50.408462: Current learning rate: 0.0032
2026-08-05 18:33:31.589423: train_loss -0.8745
2026-08-05 18:33:31.765788: val_loss -0.7887
2026-08-05 18:33:31.766114: Pseudo dice [np.float32(0.7236), np.float32(0.9206), np.float32(0.9353)]
2026-08-05 18:33:31.766280: Epoch time: 41.18 s
2026-08-05 18:33:32.770926: 
2026-08-05 18:33:32.771290: Epoch 719
2026-08-05 18:33:32.771389: Current learning rate: 0.00319
2026-08-05 18:34:13.898089: train_loss -0.8805
2026-08-05 18:34:14.050637: val_loss -0.7795
2026-08-05 18:34:14.050807: Pseudo dice [np.float32(0.7175), np.float32(0.9239), np.float32(0.9311)]
2026-08-05 18:34:14.050911: Epoch time: 41.13 s
2026-08-05 18:34:15.128528: 
2026-08-05 18:34:15.128868: Epoch 720
2026-08-05 18:34:15.129075: Current learning rate: 0.00318
2026-08-05 18:34:56.460857: train_loss -0.8835
2026-08-05 18:34:56.461280: val_loss -0.7685
2026-08-05 18:34:56.461344: Pseudo dice [np.float32(0.7044), np.float32(0.9205), np.float32(0.9359)]
2026-08-05 18:34:56.461416: Epoch time: 41.34 s
2026-08-05 18:34:57.502530: 
2026-08-05 18:34:57.503217: Epoch 721
2026-08-05 18:34:57.503345: Current learning rate: 0.00317
2026-08-05 18:35:38.304816: train_loss -0.882
2026-08-05 18:35:38.305259: val_loss -0.788
2026-08-05 18:35:38.305322: Pseudo dice [np.float32(0.7273), np.float32(0.925), np.float32(0.9377)]
2026-08-05 18:35:38.305395: Epoch time: 40.81 s
2026-08-05 18:35:39.228658: 
2026-08-05 18:35:39.229090: Epoch 722
2026-08-05 18:35:39.229217: Current learning rate: 0.00316
2026-08-05 18:36:20.249841: train_loss -0.8813
2026-08-05 18:36:20.250541: val_loss -0.769
2026-08-05 18:36:20.250608: Pseudo dice [np.float32(0.7115), np.float32(0.9207), np.float32(0.9361)]
2026-08-05 18:36:20.250710: Epoch time: 41.03 s
2026-08-05 18:36:21.125064: 
2026-08-05 18:36:21.125480: Epoch 723
2026-08-05 18:36:21.125630: Current learning rate: 0.00315
2026-08-05 18:37:02.403267: train_loss -0.8828
2026-08-05 18:37:02.403845: val_loss -0.7699
2026-08-05 18:37:02.403946: Pseudo dice [np.float32(0.7136), np.float32(0.915), np.float32(0.9364)]
2026-08-05 18:37:02.404040: Epoch time: 41.28 s
2026-08-05 18:37:03.375109: 
2026-08-05 18:37:03.375451: Epoch 724
2026-08-05 18:37:03.375591: Current learning rate: 0.00314
2026-08-05 18:37:44.622619: train_loss -0.8801
2026-08-05 18:37:44.623214: val_loss -0.762
2026-08-05 18:37:44.623353: Pseudo dice [np.float32(0.712), np.float32(0.9081), np.float32(0.9369)]
2026-08-05 18:37:44.623522: Epoch time: 41.25 s
2026-08-05 18:37:45.757872: 
2026-08-05 18:37:45.758490: Epoch 725
2026-08-05 18:37:45.758726: Current learning rate: 0.00313
2026-08-05 18:38:26.983678: train_loss -0.8792
2026-08-05 18:38:26.984222: val_loss -0.7489
2026-08-05 18:38:26.984303: Pseudo dice [np.float32(0.7084), np.float32(0.9064), np.float32(0.923)]
2026-08-05 18:38:26.984400: Epoch time: 41.23 s
2026-08-05 18:38:28.139287: 
2026-08-05 18:38:28.139864: Epoch 726
2026-08-05 18:38:28.140005: Current learning rate: 0.00312
2026-08-05 18:39:08.978824: train_loss -0.8731
2026-08-05 18:39:08.979147: val_loss -0.7856
2026-08-05 18:39:09.009069: Pseudo dice [np.float32(0.7245), np.float32(0.9215), np.float32(0.9356)]
2026-08-05 18:39:09.009268: Epoch time: 40.84 s
2026-08-05 18:39:10.561692: 
2026-08-05 18:39:10.562057: Epoch 727
2026-08-05 18:39:10.562151: Current learning rate: 0.00311
2026-08-05 18:39:51.721808: train_loss -0.8738
2026-08-05 18:39:51.724628: val_loss -0.7796
2026-08-05 18:39:51.724705: Pseudo dice [np.float32(0.7189), np.float32(0.9229), np.float32(0.9418)]
2026-08-05 18:39:51.724784: Epoch time: 41.16 s
2026-08-05 18:39:52.822827: 
2026-08-05 18:39:52.823291: Epoch 728
2026-08-05 18:39:52.823436: Current learning rate: 0.0031
2026-08-05 18:40:33.551078: train_loss -0.881
2026-08-05 18:40:33.551472: val_loss -0.7741
2026-08-05 18:40:33.551733: Pseudo dice [np.float32(0.718), np.float32(0.9193), np.float32(0.9408)]
2026-08-05 18:40:33.551824: Epoch time: 40.73 s
2026-08-05 18:40:34.622747: 
2026-08-05 18:40:34.623296: Epoch 729
2026-08-05 18:40:34.623521: Current learning rate: 0.00309
2026-08-05 18:41:15.193805: train_loss -0.883
2026-08-05 18:41:15.194122: val_loss -0.7839
2026-08-05 18:41:15.194196: Pseudo dice [np.float32(0.725), np.float32(0.9258), np.float32(0.9386)]
2026-08-05 18:41:15.194278: Epoch time: 40.58 s
2026-08-05 18:41:16.278317: 
2026-08-05 18:41:16.278746: Epoch 730
2026-08-05 18:41:16.278858: Current learning rate: 0.00308
2026-08-05 18:41:57.012427: train_loss -0.887
2026-08-05 18:41:57.012738: val_loss -0.7708
2026-08-05 18:41:57.012801: Pseudo dice [np.float32(0.7211), np.float32(0.9218), np.float32(0.935)]
2026-08-05 18:41:57.012876: Epoch time: 40.74 s
2026-08-05 18:41:58.083860: 
2026-08-05 18:41:58.084296: Epoch 731
2026-08-05 18:41:58.084502: Current learning rate: 0.00307
2026-08-05 18:42:39.172085: train_loss -0.8842
2026-08-05 18:42:39.172377: val_loss -0.7665
2026-08-05 18:42:39.172436: Pseudo dice [np.float32(0.708), np.float32(0.9142), np.float32(0.9376)]
2026-08-05 18:42:39.172510: Epoch time: 41.09 s
2026-08-05 18:42:40.042839: 
2026-08-05 18:42:40.043149: Epoch 732
2026-08-05 18:42:40.043267: Current learning rate: 0.00306
2026-08-05 18:43:20.892879: train_loss -0.88
2026-08-05 18:43:20.893925: val_loss -0.7782
2026-08-05 18:43:20.894197: Pseudo dice [np.float32(0.7198), np.float32(0.9227), np.float32(0.9362)]
2026-08-05 18:43:20.894458: Epoch time: 40.85 s
2026-08-05 18:43:21.970534: 
2026-08-05 18:43:21.970977: Epoch 733
2026-08-05 18:43:21.971094: Current learning rate: 0.00305
2026-08-05 18:44:03.680138: train_loss -0.8798
2026-08-05 18:44:04.440484: val_loss -0.7759
2026-08-05 18:44:04.440758: Pseudo dice [np.float32(0.7207), np.float32(0.9229), np.float32(0.9348)]
2026-08-05 18:44:04.441835: Epoch time: 41.71 s
2026-08-05 18:44:05.547626: 
2026-08-05 18:44:05.548139: Epoch 734
2026-08-05 18:44:05.548275: Current learning rate: 0.00304
2026-08-05 18:44:46.221377: train_loss -0.889
2026-08-05 18:44:46.221813: val_loss -0.7815
2026-08-05 18:44:46.221886: Pseudo dice [np.float32(0.7241), np.float32(0.9228), np.float32(0.9379)]
2026-08-05 18:44:46.221980: Epoch time: 40.68 s
2026-08-05 18:44:47.517480: 
2026-08-05 18:44:47.517908: Epoch 735
2026-08-05 18:44:47.518078: Current learning rate: 0.00303
2026-08-05 18:45:29.376079: train_loss -0.8899
2026-08-05 18:45:29.376365: val_loss -0.7805
2026-08-05 18:45:29.376429: Pseudo dice [np.float32(0.7225), np.float32(0.918), np.float32(0.9394)]
2026-08-05 18:45:29.376495: Epoch time: 41.86 s
2026-08-05 18:45:30.291122: 
2026-08-05 18:45:30.291502: Epoch 736
2026-08-05 18:45:30.291682: Current learning rate: 0.00302
2026-08-05 18:46:11.969528: train_loss -0.8922
2026-08-05 18:46:11.969857: val_loss -0.7703
2026-08-05 18:46:11.969964: Pseudo dice [np.float32(0.7101), np.float32(0.9171), np.float32(0.9343)]
2026-08-05 18:46:11.970075: Epoch time: 41.68 s
2026-08-05 18:46:12.884019: 
2026-08-05 18:46:12.884408: Epoch 737
2026-08-05 18:46:12.884526: Current learning rate: 0.00301
2026-08-05 18:46:54.357508: train_loss -0.8897
2026-08-05 18:46:54.358072: val_loss -0.779
2026-08-05 18:46:54.358167: Pseudo dice [np.float32(0.7222), np.float32(0.9233), np.float32(0.9355)]
2026-08-05 18:46:54.358236: Epoch time: 41.48 s
2026-08-05 18:46:55.245721: 
2026-08-05 18:46:55.246105: Epoch 738
2026-08-05 18:46:55.246239: Current learning rate: 0.003
2026-08-05 18:47:36.203918: train_loss -0.8916
2026-08-05 18:47:36.204467: val_loss -0.7853
2026-08-05 18:47:36.204582: Pseudo dice [np.float32(0.7303), np.float32(0.9256), np.float32(0.9379)]
2026-08-05 18:47:36.204652: Epoch time: 40.96 s
2026-08-05 18:47:37.123948: 
2026-08-05 18:47:37.124263: Epoch 739
2026-08-05 18:47:37.124376: Current learning rate: 0.00299
2026-08-05 18:48:18.413470: train_loss -0.8874
2026-08-05 18:48:18.413940: val_loss -0.7889
2026-08-05 18:48:18.414006: Pseudo dice [np.float32(0.7327), np.float32(0.9264), np.float32(0.9429)]
2026-08-05 18:48:18.414084: Epoch time: 41.29 s
2026-08-05 18:48:19.864707: 
2026-08-05 18:48:19.865109: Epoch 740
2026-08-05 18:48:19.865219: Current learning rate: 0.00297
2026-08-05 18:49:01.654633: train_loss -0.8896
2026-08-05 18:49:01.655296: val_loss -0.777
2026-08-05 18:49:01.655365: Pseudo dice [np.float32(0.7182), np.float32(0.9196), np.float32(0.9348)]
2026-08-05 18:49:01.655434: Epoch time: 41.79 s
2026-08-05 18:49:02.534397: 
2026-08-05 18:49:02.534881: Epoch 741
2026-08-05 18:49:02.535019: Current learning rate: 0.00296
2026-08-05 18:49:44.660054: train_loss -0.8894
2026-08-05 18:49:44.660630: val_loss -0.7765
2026-08-05 18:49:44.660780: Pseudo dice [np.float32(0.7225), np.float32(0.9248), np.float32(0.9346)]
2026-08-05 18:49:44.660935: Epoch time: 42.13 s
2026-08-05 18:49:45.685674: 
2026-08-05 18:49:45.686002: Epoch 742
2026-08-05 18:49:45.686135: Current learning rate: 0.00295
2026-08-05 18:50:27.331113: train_loss -0.8934
2026-08-05 18:50:27.332085: val_loss -0.7836
2026-08-05 18:50:27.332256: Pseudo dice [np.float32(0.7232), np.float32(0.9231), np.float32(0.9366)]
2026-08-05 18:50:27.332411: Epoch time: 41.65 s
2026-08-05 18:50:28.393078: 
2026-08-05 18:50:28.393580: Epoch 743
2026-08-05 18:50:28.393779: Current learning rate: 0.00294
2026-08-05 18:51:09.988688: train_loss -0.8947
2026-08-05 18:51:09.989078: val_loss -0.775
2026-08-05 18:51:09.989143: Pseudo dice [np.float32(0.7222), np.float32(0.9245), np.float32(0.9407)]
2026-08-05 18:51:09.989216: Epoch time: 41.6 s
2026-08-05 18:51:11.006991: 
2026-08-05 18:51:11.007401: Epoch 744
2026-08-05 18:51:11.007521: Current learning rate: 0.00293
2026-08-05 18:51:52.061248: train_loss -0.8922
2026-08-05 18:51:52.062651: val_loss -0.7768
2026-08-05 18:51:52.062862: Pseudo dice [np.float32(0.7229), np.float32(0.9231), np.float32(0.937)]
2026-08-05 18:51:52.063152: Epoch time: 41.06 s
2026-08-05 18:51:53.137871: 
2026-08-05 18:51:53.138344: Epoch 745
2026-08-05 18:51:53.138572: Current learning rate: 0.00292
2026-08-05 18:52:34.664562: train_loss -0.895
2026-08-05 18:52:34.665179: val_loss -0.769
2026-08-05 18:52:34.665261: Pseudo dice [np.float32(0.7135), np.float32(0.9198), np.float32(0.9322)]
2026-08-05 18:52:34.665400: Epoch time: 41.53 s
2026-08-05 18:52:35.453110: 
2026-08-05 18:52:35.453304: Epoch 746
2026-08-05 18:52:35.453469: Current learning rate: 0.00291
2026-08-05 18:53:17.166293: train_loss -0.894
2026-08-05 18:53:17.166815: val_loss -0.7784
2026-08-05 18:53:17.166949: Pseudo dice [np.float32(0.7211), np.float32(0.9188), np.float32(0.9375)]
2026-08-05 18:53:17.167072: Epoch time: 41.72 s
2026-08-05 18:53:18.745405: 
2026-08-05 18:53:18.745873: Epoch 747
2026-08-05 18:53:18.746182: Current learning rate: 0.0029
2026-08-05 18:53:59.877666: train_loss -0.8908
2026-08-05 18:53:59.878555: val_loss -0.7773
2026-08-05 18:53:59.878620: Pseudo dice [np.float32(0.7126), np.float32(0.9138), np.float32(0.9393)]
2026-08-05 18:53:59.878679: Epoch time: 41.14 s
2026-08-05 18:54:00.661433: 
2026-08-05 18:54:00.661817: Epoch 748
2026-08-05 18:54:00.661947: Current learning rate: 0.00289
2026-08-05 18:54:42.692237: train_loss -0.8919
2026-08-05 18:54:42.763844: val_loss -0.7788
2026-08-05 18:54:42.764024: Pseudo dice [np.float32(0.7234), np.float32(0.9226), np.float32(0.9373)]
2026-08-05 18:54:42.764186: Epoch time: 42.03 s
2026-08-05 18:54:43.922901: 
2026-08-05 18:54:43.923424: Epoch 749
2026-08-05 18:54:43.923570: Current learning rate: 0.00288
2026-08-05 18:55:25.692444: train_loss -0.8925
2026-08-05 18:55:25.692995: val_loss -0.7795
2026-08-05 18:55:25.693108: Pseudo dice [np.float32(0.7285), np.float32(0.9274), np.float32(0.9331)]
2026-08-05 18:55:25.693225: Epoch time: 41.77 s
2026-08-05 18:55:34.883908: 
2026-08-05 18:55:34.884359: Epoch 750
2026-08-05 18:55:34.884557: Current learning rate: 0.00287
2026-08-05 18:56:16.016979: train_loss -0.8903
2026-08-05 18:56:16.017230: val_loss -0.7894
2026-08-05 18:56:16.017285: Pseudo dice [np.float32(0.7261), np.float32(0.9249), np.float32(0.9416)]
2026-08-05 18:56:16.017350: Epoch time: 41.14 s
2026-08-05 18:56:16.852950: 
2026-08-05 18:56:16.853440: Epoch 751
2026-08-05 18:56:16.853621: Current learning rate: 0.00286
2026-08-05 18:56:58.228369: train_loss -0.8947
2026-08-05 18:56:58.228798: val_loss -0.7808
2026-08-05 18:56:58.228920: Pseudo dice [np.float32(0.7246), np.float32(0.9216), np.float32(0.9369)]
2026-08-05 18:56:58.229031: Epoch time: 41.38 s
2026-08-05 18:56:59.020136: 
2026-08-05 18:56:59.020476: Epoch 752
2026-08-05 18:56:59.020587: Current learning rate: 0.00285
2026-08-05 18:57:40.352378: train_loss -0.8931
2026-08-05 18:57:40.352708: val_loss -0.7743
2026-08-05 18:57:40.352777: Pseudo dice [np.float32(0.7147), np.float32(0.9194), np.float32(0.9395)]
2026-08-05 18:57:40.352854: Epoch time: 41.34 s
2026-08-05 18:57:41.198431: 
2026-08-05 18:57:41.198851: Epoch 753
2026-08-05 18:57:41.198975: Current learning rate: 0.00284
2026-08-05 18:58:22.660681: train_loss -0.8941
2026-08-05 18:58:22.660984: val_loss -0.7828
2026-08-05 18:58:22.661088: Pseudo dice [np.float32(0.7185), np.float32(0.9237), np.float32(0.9401)]
2026-08-05 18:58:22.661167: Epoch time: 41.47 s
2026-08-05 18:58:24.246264: 
2026-08-05 18:58:24.246719: Epoch 754
2026-08-05 18:58:24.246835: Current learning rate: 0.00283
2026-08-05 18:59:05.449012: train_loss -0.8914
2026-08-05 18:59:05.449292: val_loss -0.7513
2026-08-05 18:59:05.449357: Pseudo dice [np.float32(0.7106), np.float32(0.9071), np.float32(0.9311)]
2026-08-05 18:59:05.449431: Epoch time: 41.21 s
2026-08-05 18:59:06.307153: 
2026-08-05 18:59:06.307494: Epoch 755
2026-08-05 18:59:06.307630: Current learning rate: 0.00282
2026-08-05 18:59:47.403795: train_loss -0.887
2026-08-05 18:59:47.404595: val_loss -0.7796
2026-08-05 18:59:47.404764: Pseudo dice [np.float32(0.7211), np.float32(0.9248), np.float32(0.9372)]
2026-08-05 18:59:47.404902: Epoch time: 41.1 s
2026-08-05 18:59:48.409212: 
2026-08-05 18:59:48.409713: Epoch 756
2026-08-05 18:59:48.409864: Current learning rate: 0.00281
2026-08-05 19:00:29.703817: train_loss -0.888
2026-08-05 19:00:29.704273: val_loss -0.7815
2026-08-05 19:00:29.704372: Pseudo dice [np.float32(0.722), np.float32(0.9236), np.float32(0.9387)]
2026-08-05 19:00:29.704457: Epoch time: 41.3 s
2026-08-05 19:00:30.543248: 
2026-08-05 19:00:30.543609: Epoch 757
2026-08-05 19:00:30.543769: Current learning rate: 0.0028
2026-08-05 19:01:11.587641: train_loss -0.8901
2026-08-05 19:01:11.588224: val_loss -0.7759
2026-08-05 19:01:11.588299: Pseudo dice [np.float32(0.7162), np.float32(0.9203), np.float32(0.9376)]
2026-08-05 19:01:11.588385: Epoch time: 41.05 s
2026-08-05 19:01:12.600835: 
2026-08-05 19:01:12.601391: Epoch 758
2026-08-05 19:01:12.601588: Current learning rate: 0.00279
2026-08-05 19:01:53.291282: train_loss -0.8905
2026-08-05 19:01:53.292090: val_loss -0.7765
2026-08-05 19:01:53.292196: Pseudo dice [np.float32(0.7135), np.float32(0.9199), np.float32(0.9314)]
2026-08-05 19:01:53.292299: Epoch time: 40.7 s
2026-08-05 19:01:54.132277: 
2026-08-05 19:01:54.132609: Epoch 759
2026-08-05 19:01:54.132805: Current learning rate: 0.00278
2026-08-05 19:02:35.154581: train_loss -0.8865
2026-08-05 19:02:35.214500: val_loss -0.7669
2026-08-05 19:02:35.214647: Pseudo dice [np.float32(0.7141), np.float32(0.9167), np.float32(0.9336)]
2026-08-05 19:02:35.214745: Epoch time: 41.03 s
2026-08-05 19:02:36.243336: 
2026-08-05 19:02:36.243780: Epoch 760
2026-08-05 19:02:36.243927: Current learning rate: 0.00277
2026-08-05 19:03:17.887601: train_loss -0.8911
2026-08-05 19:03:17.887874: val_loss -0.7576
2026-08-05 19:03:17.887941: Pseudo dice [np.float32(0.7055), np.float32(0.9182), np.float32(0.9253)]
2026-08-05 19:03:17.888013: Epoch time: 41.65 s
2026-08-05 19:03:18.671995: 
2026-08-05 19:03:18.672275: Epoch 761
2026-08-05 19:03:18.672544: Current learning rate: 0.00276
2026-08-05 19:03:59.662437: train_loss -0.8931
2026-08-05 19:03:59.662912: val_loss -0.7729
2026-08-05 19:03:59.662978: Pseudo dice [np.float32(0.7168), np.float32(0.9231), np.float32(0.9382)]
2026-08-05 19:03:59.663041: Epoch time: 40.99 s
2026-08-05 19:04:00.471574: 
2026-08-05 19:04:00.471954: Epoch 762
2026-08-05 19:04:00.472061: Current learning rate: 0.00275
2026-08-05 19:04:41.423371: train_loss -0.8946
2026-08-05 19:04:41.423671: val_loss -0.7678
2026-08-05 19:04:41.423776: Pseudo dice [np.float32(0.7122), np.float32(0.9148), np.float32(0.9407)]
2026-08-05 19:04:41.423920: Epoch time: 40.95 s
2026-08-05 19:04:42.252449: 
2026-08-05 19:04:42.252938: Epoch 763
2026-08-05 19:04:42.253074: Current learning rate: 0.00274
2026-08-05 19:05:23.395704: train_loss -0.8982
2026-08-05 19:05:23.396062: val_loss -0.7714
2026-08-05 19:05:23.396135: Pseudo dice [np.float32(0.72), np.float32(0.922), np.float32(0.9372)]
2026-08-05 19:05:23.396210: Epoch time: 41.15 s
2026-08-05 19:05:24.505361: 
2026-08-05 19:05:24.505969: Epoch 764
2026-08-05 19:05:24.506114: Current learning rate: 0.00273
2026-08-05 19:06:05.506275: train_loss -0.8983
2026-08-05 19:06:05.506726: val_loss -0.7706
2026-08-05 19:06:05.506788: Pseudo dice [np.float32(0.7196), np.float32(0.9197), np.float32(0.9326)]
2026-08-05 19:06:05.506849: Epoch time: 41.0 s
2026-08-05 19:06:06.290681: 
2026-08-05 19:06:06.291078: Epoch 765
2026-08-05 19:06:06.291193: Current learning rate: 0.00272
2026-08-05 19:06:47.325052: train_loss -0.8992
2026-08-05 19:06:47.325360: val_loss -0.7771
2026-08-05 19:06:47.325421: Pseudo dice [np.float32(0.725), np.float32(0.9255), np.float32(0.9364)]
2026-08-05 19:06:47.325489: Epoch time: 41.04 s
2026-08-05 19:06:48.343055: 
2026-08-05 19:06:48.343555: Epoch 766
2026-08-05 19:06:48.343755: Current learning rate: 0.00271
2026-08-05 19:07:29.397609: train_loss -0.8991
2026-08-05 19:07:29.399000: val_loss -0.7824
2026-08-05 19:07:29.399534: Pseudo dice [np.float32(0.7266), np.float32(0.9256), np.float32(0.9395)]
2026-08-05 19:07:29.399707: Epoch time: 41.06 s
2026-08-05 19:07:31.068632: 
2026-08-05 19:07:31.069037: Epoch 767
2026-08-05 19:07:31.069196: Current learning rate: 0.0027
2026-08-05 19:08:12.187879: train_loss -0.8961
2026-08-05 19:08:12.188575: val_loss -0.7712
2026-08-05 19:08:12.188702: Pseudo dice [np.float32(0.7145), np.float32(0.9221), np.float32(0.9386)]
2026-08-05 19:08:12.188832: Epoch time: 41.12 s
2026-08-05 19:08:13.034465: 
2026-08-05 19:08:13.034833: Epoch 768
2026-08-05 19:08:13.034956: Current learning rate: 0.00268
2026-08-05 19:08:54.270039: train_loss -0.8938
2026-08-05 19:08:54.270610: val_loss -0.7748
2026-08-05 19:08:54.270789: Pseudo dice [np.float32(0.7193), np.float32(0.9167), np.float32(0.9369)]
2026-08-05 19:08:54.270949: Epoch time: 41.24 s
2026-08-05 19:08:55.550222: 
2026-08-05 19:08:55.550551: Epoch 769
2026-08-05 19:08:55.550662: Current learning rate: 0.00267
2026-08-05 19:09:36.680928: train_loss -0.8964
2026-08-05 19:09:36.681301: val_loss -0.786
2026-08-05 19:09:36.681365: Pseudo dice [np.float32(0.7303), np.float32(0.9278), np.float32(0.9397)]
2026-08-05 19:09:36.681441: Epoch time: 41.13 s
2026-08-05 19:09:37.480260: 
2026-08-05 19:09:37.480609: Epoch 770
2026-08-05 19:09:37.480718: Current learning rate: 0.00266
2026-08-05 19:10:18.760397: train_loss -0.897
2026-08-05 19:10:18.761355: val_loss -0.7733
2026-08-05 19:10:18.761674: Pseudo dice [np.float32(0.7137), np.float32(0.9217), np.float32(0.9348)]
2026-08-05 19:10:18.761763: Epoch time: 41.28 s
2026-08-05 19:10:19.820485: 
2026-08-05 19:10:19.820846: Epoch 771
2026-08-05 19:10:19.820994: Current learning rate: 0.00265
2026-08-05 19:11:01.422091: train_loss -0.9001
2026-08-05 19:11:01.422375: val_loss -0.7745
2026-08-05 19:11:01.422439: Pseudo dice [np.float32(0.7263), np.float32(0.9214), np.float32(0.9366)]
2026-08-05 19:11:01.422511: Epoch time: 41.61 s
2026-08-05 19:11:02.279379: 
2026-08-05 19:11:02.279743: Epoch 772
2026-08-05 19:11:02.279870: Current learning rate: 0.00264
2026-08-05 19:11:43.740470: train_loss -0.8992
2026-08-05 19:11:43.740778: val_loss -0.7771
2026-08-05 19:11:43.740844: Pseudo dice [np.float32(0.7213), np.float32(0.9248), np.float32(0.937)]
2026-08-05 19:11:43.740924: Epoch time: 41.46 s
2026-08-05 19:11:44.742122: 
2026-08-05 19:11:44.742468: Epoch 773
2026-08-05 19:11:44.742606: Current learning rate: 0.00263
2026-08-05 19:12:25.955989: train_loss -0.8957
2026-08-05 19:12:25.956306: val_loss -0.7717
2026-08-05 19:12:25.956368: Pseudo dice [np.float32(0.7182), np.float32(0.9179), np.float32(0.9353)]
2026-08-05 19:12:25.956443: Epoch time: 41.22 s
2026-08-05 19:12:27.880864: 
2026-08-05 19:12:27.881302: Epoch 774
2026-08-05 19:12:27.881466: Current learning rate: 0.00262
2026-08-05 19:13:09.214358: train_loss -0.8955
2026-08-05 19:13:09.214859: val_loss -0.7727
2026-08-05 19:13:09.214957: Pseudo dice [np.float32(0.7226), np.float32(0.9214), np.float32(0.9338)]
2026-08-05 19:13:09.215053: Epoch time: 41.34 s
2026-08-05 19:13:10.080746: 
2026-08-05 19:13:10.081131: Epoch 775
2026-08-05 19:13:10.081349: Current learning rate: 0.00261
2026-08-05 19:13:51.306192: train_loss -0.8947
2026-08-05 19:13:51.306460: val_loss -0.7732
2026-08-05 19:13:51.306628: Pseudo dice [np.float32(0.7302), np.float32(0.9228), np.float32(0.936)]
2026-08-05 19:13:51.306715: Epoch time: 41.23 s
2026-08-05 19:13:52.147991: 
2026-08-05 19:13:52.148374: Epoch 776
2026-08-05 19:13:52.148489: Current learning rate: 0.0026
2026-08-05 19:14:33.262187: train_loss -0.8958
2026-08-05 19:14:33.262610: val_loss -0.7685
2026-08-05 19:14:33.262682: Pseudo dice [np.float32(0.7145), np.float32(0.928), np.float32(0.9351)]
2026-08-05 19:14:33.262763: Epoch time: 41.12 s
2026-08-05 19:14:34.055470: 
2026-08-05 19:14:34.055817: Epoch 777
2026-08-05 19:14:34.056087: Current learning rate: 0.00259
2026-08-05 19:15:15.490476: train_loss -0.8936
2026-08-05 19:15:15.491072: val_loss -0.7716
2026-08-05 19:15:15.491266: Pseudo dice [np.float32(0.7229), np.float32(0.9225), np.float32(0.9365)]
2026-08-05 19:15:15.491476: Epoch time: 41.44 s
2026-08-05 19:15:16.398276: 
2026-08-05 19:15:16.398504: Epoch 778
2026-08-05 19:15:16.398599: Current learning rate: 0.00258
2026-08-05 19:15:57.199639: train_loss -0.8987
2026-08-05 19:15:57.203212: val_loss -0.7754
2026-08-05 19:15:57.203351: Pseudo dice [np.float32(0.7192), np.float32(0.9231), np.float32(0.9364)]
2026-08-05 19:15:57.203464: Epoch time: 40.8 s
2026-08-05 19:15:58.117729: 
2026-08-05 19:15:58.118263: Epoch 779
2026-08-05 19:15:58.118371: Current learning rate: 0.00257
2026-08-05 19:16:39.529632: train_loss -0.8994
2026-08-05 19:16:39.529961: val_loss -0.7715
2026-08-05 19:16:39.530026: Pseudo dice [np.float32(0.7283), np.float32(0.925), np.float32(0.9325)]
2026-08-05 19:16:39.530104: Epoch time: 41.42 s
2026-08-05 19:16:40.653250: 
2026-08-05 19:16:40.653612: Epoch 780
2026-08-05 19:16:40.653755: Current learning rate: 0.00256
2026-08-05 19:17:22.533511: train_loss -0.8975
2026-08-05 19:17:22.534359: val_loss -0.7699
2026-08-05 19:17:22.534538: Pseudo dice [np.float32(0.7158), np.float32(0.9197), np.float32(0.9361)]
2026-08-05 19:17:22.534708: Epoch time: 41.89 s
2026-08-05 19:17:24.304617: 
2026-08-05 19:17:24.305141: Epoch 781
2026-08-05 19:17:24.305315: Current learning rate: 0.00255
2026-08-05 19:18:06.101363: train_loss -0.9006
2026-08-05 19:18:06.101695: val_loss -0.776
2026-08-05 19:18:06.101769: Pseudo dice [np.float32(0.7236), np.float32(0.9231), np.float32(0.9383)]
2026-08-05 19:18:06.101869: Epoch time: 41.8 s
2026-08-05 19:18:06.991065: 
2026-08-05 19:18:06.991456: Epoch 782
2026-08-05 19:18:06.991584: Current learning rate: 0.00254
2026-08-05 19:18:48.396493: train_loss -0.9031
2026-08-05 19:18:48.520134: val_loss -0.7838
2026-08-05 19:18:48.520308: Pseudo dice [np.float32(0.7257), np.float32(0.9291), np.float32(0.9375)]
2026-08-05 19:18:48.520447: Epoch time: 41.41 s
2026-08-05 19:18:49.600610: 
2026-08-05 19:18:49.600882: Epoch 783
2026-08-05 19:18:49.600995: Current learning rate: 0.00253
2026-08-05 19:19:30.690194: train_loss -0.9013
2026-08-05 19:19:30.690820: val_loss -0.7813
2026-08-05 19:19:30.690940: Pseudo dice [np.float32(0.7157), np.float32(0.9263), np.float32(0.9408)]
2026-08-05 19:19:30.691045: Epoch time: 41.09 s
2026-08-05 19:19:31.574583: 
2026-08-05 19:19:31.575195: Epoch 784
2026-08-05 19:19:31.575468: Current learning rate: 0.00252
2026-08-05 19:20:12.913602: train_loss -0.9005
2026-08-05 19:20:12.913955: val_loss -0.7709
2026-08-05 19:20:12.914016: Pseudo dice [np.float32(0.7203), np.float32(0.9241), np.float32(0.9348)]
2026-08-05 19:20:12.914085: Epoch time: 41.34 s
2026-08-05 19:20:13.728409: 
2026-08-05 19:20:13.728843: Epoch 785
2026-08-05 19:20:13.728964: Current learning rate: 0.00251
2026-08-05 19:20:54.783713: train_loss -0.9005
2026-08-05 19:20:54.784245: val_loss -0.7678
2026-08-05 19:20:54.784312: Pseudo dice [np.float32(0.7132), np.float32(0.9177), np.float32(0.9347)]
2026-08-05 19:20:54.784400: Epoch time: 41.06 s
2026-08-05 19:20:55.817370: 
2026-08-05 19:20:55.817766: Epoch 786
2026-08-05 19:20:55.817950: Current learning rate: 0.0025
2026-08-05 19:21:37.308155: train_loss -0.8978
2026-08-05 19:21:37.308708: val_loss -0.7737
2026-08-05 19:21:37.308845: Pseudo dice [np.float32(0.716), np.float32(0.922), np.float32(0.942)]
2026-08-05 19:21:37.308946: Epoch time: 41.49 s
2026-08-05 19:21:38.145956: 
2026-08-05 19:21:38.146411: Epoch 787
2026-08-05 19:21:38.146559: Current learning rate: 0.00249
2026-08-05 19:22:20.355170: train_loss -0.8979
2026-08-05 19:22:20.355475: val_loss -0.7645
2026-08-05 19:22:20.355530: Pseudo dice [np.float32(0.7113), np.float32(0.9161), np.float32(0.9305)]
2026-08-05 19:22:20.355699: Epoch time: 42.21 s
2026-08-05 19:22:21.214999: 
2026-08-05 19:22:21.215627: Epoch 788
2026-08-05 19:22:21.215837: Current learning rate: 0.00248
2026-08-05 19:23:01.983199: train_loss -0.9014
2026-08-05 19:23:02.030044: val_loss -0.7843
2026-08-05 19:23:02.030163: Pseudo dice [np.float32(0.7253), np.float32(0.9248), np.float32(0.941)]
2026-08-05 19:23:02.030267: Epoch time: 40.77 s
2026-08-05 19:23:03.058648: 
2026-08-05 19:23:03.059154: Epoch 789
2026-08-05 19:23:03.059276: Current learning rate: 0.00247
2026-08-05 19:23:44.016939: train_loss -0.9039
2026-08-05 19:23:44.017383: val_loss -0.7831
2026-08-05 19:23:44.017490: Pseudo dice [np.float32(0.7257), np.float32(0.9259), np.float32(0.9401)]
2026-08-05 19:23:44.017607: Epoch time: 40.96 s
2026-08-05 19:23:44.878540: 
2026-08-05 19:23:44.878861: Epoch 790
2026-08-05 19:23:44.879019: Current learning rate: 0.00245
2026-08-05 19:24:25.871957: train_loss -0.8987
2026-08-05 19:24:25.872393: val_loss -0.7687
2026-08-05 19:24:25.872455: Pseudo dice [np.float32(0.718), np.float32(0.9198), np.float32(0.9377)]
2026-08-05 19:24:25.872515: Epoch time: 41.0 s
2026-08-05 19:24:26.689669: 
2026-08-05 19:24:26.690043: Epoch 791
2026-08-05 19:24:26.690152: Current learning rate: 0.00244
2026-08-05 19:25:07.524180: train_loss -0.9006
2026-08-05 19:25:07.535657: val_loss -0.7867
2026-08-05 19:25:07.536125: Pseudo dice [np.float32(0.7315), np.float32(0.9283), np.float32(0.9422)]
2026-08-05 19:25:07.536250: Epoch time: 40.84 s
2026-08-05 19:25:08.611660: 
2026-08-05 19:25:08.611948: Epoch 792
2026-08-05 19:25:08.612085: Current learning rate: 0.00243
2026-08-05 19:25:49.981987: train_loss -0.898
2026-08-05 19:25:50.037165: val_loss -0.7806
2026-08-05 19:25:50.037393: Pseudo dice [np.float32(0.7208), np.float32(0.9192), np.float32(0.9397)]
2026-08-05 19:25:50.037563: Epoch time: 41.37 s
2026-08-05 19:25:50.906880: 
2026-08-05 19:25:50.907364: Epoch 793
2026-08-05 19:25:50.907459: Current learning rate: 0.00242
2026-08-05 19:26:31.955755: train_loss -0.9028
2026-08-05 19:26:31.956185: val_loss -0.7759
2026-08-05 19:26:32.056313: Pseudo dice [np.float32(0.7201), np.float32(0.9253), np.float32(0.9386)]
2026-08-05 19:26:32.056550: Epoch time: 41.05 s
2026-08-05 19:26:33.648671: 
2026-08-05 19:26:33.649084: Epoch 794
2026-08-05 19:26:33.649328: Current learning rate: 0.00241
2026-08-05 19:27:15.003804: train_loss -0.8995
2026-08-05 19:27:15.106883: val_loss -0.7717
2026-08-05 19:27:15.106997: Pseudo dice [np.float32(0.7135), np.float32(0.9192), np.float32(0.9363)]
2026-08-05 19:27:15.107072: Epoch time: 41.36 s
2026-08-05 19:27:16.030818: 
2026-08-05 19:27:16.031156: Epoch 795
2026-08-05 19:27:16.031360: Current learning rate: 0.0024
2026-08-05 19:27:57.481215: train_loss -0.9024
2026-08-05 19:27:57.481647: val_loss -0.7731
2026-08-05 19:27:57.481754: Pseudo dice [np.float32(0.7284), np.float32(0.921), np.float32(0.9398)]
2026-08-05 19:27:57.481821: Epoch time: 41.45 s
2026-08-05 19:27:58.303801: 
2026-08-05 19:27:58.304254: Epoch 796
2026-08-05 19:27:58.304383: Current learning rate: 0.00239
2026-08-05 19:28:39.897690: train_loss -0.902
2026-08-05 19:28:39.900276: val_loss -0.7747
2026-08-05 19:28:39.900343: Pseudo dice [np.float32(0.7174), np.float32(0.9276), np.float32(0.9354)]
2026-08-05 19:28:39.900426: Epoch time: 41.6 s
2026-08-05 19:28:40.725003: 
2026-08-05 19:28:40.725415: Epoch 797
2026-08-05 19:28:40.725580: Current learning rate: 0.00238
2026-08-05 19:29:22.107049: train_loss -0.8922
2026-08-05 19:29:22.107373: val_loss -0.789
2026-08-05 19:29:22.107432: Pseudo dice [np.float32(0.7293), np.float32(0.9296), np.float32(0.9391)]
2026-08-05 19:29:22.107532: Epoch time: 41.39 s
2026-08-05 19:29:22.107636: Yayy! New best EMA pseudo Dice: 0.8610000014305115
2026-08-05 19:29:28.409310: 
2026-08-05 19:29:28.409733: Epoch 798
2026-08-05 19:29:28.409860: Current learning rate: 0.00237
2026-08-05 19:30:09.842522: train_loss -0.8951
2026-08-05 19:30:09.843041: val_loss -0.7792
2026-08-05 19:30:09.843110: Pseudo dice [np.float32(0.7138), np.float32(0.918), np.float32(0.9389)]
2026-08-05 19:30:09.843197: Epoch time: 41.44 s
2026-08-05 19:30:10.821929: 
2026-08-05 19:30:10.822264: Epoch 799
2026-08-05 19:30:10.822376: Current learning rate: 0.00236
2026-08-05 19:30:52.743248: train_loss -0.8994
2026-08-05 19:30:52.743543: val_loss -0.7828
2026-08-05 19:30:52.743602: Pseudo dice [np.float32(0.7255), np.float32(0.9267), np.float32(0.939)]
2026-08-05 19:30:52.743662: Epoch time: 41.92 s
2026-08-05 19:31:03.397250: 
2026-08-05 19:31:03.397646: Epoch 800
2026-08-05 19:31:03.397762: Current learning rate: 0.00235
2026-08-05 19:31:44.391799: train_loss -0.8952
2026-08-05 19:31:44.392397: val_loss -0.7796
2026-08-05 19:31:44.392476: Pseudo dice [np.float32(0.7258), np.float32(0.9254), np.float32(0.9397)]
2026-08-05 19:31:44.392557: Epoch time: 41.0 s
2026-08-05 19:31:44.392607: Yayy! New best EMA pseudo Dice: 0.8611999750137329
2026-08-05 19:31:52.230642: 
2026-08-05 19:31:52.231021: Epoch 801
2026-08-05 19:31:52.231182: Current learning rate: 0.00234
2026-08-05 19:32:34.323211: train_loss -0.9001
2026-08-05 19:32:34.323587: val_loss -0.7659
2026-08-05 19:32:34.323648: Pseudo dice [np.float32(0.7207), np.float32(0.9238), np.float32(0.9355)]
2026-08-05 19:32:34.323721: Epoch time: 42.1 s
2026-08-05 19:32:35.186145: 
2026-08-05 19:32:35.186548: Epoch 802
2026-08-05 19:32:35.186789: Current learning rate: 0.00233
2026-08-05 19:33:17.213258: train_loss -0.9004
2026-08-05 19:33:17.213664: val_loss -0.7814
2026-08-05 19:33:17.213732: Pseudo dice [np.float32(0.7286), np.float32(0.93), np.float32(0.9356)]
2026-08-05 19:33:17.213818: Epoch time: 42.03 s
2026-08-05 19:33:17.213863: Yayy! New best EMA pseudo Dice: 0.8614000082015991
2026-08-05 19:33:24.328566: 
2026-08-05 19:33:24.328980: Epoch 803
2026-08-05 19:33:24.329098: Current learning rate: 0.00232
2026-08-05 19:34:06.517241: train_loss -0.9014
2026-08-05 19:34:06.517678: val_loss -0.7689
2026-08-05 19:34:06.517746: Pseudo dice [np.float32(0.7164), np.float32(0.9238), np.float32(0.9363)]
2026-08-05 19:34:06.517820: Epoch time: 42.19 s
2026-08-05 19:34:07.495319: 
2026-08-05 19:34:07.495807: Epoch 804
2026-08-05 19:34:07.495970: Current learning rate: 0.00231
2026-08-05 19:34:49.917147: train_loss -0.9029
2026-08-05 19:34:49.917835: val_loss -0.7699
2026-08-05 19:34:49.917909: Pseudo dice [np.float32(0.7144), np.float32(0.9237), np.float32(0.9379)]
2026-08-05 19:34:49.917993: Epoch time: 42.43 s
2026-08-05 19:34:50.915727: 
2026-08-05 19:34:50.916258: Epoch 805
2026-08-05 19:34:50.916440: Current learning rate: 0.0023
2026-08-05 19:35:33.478097: train_loss -0.9015
2026-08-05 19:35:33.769125: val_loss -0.7647
2026-08-05 19:35:33.769384: Pseudo dice [np.float32(0.7159), np.float32(0.9219), np.float32(0.938)]
2026-08-05 19:35:33.769490: Epoch time: 42.57 s
2026-08-05 19:35:36.217139: 
2026-08-05 19:35:36.217644: Epoch 806
2026-08-05 19:35:36.217854: Current learning rate: 0.00229
2026-08-05 19:36:18.049074: train_loss -0.9028
2026-08-05 19:36:18.049515: val_loss -0.7841
2026-08-05 19:36:18.049591: Pseudo dice [np.float32(0.7222), np.float32(0.9274), np.float32(0.9403)]
2026-08-05 19:36:18.049670: Epoch time: 41.84 s
2026-08-05 19:36:19.330693: 
2026-08-05 19:36:19.331164: Epoch 807
2026-08-05 19:36:19.331294: Current learning rate: 0.00228
2026-08-05 19:37:01.285828: train_loss -0.9023
2026-08-05 19:37:01.286459: val_loss -0.7751
2026-08-05 19:37:01.286582: Pseudo dice [np.float32(0.7121), np.float32(0.9204), np.float32(0.9369)]
2026-08-05 19:37:01.286676: Epoch time: 41.96 s
2026-08-05 19:37:02.252966: 
2026-08-05 19:37:02.253510: Epoch 808
2026-08-05 19:37:02.253765: Current learning rate: 0.00226
2026-08-05 19:37:44.711284: train_loss -0.9002
2026-08-05 19:37:44.711572: val_loss -0.7761
2026-08-05 19:37:44.711631: Pseudo dice [np.float32(0.7195), np.float32(0.9221), np.float32(0.9379)]
2026-08-05 19:37:44.711694: Epoch time: 42.46 s
2026-08-05 19:37:45.549085: 
2026-08-05 19:37:45.549496: Epoch 809
2026-08-05 19:37:45.549677: Current learning rate: 0.00225
2026-08-05 19:38:27.431060: train_loss -0.9013
2026-08-05 19:38:27.431585: val_loss -0.7739
2026-08-05 19:38:27.431659: Pseudo dice [np.float32(0.7122), np.float32(0.9207), np.float32(0.9371)]
2026-08-05 19:38:27.431742: Epoch time: 41.89 s
2026-08-05 19:38:28.410004: 
2026-08-05 19:38:28.410790: Epoch 810
2026-08-05 19:38:28.411040: Current learning rate: 0.00224
2026-08-05 19:39:10.315692: train_loss -0.9023
2026-08-05 19:39:10.316131: val_loss -0.7881
2026-08-05 19:39:10.316215: Pseudo dice [np.float32(0.7288), np.float32(0.928), np.float32(0.9386)]
2026-08-05 19:39:10.316301: Epoch time: 41.91 s
2026-08-05 19:39:11.303050: 
2026-08-05 19:39:11.303543: Epoch 811
2026-08-05 19:39:11.303729: Current learning rate: 0.00223
2026-08-05 19:39:53.306933: train_loss -0.9032
2026-08-05 19:39:53.307751: val_loss -0.789
2026-08-05 19:39:53.307817: Pseudo dice [np.float32(0.7352), np.float32(0.9332), np.float32(0.9408)]
2026-08-05 19:39:53.307910: Epoch time: 42.01 s
2026-08-05 19:39:53.307959: Yayy! New best EMA pseudo Dice: 0.8615000247955322
2026-08-05 19:39:59.929513: 
2026-08-05 19:39:59.929905: Epoch 812
2026-08-05 19:39:59.930147: Current learning rate: 0.00222
2026-08-05 19:40:41.802881: train_loss -0.9026
2026-08-05 19:40:41.803161: val_loss -0.7926
2026-08-05 19:40:41.803220: Pseudo dice [np.float32(0.7295), np.float32(0.9317), np.float32(0.9475)]
2026-08-05 19:40:41.803279: Epoch time: 41.88 s
2026-08-05 19:40:41.803326: Yayy! New best EMA pseudo Dice: 0.8622999787330627
2026-08-05 19:40:47.297921: 
2026-08-05 19:40:47.298258: Epoch 813
2026-08-05 19:40:47.298351: Current learning rate: 0.00221
2026-08-05 19:41:29.434161: train_loss -0.9053
2026-08-05 19:41:29.434583: val_loss -0.7724
2026-08-05 19:41:29.434648: Pseudo dice [np.float32(0.7242), np.float32(0.9235), np.float32(0.9358)]
2026-08-05 19:41:29.434724: Epoch time: 42.14 s
2026-08-05 19:41:30.450364: 
2026-08-05 19:41:30.450804: Epoch 814
2026-08-05 19:41:30.450963: Current learning rate: 0.0022
2026-08-05 19:42:12.037294: train_loss -0.8979
2026-08-05 19:42:12.037583: val_loss -0.7655
2026-08-05 19:42:12.037641: Pseudo dice [np.float32(0.7123), np.float32(0.9205), np.float32(0.9341)]
2026-08-05 19:42:12.151879: Epoch time: 41.59 s
2026-08-05 19:42:12.997476: 
2026-08-05 19:42:12.997837: Epoch 815
2026-08-05 19:42:12.997970: Current learning rate: 0.00219
2026-08-05 19:42:54.318305: train_loss -0.9042
2026-08-05 19:42:54.319038: val_loss -0.7847
2026-08-05 19:42:54.319109: Pseudo dice [np.float32(0.7259), np.float32(0.9245), np.float32(0.9422)]
2026-08-05 19:42:54.319197: Epoch time: 41.32 s
2026-08-05 19:42:55.160301: 
2026-08-05 19:42:55.160693: Epoch 816
2026-08-05 19:42:55.160804: Current learning rate: 0.00218
2026-08-05 19:43:37.142266: train_loss -0.8998
2026-08-05 19:43:37.478986: val_loss -0.7815
2026-08-05 19:43:37.479201: Pseudo dice [np.float32(0.728), np.float32(0.9263), np.float32(0.9388)]
2026-08-05 19:43:37.479286: Epoch time: 41.99 s
2026-08-05 19:43:38.460899: 
2026-08-05 19:43:38.461452: Epoch 817
2026-08-05 19:43:38.461582: Current learning rate: 0.00217
2026-08-05 19:44:19.557207: train_loss -0.9055
2026-08-05 19:44:19.913693: val_loss -0.7592
2026-08-05 19:44:19.913871: Pseudo dice [np.float32(0.7065), np.float32(0.916), np.float32(0.9354)]
2026-08-05 19:44:19.914020: Epoch time: 41.1 s
2026-08-05 19:44:21.470760: 
2026-08-05 19:44:21.471163: Epoch 818
2026-08-05 19:44:21.471270: Current learning rate: 0.00216
2026-08-05 19:45:02.555765: train_loss -0.9035
2026-08-05 19:45:02.556204: val_loss -0.78
2026-08-05 19:45:02.556335: Pseudo dice [np.float32(0.7207), np.float32(0.9227), np.float32(0.9417)]
2026-08-05 19:45:02.556470: Epoch time: 41.09 s
2026-08-05 19:45:03.953933: 
2026-08-05 19:45:03.954265: Epoch 819
2026-08-05 19:45:03.954380: Current learning rate: 0.00215
2026-08-05 19:45:45.142536: train_loss -0.8994
2026-08-05 19:45:45.143237: val_loss -0.7614
2026-08-05 19:45:45.143323: Pseudo dice [np.float32(0.7073), np.float32(0.9219), np.float32(0.9343)]
2026-08-05 19:45:45.143423: Epoch time: 41.19 s
2026-08-05 19:45:45.942365: 
2026-08-05 19:45:45.942789: Epoch 820
2026-08-05 19:45:45.943093: Current learning rate: 0.00214
2026-08-05 19:46:27.120460: train_loss -0.899
2026-08-05 19:46:27.318340: val_loss -0.7725
2026-08-05 19:46:27.318511: Pseudo dice [np.float32(0.7205), np.float32(0.9223), np.float32(0.9378)]
2026-08-05 19:46:27.318594: Epoch time: 41.18 s
2026-08-05 19:46:28.400652: 
2026-08-05 19:46:28.401276: Epoch 821
2026-08-05 19:46:28.401398: Current learning rate: 0.00213
2026-08-05 19:47:10.094117: train_loss -0.9018
2026-08-05 19:47:10.094679: val_loss -0.7682
2026-08-05 19:47:10.094799: Pseudo dice [np.float32(0.7198), np.float32(0.9145), np.float32(0.9393)]
2026-08-05 19:47:10.094935: Epoch time: 41.7 s
2026-08-05 19:47:11.034951: 
2026-08-05 19:47:11.035502: Epoch 822
2026-08-05 19:47:11.035632: Current learning rate: 0.00212
2026-08-05 19:47:52.470701: train_loss -0.888
2026-08-05 19:47:52.821147: val_loss -0.7669
2026-08-05 19:47:52.821440: Pseudo dice [np.float32(0.7143), np.float32(0.9171), np.float32(0.9283)]
2026-08-05 19:47:52.821585: Epoch time: 41.44 s
2026-08-05 19:47:53.935534: 
2026-08-05 19:47:53.935861: Epoch 823
2026-08-05 19:47:53.936031: Current learning rate: 0.0021
2026-08-05 19:48:34.831456: train_loss -0.8978
2026-08-05 19:48:34.832062: val_loss -0.7739
2026-08-05 19:48:34.832131: Pseudo dice [np.float32(0.7252), np.float32(0.9196), np.float32(0.9382)]
2026-08-05 19:48:34.832224: Epoch time: 40.9 s
2026-08-05 19:48:35.823099: 
2026-08-05 19:48:35.823349: Epoch 824
2026-08-05 19:48:35.823484: Current learning rate: 0.00209
2026-08-05 19:49:17.241078: train_loss -0.8997
2026-08-05 19:49:17.242706: val_loss -0.7627
2026-08-05 19:49:17.242792: Pseudo dice [np.float32(0.7071), np.float32(0.9235), np.float32(0.9328)]
2026-08-05 19:49:17.242880: Epoch time: 41.42 s
2026-08-05 19:49:18.160358: 
2026-08-05 19:49:18.160697: Epoch 825
2026-08-05 19:49:18.160868: Current learning rate: 0.00208
2026-08-05 19:49:59.065631: train_loss -0.9037
2026-08-05 19:49:59.384445: val_loss -0.7693
2026-08-05 19:49:59.384873: Pseudo dice [np.float32(0.7119), np.float32(0.9196), np.float32(0.9374)]
2026-08-05 19:49:59.385024: Epoch time: 40.91 s
2026-08-05 19:50:01.195271: 
2026-08-05 19:50:01.195625: Epoch 826
2026-08-05 19:50:01.195747: Current learning rate: 0.00207
2026-08-05 19:50:42.935825: train_loss -0.9022
2026-08-05 19:50:43.235176: val_loss -0.7722
2026-08-05 19:50:43.235349: Pseudo dice [np.float32(0.7137), np.float32(0.9216), np.float32(0.935)]
2026-08-05 19:50:43.235489: Epoch time: 41.74 s
2026-08-05 19:50:44.186378: 
2026-08-05 19:50:44.186721: Epoch 827
2026-08-05 19:50:44.186856: Current learning rate: 0.00206
2026-08-05 19:51:25.314109: train_loss -0.903
2026-08-05 19:51:25.314867: val_loss -0.762
2026-08-05 19:51:25.314955: Pseudo dice [np.float32(0.7124), np.float32(0.9198), np.float32(0.9299)]
2026-08-05 19:51:25.315032: Epoch time: 41.13 s
2026-08-05 19:51:26.314145: 
2026-08-05 19:51:26.314588: Epoch 828
2026-08-05 19:51:26.314718: Current learning rate: 0.00205
2026-08-05 19:52:07.615614: train_loss -0.9018
2026-08-05 19:52:07.616241: val_loss -0.767
2026-08-05 19:52:07.616308: Pseudo dice [np.float32(0.7151), np.float32(0.9186), np.float32(0.9349)]
2026-08-05 19:52:07.616371: Epoch time: 41.31 s
2026-08-05 19:52:08.635229: 
2026-08-05 19:52:08.635694: Epoch 829
2026-08-05 19:52:08.635836: Current learning rate: 0.00204
2026-08-05 19:52:49.602715: train_loss -0.9014
2026-08-05 19:52:49.603019: val_loss -0.7753
2026-08-05 19:52:49.603121: Pseudo dice [np.float32(0.7183), np.float32(0.9208), np.float32(0.9336)]
2026-08-05 19:52:49.603254: Epoch time: 40.97 s
2026-08-05 19:52:50.357303: 
2026-08-05 19:52:50.357678: Epoch 830
2026-08-05 19:52:50.357785: Current learning rate: 0.00203
2026-08-05 19:53:31.721798: train_loss -0.8995
2026-08-05 19:53:31.722218: val_loss -0.776
2026-08-05 19:53:31.722301: Pseudo dice [np.float32(0.7211), np.float32(0.9253), np.float32(0.941)]
2026-08-05 19:53:31.722388: Epoch time: 41.37 s
2026-08-05 19:53:32.523687: 
2026-08-05 19:53:32.523943: Epoch 831
2026-08-05 19:53:32.524219: Current learning rate: 0.00202
2026-08-05 19:54:13.642790: train_loss -0.9018
2026-08-05 19:54:13.743382: val_loss -0.7847
2026-08-05 19:54:13.743597: Pseudo dice [np.float32(0.7236), np.float32(0.9279), np.float32(0.9433)]
2026-08-05 19:54:13.743730: Epoch time: 41.12 s
2026-08-05 19:54:14.780492: 
2026-08-05 19:54:14.780827: Epoch 832
2026-08-05 19:54:14.780976: Current learning rate: 0.00201
2026-08-05 19:54:57.398154: train_loss -0.9023
2026-08-05 19:54:57.403941: val_loss -0.7572
2026-08-05 19:54:57.404018: Pseudo dice [np.float32(0.7124), np.float32(0.9191), np.float32(0.9313)]
2026-08-05 19:54:57.404088: Epoch time: 42.62 s
2026-08-05 19:54:58.196601: 
2026-08-05 19:54:58.196830: Epoch 833
2026-08-05 19:54:58.197086: Current learning rate: 0.002
2026-08-05 19:55:39.759302: train_loss -0.9031
2026-08-05 19:55:39.759823: val_loss -0.7691
2026-08-05 19:55:39.760183: Pseudo dice [np.float32(0.7167), np.float32(0.9203), np.float32(0.934)]
2026-08-05 19:55:39.760301: Epoch time: 41.57 s
2026-08-05 19:55:40.569077: 
2026-08-05 19:55:40.569428: Epoch 834
2026-08-05 19:55:40.569578: Current learning rate: 0.00199
2026-08-05 19:56:22.006163: train_loss -0.9036
2026-08-05 19:56:22.007325: val_loss -0.7824
2026-08-05 19:56:22.007444: Pseudo dice [np.float32(0.7315), np.float32(0.9264), np.float32(0.9362)]
2026-08-05 19:56:22.007539: Epoch time: 41.44 s
2026-08-05 19:56:22.860375: 
2026-08-05 19:56:22.860830: Epoch 835
2026-08-05 19:56:22.861027: Current learning rate: 0.00198
2026-08-05 19:57:03.951820: train_loss -0.9066
2026-08-05 19:57:03.952118: val_loss -0.7876
2026-08-05 19:57:03.952243: Pseudo dice [np.float32(0.7299), np.float32(0.9284), np.float32(0.9403)]
2026-08-05 19:57:03.952355: Epoch time: 41.1 s
2026-08-05 19:57:04.835625: 
2026-08-05 19:57:04.835924: Epoch 836
2026-08-05 19:57:04.836110: Current learning rate: 0.00196
2026-08-05 19:57:45.424276: train_loss -0.9048
2026-08-05 19:57:45.424576: val_loss -0.7627
2026-08-05 19:57:45.424637: Pseudo dice [np.float32(0.7148), np.float32(0.9231), np.float32(0.9363)]
2026-08-05 19:57:45.424712: Epoch time: 40.59 s
2026-08-05 19:57:46.432337: 
2026-08-05 19:57:46.433159: Epoch 837
2026-08-05 19:57:46.433298: Current learning rate: 0.00195
2026-08-05 19:58:28.389683: train_loss -0.9046
2026-08-05 19:58:28.436883: val_loss -0.7584
2026-08-05 19:58:28.437080: Pseudo dice [np.float32(0.7136), np.float32(0.9221), np.float32(0.9344)]
2026-08-05 19:58:28.437220: Epoch time: 41.96 s
2026-08-05 19:58:29.406577: 
2026-08-05 19:58:29.406910: Epoch 838
2026-08-05 19:58:29.407021: Current learning rate: 0.00194
2026-08-05 19:59:11.002282: train_loss -0.9063
2026-08-05 19:59:11.002751: val_loss -0.7546
2026-08-05 19:59:11.002959: Pseudo dice [np.float32(0.7109), np.float32(0.9172), np.float32(0.9306)]
2026-08-05 19:59:11.003136: Epoch time: 41.6 s
2026-08-05 19:59:11.891348: 
2026-08-05 19:59:11.891641: Epoch 839
2026-08-05 19:59:11.891806: Current learning rate: 0.00193
2026-08-05 19:59:53.596773: train_loss -0.9043
2026-08-05 19:59:53.597163: val_loss -0.7754
2026-08-05 19:59:53.597291: Pseudo dice [np.float32(0.7237), np.float32(0.9243), np.float32(0.9374)]
2026-08-05 19:59:53.597414: Epoch time: 41.71 s
2026-08-05 19:59:55.033662: 
2026-08-05 19:59:55.113075: Epoch 840
2026-08-05 19:59:55.113316: Current learning rate: 0.00192
2026-08-05 20:00:35.846493: train_loss -0.908
2026-08-05 20:00:35.846722: val_loss -0.7769
2026-08-05 20:00:35.846775: Pseudo dice [np.float32(0.7142), np.float32(0.9213), np.float32(0.9372)]
2026-08-05 20:00:35.846828: Epoch time: 40.82 s
2026-08-05 20:00:36.613656: 
2026-08-05 20:00:36.614153: Epoch 841
2026-08-05 20:00:36.614260: Current learning rate: 0.00191
2026-08-05 20:01:17.400684: train_loss -0.9073
2026-08-05 20:01:17.400888: val_loss -0.7711
2026-08-05 20:01:17.401004: Pseudo dice [np.float32(0.7195), np.float32(0.9223), np.float32(0.9366)]
2026-08-05 20:01:17.401061: Epoch time: 40.79 s
2026-08-05 20:01:18.383988: 
2026-08-05 20:01:18.384306: Epoch 842
2026-08-05 20:01:18.384405: Current learning rate: 0.0019
2026-08-05 20:01:59.421849: train_loss -0.9062
2026-08-05 20:01:59.422580: val_loss -0.7788
2026-08-05 20:01:59.422721: Pseudo dice [np.float32(0.7262), np.float32(0.9288), np.float32(0.94)]
2026-08-05 20:01:59.422852: Epoch time: 41.04 s
2026-08-05 20:02:00.363744: 
2026-08-05 20:02:00.364070: Epoch 843
2026-08-05 20:02:00.364181: Current learning rate: 0.00189
2026-08-05 20:02:41.976692: train_loss -0.9063
2026-08-05 20:02:42.153947: val_loss -0.7739
2026-08-05 20:02:42.154143: Pseudo dice [np.float32(0.7229), np.float32(0.929), np.float32(0.9354)]
2026-08-05 20:02:42.154256: Epoch time: 41.62 s
2026-08-05 20:02:42.975463: 
2026-08-05 20:02:42.975823: Epoch 844
2026-08-05 20:02:42.975946: Current learning rate: 0.00188
2026-08-05 20:03:23.803427: train_loss -0.9035
2026-08-05 20:03:23.803943: val_loss -0.7646
2026-08-05 20:03:23.804012: Pseudo dice [np.float32(0.7182), np.float32(0.9196), np.float32(0.9376)]
2026-08-05 20:03:23.804127: Epoch time: 40.83 s
2026-08-05 20:03:24.637769: 
2026-08-05 20:03:24.638420: Epoch 845
2026-08-05 20:03:24.638555: Current learning rate: 0.00187
2026-08-05 20:04:05.888596: train_loss -0.9029
2026-08-05 20:04:05.940915: val_loss -0.7784
2026-08-05 20:04:05.941090: Pseudo dice [np.float32(0.7237), np.float32(0.9275), np.float32(0.9352)]
2026-08-05 20:04:05.941163: Epoch time: 41.25 s
2026-08-05 20:04:07.224010: 
2026-08-05 20:04:07.224413: Epoch 846
2026-08-05 20:04:07.224558: Current learning rate: 0.00186
2026-08-05 20:04:48.392888: train_loss -0.9055
2026-08-05 20:04:48.393229: val_loss -0.7651
2026-08-05 20:04:48.393285: Pseudo dice [np.float32(0.7153), np.float32(0.9204), np.float32(0.9326)]
2026-08-05 20:04:48.393344: Epoch time: 41.17 s
2026-08-05 20:04:49.191288: 
2026-08-05 20:04:49.191769: Epoch 847
2026-08-05 20:04:49.191912: Current learning rate: 0.00185
2026-08-05 20:05:30.214267: train_loss -0.9064
2026-08-05 20:05:30.214720: val_loss -0.7721
2026-08-05 20:05:30.214779: Pseudo dice [np.float32(0.7137), np.float32(0.9254), np.float32(0.9362)]
2026-08-05 20:05:30.214844: Epoch time: 41.03 s
2026-08-05 20:05:31.004625: 
2026-08-05 20:05:31.004983: Epoch 848
2026-08-05 20:05:31.005114: Current learning rate: 0.00184
2026-08-05 20:06:12.199790: train_loss -0.9051
2026-08-05 20:06:12.229442: val_loss -0.7652
2026-08-05 20:06:12.229659: Pseudo dice [np.float32(0.7174), np.float32(0.923), np.float32(0.9375)]
2026-08-05 20:06:12.229726: Epoch time: 41.2 s
2026-08-05 20:06:13.049025: 
2026-08-05 20:06:13.049458: Epoch 849
2026-08-05 20:06:13.049588: Current learning rate: 0.00182
2026-08-05 20:06:54.716578: train_loss -0.9074
2026-08-05 20:06:54.717150: val_loss -0.7859
2026-08-05 20:06:54.717318: Pseudo dice [np.float32(0.73), np.float32(0.9277), np.float32(0.9352)]
2026-08-05 20:06:54.717417: Epoch time: 41.67 s
2026-08-05 20:07:02.538857: 
2026-08-05 20:07:02.539260: Epoch 850
2026-08-05 20:07:02.539392: Current learning rate: 0.00181
2026-08-05 20:07:43.816252: train_loss -0.9068
2026-08-05 20:07:43.816868: val_loss -0.7698
2026-08-05 20:07:43.817042: Pseudo dice [np.float32(0.7199), np.float32(0.922), np.float32(0.939)]
2026-08-05 20:07:43.817182: Epoch time: 41.28 s
2026-08-05 20:07:44.978888: 
2026-08-05 20:07:44.979298: Epoch 851
2026-08-05 20:07:44.979399: Current learning rate: 0.0018
2026-08-05 20:08:25.991344: train_loss -0.9055
2026-08-05 20:08:25.991610: val_loss -0.7548
2026-08-05 20:08:25.991966: Pseudo dice [np.float32(0.7097), np.float32(0.9174), np.float32(0.9355)]
2026-08-05 20:08:25.992346: Epoch time: 41.02 s
2026-08-05 20:08:26.897762: 
2026-08-05 20:08:26.898019: Epoch 852
2026-08-05 20:08:26.898175: Current learning rate: 0.00179
2026-08-05 20:09:08.142495: train_loss -0.9026
2026-08-05 20:09:08.143056: val_loss -0.7662
2026-08-05 20:09:08.143117: Pseudo dice [np.float32(0.7095), np.float32(0.9175), np.float32(0.9381)]
2026-08-05 20:09:08.145424: Epoch time: 41.25 s
2026-08-05 20:09:08.920345: 
2026-08-05 20:09:08.920638: Epoch 853
2026-08-05 20:09:08.920744: Current learning rate: 0.00178
2026-08-05 20:09:49.826859: train_loss -0.9061
2026-08-05 20:09:49.827404: val_loss -0.7687
2026-08-05 20:09:49.827556: Pseudo dice [np.float32(0.7194), np.float32(0.927), np.float32(0.9314)]
2026-08-05 20:09:49.827687: Epoch time: 40.91 s
2026-08-05 20:09:50.682501: 
2026-08-05 20:09:50.682811: Epoch 854
2026-08-05 20:09:50.682948: Current learning rate: 0.00177
2026-08-05 20:10:30.902269: train_loss -0.9079
2026-08-05 20:10:30.902465: val_loss -0.7763
2026-08-05 20:10:30.902516: Pseudo dice [np.float32(0.719), np.float32(0.9253), np.float32(0.938)]
2026-08-05 20:10:30.902573: Epoch time: 40.22 s
2026-08-05 20:10:31.663579: 
2026-08-05 20:10:31.663965: Epoch 855
2026-08-05 20:10:31.664073: Current learning rate: 0.00176
2026-08-05 20:11:12.448332: train_loss -0.906
2026-08-05 20:11:12.448583: val_loss -0.7708
2026-08-05 20:11:12.448673: Pseudo dice [np.float32(0.7166), np.float32(0.9193), np.float32(0.9367)]
2026-08-05 20:11:12.448734: Epoch time: 40.79 s
2026-08-05 20:11:13.219242: 
2026-08-05 20:11:13.219604: Epoch 856
2026-08-05 20:11:13.219714: Current learning rate: 0.00175
2026-08-05 20:11:54.040615: train_loss -0.908
2026-08-05 20:11:54.041054: val_loss -0.7664
2026-08-05 20:11:54.041210: Pseudo dice [np.float32(0.7169), np.float32(0.9189), np.float32(0.934)]
2026-08-05 20:11:54.041354: Epoch time: 40.82 s
2026-08-05 20:11:54.821267: 
2026-08-05 20:11:54.821665: Epoch 857
2026-08-05 20:11:54.821773: Current learning rate: 0.00174
2026-08-05 20:12:36.017627: train_loss -0.9082
2026-08-05 20:12:36.038474: val_loss -0.7547
2026-08-05 20:12:36.038623: Pseudo dice [np.float32(0.7105), np.float32(0.9185), np.float32(0.933)]
2026-08-05 20:12:36.038747: Epoch time: 41.2 s
2026-08-05 20:12:37.049945: 
2026-08-05 20:12:37.050234: Epoch 858
2026-08-05 20:12:37.050413: Current learning rate: 0.00173
2026-08-05 20:13:17.759959: train_loss -0.9062
2026-08-05 20:13:17.760443: val_loss -0.7739
2026-08-05 20:13:17.760588: Pseudo dice [np.float32(0.7233), np.float32(0.9259), np.float32(0.9318)]
2026-08-05 20:13:17.760694: Epoch time: 40.71 s
2026-08-05 20:13:18.634142: 
2026-08-05 20:13:18.634418: Epoch 859
2026-08-05 20:13:18.634554: Current learning rate: 0.00172
2026-08-05 20:13:59.496398: train_loss -0.9073
2026-08-05 20:13:59.532047: val_loss -0.7763
2026-08-05 20:13:59.532285: Pseudo dice [np.float32(0.7228), np.float32(0.9225), np.float32(0.9391)]
2026-08-05 20:13:59.532411: Epoch time: 40.86 s
2026-08-05 20:14:00.271093: 
2026-08-05 20:14:00.271437: Epoch 860
2026-08-05 20:14:00.271548: Current learning rate: 0.0017
2026-08-05 20:14:41.189733: train_loss -0.9094
2026-08-05 20:14:41.194960: val_loss -0.774
2026-08-05 20:14:41.195061: Pseudo dice [np.float32(0.7241), np.float32(0.9252), np.float32(0.935)]
2026-08-05 20:14:41.195141: Epoch time: 40.92 s
2026-08-05 20:14:42.171455: 
2026-08-05 20:14:42.171771: Epoch 861
2026-08-05 20:14:42.171906: Current learning rate: 0.00169
2026-08-05 20:15:27.580059: train_loss -0.911
2026-08-05 20:15:27.582448: val_loss -0.7626
2026-08-05 20:15:27.582571: Pseudo dice [np.float32(0.7129), np.float32(0.9211), np.float32(0.9317)]
2026-08-05 20:15:27.582654: Epoch time: 45.41 s
2026-08-05 20:15:28.628177: 
2026-08-05 20:15:28.628545: Epoch 862
2026-08-05 20:15:28.628667: Current learning rate: 0.00168
2026-08-05 20:16:10.883954: train_loss -0.9103
2026-08-05 20:16:10.884367: val_loss -0.7868
2026-08-05 20:16:10.884482: Pseudo dice [np.float32(0.729), np.float32(0.9314), np.float32(0.9424)]
2026-08-05 20:16:10.884550: Epoch time: 42.26 s
2026-08-05 20:16:11.613374: 
2026-08-05 20:16:11.613774: Epoch 863
2026-08-05 20:16:11.613911: Current learning rate: 0.00167
2026-08-05 20:16:52.187686: train_loss -0.911
2026-08-05 20:16:52.188136: val_loss -0.7617
2026-08-05 20:16:52.188232: Pseudo dice [np.float32(0.7141), np.float32(0.9234), np.float32(0.9368)]
2026-08-05 20:16:52.188297: Epoch time: 40.58 s
2026-08-05 20:16:52.947313: 
2026-08-05 20:16:52.947634: Epoch 864
2026-08-05 20:16:52.947757: Current learning rate: 0.00166
2026-08-05 20:17:33.791617: train_loss -0.9097
2026-08-05 20:17:33.792165: val_loss -0.7857
2026-08-05 20:17:33.792372: Pseudo dice [np.float32(0.7264), np.float32(0.9299), np.float32(0.9396)]
2026-08-05 20:17:33.792507: Epoch time: 40.85 s
2026-08-05 20:17:34.632623: 
2026-08-05 20:17:34.632831: Epoch 865
2026-08-05 20:17:34.633007: Current learning rate: 0.00165
2026-08-05 20:18:15.723185: train_loss -0.9082
2026-08-05 20:18:15.723518: val_loss -0.7532
2026-08-05 20:18:15.723588: Pseudo dice [np.float32(0.7085), np.float32(0.9176), np.float32(0.9326)]
2026-08-05 20:18:15.723662: Epoch time: 41.09 s
2026-08-05 20:18:16.514096: 
2026-08-05 20:18:16.514393: Epoch 866
2026-08-05 20:18:16.514504: Current learning rate: 0.00164
2026-08-05 20:18:57.558066: train_loss -0.9068
2026-08-05 20:18:57.558490: val_loss -0.7646
2026-08-05 20:18:57.558551: Pseudo dice [np.float32(0.7168), np.float32(0.9204), np.float32(0.9354)]
2026-08-05 20:18:57.558611: Epoch time: 41.05 s
2026-08-05 20:18:58.476260: 
2026-08-05 20:18:58.476660: Epoch 867
2026-08-05 20:18:58.476790: Current learning rate: 0.00163
2026-08-05 20:19:38.988342: train_loss -0.9072
2026-08-05 20:19:38.988645: val_loss -0.7638
2026-08-05 20:19:38.988713: Pseudo dice [np.float32(0.7154), np.float32(0.9195), np.float32(0.9383)]
2026-08-05 20:19:38.988784: Epoch time: 40.51 s
2026-08-05 20:19:39.935497: 
2026-08-05 20:19:39.935878: Epoch 868
2026-08-05 20:19:39.936031: Current learning rate: 0.00162
2026-08-05 20:20:20.658751: train_loss -0.9091
2026-08-05 20:20:20.659050: val_loss -0.7682
2026-08-05 20:20:20.659122: Pseudo dice [np.float32(0.7244), np.float32(0.9229), np.float32(0.9362)]
2026-08-05 20:20:20.659193: Epoch time: 40.73 s
2026-08-05 20:20:21.610805: 
2026-08-05 20:20:21.611214: Epoch 869
2026-08-05 20:20:21.611328: Current learning rate: 0.00161
2026-08-05 20:21:02.535445: train_loss -0.9076
2026-08-05 20:21:02.541801: val_loss -0.7672
2026-08-05 20:21:02.542058: Pseudo dice [np.float32(0.7234), np.float32(0.9169), np.float32(0.9396)]
2026-08-05 20:21:02.542230: Epoch time: 40.93 s
2026-08-05 20:21:03.435068: 
2026-08-05 20:21:03.435498: Epoch 870
2026-08-05 20:21:03.435783: Current learning rate: 0.00159
2026-08-05 20:21:44.308597: train_loss -0.908
2026-08-05 20:21:44.308835: val_loss -0.7765
2026-08-05 20:21:44.308994: Pseudo dice [np.float32(0.7222), np.float32(0.9282), np.float32(0.9408)]
2026-08-05 20:21:44.309063: Epoch time: 40.88 s
2026-08-05 20:21:45.365569: 
2026-08-05 20:21:45.366030: Epoch 871
2026-08-05 20:21:45.366146: Current learning rate: 0.00158
2026-08-05 20:22:26.080934: train_loss -0.9097
2026-08-05 20:22:26.081534: val_loss -0.7705
2026-08-05 20:22:26.081599: Pseudo dice [np.float32(0.7188), np.float32(0.9243), np.float32(0.9402)]
2026-08-05 20:22:26.081654: Epoch time: 40.72 s
2026-08-05 20:22:26.850411: 
2026-08-05 20:22:26.850785: Epoch 872
2026-08-05 20:22:26.850994: Current learning rate: 0.00157
2026-08-05 20:23:34.903486: train_loss -0.9091
2026-08-05 20:23:35.059130: val_loss -0.7775
2026-08-05 20:23:35.059424: Pseudo dice [np.float32(0.723), np.float32(0.9297), np.float32(0.9382)]
2026-08-05 20:23:35.059556: Epoch time: 68.06 s
2026-08-05 20:23:35.991567: 
2026-08-05 20:23:35.991904: Epoch 873
2026-08-05 20:23:35.992011: Current learning rate: 0.00156
2026-08-05 20:24:16.693752: train_loss -0.9115
2026-08-05 20:24:16.777451: val_loss -0.7597
2026-08-05 20:24:16.777559: Pseudo dice [np.float32(0.7097), np.float32(0.9231), np.float32(0.9327)]
2026-08-05 20:24:16.777625: Epoch time: 40.71 s
2026-08-05 20:24:17.525650: 
2026-08-05 20:24:17.525982: Epoch 874
2026-08-05 20:24:17.526093: Current learning rate: 0.00155
2026-08-05 20:24:58.178199: train_loss -0.91
2026-08-05 20:24:58.178464: val_loss -0.7644
2026-08-05 20:24:58.178521: Pseudo dice [np.float32(0.7087), np.float32(0.9241), np.float32(0.9336)]
2026-08-05 20:24:58.178589: Epoch time: 40.66 s
2026-08-05 20:24:59.153106: 
2026-08-05 20:24:59.153481: Epoch 875
2026-08-05 20:24:59.153649: Current learning rate: 0.00154
2026-08-05 20:25:39.987319: train_loss -0.9122
2026-08-05 20:25:39.987651: val_loss -0.7625
2026-08-05 20:25:39.987878: Pseudo dice [np.float32(0.7146), np.float32(0.9231), np.float32(0.9326)]
2026-08-05 20:25:39.988028: Epoch time: 40.84 s
2026-08-05 20:25:40.815354: 
2026-08-05 20:25:40.815640: Epoch 876
2026-08-05 20:25:40.815757: Current learning rate: 0.00153
2026-08-05 20:26:21.458613: train_loss -0.9114
2026-08-05 20:26:21.683185: val_loss -0.7765
2026-08-05 20:26:21.683483: Pseudo dice [np.float32(0.7223), np.float32(0.9254), np.float32(0.9419)]
2026-08-05 20:26:21.683618: Epoch time: 40.65 s
2026-08-05 20:26:22.637339: 
2026-08-05 20:26:22.637715: Epoch 877
2026-08-05 20:26:22.637824: Current learning rate: 0.00152
2026-08-05 20:27:03.814222: train_loss -0.9102
2026-08-05 20:27:03.814474: val_loss -0.7721
2026-08-05 20:27:03.814540: Pseudo dice [np.float32(0.7228), np.float32(0.9292), np.float32(0.9386)]
2026-08-05 20:27:03.814612: Epoch time: 41.18 s
2026-08-05 20:27:04.711694: 
2026-08-05 20:27:04.712027: Epoch 878
2026-08-05 20:27:04.712327: Current learning rate: 0.00151
2026-08-05 20:27:45.672525: train_loss -0.9057
2026-08-05 20:27:45.672778: val_loss -0.7741
2026-08-05 20:27:45.672831: Pseudo dice [np.float32(0.7236), np.float32(0.9249), np.float32(0.9384)]
2026-08-05 20:27:45.672883: Epoch time: 40.96 s
2026-08-05 20:27:46.380599: 
2026-08-05 20:27:46.380931: Epoch 879
2026-08-05 20:27:46.381100: Current learning rate: 0.00149
2026-08-05 20:28:27.218994: train_loss -0.903
2026-08-05 20:28:27.219617: val_loss -0.7793
2026-08-05 20:28:27.219788: Pseudo dice [np.float32(0.7269), np.float32(0.9248), np.float32(0.9396)]
2026-08-05 20:28:27.219953: Epoch time: 40.84 s
2026-08-05 20:28:28.049206: 
2026-08-05 20:28:28.049470: Epoch 880
2026-08-05 20:28:28.049690: Current learning rate: 0.00148
2026-08-05 20:29:09.353669: train_loss -0.906
2026-08-05 20:29:09.354157: val_loss -0.772
2026-08-05 20:29:09.354217: Pseudo dice [np.float32(0.7199), np.float32(0.9172), np.float32(0.9395)]
2026-08-05 20:29:09.354277: Epoch time: 41.31 s
2026-08-05 20:29:10.175310: 
2026-08-05 20:29:10.175592: Epoch 881
2026-08-05 20:29:10.175730: Current learning rate: 0.00147
2026-08-05 20:29:51.053117: train_loss -0.9072
2026-08-05 20:29:51.053294: val_loss -0.7591
2026-08-05 20:29:51.053358: Pseudo dice [np.float32(0.7091), np.float32(0.9207), np.float32(0.9295)]
2026-08-05 20:29:51.053903: Epoch time: 40.88 s
2026-08-05 20:29:51.809112: 
2026-08-05 20:29:51.809387: Epoch 882
2026-08-05 20:29:51.809574: Current learning rate: 0.00146
2026-08-05 20:30:32.960745: train_loss -0.9063
2026-08-05 20:30:32.961380: val_loss -0.778
2026-08-05 20:30:32.961583: Pseudo dice [np.float32(0.7313), np.float32(0.9269), np.float32(0.9403)]
2026-08-05 20:30:32.961733: Epoch time: 41.15 s
2026-08-05 20:30:33.994884: 
2026-08-05 20:30:33.995266: Epoch 883
2026-08-05 20:30:33.995383: Current learning rate: 0.00145
2026-08-05 20:31:14.768962: train_loss -0.9097
2026-08-05 20:31:14.770081: val_loss -0.7716
2026-08-05 20:31:14.770260: Pseudo dice [np.float32(0.7274), np.float32(0.922), np.float32(0.939)]
2026-08-05 20:31:14.770406: Epoch time: 40.78 s
2026-08-05 20:31:15.664671: 
2026-08-05 20:31:15.665025: Epoch 884
2026-08-05 20:31:15.665162: Current learning rate: 0.00144
2026-08-05 20:31:58.853048: train_loss -0.9118
2026-08-05 20:31:58.853332: val_loss -0.7751
2026-08-05 20:31:58.853388: Pseudo dice [np.float32(0.7237), np.float32(0.9253), np.float32(0.9413)]
2026-08-05 20:31:58.853449: Epoch time: 43.19 s
2026-08-05 20:31:59.973198: 
2026-08-05 20:31:59.973581: Epoch 885
2026-08-05 20:31:59.973704: Current learning rate: 0.00143
2026-08-05 20:32:45.406312: train_loss -0.9076
2026-08-05 20:32:45.406751: val_loss -0.775
2026-08-05 20:32:45.406878: Pseudo dice [np.float32(0.7208), np.float32(0.9262), np.float32(0.9355)]
2026-08-05 20:32:45.407027: Epoch time: 45.44 s
2026-08-05 20:32:46.272165: 
2026-08-05 20:32:46.272565: Epoch 886
2026-08-05 20:32:46.272653: Current learning rate: 0.00142
2026-08-05 20:33:27.148246: train_loss -0.912
2026-08-05 20:33:27.168853: val_loss -0.7631
2026-08-05 20:33:27.169126: Pseudo dice [np.float32(0.7108), np.float32(0.9238), np.float32(0.9382)]
2026-08-05 20:33:27.169284: Epoch time: 40.88 s
2026-08-05 20:33:29.018515: 
2026-08-05 20:33:29.018873: Epoch 887
2026-08-05 20:33:29.018994: Current learning rate: 0.00141
2026-08-05 20:34:10.118042: train_loss -0.9075
2026-08-05 20:34:10.118425: val_loss -0.7707
2026-08-05 20:34:10.118556: Pseudo dice [np.float32(0.7144), np.float32(0.9226), np.float32(0.9329)]
2026-08-05 20:34:10.118688: Epoch time: 41.1 s
2026-08-05 20:34:11.000072: 
2026-08-05 20:34:11.000404: Epoch 888
2026-08-05 20:34:11.000608: Current learning rate: 0.00139
2026-08-05 20:34:51.936245: train_loss -0.907
2026-08-05 20:34:51.936786: val_loss -0.7739
2026-08-05 20:34:51.937015: Pseudo dice [np.float32(0.7179), np.float32(0.9255), np.float32(0.9376)]
2026-08-05 20:34:51.937169: Epoch time: 40.94 s
2026-08-05 20:34:52.823064: 
2026-08-05 20:34:52.823410: Epoch 889
2026-08-05 20:34:52.823516: Current learning rate: 0.00138
2026-08-05 20:36:04.980343: train_loss -0.9084
2026-08-05 20:36:04.980576: val_loss -0.7554
2026-08-05 20:36:04.980630: Pseudo dice [np.float32(0.7082), np.float32(0.9186), np.float32(0.937)]
2026-08-05 20:36:04.980695: Epoch time: 72.16 s
2026-08-05 20:36:06.557853: 
2026-08-05 20:36:06.558061: Epoch 890
2026-08-05 20:36:06.558221: Current learning rate: 0.00137
2026-08-05 20:36:47.207300: train_loss -0.9109
2026-08-05 20:36:47.207568: val_loss -0.7605
2026-08-05 20:36:47.207634: Pseudo dice [np.float32(0.7135), np.float32(0.9212), np.float32(0.9353)]
2026-08-05 20:36:47.207703: Epoch time: 40.65 s
2026-08-05 20:36:48.630261: 
2026-08-05 20:36:48.630480: Epoch 891
2026-08-05 20:36:48.630615: Current learning rate: 0.00136
2026-08-05 20:37:29.047307: train_loss -0.9138
2026-08-05 20:37:29.047658: val_loss -0.7702
2026-08-05 20:37:29.047723: Pseudo dice [np.float32(0.7221), np.float32(0.928), np.float32(0.9369)]
2026-08-05 20:37:29.047791: Epoch time: 40.42 s
2026-08-05 20:37:30.218847: 
2026-08-05 20:37:30.219222: Epoch 892
2026-08-05 20:37:30.219344: Current learning rate: 0.00135
2026-08-05 20:38:29.294883: train_loss -0.9109
2026-08-05 20:38:29.295973: val_loss -0.7777
2026-08-05 20:38:29.296057: Pseudo dice [np.float32(0.7247), np.float32(0.9267), np.float32(0.9354)]
2026-08-05 20:38:29.296168: Epoch time: 59.08 s
2026-08-05 20:38:30.238847: 
2026-08-05 20:38:30.239204: Epoch 893
2026-08-05 20:38:30.239376: Current learning rate: 0.00134
2026-08-05 20:39:25.943293: train_loss -0.9115
2026-08-05 20:39:25.944565: val_loss -0.7761
2026-08-05 20:39:25.944818: Pseudo dice [np.float32(0.7284), np.float32(0.9315), np.float32(0.9366)]
2026-08-05 20:39:25.945054: Epoch time: 55.71 s
2026-08-05 20:39:27.157647: 
2026-08-05 20:39:27.158018: Epoch 894
2026-08-05 20:39:27.158168: Current learning rate: 0.00133
2026-08-05 20:40:17.596534: train_loss -0.9111
2026-08-05 20:40:17.597150: val_loss -0.7898
2026-08-05 20:40:17.597332: Pseudo dice [np.float32(0.7367), np.float32(0.928), np.float32(0.9388)]
2026-08-05 20:40:17.597422: Epoch time: 50.44 s
2026-08-05 20:40:18.492615: 
2026-08-05 20:40:18.492870: Epoch 895
2026-08-05 20:40:18.493077: Current learning rate: 0.00132
2026-08-05 20:40:59.430224: train_loss -0.9119
2026-08-05 20:40:59.430443: val_loss -0.7664
2026-08-05 20:40:59.430497: Pseudo dice [np.float32(0.7143), np.float32(0.9247), np.float32(0.9385)]
2026-08-05 20:40:59.430566: Epoch time: 40.94 s
2026-08-05 20:41:00.414940: 
2026-08-05 20:41:00.415409: Epoch 896
2026-08-05 20:41:00.415541: Current learning rate: 0.0013
2026-08-05 20:41:43.573022: train_loss -0.9105
2026-08-05 20:41:43.573305: val_loss -0.7685
2026-08-05 20:41:43.573407: Pseudo dice [np.float32(0.7245), np.float32(0.9228), np.float32(0.9377)]
2026-08-05 20:41:43.573510: Epoch time: 43.16 s
2026-08-05 20:41:44.509539: 
2026-08-05 20:41:44.509775: Epoch 897
2026-08-05 20:41:44.509945: Current learning rate: 0.00129
2026-08-05 20:42:25.519242: train_loss -0.9125
2026-08-05 20:42:25.519450: val_loss -0.7596
2026-08-05 20:42:25.519506: Pseudo dice [np.float32(0.7166), np.float32(0.9248), np.float32(0.9327)]
2026-08-05 20:42:25.519562: Epoch time: 41.01 s
2026-08-05 20:42:26.411526: 
2026-08-05 20:42:26.412271: Epoch 898
2026-08-05 20:42:26.412398: Current learning rate: 0.00128
2026-08-05 20:43:07.441330: train_loss -0.9103
2026-08-05 20:43:07.441586: val_loss -0.7646
2026-08-05 20:43:07.441640: Pseudo dice [np.float32(0.7147), np.float32(0.9207), np.float32(0.9367)]
2026-08-05 20:43:07.441707: Epoch time: 41.03 s
2026-08-05 20:43:08.564154: 
2026-08-05 20:43:08.564499: Epoch 899
2026-08-05 20:43:08.564748: Current learning rate: 0.00127
2026-08-05 20:43:50.493518: train_loss -0.9131
2026-08-05 20:43:50.652176: val_loss -0.7681
2026-08-05 20:43:50.652428: Pseudo dice [np.float32(0.7206), np.float32(0.9235), np.float32(0.9363)]
2026-08-05 20:43:50.652646: Epoch time: 41.93 s
2026-08-05 20:44:02.249328: 
2026-08-05 20:44:02.249630: Epoch 900
2026-08-05 20:44:02.249778: Current learning rate: 0.00126
2026-08-05 20:44:46.362303: train_loss -0.9147
2026-08-05 20:44:46.541141: val_loss -0.7663
2026-08-05 20:44:46.541482: Pseudo dice [np.float32(0.7202), np.float32(0.9232), np.float32(0.9353)]
2026-08-05 20:44:46.541704: Epoch time: 44.12 s
2026-08-05 20:44:50.182169: 
2026-08-05 20:44:50.182584: Epoch 901
2026-08-05 20:44:50.182680: Current learning rate: 0.00125
2026-08-05 20:45:30.808419: train_loss -0.9118
2026-08-05 20:45:30.992359: val_loss -0.7697
2026-08-05 20:45:30.992588: Pseudo dice [np.float32(0.7212), np.float32(0.9256), np.float32(0.939)]
2026-08-05 20:45:30.992713: Epoch time: 40.63 s
2026-08-05 20:45:31.825832: 
2026-08-05 20:45:31.826203: Epoch 902
2026-08-05 20:45:31.826339: Current learning rate: 0.00124
2026-08-05 20:46:12.416068: train_loss -0.9137
2026-08-05 20:46:12.416278: val_loss -0.759
2026-08-05 20:46:12.416335: Pseudo dice [np.float32(0.7096), np.float32(0.9194), np.float32(0.9386)]
2026-08-05 20:46:12.416400: Epoch time: 40.59 s
2026-08-05 20:46:13.407577: 
2026-08-05 20:46:13.407959: Epoch 903
2026-08-05 20:46:13.408152: Current learning rate: 0.00122
2026-08-05 20:46:54.010389: train_loss -0.9153
2026-08-05 20:46:54.010719: val_loss -0.7676
2026-08-05 20:46:54.010785: Pseudo dice [np.float32(0.7174), np.float32(0.9252), np.float32(0.9396)]
2026-08-05 20:46:54.010862: Epoch time: 40.61 s
2026-08-05 20:46:55.283760: 
2026-08-05 20:46:55.364290: Epoch 904
2026-08-05 20:46:55.364499: Current learning rate: 0.00121
2026-08-05 20:47:35.965011: train_loss -0.915
2026-08-05 20:47:35.965674: val_loss -0.7608
2026-08-05 20:47:35.965743: Pseudo dice [np.float32(0.7125), np.float32(0.9249), np.float32(0.9361)]
2026-08-05 20:47:35.965823: Epoch time: 40.69 s
2026-08-05 20:47:36.959251: 
2026-08-05 20:47:36.959674: Epoch 905
2026-08-05 20:47:36.959802: Current learning rate: 0.0012
2026-08-05 20:48:18.098164: train_loss -0.9107
2026-08-05 20:48:18.098675: val_loss -0.7801
2026-08-05 20:48:18.098740: Pseudo dice [np.float32(0.7242), np.float32(0.9307), np.float32(0.9412)]
2026-08-05 20:48:18.098804: Epoch time: 41.14 s
2026-08-05 20:48:18.864084: 
2026-08-05 20:48:18.864424: Epoch 906
2026-08-05 20:48:18.864641: Current learning rate: 0.00119
2026-08-05 20:48:59.775607: train_loss -0.9135
2026-08-05 20:48:59.776044: val_loss -0.7674
2026-08-05 20:48:59.776109: Pseudo dice [np.float32(0.7188), np.float32(0.923), np.float32(0.9362)]
2026-08-05 20:48:59.776173: Epoch time: 40.91 s
2026-08-05 20:49:00.501858: 
2026-08-05 20:49:00.502121: Epoch 907
2026-08-05 20:49:00.502334: Current learning rate: 0.00118
2026-08-05 20:49:41.412753: train_loss -0.913
2026-08-05 20:49:41.414699: val_loss -0.7714
2026-08-05 20:49:41.414810: Pseudo dice [np.float32(0.7198), np.float32(0.9241), np.float32(0.9336)]
2026-08-05 20:49:41.414931: Epoch time: 40.91 s
2026-08-05 20:49:43.157458: 
2026-08-05 20:49:43.157827: Epoch 908
2026-08-05 20:49:43.157988: Current learning rate: 0.00117
2026-08-05 20:50:25.715169: train_loss -0.9133
2026-08-05 20:50:25.720659: val_loss -0.7691
2026-08-05 20:50:25.720783: Pseudo dice [np.float32(0.7201), np.float32(0.9276), np.float32(0.9366)]
2026-08-05 20:50:25.720883: Epoch time: 42.56 s
2026-08-05 20:50:26.678253: 
2026-08-05 20:50:26.678661: Epoch 909
2026-08-05 20:50:26.678790: Current learning rate: 0.00116
2026-08-05 20:51:08.455671: train_loss -0.9106
2026-08-05 20:51:08.625178: val_loss -0.768
2026-08-05 20:51:08.625355: Pseudo dice [np.float32(0.7295), np.float32(0.928), np.float32(0.9346)]
2026-08-05 20:51:08.625454: Epoch time: 41.78 s
2026-08-05 20:51:09.382516: 
2026-08-05 20:51:09.382782: Epoch 910
2026-08-05 20:51:09.382912: Current learning rate: 0.00115
2026-08-05 20:51:50.516786: train_loss -0.9139
2026-08-05 20:51:50.517199: val_loss -0.7621
2026-08-05 20:51:50.517258: Pseudo dice [np.float32(0.7153), np.float32(0.9237), np.float32(0.9341)]
2026-08-05 20:51:50.517313: Epoch time: 41.14 s
2026-08-05 20:51:51.283620: 
2026-08-05 20:51:51.283812: Epoch 911
2026-08-05 20:51:51.284186: Current learning rate: 0.00113
2026-08-05 20:52:32.036801: train_loss -0.9113
2026-08-05 20:52:32.037251: val_loss -0.7635
2026-08-05 20:52:32.037310: Pseudo dice [np.float32(0.7166), np.float32(0.9209), np.float32(0.9393)]
2026-08-05 20:52:32.037394: Epoch time: 40.76 s
2026-08-05 20:52:32.807150: 
2026-08-05 20:52:32.807472: Epoch 912
2026-08-05 20:52:32.807583: Current learning rate: 0.00112
2026-08-05 20:53:13.743510: train_loss -0.9133
2026-08-05 20:53:13.743976: val_loss -0.7629
2026-08-05 20:53:13.744038: Pseudo dice [np.float32(0.7171), np.float32(0.9196), np.float32(0.9355)]
2026-08-05 20:53:13.744109: Epoch time: 40.94 s
2026-08-05 20:53:14.669942: 
2026-08-05 20:53:14.670226: Epoch 913
2026-08-05 20:53:14.670356: Current learning rate: 0.00111
2026-08-05 20:53:55.319546: train_loss -0.9139
2026-08-05 20:53:55.319995: val_loss -0.7577
2026-08-05 20:53:55.320060: Pseudo dice [np.float32(0.7164), np.float32(0.9193), np.float32(0.9362)]
2026-08-05 20:53:55.320260: Epoch time: 40.65 s
2026-08-05 20:53:56.344995: 
2026-08-05 20:53:56.345273: Epoch 914
2026-08-05 20:53:56.345501: Current learning rate: 0.0011
2026-08-05 20:54:37.103292: train_loss -0.9162
2026-08-05 20:54:37.104009: val_loss -0.7651
2026-08-05 20:54:37.104068: Pseudo dice [np.float32(0.7254), np.float32(0.9202), np.float32(0.9375)]
2026-08-05 20:54:37.104123: Epoch time: 40.76 s
2026-08-05 20:54:38.157768: 
2026-08-05 20:54:38.159289: Epoch 915
2026-08-05 20:54:38.159443: Current learning rate: 0.00109
2026-08-05 20:55:22.212617: train_loss -0.9165
2026-08-05 20:55:22.213783: val_loss -0.7735
2026-08-05 20:55:22.213913: Pseudo dice [np.float32(0.7276), np.float32(0.9251), np.float32(0.937)]
2026-08-05 20:55:22.214054: Epoch time: 44.07 s
2026-08-05 20:55:23.347908: 
2026-08-05 20:55:23.348279: Epoch 916
2026-08-05 20:55:23.348375: Current learning rate: 0.00108
2026-08-05 20:56:04.326362: train_loss -0.9112
2026-08-05 20:56:04.326924: val_loss -0.7648
2026-08-05 20:56:04.326981: Pseudo dice [np.float32(0.7226), np.float32(0.9243), np.float32(0.9364)]
2026-08-05 20:56:04.327036: Epoch time: 40.98 s
2026-08-05 20:56:05.107111: 
2026-08-05 20:56:05.107348: Epoch 917
2026-08-05 20:56:05.107545: Current learning rate: 0.00106
2026-08-05 20:56:45.631773: train_loss -0.9145
2026-08-05 20:56:45.631968: val_loss -0.7679
2026-08-05 20:56:45.632028: Pseudo dice [np.float32(0.7196), np.float32(0.922), np.float32(0.9434)]
2026-08-05 20:56:45.632090: Epoch time: 40.53 s
2026-08-05 20:56:46.383714: 
2026-08-05 20:56:46.384032: Epoch 918
2026-08-05 20:56:46.384167: Current learning rate: 0.00105
2026-08-05 20:57:26.767175: train_loss -0.9155
2026-08-05 20:57:26.767450: val_loss -0.7699
2026-08-05 20:57:26.767509: Pseudo dice [np.float32(0.7206), np.float32(0.9249), np.float32(0.9412)]
2026-08-05 20:57:26.767574: Epoch time: 40.39 s
2026-08-05 20:57:27.727766: 
2026-08-05 20:57:27.728091: Epoch 919
2026-08-05 20:57:27.728216: Current learning rate: 0.00104
2026-08-05 20:58:08.230232: train_loss -0.9147
2026-08-05 20:58:08.230529: val_loss -0.7662
2026-08-05 20:58:08.230617: Pseudo dice [np.float32(0.7212), np.float32(0.9259), np.float32(0.9389)]
2026-08-05 20:58:08.230685: Epoch time: 40.51 s
2026-08-05 20:58:09.010556: 
2026-08-05 20:58:09.010942: Epoch 920
2026-08-05 20:58:09.011092: Current learning rate: 0.00103
2026-08-05 20:58:49.968968: train_loss -0.9165
2026-08-05 20:58:49.969211: val_loss -0.7518
2026-08-05 20:58:49.969262: Pseudo dice [np.float32(0.7008), np.float32(0.9188), np.float32(0.9367)]
2026-08-05 20:58:49.969320: Epoch time: 40.96 s
2026-08-05 20:58:50.778954: 
2026-08-05 20:58:50.779300: Epoch 921
2026-08-05 20:58:50.779546: Current learning rate: 0.00102
2026-08-05 20:59:37.438962: train_loss -0.9155
2026-08-05 20:59:37.439477: val_loss -0.7602
2026-08-05 20:59:37.439634: Pseudo dice [np.float32(0.7169), np.float32(0.9186), np.float32(0.9343)]
2026-08-05 20:59:37.439775: Epoch time: 46.66 s
2026-08-05 20:59:38.545968: 
2026-08-05 20:59:38.546349: Epoch 922
2026-08-05 20:59:38.546507: Current learning rate: 0.00101
2026-08-05 21:00:20.287613: train_loss -0.9166
2026-08-05 21:00:20.287845: val_loss -0.767
2026-08-05 21:00:20.287911: Pseudo dice [np.float32(0.7164), np.float32(0.9261), np.float32(0.9345)]
2026-08-05 21:00:20.287984: Epoch time: 41.74 s
2026-08-05 21:00:21.113795: 
2026-08-05 21:00:21.114338: Epoch 923
2026-08-05 21:00:21.114507: Current learning rate: 0.001
2026-08-05 21:01:01.768159: train_loss -0.9088
2026-08-05 21:01:01.768422: val_loss -0.7688
2026-08-05 21:01:01.768492: Pseudo dice [np.float32(0.7249), np.float32(0.9258), np.float32(0.9348)]
2026-08-05 21:01:01.768671: Epoch time: 40.66 s
2026-08-05 21:01:02.736784: 
2026-08-05 21:01:02.737256: Epoch 924
2026-08-05 21:01:02.737394: Current learning rate: 0.00098
2026-08-05 21:01:43.403841: train_loss -0.9197
2026-08-05 21:01:43.747093: val_loss -0.7564
2026-08-05 21:01:43.747463: Pseudo dice [np.float32(0.7137), np.float32(0.9213), np.float32(0.9338)]
2026-08-05 21:01:43.747648: Epoch time: 40.67 s
2026-08-05 21:01:44.751006: 
2026-08-05 21:01:44.751346: Epoch 925
2026-08-05 21:01:44.751442: Current learning rate: 0.00097
2026-08-05 21:02:25.759747: train_loss -0.9191
2026-08-05 21:02:25.760270: val_loss -0.7798
2026-08-05 21:02:25.760442: Pseudo dice [np.float32(0.7351), np.float32(0.9271), np.float32(0.9418)]
2026-08-05 21:02:25.760563: Epoch time: 41.01 s
2026-08-05 21:02:26.622510: 
2026-08-05 21:02:26.622818: Epoch 926
2026-08-05 21:02:26.622943: Current learning rate: 0.00096
2026-08-05 21:03:07.389671: train_loss -0.9174
2026-08-05 21:03:07.390256: val_loss -0.7512
2026-08-05 21:03:07.390316: Pseudo dice [np.float32(0.7101), np.float32(0.9202), np.float32(0.9326)]
2026-08-05 21:03:07.390375: Epoch time: 40.77 s
2026-08-05 21:03:08.161031: 
2026-08-05 21:03:08.161416: Epoch 927
2026-08-05 21:03:08.161523: Current learning rate: 0.00095
2026-08-05 21:03:48.921587: train_loss -0.9165
2026-08-05 21:03:48.922093: val_loss -0.7745
2026-08-05 21:03:48.922215: Pseudo dice [np.float32(0.7292), np.float32(0.9272), np.float32(0.9407)]
2026-08-05 21:03:48.922332: Epoch time: 40.76 s
2026-08-05 21:03:49.887579: 
2026-08-05 21:03:49.888008: Epoch 928
2026-08-05 21:03:49.888115: Current learning rate: 0.00094
2026-08-05 21:04:30.671406: train_loss -0.9176
2026-08-05 21:04:30.730819: val_loss -0.761
2026-08-05 21:04:30.731080: Pseudo dice [np.float32(0.7247), np.float32(0.9222), np.float32(0.9361)]
2026-08-05 21:04:30.731210: Epoch time: 40.79 s
2026-08-05 21:04:32.404132: 
2026-08-05 21:04:32.404478: Epoch 929
2026-08-05 21:04:32.404630: Current learning rate: 0.00092
2026-08-05 21:05:13.248732: train_loss -0.9173
2026-08-05 21:05:13.248964: val_loss -0.7687
2026-08-05 21:05:13.249019: Pseudo dice [np.float32(0.7149), np.float32(0.9221), np.float32(0.9375)]
2026-08-05 21:05:13.249075: Epoch time: 40.85 s
2026-08-05 21:05:14.043549: 
2026-08-05 21:05:14.043929: Epoch 930
2026-08-05 21:05:14.044038: Current learning rate: 0.00091
2026-08-05 21:05:55.261408: train_loss -0.9183
2026-08-05 21:05:55.261855: val_loss -0.7716
2026-08-05 21:05:55.261985: Pseudo dice [np.float32(0.7251), np.float32(0.928), np.float32(0.9402)]
2026-08-05 21:05:55.262121: Epoch time: 41.22 s
2026-08-05 21:05:56.075128: 
2026-08-05 21:05:56.075606: Epoch 931
2026-08-05 21:05:56.075707: Current learning rate: 0.0009
2026-08-05 21:06:37.126189: train_loss -0.9164
2026-08-05 21:06:37.126761: val_loss -0.768
2026-08-05 21:06:37.126835: Pseudo dice [np.float32(0.7182), np.float32(0.9254), np.float32(0.9401)]
2026-08-05 21:06:37.126916: Epoch time: 41.05 s
2026-08-05 21:06:37.932452: 
2026-08-05 21:06:37.932885: Epoch 932
2026-08-05 21:06:37.933013: Current learning rate: 0.00089
2026-08-05 21:07:18.783184: train_loss -0.9146
2026-08-05 21:07:18.783392: val_loss -0.7688
2026-08-05 21:07:18.783442: Pseudo dice [np.float32(0.7274), np.float32(0.9251), np.float32(0.9375)]
2026-08-05 21:07:18.783505: Epoch time: 40.85 s
2026-08-05 21:07:19.805984: 
2026-08-05 21:07:19.806377: Epoch 933
2026-08-05 21:07:19.806506: Current learning rate: 0.00088
2026-08-05 21:08:00.570215: train_loss -0.9171
2026-08-05 21:08:00.574226: val_loss -0.7594
2026-08-05 21:08:00.575373: Pseudo dice [np.float32(0.7067), np.float32(0.9247), np.float32(0.9378)]
2026-08-05 21:08:00.575812: Epoch time: 40.77 s
2026-08-05 21:08:01.394398: 
2026-08-05 21:08:01.394783: Epoch 934
2026-08-05 21:08:01.394905: Current learning rate: 0.00087
2026-08-05 21:08:42.447053: train_loss -0.9181
2026-08-05 21:08:42.447292: val_loss -0.7605
2026-08-05 21:08:42.447390: Pseudo dice [np.float32(0.7208), np.float32(0.9244), np.float32(0.9369)]
2026-08-05 21:08:42.447562: Epoch time: 41.06 s
2026-08-05 21:08:43.418028: 
2026-08-05 21:08:43.418330: Epoch 935
2026-08-05 21:08:43.418439: Current learning rate: 0.00085
2026-08-05 21:09:24.538852: train_loss -0.9179
2026-08-05 21:09:24.539125: val_loss -0.7796
2026-08-05 21:09:24.539182: Pseudo dice [np.float32(0.7274), np.float32(0.9261), np.float32(0.9385)]
2026-08-05 21:09:24.539237: Epoch time: 41.12 s
2026-08-05 21:09:25.347013: 
2026-08-05 21:09:25.347240: Epoch 936
2026-08-05 21:09:25.347384: Current learning rate: 0.00084
2026-08-05 21:10:06.856840: train_loss -0.9192
2026-08-05 21:10:06.857086: val_loss -0.783
2026-08-05 21:10:06.857157: Pseudo dice [np.float32(0.7348), np.float32(0.931), np.float32(0.937)]
2026-08-05 21:10:06.857236: Epoch time: 41.51 s
2026-08-05 21:10:07.818089: 
2026-08-05 21:10:07.818438: Epoch 937
2026-08-05 21:10:07.818581: Current learning rate: 0.00083
2026-08-05 21:10:49.014223: train_loss -0.9192
2026-08-05 21:10:49.014930: val_loss -0.7726
2026-08-05 21:10:49.015074: Pseudo dice [np.float32(0.7275), np.float32(0.9285), np.float32(0.9384)]
2026-08-05 21:10:49.015190: Epoch time: 41.2 s
2026-08-05 21:10:49.807504: 
2026-08-05 21:10:49.807823: Epoch 938
2026-08-05 21:10:49.808001: Current learning rate: 0.00082
2026-08-05 21:11:50.191061: train_loss -0.9165
2026-08-05 21:11:50.200247: val_loss -0.7607
2026-08-05 21:11:50.200389: Pseudo dice [np.float32(0.7118), np.float32(0.9277), np.float32(0.9373)]
2026-08-05 21:11:50.200505: Epoch time: 60.39 s
2026-08-05 21:11:51.039382: 
2026-08-05 21:11:51.039689: Epoch 939
2026-08-05 21:11:51.039853: Current learning rate: 0.00081
2026-08-05 21:12:31.870017: train_loss -0.9182
2026-08-05 21:12:31.972360: val_loss -0.7663
2026-08-05 21:12:31.972599: Pseudo dice [np.float32(0.7185), np.float32(0.925), np.float32(0.9364)]
2026-08-05 21:12:31.972735: Epoch time: 40.83 s
2026-08-05 21:12:32.866871: 
2026-08-05 21:12:32.867192: Epoch 940
2026-08-05 21:12:32.867420: Current learning rate: 0.00079
2026-08-05 21:13:13.883006: train_loss -0.9193
2026-08-05 21:13:13.883307: val_loss -0.7626
2026-08-05 21:13:13.883369: Pseudo dice [np.float32(0.7207), np.float32(0.9203), np.float32(0.9341)]
2026-08-05 21:13:13.883447: Epoch time: 41.02 s
2026-08-05 21:13:14.821715: 
2026-08-05 21:13:14.822053: Epoch 941
2026-08-05 21:13:14.822170: Current learning rate: 0.00078
2026-08-05 21:13:55.778103: train_loss -0.9176
2026-08-05 21:13:56.284786: val_loss -0.7561
2026-08-05 21:13:56.285056: Pseudo dice [np.float32(0.714), np.float32(0.9236), np.float32(0.9361)]
2026-08-05 21:13:56.285225: Epoch time: 40.96 s
2026-08-05 21:13:57.314882: 
2026-08-05 21:13:57.315188: Epoch 942
2026-08-05 21:13:57.315304: Current learning rate: 0.00077
2026-08-05 21:14:38.286971: train_loss -0.9161
2026-08-05 21:14:38.420167: val_loss -0.7752
2026-08-05 21:14:38.420470: Pseudo dice [np.float32(0.728), np.float32(0.9267), np.float32(0.9384)]
2026-08-05 21:14:38.420655: Epoch time: 40.97 s
2026-08-05 21:14:39.869689: 
2026-08-05 21:14:39.869992: Epoch 943
2026-08-05 21:14:39.870246: Current learning rate: 0.00076
2026-08-05 21:15:21.695974: train_loss -0.9191
2026-08-05 21:15:21.696539: val_loss -0.7578
2026-08-05 21:15:21.696609: Pseudo dice [np.float32(0.713), np.float32(0.9217), np.float32(0.9366)]
2026-08-05 21:15:21.696684: Epoch time: 41.83 s
2026-08-05 21:15:22.495948: 
2026-08-05 21:15:22.496361: Epoch 944
2026-08-05 21:15:22.496519: Current learning rate: 0.00075
2026-08-05 21:16:03.874853: train_loss -0.9187
2026-08-05 21:16:03.918838: val_loss -0.7596
2026-08-05 21:16:03.919051: Pseudo dice [np.float32(0.7112), np.float32(0.9198), np.float32(0.9341)]
2026-08-05 21:16:03.919176: Epoch time: 41.38 s
2026-08-05 21:16:04.979394: 
2026-08-05 21:16:04.979609: Epoch 945
2026-08-05 21:16:04.979707: Current learning rate: 0.00074
2026-08-05 21:16:47.745106: train_loss -0.9194
2026-08-05 21:16:47.950110: val_loss -0.773
2026-08-05 21:16:47.950336: Pseudo dice [np.float32(0.7266), np.float32(0.925), np.float32(0.9404)]
2026-08-05 21:16:47.950411: Epoch time: 42.77 s
2026-08-05 21:16:48.908962: 
2026-08-05 21:16:48.909400: Epoch 946
2026-08-05 21:16:48.909515: Current learning rate: 0.00072
2026-08-05 21:17:29.556063: train_loss -0.9187
2026-08-05 21:17:29.557278: val_loss -0.7735
2026-08-05 21:17:29.557341: Pseudo dice [np.float32(0.7215), np.float32(0.9258), np.float32(0.9382)]
2026-08-05 21:17:29.557418: Epoch time: 40.65 s
2026-08-05 21:17:30.352244: 
2026-08-05 21:17:30.352668: Epoch 947
2026-08-05 21:17:30.352841: Current learning rate: 0.00071
2026-08-05 21:18:11.068040: train_loss -0.9174
2026-08-05 21:18:11.287936: val_loss -0.7719
2026-08-05 21:18:11.288296: Pseudo dice [np.float32(0.7199), np.float32(0.9295), np.float32(0.9417)]
2026-08-05 21:18:11.288530: Epoch time: 40.72 s
2026-08-05 21:18:12.250656: 
2026-08-05 21:18:12.251101: Epoch 948
2026-08-05 21:18:12.251218: Current learning rate: 0.0007
2026-08-05 21:18:53.230335: train_loss -0.9194
2026-08-05 21:18:53.230620: val_loss -0.7592
2026-08-05 21:18:53.230793: Pseudo dice [np.float32(0.7119), np.float32(0.9237), np.float32(0.9363)]
2026-08-05 21:18:53.291281: Epoch time: 40.98 s
2026-08-05 21:18:54.346993: 
2026-08-05 21:18:54.347295: Epoch 949
2026-08-05 21:18:54.347406: Current learning rate: 0.00069
2026-08-05 21:19:35.549800: train_loss -0.9217
2026-08-05 21:19:35.550179: val_loss -0.7756
2026-08-05 21:19:35.550375: Pseudo dice [np.float32(0.7288), np.float32(0.9281), np.float32(0.9376)]
2026-08-05 21:19:35.550484: Epoch time: 41.21 s
2026-08-05 21:19:50.819165: 
2026-08-05 21:19:50.819496: Epoch 950
2026-08-05 21:19:50.819613: Current learning rate: 0.00067
2026-08-05 21:20:31.682432: train_loss -0.9199
2026-08-05 21:20:31.682709: val_loss -0.7635
2026-08-05 21:20:31.682765: Pseudo dice [np.float32(0.7214), np.float32(0.9281), np.float32(0.9375)]
2026-08-05 21:20:31.682824: Epoch time: 40.87 s
2026-08-05 21:20:32.443679: 
2026-08-05 21:20:32.444220: Epoch 951
2026-08-05 21:20:32.444451: Current learning rate: 0.00066
2026-08-05 21:21:13.399402: train_loss -0.9211
2026-08-05 21:21:13.400554: val_loss -0.7725
2026-08-05 21:21:13.401057: Pseudo dice [np.float32(0.7264), np.float32(0.9297), np.float32(0.939)]
2026-08-05 21:21:13.401165: Epoch time: 40.96 s
2026-08-05 21:21:14.241576: 
2026-08-05 21:21:14.241907: Epoch 952
2026-08-05 21:21:14.242186: Current learning rate: 0.00065
2026-08-05 21:21:55.002121: train_loss -0.9192
2026-08-05 21:21:55.002403: val_loss -0.7537
2026-08-05 21:21:55.002457: Pseudo dice [np.float32(0.7115), np.float32(0.9213), np.float32(0.9344)]
2026-08-05 21:21:55.002520: Epoch time: 40.76 s
2026-08-05 21:21:55.785599: 
2026-08-05 21:21:55.786035: Epoch 953
2026-08-05 21:21:55.786279: Current learning rate: 0.00064
2026-08-05 21:22:36.149268: train_loss -0.9205
2026-08-05 21:22:36.770806: val_loss -0.7562
2026-08-05 21:22:36.770990: Pseudo dice [np.float32(0.7076), np.float32(0.9214), np.float32(0.9351)]
2026-08-05 21:22:36.771054: Epoch time: 40.37 s
2026-08-05 21:22:37.653055: 
2026-08-05 21:22:37.653417: Epoch 954
2026-08-05 21:22:37.653578: Current learning rate: 0.00063
2026-08-05 21:23:18.504393: train_loss -0.9203
2026-08-05 21:23:18.664577: val_loss -0.7693
2026-08-05 21:23:18.664881: Pseudo dice [np.float32(0.7215), np.float32(0.9259), np.float32(0.9398)]
2026-08-05 21:23:18.665102: Epoch time: 40.85 s
2026-08-05 21:23:19.708609: 
2026-08-05 21:23:19.708906: Epoch 955
2026-08-05 21:23:19.709098: Current learning rate: 0.00061
2026-08-05 21:24:00.691238: train_loss -0.9196
2026-08-05 21:24:00.694906: val_loss -0.7579
2026-08-05 21:24:00.696015: Pseudo dice [np.float32(0.7179), np.float32(0.9227), np.float32(0.9351)]
2026-08-05 21:24:00.696888: Epoch time: 40.99 s
2026-08-05 21:24:02.083533: 
2026-08-05 21:24:02.083913: Epoch 956
2026-08-05 21:24:02.084039: Current learning rate: 0.0006
2026-08-05 21:24:42.908870: train_loss -0.9178
2026-08-05 21:24:42.909105: val_loss -0.7597
2026-08-05 21:24:42.909163: Pseudo dice [np.float32(0.7155), np.float32(0.9218), np.float32(0.9359)]
2026-08-05 21:24:42.909225: Epoch time: 40.83 s
2026-08-05 21:24:44.299036: 
2026-08-05 21:24:44.299476: Epoch 957
2026-08-05 21:24:44.299593: Current learning rate: 0.00059
2026-08-05 21:25:25.295552: train_loss -0.9188
2026-08-05 21:25:25.296089: val_loss -0.7595
2026-08-05 21:25:25.296278: Pseudo dice [np.float32(0.7195), np.float32(0.9233), np.float32(0.9356)]
2026-08-05 21:25:25.296403: Epoch time: 41.0 s
2026-08-05 21:25:26.142226: 
2026-08-05 21:25:26.142463: Epoch 958
2026-08-05 21:25:26.142766: Current learning rate: 0.00058
2026-08-05 21:26:07.075376: train_loss -0.9199
2026-08-05 21:26:07.075685: val_loss -0.7639
2026-08-05 21:26:07.075805: Pseudo dice [np.float32(0.7233), np.float32(0.9254), np.float32(0.9413)]
2026-08-05 21:26:07.075931: Epoch time: 40.94 s
2026-08-05 21:26:07.984486: 
2026-08-05 21:26:07.984777: Epoch 959
2026-08-05 21:26:07.984958: Current learning rate: 0.00056
2026-08-05 21:26:48.679911: train_loss -0.9181
2026-08-05 21:26:48.680650: val_loss -0.7641
2026-08-05 21:26:48.680809: Pseudo dice [np.float32(0.7232), np.float32(0.9235), np.float32(0.9353)]
2026-08-05 21:26:48.680961: Epoch time: 40.7 s
2026-08-05 21:26:49.497223: 
2026-08-05 21:26:49.497524: Epoch 960
2026-08-05 21:26:49.497626: Current learning rate: 0.00055
2026-08-05 21:27:30.315555: train_loss -0.9195
2026-08-05 21:27:30.316112: val_loss -0.7771
2026-08-05 21:27:30.316306: Pseudo dice [np.float32(0.7236), np.float32(0.9249), np.float32(0.9374)]
2026-08-05 21:27:30.316490: Epoch time: 40.82 s
2026-08-05 21:27:31.222230: 
2026-08-05 21:27:31.222577: Epoch 961
2026-08-05 21:27:31.222688: Current learning rate: 0.00054
2026-08-05 21:28:12.254614: train_loss -0.9192
2026-08-05 21:28:12.255013: val_loss -0.7789
2026-08-05 21:28:12.255186: Pseudo dice [np.float32(0.7361), np.float32(0.9327), np.float32(0.9409)]
2026-08-05 21:28:12.255322: Epoch time: 41.04 s
2026-08-05 21:28:13.072272: 
2026-08-05 21:28:13.072786: Epoch 962
2026-08-05 21:28:13.072877: Current learning rate: 0.00053
2026-08-05 21:28:53.863404: train_loss -0.919
2026-08-05 21:28:53.863654: val_loss -0.7615
2026-08-05 21:28:53.863709: Pseudo dice [np.float32(0.7114), np.float32(0.9237), np.float32(0.9318)]
2026-08-05 21:28:53.863770: Epoch time: 40.79 s
2026-08-05 21:28:54.690532: 
2026-08-05 21:28:54.690986: Epoch 963
2026-08-05 21:28:54.691145: Current learning rate: 0.00051
2026-08-05 21:29:34.976300: train_loss -0.9208
2026-08-05 21:29:34.976635: val_loss -0.7718
2026-08-05 21:29:34.976704: Pseudo dice [np.float32(0.7229), np.float32(0.9246), np.float32(0.9365)]
2026-08-05 21:29:34.976788: Epoch time: 40.29 s
2026-08-05 21:29:36.627949: 
2026-08-05 21:29:36.628192: Epoch 964
2026-08-05 21:29:36.628371: Current learning rate: 0.0005
2026-08-05 21:30:17.417100: train_loss -0.9225
2026-08-05 21:30:17.417481: val_loss -0.7725
2026-08-05 21:30:17.417678: Pseudo dice [np.float32(0.7193), np.float32(0.9266), np.float32(0.9384)]
2026-08-05 21:30:17.417799: Epoch time: 40.79 s
2026-08-05 21:30:18.331278: 
2026-08-05 21:30:18.331652: Epoch 965
2026-08-05 21:30:18.331762: Current learning rate: 0.00049
2026-08-05 21:30:59.209408: train_loss -0.9178
2026-08-05 21:30:59.209736: val_loss -0.7574
2026-08-05 21:30:59.209858: Pseudo dice [np.float32(0.7206), np.float32(0.9265), np.float32(0.9347)]
2026-08-05 21:30:59.209940: Epoch time: 40.88 s
2026-08-05 21:30:59.999999: 
2026-08-05 21:31:00.000404: Epoch 966
2026-08-05 21:31:00.000522: Current learning rate: 0.00048
2026-08-05 21:31:41.148192: train_loss -0.9212
2026-08-05 21:31:41.148631: val_loss -0.7531
2026-08-05 21:31:41.148690: Pseudo dice [np.float32(0.7211), np.float32(0.9267), np.float32(0.9401)]
2026-08-05 21:31:41.148759: Epoch time: 41.15 s
2026-08-05 21:31:41.985992: 
2026-08-05 21:31:41.986282: Epoch 967
2026-08-05 21:31:41.986405: Current learning rate: 0.00046
2026-08-05 21:32:22.482103: train_loss -0.9216
2026-08-05 21:32:22.482371: val_loss -0.7592
2026-08-05 21:32:22.482437: Pseudo dice [np.float32(0.7194), np.float32(0.925), np.float32(0.9401)]
2026-08-05 21:32:22.482508: Epoch time: 40.5 s
2026-08-05 21:32:23.527921: 
2026-08-05 21:32:23.528581: Epoch 968
2026-08-05 21:32:23.528743: Current learning rate: 0.00045
2026-08-05 21:33:04.018822: train_loss -0.9212
2026-08-05 21:33:04.019113: val_loss -0.763
2026-08-05 21:33:04.019175: Pseudo dice [np.float32(0.7095), np.float32(0.9185), np.float32(0.9371)]
2026-08-05 21:33:04.019240: Epoch time: 40.49 s
2026-08-05 21:33:05.308150: 
2026-08-05 21:33:05.308559: Epoch 969
2026-08-05 21:33:05.308674: Current learning rate: 0.00044
2026-08-05 21:33:46.147478: train_loss -0.9235
2026-08-05 21:33:46.147806: val_loss -0.7549
2026-08-05 21:33:46.147863: Pseudo dice [np.float32(0.7141), np.float32(0.9239), np.float32(0.936)]
2026-08-05 21:33:46.147942: Epoch time: 40.84 s
2026-08-05 21:33:46.948030: 
2026-08-05 21:33:46.948456: Epoch 970
2026-08-05 21:33:46.948566: Current learning rate: 0.00043
2026-08-05 21:34:27.928212: train_loss -0.9191
2026-08-05 21:34:27.928809: val_loss -0.7844
2026-08-05 21:34:27.928998: Pseudo dice [np.float32(0.728), np.float32(0.9295), np.float32(0.9415)]
2026-08-05 21:34:27.929182: Epoch time: 40.98 s
2026-08-05 21:34:29.721003: 
2026-08-05 21:34:29.774590: Epoch 971
2026-08-05 21:34:29.774887: Current learning rate: 0.00041
2026-08-05 21:35:11.064461: train_loss -0.9213
2026-08-05 21:35:11.064845: val_loss -0.7666
2026-08-05 21:35:11.065046: Pseudo dice [np.float32(0.7269), np.float32(0.9265), np.float32(0.9362)]
2026-08-05 21:35:11.065195: Epoch time: 41.35 s
2026-08-05 21:35:11.963662: 
2026-08-05 21:35:11.963903: Epoch 972
2026-08-05 21:35:11.964020: Current learning rate: 0.0004
2026-08-05 21:35:53.044801: train_loss -0.9209
2026-08-05 21:35:53.045235: val_loss -0.7533
2026-08-05 21:35:53.045501: Pseudo dice [np.float32(0.7104), np.float32(0.921), np.float32(0.9307)]
2026-08-05 21:35:53.045671: Epoch time: 41.08 s
2026-08-05 21:35:53.930104: 
2026-08-05 21:35:53.930447: Epoch 973
2026-08-05 21:35:53.930586: Current learning rate: 0.00039
2026-08-05 21:36:34.582224: train_loss -0.9211
2026-08-05 21:36:34.582679: val_loss -0.7552
2026-08-05 21:36:34.582785: Pseudo dice [np.float32(0.7203), np.float32(0.919), np.float32(0.9322)]
2026-08-05 21:36:34.582880: Epoch time: 40.65 s
2026-08-05 21:36:35.495964: 
2026-08-05 21:36:35.496398: Epoch 974
2026-08-05 21:36:35.496511: Current learning rate: 0.00037
2026-08-05 21:37:15.988663: train_loss -0.9201
2026-08-05 21:37:15.988860: val_loss -0.7677
2026-08-05 21:37:15.988929: Pseudo dice [np.float32(0.7175), np.float32(0.9251), np.float32(0.9384)]
2026-08-05 21:37:15.988994: Epoch time: 40.5 s
2026-08-05 21:37:16.760434: 
2026-08-05 21:37:16.761009: Epoch 975
2026-08-05 21:37:16.761142: Current learning rate: 0.00036
2026-08-05 21:37:57.651766: train_loss -0.9201
2026-08-05 21:37:57.651981: val_loss -0.7535
2026-08-05 21:37:57.652035: Pseudo dice [np.float32(0.7155), np.float32(0.9233), np.float32(0.9343)]
2026-08-05 21:37:57.652096: Epoch time: 40.89 s
2026-08-05 21:37:58.491596: 
2026-08-05 21:37:58.492011: Epoch 976
2026-08-05 21:37:58.492117: Current learning rate: 0.00035
2026-08-05 21:38:39.470427: train_loss -0.919
2026-08-05 21:38:39.470636: val_loss -0.7546
2026-08-05 21:38:39.470691: Pseudo dice [np.float32(0.7129), np.float32(0.9211), np.float32(0.9326)]
2026-08-05 21:38:39.470752: Epoch time: 40.98 s
2026-08-05 21:38:40.306433: 
2026-08-05 21:38:40.306779: Epoch 977
2026-08-05 21:38:40.306889: Current learning rate: 0.00034
2026-08-05 21:39:21.281118: train_loss -0.9202
2026-08-05 21:39:21.281317: val_loss -0.7607
2026-08-05 21:39:21.281368: Pseudo dice [np.float32(0.7166), np.float32(0.9238), np.float32(0.9362)]
2026-08-05 21:39:21.281428: Epoch time: 40.98 s
2026-08-05 21:39:23.008596: 
2026-08-05 21:39:23.009004: Epoch 978
2026-08-05 21:39:23.009140: Current learning rate: 0.00032
2026-08-05 21:40:04.014352: train_loss -0.9206
2026-08-05 21:40:04.014663: val_loss -0.7586
2026-08-05 21:40:04.014738: Pseudo dice [np.float32(0.7232), np.float32(0.9253), np.float32(0.9359)]
2026-08-05 21:40:04.014809: Epoch time: 41.01 s
2026-08-05 21:40:04.946491: 
2026-08-05 21:40:04.946913: Epoch 979
2026-08-05 21:40:04.947036: Current learning rate: 0.00031
2026-08-05 21:40:45.627944: train_loss -0.9198
2026-08-05 21:40:45.628322: val_loss -0.7643
2026-08-05 21:40:45.628396: Pseudo dice [np.float32(0.7251), np.float32(0.9263), np.float32(0.9377)]
2026-08-05 21:40:45.628480: Epoch time: 40.68 s
2026-08-05 21:40:46.694860: 
2026-08-05 21:40:46.695337: Epoch 980
2026-08-05 21:40:46.695637: Current learning rate: 0.0003
2026-08-05 21:41:27.300346: train_loss -0.9199
2026-08-05 21:41:27.300712: val_loss -0.7557
2026-08-05 21:41:27.300774: Pseudo dice [np.float32(0.7145), np.float32(0.9217), np.float32(0.9373)]
2026-08-05 21:41:27.300843: Epoch time: 40.61 s
2026-08-05 21:41:28.327807: 
2026-08-05 21:41:28.328282: Epoch 981
2026-08-05 21:41:28.328526: Current learning rate: 0.00028
2026-08-05 21:42:09.273917: train_loss -0.9222
2026-08-05 21:42:09.274267: val_loss -0.7524
2026-08-05 21:42:09.274371: Pseudo dice [np.float32(0.7071), np.float32(0.9187), np.float32(0.9345)]
2026-08-05 21:42:09.274470: Epoch time: 40.95 s
2026-08-05 21:42:10.438212: 
2026-08-05 21:42:10.438685: Epoch 982
2026-08-05 21:42:10.438826: Current learning rate: 0.00027
2026-08-05 21:42:51.129544: train_loss -0.9227
2026-08-05 21:42:51.129879: val_loss -0.771
2026-08-05 21:42:51.129968: Pseudo dice [np.float32(0.73), np.float32(0.9307), np.float32(0.9386)]
2026-08-05 21:42:51.130104: Epoch time: 40.7 s
2026-08-05 21:42:52.155315: 
2026-08-05 21:42:52.155649: Epoch 983
2026-08-05 21:42:52.155846: Current learning rate: 0.00026
2026-08-05 21:43:33.074806: train_loss -0.9211
2026-08-05 21:43:33.075144: val_loss -0.7719
2026-08-05 21:43:33.075218: Pseudo dice [np.float32(0.7255), np.float32(0.9261), np.float32(0.9361)]
2026-08-05 21:43:33.075301: Epoch time: 40.92 s
2026-08-05 21:43:34.067276: 
2026-08-05 21:43:34.067673: Epoch 984
2026-08-05 21:43:34.067856: Current learning rate: 0.00024
2026-08-05 21:44:15.416387: train_loss -0.9219
2026-08-05 21:44:15.416654: val_loss -0.7586
2026-08-05 21:44:15.416723: Pseudo dice [np.float32(0.7078), np.float32(0.9214), np.float32(0.9372)]
2026-08-05 21:44:15.416795: Epoch time: 41.35 s
2026-08-05 21:44:16.376956: 
2026-08-05 21:44:16.377241: Epoch 985
2026-08-05 21:44:16.377361: Current learning rate: 0.00023
2026-08-05 21:44:57.004863: train_loss -0.9212
2026-08-05 21:44:57.005099: val_loss -0.7841
2026-08-05 21:44:57.005152: Pseudo dice [np.float32(0.7377), np.float32(0.9359), np.float32(0.9421)]
2026-08-05 21:44:57.005214: Epoch time: 40.63 s
2026-08-05 21:44:57.848371: 
2026-08-05 21:44:57.848817: Epoch 986
2026-08-05 21:44:57.848957: Current learning rate: 0.00021
2026-08-05 21:45:38.403005: train_loss -0.9226
2026-08-05 21:45:38.403308: val_loss -0.7595
2026-08-05 21:45:38.403365: Pseudo dice [np.float32(0.7185), np.float32(0.9181), np.float32(0.9368)]
2026-08-05 21:45:38.403426: Epoch time: 40.56 s
2026-08-05 21:45:39.203555: 
2026-08-05 21:45:39.203983: Epoch 987
2026-08-05 21:45:39.204125: Current learning rate: 0.0002
2026-08-05 21:46:20.328541: train_loss -0.9223
2026-08-05 21:46:20.328830: val_loss -0.763
2026-08-05 21:46:20.328945: Pseudo dice [np.float32(0.7177), np.float32(0.9246), np.float32(0.9368)]
2026-08-05 21:46:20.329010: Epoch time: 41.13 s
2026-08-05 21:46:21.160800: 
2026-08-05 21:46:21.161156: Epoch 988
2026-08-05 21:46:21.161305: Current learning rate: 0.00019
2026-08-05 21:47:02.145704: train_loss -0.9214
2026-08-05 21:47:02.145963: val_loss -0.7599
2026-08-05 21:47:02.146017: Pseudo dice [np.float32(0.7225), np.float32(0.9255), np.float32(0.937)]
2026-08-05 21:47:02.146090: Epoch time: 40.99 s
2026-08-05 21:47:03.044876: 
2026-08-05 21:47:03.045170: Epoch 989
2026-08-05 21:47:03.045348: Current learning rate: 0.00017
2026-08-05 21:47:44.123382: train_loss -0.926
2026-08-05 21:47:44.156488: val_loss -0.7681
2026-08-05 21:47:44.156719: Pseudo dice [np.float32(0.7272), np.float32(0.9259), np.float32(0.9372)]
2026-08-05 21:47:44.156876: Epoch time: 41.08 s
2026-08-05 21:47:45.027783: 
2026-08-05 21:47:45.028190: Epoch 990
2026-08-05 21:47:45.028315: Current learning rate: 0.00016
2026-08-05 21:48:25.919745: train_loss -0.9226
2026-08-05 21:48:25.920119: val_loss -0.7647
2026-08-05 21:48:25.920181: Pseudo dice [np.float32(0.716), np.float32(0.9265), np.float32(0.9385)]
2026-08-05 21:48:25.920264: Epoch time: 40.9 s
2026-08-05 21:48:26.812284: 
2026-08-05 21:48:26.812645: Epoch 991
2026-08-05 21:48:26.812769: Current learning rate: 0.00014
2026-08-05 21:49:08.221182: train_loss -0.9226
2026-08-05 21:49:08.221493: val_loss -0.7743
2026-08-05 21:49:08.221645: Pseudo dice [np.float32(0.7291), np.float32(0.9284), np.float32(0.9366)]
2026-08-05 21:49:08.221786: Epoch time: 41.41 s
2026-08-05 21:49:09.182969: 
2026-08-05 21:49:09.183350: Epoch 992
2026-08-05 21:49:09.183546: Current learning rate: 0.00013
2026-08-05 21:49:49.941276: train_loss -0.9235
2026-08-05 21:49:49.941471: val_loss -0.7648
2026-08-05 21:49:49.941600: Pseudo dice [np.float32(0.7168), np.float32(0.9251), np.float32(0.9361)]
2026-08-05 21:49:49.941669: Epoch time: 40.76 s
2026-08-05 21:49:50.738215: 
2026-08-05 21:49:50.738498: Epoch 993
2026-08-05 21:49:50.738642: Current learning rate: 0.00011
2026-08-05 21:50:31.362280: train_loss -0.9254
2026-08-05 21:50:31.374707: val_loss -0.7603
2026-08-05 21:50:31.374795: Pseudo dice [np.float32(0.7214), np.float32(0.9237), np.float32(0.9387)]
2026-08-05 21:50:31.374862: Epoch time: 40.63 s
2026-08-05 21:50:32.219190: 
2026-08-05 21:50:32.219481: Epoch 994
2026-08-05 21:50:32.219716: Current learning rate: 0.0001
2026-08-05 21:51:12.824607: train_loss -0.9234
2026-08-05 21:51:12.825006: val_loss -0.7592
2026-08-05 21:51:12.825176: Pseudo dice [np.float32(0.7174), np.float32(0.9236), np.float32(0.9322)]
2026-08-05 21:51:12.825249: Epoch time: 40.61 s
2026-08-05 21:51:13.690642: 
2026-08-05 21:51:13.690946: Epoch 995
2026-08-05 21:51:13.691271: Current learning rate: 8e-05
2026-08-05 21:51:54.596194: train_loss -0.9227
2026-08-05 21:51:54.596473: val_loss -0.7588
2026-08-05 21:51:54.596533: Pseudo dice [np.float32(0.717), np.float32(0.926), np.float32(0.9334)]
2026-08-05 21:51:54.596601: Epoch time: 40.91 s
2026-08-05 21:51:55.594450: 
2026-08-05 21:51:55.594918: Epoch 996
2026-08-05 21:51:55.595068: Current learning rate: 7e-05
2026-08-05 21:52:36.299438: train_loss -0.922
2026-08-05 21:52:36.299759: val_loss -0.7717
2026-08-05 21:52:36.299818: Pseudo dice [np.float32(0.722), np.float32(0.9253), np.float32(0.9339)]
2026-08-05 21:52:36.299887: Epoch time: 40.71 s
2026-08-05 21:52:37.108180: 
2026-08-05 21:52:37.108732: Epoch 997
2026-08-05 21:52:37.108965: Current learning rate: 5e-05
2026-08-05 21:53:17.932208: train_loss -0.9231
2026-08-05 21:53:17.932482: val_loss -0.7536
2026-08-05 21:53:17.932539: Pseudo dice [np.float32(0.7115), np.float32(0.9218), np.float32(0.9327)]
2026-08-05 21:53:17.932598: Epoch time: 40.83 s
2026-08-05 21:53:19.200110: 
2026-08-05 21:53:19.200420: Epoch 998
2026-08-05 21:53:19.200565: Current learning rate: 4e-05
2026-08-05 21:53:59.784249: train_loss -0.9222
2026-08-05 21:53:59.784760: val_loss -0.7634
2026-08-05 21:53:59.784998: Pseudo dice [np.float32(0.7225), np.float32(0.9275), np.float32(0.9369)]
2026-08-05 21:53:59.785145: Epoch time: 40.59 s
2026-08-05 21:54:00.591987: 
2026-08-05 21:54:00.592366: Epoch 999
2026-08-05 21:54:00.592478: Current learning rate: 2e-05
2026-08-05 21:54:40.886365: train_loss -0.925
2026-08-05 21:54:40.886561: val_loss -0.7695
2026-08-05 21:54:40.886614: Pseudo dice [np.float32(0.7295), np.float32(0.9273), np.float32(0.936)]
2026-08-05 21:54:40.886670: Epoch time: 40.3 s
2026-08-05 21:54:46.222903: Training done.
2026-08-05 21:54:46.514763: Using splits from existing split file: /data1/youyou/workplace/nnUNet_quml/nnUNet_preprocessed/Dataset073_MBAS/splits_final.json
2026-08-05 21:54:46.630626: The split file contains 5 splits.
2026-08-05 21:54:46.630789: Desired fold for training: 1
2026-08-05 21:54:46.630857: This split has 56 training and 14 validation cases.
2026-08-05 21:54:46.631235: predicting MBAS_003
2026-08-05 21:54:46.716625: MBAS_003, shape torch.Size([1, 44, 638, 638]), rank 0
2026-08-05 21:55:04.870798: predicting MBAS_009
2026-08-05 21:55:06.917248: MBAS_009, shape torch.Size([1, 44, 638, 638]), rank 0
2026-08-05 21:55:17.468515: predicting MBAS_013
2026-08-05 21:55:17.985094: MBAS_013, shape torch.Size([1, 44, 574, 574]), rank 0
2026-08-05 21:55:28.590546: predicting MBAS_021
2026-08-05 21:55:29.953888: MBAS_021, shape torch.Size([1, 44, 574, 574]), rank 0
2026-08-05 21:55:40.559211: predicting MBAS_022
2026-08-05 21:55:41.164176: MBAS_022, shape torch.Size([1, 44, 574, 574]), rank 0
2026-08-05 21:55:51.782919: predicting MBAS_025
2026-08-05 21:55:52.209046: MBAS_025, shape torch.Size([1, 44, 638, 638]), rank 0
2026-08-05 21:56:02.818325: predicting MBAS_026
2026-08-05 21:56:04.962031: MBAS_026, shape torch.Size([1, 44, 638, 638]), rank 0
2026-08-05 21:56:15.582099: predicting MBAS_027
2026-08-05 21:56:20.295754: MBAS_027, shape torch.Size([1, 44, 574, 574]), rank 0
2026-08-05 21:56:30.781617: predicting MBAS_029
2026-08-05 21:56:30.937070: MBAS_029, shape torch.Size([1, 44, 638, 638]), rank 0
2026-08-05 21:56:41.526693: predicting MBAS_031
2026-08-05 21:56:42.800294: MBAS_031, shape torch.Size([1, 44, 638, 638]), rank 0
2026-08-05 21:56:53.291937: predicting MBAS_045
2026-08-05 21:56:53.499628: MBAS_045, shape torch.Size([1, 44, 574, 574]), rank 0
2026-08-05 21:57:04.075238: predicting MBAS_048
2026-08-05 21:57:06.164011: MBAS_048, shape torch.Size([1, 44, 611, 638]), rank 0
2026-08-05 21:57:16.756525: predicting MBAS_049
2026-08-05 21:57:16.814581: MBAS_049, shape torch.Size([1, 44, 574, 574]), rank 0
2026-08-05 21:57:27.415831: predicting MBAS_059
2026-08-05 21:57:28.690974: MBAS_059, shape torch.Size([1, 44, 638, 588]), rank 0
2026-08-05 21:58:31.312444: Validation complete
2026-08-05 21:58:31.313413: Mean Validation Dice:  0.8541540242524946
