Using device: cuda:0

#######################################################################
Please cite the following paper when using nnU-Net:
Isensee, F., Jaeger, P. F., Kohl, S. A., Petersen, J., & Maier-Hein, K. H. (2021). nnU-Net: a self-configuring method for deep learning-based biomedical image segmentation. Nature methods, 18(2), 203-211.
#######################################################################

2026-08-05 09:47:47.110942: Using torch.compile...
2026-08-05 09:47:47.684157: do_dummy_2d_data_aug: True
2026-08-05 09:47:47.684601: Creating new 5-fold cross-validation split...
2026-08-05 09:47:47.689405: Desired fold for training: 2
2026-08-05 09:47:47.689482: This split has 56 training and 14 validation cases.
using pin_memory on device 0
using pin_memory on device 0

This is the configuration used by this training:
Configuration name: 3d_fullres
 {'data_identifier': 'nnUNetPlans_3d_fullres', 'preprocessor_name': 'DefaultPreprocessor', 'batch_size': 2, 'patch_size': [20, 256, 256], 'median_image_size_in_voxels': [44.0, 592.5, 581.0], 'spacing': [2.5, 0.625, 0.625], 'normalization_schemes': ['ZScoreNormalization'], 'use_mask_for_norm': [False], 'resampling_fn_data': 'resample_data_or_seg_to_shape', 'resampling_fn_seg': 'resample_data_or_seg_to_shape', 'resampling_fn_data_kwargs': {'is_seg': False, 'order': 3, 'order_z': 0, 'force_separate_z': None}, 'resampling_fn_seg_kwargs': {'is_seg': True, 'order': 1, 'order_z': 0, 'force_separate_z': None}, 'resampling_fn_probabilities': 'resample_data_or_seg_to_shape', 'resampling_fn_probabilities_kwargs': {'is_seg': False, 'order': 1, 'order_z': 0, 'force_separate_z': None}, 'architecture': {'network_class_name': 'dynamic_network_architectures.architectures.unet.ResidualEncoderUNet', 'arch_kwargs': {'n_stages': 7, 'features_per_stage': [32, 64, 128, 256, 320, 320, 320], 'conv_op': 'torch.nn.modules.conv.Conv3d', 'kernel_sizes': [[1, 3, 3], [1, 3, 3], [3, 3, 3], [3, 3, 3], [3, 3, 3], [3, 3, 3], [3, 3, 3]], 'strides': [[1, 1, 1], [1, 2, 2], [1, 2, 2], [2, 2, 2], [2, 2, 2], [1, 2, 2], [1, 2, 2]], 'n_blocks_per_stage': [1, 3, 4, 6, 6, 6, 6], 'n_conv_per_stage_decoder': [1, 1, 1, 1, 1, 1], 'conv_bias': True, 'norm_op': 'torch.nn.modules.instancenorm.InstanceNorm3d', 'norm_op_kwargs': {'eps': 1e-05, 'affine': True}, 'dropout_op': None, 'dropout_op_kwargs': None, 'nonlin': 'torch.nn.LeakyReLU', 'nonlin_kwargs': {'inplace': True}}, '_kw_requires_import': ['conv_op', 'norm_op', 'dropout_op', 'nonlin']}, 'batch_dice': True} 

These are the global plan.json settings:
 {'dataset_name': 'Dataset073_MBAS', 'plans_name': 'nnUNetResEncUNetMPlans', 'original_median_spacing_after_transp': [2.5, 0.625, 0.625], 'original_median_shape_after_transp': [44, 592, 581], 'image_reader_writer': 'SimpleITKIO', 'transpose_forward': [0, 1, 2], 'transpose_backward': [0, 1, 2], 'experiment_planner_used': 'nnUNetPlannerResEncM', 'label_manager': 'LabelManager', 'foreground_intensity_properties_per_channel': {'0': {'max': 2101.0, 'mean': 362.0030822753906, 'median': 305.0, 'min': 0.0, 'percentile_00_5': 21.0, 'percentile_99_5': 1399.0, 'std': 260.2959289550781}}} 

2026-08-05 09:48:02.697115: Unable to plot network architecture: nnUNet_compile is enabled!
2026-08-05 09:48:02.718755: 
2026-08-05 09:48:02.719262: Epoch 0
2026-08-05 09:48:02.719712: Current learning rate: 0.01
2026-08-05 09:49:03.138741: train_loss 0.2386
2026-08-05 09:49:03.156110: val_loss 0.1507
2026-08-05 09:49:03.156238: Pseudo dice [np.float32(0.0), np.float32(0.0), np.float32(0.3735)]
2026-08-05 09:49:03.156360: Epoch time: 60.43 s
2026-08-05 09:49:03.156402: Yayy! New best EMA pseudo Dice: 0.12449999898672104
2026-08-05 09:49:04.938331: 
2026-08-05 09:49:04.938637: Epoch 1
2026-08-05 09:49:04.938785: Current learning rate: 0.00999
2026-08-05 09:49:45.623629: train_loss 0.0337
2026-08-05 09:49:45.624265: val_loss -0.0829
2026-08-05 09:49:45.624406: Pseudo dice [np.float32(0.0088), np.float32(0.5014), np.float32(0.5795)]
2026-08-05 09:49:45.624589: Epoch time: 40.69 s
2026-08-05 09:49:45.624685: Yayy! New best EMA pseudo Dice: 0.14839999377727509
2026-08-05 09:49:51.813725: 
2026-08-05 09:49:51.814098: Epoch 2
2026-08-05 09:49:51.814298: Current learning rate: 0.00998
2026-08-05 09:50:32.369819: train_loss -0.1576
2026-08-05 09:50:32.370062: val_loss -0.267
2026-08-05 09:50:32.370233: Pseudo dice [np.float32(0.3603), np.float32(0.5908), np.float32(0.7196)]
2026-08-05 09:50:32.370306: Epoch time: 40.56 s
2026-08-05 09:50:32.370350: Yayy! New best EMA pseudo Dice: 0.1891999989748001
2026-08-05 09:50:37.415878: 
2026-08-05 09:50:37.416335: Epoch 3
2026-08-05 09:50:37.416486: Current learning rate: 0.00997
2026-08-05 09:51:17.949098: train_loss -0.2859
2026-08-05 09:51:17.949719: val_loss -0.3808
2026-08-05 09:51:17.949853: Pseudo dice [np.float32(0.4458), np.float32(0.6808), np.float32(0.7286)]
2026-08-05 09:51:17.950006: Epoch time: 40.54 s
2026-08-05 09:51:17.950104: Yayy! New best EMA pseudo Dice: 0.2320999950170517
2026-08-05 09:51:23.381548: 
2026-08-05 09:51:23.382028: Epoch 4
2026-08-05 09:51:23.382109: Current learning rate: 0.00996
2026-08-05 09:52:04.092208: train_loss -0.3511
2026-08-05 09:52:04.092510: val_loss -0.4003
2026-08-05 09:52:04.092629: Pseudo dice [np.float32(0.4275), np.float32(0.675), np.float32(0.7877)]
2026-08-05 09:52:04.092837: Epoch time: 40.71 s
2026-08-05 09:52:04.092954: Yayy! New best EMA pseudo Dice: 0.2718999981880188
2026-08-05 09:52:11.595448: 
2026-08-05 09:52:11.595842: Epoch 5
2026-08-05 09:52:11.596172: Current learning rate: 0.00995
2026-08-05 09:52:52.534448: train_loss -0.406
2026-08-05 09:52:52.535026: val_loss -0.4093
2026-08-05 09:52:52.535159: Pseudo dice [np.float32(0.4333), np.float32(0.7396), np.float32(0.7572)]
2026-08-05 09:52:52.535300: Epoch time: 40.94 s
2026-08-05 09:52:52.535667: Yayy! New best EMA pseudo Dice: 0.3091000020503998
2026-08-05 09:53:01.081154: 
2026-08-05 09:53:01.081538: Epoch 6
2026-08-05 09:53:01.081708: Current learning rate: 0.00995
2026-08-05 09:53:41.940932: train_loss -0.4701
2026-08-05 09:53:41.941445: val_loss -0.4732
2026-08-05 09:53:41.941574: Pseudo dice [np.float32(0.4996), np.float32(0.737), np.float32(0.8086)]
2026-08-05 09:53:41.941711: Epoch time: 40.86 s
2026-08-05 09:53:41.941940: Yayy! New best EMA pseudo Dice: 0.34630000591278076
2026-08-05 09:53:48.768159: 
2026-08-05 09:53:48.768626: Epoch 7
2026-08-05 09:53:48.768718: Current learning rate: 0.00994
2026-08-05 09:54:29.675672: train_loss -0.521
2026-08-05 09:54:29.676122: val_loss -0.5242
2026-08-05 09:54:29.676250: Pseudo dice [np.float32(0.5275), np.float32(0.7651), np.float32(0.845)]
2026-08-05 09:54:29.676388: Epoch time: 40.91 s
2026-08-05 09:54:29.676623: Yayy! New best EMA pseudo Dice: 0.382999986410141
2026-08-05 09:54:38.808346: 
2026-08-05 09:54:38.808735: Epoch 8
2026-08-05 09:54:38.808901: Current learning rate: 0.00993
2026-08-05 09:55:19.732661: train_loss -0.4979
2026-08-05 09:55:19.733157: val_loss -0.559
2026-08-05 09:55:19.733588: Pseudo dice [np.float32(0.5416), np.float32(0.7874), np.float32(0.8813)]
2026-08-05 09:55:19.733773: Epoch time: 40.93 s
2026-08-05 09:55:19.733874: Yayy! New best EMA pseudo Dice: 0.41830000281333923
2026-08-05 09:55:28.480958: 
2026-08-05 09:55:28.481342: Epoch 9
2026-08-05 09:55:28.481502: Current learning rate: 0.00992
2026-08-05 09:56:09.383216: train_loss -0.5575
2026-08-05 09:56:09.383741: val_loss -0.5908
2026-08-05 09:56:09.383912: Pseudo dice [np.float32(0.5534), np.float32(0.8348), np.float32(0.867)]
2026-08-05 09:56:09.384032: Epoch time: 40.9 s
2026-08-05 09:56:09.384107: Yayy! New best EMA pseudo Dice: 0.45170000195503235
2026-08-05 09:56:39.572678: 
2026-08-05 09:56:39.573154: Epoch 10
2026-08-05 09:56:39.573272: Current learning rate: 0.00991
2026-08-05 09:57:20.978747: train_loss -0.5472
2026-08-05 09:57:20.979316: val_loss -0.5879
2026-08-05 09:57:20.979451: Pseudo dice [np.float32(0.5695), np.float32(0.7957), np.float32(0.8693)]
2026-08-05 09:57:20.979698: Epoch time: 41.41 s
2026-08-05 09:57:20.979800: Yayy! New best EMA pseudo Dice: 0.48100000619888306
2026-08-05 09:57:44.719029: 
2026-08-05 09:57:44.719519: Epoch 11
2026-08-05 09:57:44.719676: Current learning rate: 0.0099
2026-08-05 09:58:26.068539: train_loss -0.5445
2026-08-05 09:58:26.121889: val_loss -0.5411
2026-08-05 09:58:26.122262: Pseudo dice [np.float32(0.5384), np.float32(0.7929), np.float32(0.8565)]
2026-08-05 09:58:26.122437: Epoch time: 41.35 s
2026-08-05 09:58:26.122537: Yayy! New best EMA pseudo Dice: 0.5058000087738037
2026-08-05 09:58:49.314749: 
2026-08-05 09:58:49.315381: Epoch 12
2026-08-05 09:58:49.315600: Current learning rate: 0.00989
2026-08-05 09:59:30.471086: train_loss -0.5719
2026-08-05 09:59:30.590289: val_loss -0.6177
2026-08-05 09:59:30.590492: Pseudo dice [np.float32(0.5978), np.float32(0.8482), np.float32(0.8588)]
2026-08-05 09:59:30.590660: Epoch time: 41.16 s
2026-08-05 09:59:30.590760: Yayy! New best EMA pseudo Dice: 0.5321000218391418
2026-08-05 09:59:38.737587: 
2026-08-05 09:59:38.737968: Epoch 13
2026-08-05 09:59:38.738087: Current learning rate: 0.00988
2026-08-05 10:00:19.813483: train_loss -0.5743
2026-08-05 10:00:19.814171: val_loss -0.5783
2026-08-05 10:00:19.814303: Pseudo dice [np.float32(0.5496), np.float32(0.8303), np.float32(0.8401)]
2026-08-05 10:00:19.814459: Epoch time: 41.08 s
2026-08-05 10:00:19.814552: Yayy! New best EMA pseudo Dice: 0.5529000163078308
2026-08-05 10:00:37.684270: 
2026-08-05 10:00:37.684721: Epoch 14
2026-08-05 10:00:37.684877: Current learning rate: 0.00987
2026-08-05 10:01:18.769838: train_loss -0.6
2026-08-05 10:01:18.770481: val_loss -0.6078
2026-08-05 10:01:18.770613: Pseudo dice [np.float32(0.5752), np.float32(0.8392), np.float32(0.852)]
2026-08-05 10:01:18.770768: Epoch time: 41.09 s
2026-08-05 10:01:18.770862: Yayy! New best EMA pseudo Dice: 0.5730999708175659
2026-08-05 10:01:45.691672: 
2026-08-05 10:01:45.692271: Epoch 15
2026-08-05 10:01:45.692478: Current learning rate: 0.00986
2026-08-05 10:02:26.757621: train_loss -0.6114
2026-08-05 10:02:26.758296: val_loss -0.5677
2026-08-05 10:02:26.758354: Pseudo dice [np.float32(0.5757), np.float32(0.7842), np.float32(0.8728)]
2026-08-05 10:02:26.758427: Epoch time: 41.07 s
2026-08-05 10:02:26.758468: Yayy! New best EMA pseudo Dice: 0.5902000069618225
2026-08-05 10:02:51.624175: 
2026-08-05 10:02:51.624664: Epoch 16
2026-08-05 10:02:51.624779: Current learning rate: 0.00986
2026-08-05 10:03:32.566440: train_loss -0.6275
2026-08-05 10:03:32.567130: val_loss -0.6725
2026-08-05 10:03:32.567264: Pseudo dice [np.float32(0.63), np.float32(0.8605), np.float32(0.8988)]
2026-08-05 10:03:32.567404: Epoch time: 40.95 s
2026-08-05 10:03:32.567493: Yayy! New best EMA pseudo Dice: 0.6108999848365784
2026-08-05 10:03:51.889671: 
2026-08-05 10:03:51.890225: Epoch 17
2026-08-05 10:03:51.890397: Current learning rate: 0.00985
2026-08-05 10:04:33.039610: train_loss -0.6564
2026-08-05 10:04:33.040279: val_loss -0.675
2026-08-05 10:04:33.040422: Pseudo dice [np.float32(0.6177), np.float32(0.8782), np.float32(0.9016)]
2026-08-05 10:04:33.040570: Epoch time: 41.15 s
2026-08-05 10:04:33.040663: Yayy! New best EMA pseudo Dice: 0.6297000050544739
2026-08-05 10:04:56.288633: 
2026-08-05 10:04:56.289141: Epoch 18
2026-08-05 10:04:56.289237: Current learning rate: 0.00984
2026-08-05 10:05:37.418402: train_loss -0.6581
2026-08-05 10:05:37.419374: val_loss -0.689
2026-08-05 10:05:37.419506: Pseudo dice [np.float32(0.6266), np.float32(0.887), np.float32(0.8942)]
2026-08-05 10:05:37.419653: Epoch time: 41.13 s
2026-08-05 10:05:37.419746: Yayy! New best EMA pseudo Dice: 0.6470000147819519
2026-08-05 10:06:02.704193: 
2026-08-05 10:06:02.704652: Epoch 19
2026-08-05 10:06:02.704746: Current learning rate: 0.00983
2026-08-05 10:06:43.911445: train_loss -0.6572
2026-08-05 10:06:43.911887: val_loss -0.6689
2026-08-05 10:06:43.912009: Pseudo dice [np.float32(0.6195), np.float32(0.8658), np.float32(0.9017)]
2026-08-05 10:06:43.912218: Epoch time: 41.21 s
2026-08-05 10:06:43.912419: Yayy! New best EMA pseudo Dice: 0.6618000268936157
2026-08-05 10:06:50.663884: 
2026-08-05 10:06:50.664455: Epoch 20
2026-08-05 10:06:50.664551: Current learning rate: 0.00982
2026-08-05 10:07:31.916769: train_loss -0.6695
2026-08-05 10:07:31.917470: val_loss -0.6832
2026-08-05 10:07:31.917756: Pseudo dice [np.float32(0.6174), np.float32(0.874), np.float32(0.9057)]
2026-08-05 10:07:31.917922: Epoch time: 41.26 s
2026-08-05 10:07:31.918019: Yayy! New best EMA pseudo Dice: 0.675599992275238
2026-08-05 10:07:37.565958: 
2026-08-05 10:07:37.566551: Epoch 21
2026-08-05 10:07:37.566739: Current learning rate: 0.00981
2026-08-05 10:08:19.098966: train_loss -0.6715
2026-08-05 10:08:19.099599: val_loss -0.6952
2026-08-05 10:08:19.099729: Pseudo dice [np.float32(0.6359), np.float32(0.8871), np.float32(0.9077)]
2026-08-05 10:08:19.099876: Epoch time: 41.54 s
2026-08-05 10:08:19.099986: Yayy! New best EMA pseudo Dice: 0.6890000104904175
2026-08-05 10:08:26.156055: 
2026-08-05 10:08:26.156384: Epoch 22
2026-08-05 10:08:26.156613: Current learning rate: 0.0098
2026-08-05 10:09:06.977583: train_loss -0.6921
2026-08-05 10:09:06.978341: val_loss -0.7013
2026-08-05 10:09:06.978481: Pseudo dice [np.float32(0.632), np.float32(0.8869), np.float32(0.9098)]
2026-08-05 10:09:06.978626: Epoch time: 40.82 s
2026-08-05 10:09:06.978714: Yayy! New best EMA pseudo Dice: 0.7010999917984009
2026-08-05 10:09:25.744205: 
2026-08-05 10:09:25.744636: Epoch 23
2026-08-05 10:09:25.744778: Current learning rate: 0.00979
2026-08-05 10:10:06.561747: train_loss -0.6927
2026-08-05 10:10:06.562313: val_loss -0.6846
2026-08-05 10:10:06.562445: Pseudo dice [np.float32(0.6312), np.float32(0.867), np.float32(0.9104)]
2026-08-05 10:10:06.562568: Epoch time: 40.82 s
2026-08-05 10:10:06.562654: Yayy! New best EMA pseudo Dice: 0.7113000154495239
2026-08-05 10:10:14.920283: 
2026-08-05 10:10:14.920705: Epoch 24
2026-08-05 10:10:14.920820: Current learning rate: 0.00978
2026-08-05 10:10:55.506197: train_loss -0.7031
2026-08-05 10:10:55.506707: val_loss -0.7124
2026-08-05 10:10:55.507015: Pseudo dice [np.float32(0.6501), np.float32(0.8886), np.float32(0.919)]
2026-08-05 10:10:55.507166: Epoch time: 40.59 s
2026-08-05 10:10:55.507259: Yayy! New best EMA pseudo Dice: 0.722100019454956
2026-08-05 10:11:02.333593: 
2026-08-05 10:11:02.334001: Epoch 25
2026-08-05 10:11:02.334121: Current learning rate: 0.00977
2026-08-05 10:11:42.941146: train_loss -0.6791
2026-08-05 10:11:42.941799: val_loss -0.6777
2026-08-05 10:11:42.941916: Pseudo dice [np.float32(0.6362), np.float32(0.86), np.float32(0.9018)]
2026-08-05 10:11:42.942028: Epoch time: 40.61 s
2026-08-05 10:11:42.942100: Yayy! New best EMA pseudo Dice: 0.7297999858856201
2026-08-05 10:11:53.100679: 
2026-08-05 10:11:53.101197: Epoch 26
2026-08-05 10:11:53.101279: Current learning rate: 0.00977
2026-08-05 10:12:33.710724: train_loss -0.6715
2026-08-05 10:12:33.710996: val_loss -0.7088
2026-08-05 10:12:33.711113: Pseudo dice [np.float32(0.6398), np.float32(0.8852), np.float32(0.9042)]
2026-08-05 10:12:33.711185: Epoch time: 40.61 s
2026-08-05 10:12:33.711269: Yayy! New best EMA pseudo Dice: 0.7378000020980835
2026-08-05 10:12:39.363515: 
2026-08-05 10:12:39.363935: Epoch 27
2026-08-05 10:12:39.364022: Current learning rate: 0.00976
2026-08-05 10:13:20.362982: train_loss -0.6975
2026-08-05 10:13:20.363504: val_loss -0.7102
2026-08-05 10:13:20.363615: Pseudo dice [np.float32(0.6477), np.float32(0.8821), np.float32(0.9171)]
2026-08-05 10:13:20.363734: Epoch time: 41.0 s
2026-08-05 10:13:20.363804: Yayy! New best EMA pseudo Dice: 0.7455999851226807
2026-08-05 10:13:26.228201: 
2026-08-05 10:13:26.228565: Epoch 28
2026-08-05 10:13:26.228686: Current learning rate: 0.00975
2026-08-05 10:14:06.941337: train_loss -0.6965
2026-08-05 10:14:06.941846: val_loss -0.6965
2026-08-05 10:14:06.942004: Pseudo dice [np.float32(0.638), np.float32(0.8917), np.float32(0.9053)]
2026-08-05 10:14:06.942151: Epoch time: 40.72 s
2026-08-05 10:14:06.942239: Yayy! New best EMA pseudo Dice: 0.7522000074386597
2026-08-05 10:14:11.722101: 
2026-08-05 10:14:11.722392: Epoch 29
2026-08-05 10:14:11.722492: Current learning rate: 0.00974
2026-08-05 10:14:52.246348: train_loss -0.7145
2026-08-05 10:14:52.246966: val_loss -0.7218
2026-08-05 10:14:52.247078: Pseudo dice [np.float32(0.664), np.float32(0.8964), np.float32(0.9146)]
2026-08-05 10:14:52.247191: Epoch time: 40.53 s
2026-08-05 10:14:52.247267: Yayy! New best EMA pseudo Dice: 0.7595000267028809
2026-08-05 10:15:00.878433: 
2026-08-05 10:15:00.878845: Epoch 30
2026-08-05 10:15:00.878978: Current learning rate: 0.00973
2026-08-05 10:15:41.555609: train_loss -0.7175
2026-08-05 10:15:41.555847: val_loss -0.7275
2026-08-05 10:15:41.555907: Pseudo dice [np.float32(0.6625), np.float32(0.9048), np.float32(0.922)]
2026-08-05 10:15:41.555977: Epoch time: 40.68 s
2026-08-05 10:15:41.556105: Yayy! New best EMA pseudo Dice: 0.7664999961853027
2026-08-05 10:15:49.592257: 
2026-08-05 10:15:49.592689: Epoch 31
2026-08-05 10:15:49.592903: Current learning rate: 0.00972
2026-08-05 10:16:30.237571: train_loss -0.7187
2026-08-05 10:16:30.238625: val_loss -0.7199
2026-08-05 10:16:30.238763: Pseudo dice [np.float32(0.6443), np.float32(0.8998), np.float32(0.9194)]
2026-08-05 10:16:30.238925: Epoch time: 40.65 s
2026-08-05 10:16:30.239023: Yayy! New best EMA pseudo Dice: 0.7720000147819519
2026-08-05 10:16:36.763491: 
2026-08-05 10:16:36.763831: Epoch 32
2026-08-05 10:16:36.763942: Current learning rate: 0.00971
2026-08-05 10:17:17.393122: train_loss -0.7247
2026-08-05 10:17:17.393749: val_loss -0.7318
2026-08-05 10:17:17.393979: Pseudo dice [np.float32(0.6633), np.float32(0.8972), np.float32(0.9227)]
2026-08-05 10:17:17.394101: Epoch time: 40.63 s
2026-08-05 10:17:17.394175: Yayy! New best EMA pseudo Dice: 0.7774999737739563
2026-08-05 10:17:22.696767: 
2026-08-05 10:17:22.697182: Epoch 33
2026-08-05 10:17:22.697266: Current learning rate: 0.0097
2026-08-05 10:18:03.338572: train_loss -0.727
2026-08-05 10:18:03.339086: val_loss -0.7366
2026-08-05 10:18:03.339310: Pseudo dice [np.float32(0.683), np.float32(0.8913), np.float32(0.9287)]
2026-08-05 10:18:03.339485: Epoch time: 40.64 s
2026-08-05 10:18:03.339581: Yayy! New best EMA pseudo Dice: 0.7832000255584717
2026-08-05 10:18:12.636234: 
2026-08-05 10:18:12.636688: Epoch 34
2026-08-05 10:18:12.636776: Current learning rate: 0.00969
2026-08-05 10:18:53.068004: train_loss -0.7327
2026-08-05 10:18:53.068388: val_loss -0.7212
2026-08-05 10:18:53.068442: Pseudo dice [np.float32(0.6531), np.float32(0.8924), np.float32(0.9166)]
2026-08-05 10:18:53.068600: Epoch time: 40.43 s
2026-08-05 10:18:53.068655: Yayy! New best EMA pseudo Dice: 0.7870000004768372
2026-08-05 10:18:58.486886: 
2026-08-05 10:18:58.487288: Epoch 35
2026-08-05 10:18:58.487411: Current learning rate: 0.00968
2026-08-05 10:19:39.179529: train_loss -0.7197
2026-08-05 10:19:39.181983: val_loss -0.7268
2026-08-05 10:19:39.182240: Pseudo dice [np.float32(0.6623), np.float32(0.8972), np.float32(0.9184)]
2026-08-05 10:19:39.182403: Epoch time: 40.7 s
2026-08-05 10:19:39.183126: Yayy! New best EMA pseudo Dice: 0.7908999919891357
2026-08-05 10:19:45.214224: 
2026-08-05 10:19:45.214559: Epoch 36
2026-08-05 10:19:45.214683: Current learning rate: 0.00968
2026-08-05 10:20:25.742091: train_loss -0.7316
2026-08-05 10:20:25.742686: val_loss -0.7191
2026-08-05 10:20:25.742825: Pseudo dice [np.float32(0.6589), np.float32(0.893), np.float32(0.9133)]
2026-08-05 10:20:25.742995: Epoch time: 40.53 s
2026-08-05 10:20:25.743088: Yayy! New best EMA pseudo Dice: 0.7940000295639038
2026-08-05 10:20:34.256213: 
2026-08-05 10:20:34.256545: Epoch 37
2026-08-05 10:20:34.256734: Current learning rate: 0.00967
2026-08-05 10:21:14.808090: train_loss -0.7036
2026-08-05 10:21:14.808610: val_loss -0.7166
2026-08-05 10:21:14.808742: Pseudo dice [np.float32(0.6463), np.float32(0.896), np.float32(0.9108)]
2026-08-05 10:21:14.808910: Epoch time: 40.55 s
2026-08-05 10:21:14.809008: Yayy! New best EMA pseudo Dice: 0.7962999939918518
2026-08-05 10:21:18.996039: 
2026-08-05 10:21:18.996409: Epoch 38
2026-08-05 10:21:18.996496: Current learning rate: 0.00966
2026-08-05 10:21:59.871434: train_loss -0.7053
2026-08-05 10:21:59.872119: val_loss -0.7123
2026-08-05 10:21:59.872252: Pseudo dice [np.float32(0.6508), np.float32(0.896), np.float32(0.9101)]
2026-08-05 10:21:59.872401: Epoch time: 40.88 s
2026-08-05 10:21:59.872489: Yayy! New best EMA pseudo Dice: 0.7986000180244446
2026-08-05 10:22:03.967266: 
2026-08-05 10:22:03.967662: Epoch 39
2026-08-05 10:22:03.967755: Current learning rate: 0.00965
2026-08-05 10:22:44.615619: train_loss -0.7227
2026-08-05 10:22:44.616028: val_loss -0.7398
2026-08-05 10:22:44.616155: Pseudo dice [np.float32(0.6689), np.float32(0.897), np.float32(0.9264)]
2026-08-05 10:22:44.616287: Epoch time: 40.65 s
2026-08-05 10:22:44.616433: Yayy! New best EMA pseudo Dice: 0.801800012588501
2026-08-05 10:22:50.602740: 
2026-08-05 10:22:50.603076: Epoch 40
2026-08-05 10:22:50.603199: Current learning rate: 0.00964
2026-08-05 10:23:31.234360: train_loss -0.7283
2026-08-05 10:23:31.234714: val_loss -0.7302
2026-08-05 10:23:31.235004: Pseudo dice [np.float32(0.6608), np.float32(0.9061), np.float32(0.9196)]
2026-08-05 10:23:31.235140: Epoch time: 40.63 s
2026-08-05 10:23:31.235233: Yayy! New best EMA pseudo Dice: 0.8044999837875366
2026-08-05 10:23:42.789463: 
2026-08-05 10:23:42.789827: Epoch 41
2026-08-05 10:23:42.789917: Current learning rate: 0.00963
2026-08-05 10:24:23.570973: train_loss -0.7348
2026-08-05 10:24:23.571515: val_loss -0.7315
2026-08-05 10:24:23.571685: Pseudo dice [np.float32(0.6694), np.float32(0.8943), np.float32(0.9261)]
2026-08-05 10:24:23.571835: Epoch time: 40.78 s
2026-08-05 10:24:23.571945: Yayy! New best EMA pseudo Dice: 0.8070999979972839
2026-08-05 10:24:28.625020: 
2026-08-05 10:24:28.625398: Epoch 42
2026-08-05 10:24:28.625481: Current learning rate: 0.00962
2026-08-05 10:25:09.078151: train_loss -0.7436
2026-08-05 10:25:09.078648: val_loss -0.7276
2026-08-05 10:25:09.078777: Pseudo dice [np.float32(0.6586), np.float32(0.8985), np.float32(0.9218)]
2026-08-05 10:25:09.079009: Epoch time: 40.46 s
2026-08-05 10:25:09.079106: Yayy! New best EMA pseudo Dice: 0.8090000152587891
2026-08-05 10:25:15.909575: 
2026-08-05 10:25:15.909920: Epoch 43
2026-08-05 10:25:15.910005: Current learning rate: 0.00961
2026-08-05 10:25:56.409283: train_loss -0.7402
2026-08-05 10:25:56.409791: val_loss -0.7348
2026-08-05 10:25:56.409939: Pseudo dice [np.float32(0.6619), np.float32(0.9052), np.float32(0.9132)]
2026-08-05 10:25:56.410084: Epoch time: 40.5 s
2026-08-05 10:25:56.410245: Yayy! New best EMA pseudo Dice: 0.8108000159263611
2026-08-05 10:26:02.676775: 
2026-08-05 10:26:02.677149: Epoch 44
2026-08-05 10:26:02.677234: Current learning rate: 0.0096
2026-08-05 10:26:43.356254: train_loss -0.7364
2026-08-05 10:26:43.356769: val_loss -0.7273
2026-08-05 10:26:43.356950: Pseudo dice [np.float32(0.6705), np.float32(0.9005), np.float32(0.9154)]
2026-08-05 10:26:43.357072: Epoch time: 40.68 s
2026-08-05 10:26:43.357144: Yayy! New best EMA pseudo Dice: 0.8126000165939331
2026-08-05 10:26:49.517212: 
2026-08-05 10:26:49.517555: Epoch 45
2026-08-05 10:26:49.517709: Current learning rate: 0.00959
2026-08-05 10:27:30.185670: train_loss -0.7382
2026-08-05 10:27:30.186330: val_loss -0.7357
2026-08-05 10:27:30.186463: Pseudo dice [np.float32(0.6688), np.float32(0.9048), np.float32(0.92)]
2026-08-05 10:27:30.186592: Epoch time: 40.67 s
2026-08-05 10:27:30.186684: Yayy! New best EMA pseudo Dice: 0.8144000172615051
2026-08-05 10:27:34.476927: 
2026-08-05 10:27:34.477219: Epoch 46
2026-08-05 10:27:34.477303: Current learning rate: 0.00959
2026-08-05 10:28:15.142462: train_loss -0.7485
2026-08-05 10:28:15.142884: val_loss -0.7427
2026-08-05 10:28:15.143149: Pseudo dice [np.float32(0.6686), np.float32(0.901), np.float32(0.9216)]
2026-08-05 10:28:15.143282: Epoch time: 40.67 s
2026-08-05 10:28:15.143372: Yayy! New best EMA pseudo Dice: 0.8159999847412109
2026-08-05 10:28:22.764831: 
2026-08-05 10:28:22.765296: Epoch 47
2026-08-05 10:28:22.765390: Current learning rate: 0.00958
2026-08-05 10:29:03.339434: train_loss -0.7275
2026-08-05 10:29:03.339921: val_loss -0.7157
2026-08-05 10:29:03.340094: Pseudo dice [np.float32(0.6522), np.float32(0.8952), np.float32(0.9013)]
2026-08-05 10:29:03.340229: Epoch time: 40.58 s
2026-08-05 10:29:03.340315: Yayy! New best EMA pseudo Dice: 0.8159999847412109
2026-08-05 10:29:08.562874: 
2026-08-05 10:29:08.563290: Epoch 48
2026-08-05 10:29:08.563396: Current learning rate: 0.00957
2026-08-05 10:29:49.022072: train_loss -0.7327
2026-08-05 10:29:49.620466: val_loss -0.7373
2026-08-05 10:29:49.620695: Pseudo dice [np.float32(0.6596), np.float32(0.9039), np.float32(0.9236)]
2026-08-05 10:29:49.620822: Epoch time: 40.46 s
2026-08-05 10:29:49.620934: Yayy! New best EMA pseudo Dice: 0.817300021648407
2026-08-05 10:30:04.909588: 
2026-08-05 10:30:04.909982: Epoch 49
2026-08-05 10:30:04.910088: Current learning rate: 0.00956
2026-08-05 10:30:45.514840: train_loss -0.7398
2026-08-05 10:30:45.515256: val_loss -0.7376
2026-08-05 10:30:45.515384: Pseudo dice [np.float32(0.6632), np.float32(0.9074), np.float32(0.9136)]
2026-08-05 10:30:45.515508: Epoch time: 40.61 s
2026-08-05 10:30:47.017073: Yayy! New best EMA pseudo Dice: 0.8184000253677368
2026-08-05 10:30:52.741996: 
2026-08-05 10:30:52.742277: Epoch 50
2026-08-05 10:30:52.742562: Current learning rate: 0.00955
2026-08-05 10:31:33.319306: train_loss -0.7425
2026-08-05 10:31:33.319712: val_loss -0.7514
2026-08-05 10:31:33.319995: Pseudo dice [np.float32(0.6795), np.float32(0.9078), np.float32(0.9295)]
2026-08-05 10:31:33.320135: Epoch time: 40.58 s
2026-08-05 10:31:33.320229: Yayy! New best EMA pseudo Dice: 0.8205000162124634
2026-08-05 10:31:38.267864: 
2026-08-05 10:31:38.268194: Epoch 51
2026-08-05 10:31:38.268367: Current learning rate: 0.00954
2026-08-05 10:32:18.881763: train_loss -0.7411
2026-08-05 10:32:18.881967: val_loss -0.7269
2026-08-05 10:32:18.882020: Pseudo dice [np.float32(0.6674), np.float32(0.9027), np.float32(0.9242)]
2026-08-05 10:32:18.882127: Epoch time: 40.62 s
2026-08-05 10:32:18.882217: Yayy! New best EMA pseudo Dice: 0.8216000199317932
2026-08-05 10:32:52.140551: 
2026-08-05 10:32:52.140928: Epoch 52
2026-08-05 10:32:52.141020: Current learning rate: 0.00953
2026-08-05 10:33:32.898216: train_loss -0.7261
2026-08-05 10:33:32.898530: val_loss -0.725
2026-08-05 10:33:32.898586: Pseudo dice [np.float32(0.657), np.float32(0.8901), np.float32(0.9297)]
2026-08-05 10:33:32.898643: Epoch time: 40.76 s
2026-08-05 10:33:32.898682: Yayy! New best EMA pseudo Dice: 0.8220000267028809
2026-08-05 10:33:41.621624: 
2026-08-05 10:33:41.622151: Epoch 53
2026-08-05 10:33:41.622239: Current learning rate: 0.00952
2026-08-05 10:34:22.325485: train_loss -0.7239
2026-08-05 10:34:22.351510: val_loss -0.7315
2026-08-05 10:34:22.351587: Pseudo dice [np.float32(0.6637), np.float32(0.9026), np.float32(0.9229)]
2026-08-05 10:34:22.351649: Epoch time: 40.71 s
2026-08-05 10:34:22.351688: Yayy! New best EMA pseudo Dice: 0.822700023651123
2026-08-05 10:34:30.649598: 
2026-08-05 10:34:30.649894: Epoch 54
2026-08-05 10:34:30.650006: Current learning rate: 0.00951
2026-08-05 10:35:11.233129: train_loss -0.7252
2026-08-05 10:35:11.233577: val_loss -0.713
2026-08-05 10:35:11.233747: Pseudo dice [np.float32(0.6527), np.float32(0.8907), np.float32(0.9094)]
2026-08-05 10:35:11.233872: Epoch time: 40.59 s
2026-08-05 10:35:12.005938: 
2026-08-05 10:35:12.006237: Epoch 55
2026-08-05 10:35:12.006485: Current learning rate: 0.0095
2026-08-05 10:35:52.472232: train_loss -0.7468
2026-08-05 10:35:54.677793: val_loss -0.7359
2026-08-05 10:35:54.678078: Pseudo dice [np.float32(0.6656), np.float32(0.9102), np.float32(0.9223)]
2026-08-05 10:35:54.678223: Epoch time: 40.47 s
2026-08-05 10:35:54.678315: Yayy! New best EMA pseudo Dice: 0.8233000040054321
2026-08-05 10:36:07.115431: 
2026-08-05 10:36:07.115818: Epoch 56
2026-08-05 10:36:07.115916: Current learning rate: 0.00949
2026-08-05 10:36:47.729779: train_loss -0.7471
2026-08-05 10:36:47.730218: val_loss -0.7422
2026-08-05 10:36:47.730352: Pseudo dice [np.float32(0.6715), np.float32(0.9147), np.float32(0.9249)]
2026-08-05 10:36:47.730501: Epoch time: 40.62 s
2026-08-05 10:36:47.730755: Yayy! New best EMA pseudo Dice: 0.8246999979019165
2026-08-05 10:36:54.748751: 
2026-08-05 10:36:54.749442: Epoch 57
2026-08-05 10:36:54.749624: Current learning rate: 0.00949
2026-08-05 10:37:36.008239: train_loss -0.7328
2026-08-05 10:37:36.008789: val_loss -0.7324
2026-08-05 10:37:36.009066: Pseudo dice [np.float32(0.6623), np.float32(0.9041), np.float32(0.9201)]
2026-08-05 10:37:36.009203: Epoch time: 41.26 s
2026-08-05 10:37:36.009293: Yayy! New best EMA pseudo Dice: 0.8251000046730042
2026-08-05 10:37:47.284120: 
2026-08-05 10:37:47.284597: Epoch 58
2026-08-05 10:37:47.284750: Current learning rate: 0.00948
2026-08-05 10:38:28.060062: train_loss -0.7471
2026-08-05 10:38:28.060517: val_loss -0.7311
2026-08-05 10:38:28.060621: Pseudo dice [np.float32(0.668), np.float32(0.901), np.float32(0.9206)]
2026-08-05 10:38:28.060733: Epoch time: 40.78 s
2026-08-05 10:38:28.060866: Yayy! New best EMA pseudo Dice: 0.8255000114440918
2026-08-05 10:38:38.672621: 
2026-08-05 10:38:38.673016: Epoch 59
2026-08-05 10:38:38.673148: Current learning rate: 0.00947
2026-08-05 10:39:19.458477: train_loss -0.7478
2026-08-05 10:39:19.459439: val_loss -0.7339
2026-08-05 10:39:19.459714: Pseudo dice [np.float32(0.6526), np.float32(0.9043), np.float32(0.9275)]
2026-08-05 10:39:19.459927: Epoch time: 40.79 s
2026-08-05 10:39:19.460031: Yayy! New best EMA pseudo Dice: 0.8258000016212463
2026-08-05 10:39:25.026110: 
2026-08-05 10:39:25.026567: Epoch 60
2026-08-05 10:39:25.026650: Current learning rate: 0.00946
2026-08-05 10:40:05.725865: train_loss -0.7396
2026-08-05 10:40:05.726491: val_loss -0.7451
2026-08-05 10:40:05.726653: Pseudo dice [np.float32(0.6689), np.float32(0.9125), np.float32(0.9174)]
2026-08-05 10:40:05.726798: Epoch time: 40.7 s
2026-08-05 10:40:05.726889: Yayy! New best EMA pseudo Dice: 0.8264999985694885
2026-08-05 10:40:11.935069: 
2026-08-05 10:40:11.935466: Epoch 61
2026-08-05 10:40:11.935588: Current learning rate: 0.00945
2026-08-05 10:40:53.234382: train_loss -0.7562
2026-08-05 10:40:53.234699: val_loss -0.7489
2026-08-05 10:40:53.234757: Pseudo dice [np.float32(0.6756), np.float32(0.9162), np.float32(0.9302)]
2026-08-05 10:40:53.234819: Epoch time: 41.3 s
2026-08-05 10:40:53.234858: Yayy! New best EMA pseudo Dice: 0.8278999924659729
2026-08-05 10:41:03.173430: 
2026-08-05 10:41:03.173763: Epoch 62
2026-08-05 10:41:03.173870: Current learning rate: 0.00944
2026-08-05 10:41:43.981226: train_loss -0.7688
2026-08-05 10:41:43.981702: val_loss -0.7498
2026-08-05 10:41:43.981827: Pseudo dice [np.float32(0.6787), np.float32(0.911), np.float32(0.9265)]
2026-08-05 10:41:43.981977: Epoch time: 40.81 s
2026-08-05 10:41:43.982071: Yayy! New best EMA pseudo Dice: 0.8289999961853027
2026-08-05 10:41:49.912345: 
2026-08-05 10:41:49.912563: Epoch 63
2026-08-05 10:41:49.912717: Current learning rate: 0.00943
2026-08-05 10:42:30.579328: train_loss -0.7589
2026-08-05 10:42:30.579825: val_loss -0.7388
2026-08-05 10:42:30.579990: Pseudo dice [np.float32(0.6675), np.float32(0.9053), np.float32(0.9247)]
2026-08-05 10:42:30.580145: Epoch time: 40.67 s
2026-08-05 10:42:30.580244: Yayy! New best EMA pseudo Dice: 0.8294000029563904
2026-08-05 10:42:43.796350: 
2026-08-05 10:42:43.796778: Epoch 64
2026-08-05 10:42:43.796864: Current learning rate: 0.00942
2026-08-05 10:43:24.615207: train_loss -0.7464
2026-08-05 10:43:24.615688: val_loss -0.7339
2026-08-05 10:43:24.615792: Pseudo dice [np.float32(0.663), np.float32(0.9014), np.float32(0.9221)]
2026-08-05 10:43:24.616027: Epoch time: 40.82 s
2026-08-05 10:43:25.353796: 
2026-08-05 10:43:25.354236: Epoch 65
2026-08-05 10:43:25.354330: Current learning rate: 0.00941
2026-08-05 10:44:05.986554: train_loss -0.7372
2026-08-05 10:44:05.986990: val_loss -0.7246
2026-08-05 10:44:05.987097: Pseudo dice [np.float32(0.6623), np.float32(0.9009), np.float32(0.9147)]
2026-08-05 10:44:05.987345: Epoch time: 40.64 s
2026-08-05 10:44:06.722510: 
2026-08-05 10:44:06.722905: Epoch 66
2026-08-05 10:44:06.722988: Current learning rate: 0.0094
2026-08-05 10:44:47.367303: train_loss -0.7515
2026-08-05 10:44:47.367599: val_loss -0.7351
2026-08-05 10:44:47.367655: Pseudo dice [np.float32(0.6589), np.float32(0.8961), np.float32(0.9253)]
2026-08-05 10:44:47.367712: Epoch time: 40.65 s
2026-08-05 10:44:48.063030: 
2026-08-05 10:44:48.063400: Epoch 67
2026-08-05 10:44:48.063482: Current learning rate: 0.00939
2026-08-05 10:45:28.969450: train_loss -0.7453
2026-08-05 10:45:28.970003: val_loss -0.7625
2026-08-05 10:45:28.970197: Pseudo dice [np.float32(0.6889), np.float32(0.9115), np.float32(0.934)]
2026-08-05 10:45:28.970319: Epoch time: 40.91 s
2026-08-05 10:45:28.970405: Yayy! New best EMA pseudo Dice: 0.8303999900817871
2026-08-05 10:45:46.644076: 
2026-08-05 10:45:46.644486: Epoch 68
2026-08-05 10:45:46.644583: Current learning rate: 0.00939
2026-08-05 10:46:27.142269: train_loss -0.7549
2026-08-05 10:46:27.142550: val_loss -0.7534
2026-08-05 10:46:27.142910: Pseudo dice [np.float32(0.6783), np.float32(0.9084), np.float32(0.9259)]
2026-08-05 10:46:27.142975: Epoch time: 40.5 s
2026-08-05 10:46:27.143013: Yayy! New best EMA pseudo Dice: 0.8310999870300293
2026-08-05 10:46:34.439477: 
2026-08-05 10:46:34.439818: Epoch 69
2026-08-05 10:46:34.440040: Current learning rate: 0.00938
2026-08-05 10:47:14.936940: train_loss -0.7623
2026-08-05 10:47:14.937248: val_loss -0.76
2026-08-05 10:47:14.937346: Pseudo dice [np.float32(0.69), np.float32(0.9102), np.float32(0.9279)]
2026-08-05 10:47:14.937540: Epoch time: 40.5 s
2026-08-05 10:47:14.937623: Yayy! New best EMA pseudo Dice: 0.8321999907493591
2026-08-05 10:47:23.801465: 
2026-08-05 10:47:23.801922: Epoch 70
2026-08-05 10:47:23.802005: Current learning rate: 0.00937
2026-08-05 10:48:04.386710: train_loss -0.7663
2026-08-05 10:48:04.387049: val_loss -0.7654
2026-08-05 10:48:04.387173: Pseudo dice [np.float32(0.6957), np.float32(0.9136), np.float32(0.9292)]
2026-08-05 10:48:04.387386: Epoch time: 40.59 s
2026-08-05 10:48:04.387487: Yayy! New best EMA pseudo Dice: 0.8335999846458435
2026-08-05 10:48:09.031433: 
2026-08-05 10:48:09.031697: Epoch 71
2026-08-05 10:48:09.031821: Current learning rate: 0.00936
2026-08-05 10:48:49.642120: train_loss -0.773
2026-08-05 10:48:49.742039: val_loss -0.772
2026-08-05 10:48:49.742222: Pseudo dice [np.float32(0.7001), np.float32(0.9155), np.float32(0.9335)]
2026-08-05 10:48:49.742349: Epoch time: 40.61 s
2026-08-05 10:48:49.742404: Yayy! New best EMA pseudo Dice: 0.8352000117301941
2026-08-05 10:49:02.928657: 
2026-08-05 10:49:02.929135: Epoch 72
2026-08-05 10:49:02.929222: Current learning rate: 0.00935
2026-08-05 10:49:43.650373: train_loss -0.7359
2026-08-05 10:49:43.651024: val_loss -0.732
2026-08-05 10:49:43.651130: Pseudo dice [np.float32(0.6526), np.float32(0.9091), np.float32(0.9195)]
2026-08-05 10:49:43.651236: Epoch time: 40.72 s
2026-08-05 10:49:44.744572: 
2026-08-05 10:49:44.744978: Epoch 73
2026-08-05 10:49:44.745065: Current learning rate: 0.00934
2026-08-05 10:50:28.026472: train_loss -0.7465
2026-08-05 10:50:28.026959: val_loss -0.7519
2026-08-05 10:50:28.027097: Pseudo dice [np.float32(0.6832), np.float32(0.9138), np.float32(0.9296)]
2026-08-05 10:50:28.027225: Epoch time: 43.28 s
2026-08-05 10:50:28.853586: 
2026-08-05 10:50:28.853957: Epoch 74
2026-08-05 10:50:28.854136: Current learning rate: 0.00933
2026-08-05 10:51:09.770136: train_loss -0.766
2026-08-05 10:51:09.770796: val_loss -0.7578
2026-08-05 10:51:09.770941: Pseudo dice [np.float32(0.6872), np.float32(0.9083), np.float32(0.9253)]
2026-08-05 10:51:09.771075: Epoch time: 40.92 s
2026-08-05 10:51:09.771167: Yayy! New best EMA pseudo Dice: 0.8356999754905701
2026-08-05 10:51:16.618446: 
2026-08-05 10:51:16.618898: Epoch 75
2026-08-05 10:51:16.618981: Current learning rate: 0.00932
2026-08-05 10:51:57.343755: train_loss -0.7729
2026-08-05 10:51:57.344505: val_loss -0.7618
2026-08-05 10:51:57.344561: Pseudo dice [np.float32(0.6933), np.float32(0.9156), np.float32(0.9305)]
2026-08-05 10:51:57.345007: Epoch time: 40.73 s
2026-08-05 10:51:57.345708: Yayy! New best EMA pseudo Dice: 0.8367999792098999
2026-08-05 10:52:04.574323: 
2026-08-05 10:52:04.574622: Epoch 76
2026-08-05 10:52:04.574872: Current learning rate: 0.00931
2026-08-05 10:52:45.364344: train_loss -0.7654
2026-08-05 10:52:45.364799: val_loss -0.7557
2026-08-05 10:52:45.365070: Pseudo dice [np.float32(0.6888), np.float32(0.9069), np.float32(0.9259)]
2026-08-05 10:52:45.365214: Epoch time: 40.79 s
2026-08-05 10:52:45.365307: Yayy! New best EMA pseudo Dice: 0.8371999859809875
2026-08-05 10:52:50.588774: 
2026-08-05 10:52:50.589148: Epoch 77
2026-08-05 10:52:50.589340: Current learning rate: 0.0093
2026-08-05 10:53:31.332355: train_loss -0.763
2026-08-05 10:53:31.333119: val_loss -0.7632
2026-08-05 10:53:31.333310: Pseudo dice [np.float32(0.6907), np.float32(0.9091), np.float32(0.9303)]
2026-08-05 10:53:31.333451: Epoch time: 40.75 s
2026-08-05 10:53:31.333542: Yayy! New best EMA pseudo Dice: 0.8378000259399414
2026-08-05 10:53:37.692723: 
2026-08-05 10:53:37.693151: Epoch 78
2026-08-05 10:53:37.693248: Current learning rate: 0.0093
2026-08-05 10:54:18.493473: train_loss -0.7646
2026-08-05 10:54:18.737035: val_loss -0.7542
2026-08-05 10:54:18.737241: Pseudo dice [np.float32(0.6832), np.float32(0.9078), np.float32(0.935)]
2026-08-05 10:54:18.737376: Epoch time: 40.8 s
2026-08-05 10:54:18.737466: Yayy! New best EMA pseudo Dice: 0.8381999731063843
2026-08-05 10:54:25.873093: 
2026-08-05 10:54:25.873508: Epoch 79
2026-08-05 10:54:25.873591: Current learning rate: 0.00929
2026-08-05 10:55:06.607372: train_loss -0.776
2026-08-05 10:55:06.608006: val_loss -0.7536
2026-08-05 10:55:06.608183: Pseudo dice [np.float32(0.6812), np.float32(0.9147), np.float32(0.9314)]
2026-08-05 10:55:06.608485: Epoch time: 40.74 s
2026-08-05 10:55:06.608614: Yayy! New best EMA pseudo Dice: 0.8385999798774719
2026-08-05 10:55:10.871938: 
2026-08-05 10:55:10.872365: Epoch 80
2026-08-05 10:55:10.872452: Current learning rate: 0.00928
2026-08-05 10:55:51.578917: train_loss -0.7688
2026-08-05 10:55:51.579885: val_loss -0.7519
2026-08-05 10:55:51.580043: Pseudo dice [np.float32(0.6818), np.float32(0.9061), np.float32(0.9277)]
2026-08-05 10:55:51.580157: Epoch time: 40.71 s
2026-08-05 10:55:52.361947: 
2026-08-05 10:55:52.362193: Epoch 81
2026-08-05 10:55:52.362334: Current learning rate: 0.00927
2026-08-05 10:56:33.113323: train_loss -0.7673
2026-08-05 10:56:33.115108: val_loss -0.7533
2026-08-05 10:56:33.115290: Pseudo dice [np.float32(0.6855), np.float32(0.9122), np.float32(0.9318)]
2026-08-05 10:56:33.115380: Epoch time: 40.75 s
2026-08-05 10:56:33.115424: Yayy! New best EMA pseudo Dice: 0.8391000032424927
2026-08-05 10:56:39.306602: 
2026-08-05 10:56:39.306942: Epoch 82
2026-08-05 10:56:39.307068: Current learning rate: 0.00926
2026-08-05 10:57:19.840450: train_loss -0.7773
2026-08-05 10:57:19.948137: val_loss -0.7731
2026-08-05 10:57:19.948242: Pseudo dice [np.float32(0.6934), np.float32(0.9218), np.float32(0.9273)]
2026-08-05 10:57:19.948306: Epoch time: 40.54 s
2026-08-05 10:57:19.948345: Yayy! New best EMA pseudo Dice: 0.839900016784668
2026-08-05 10:57:25.109386: 
2026-08-05 10:57:25.109681: Epoch 83
2026-08-05 10:57:25.109763: Current learning rate: 0.00925
2026-08-05 10:58:05.695599: train_loss -0.7794
2026-08-05 10:58:05.731992: val_loss -0.7497
2026-08-05 10:58:05.732136: Pseudo dice [np.float32(0.6845), np.float32(0.9095), np.float32(0.9301)]
2026-08-05 10:58:05.732249: Epoch time: 40.59 s
2026-08-05 10:58:05.732337: Yayy! New best EMA pseudo Dice: 0.8400999903678894
2026-08-05 10:58:10.794605: 
2026-08-05 10:58:10.794836: Epoch 84
2026-08-05 10:58:10.795008: Current learning rate: 0.00924
2026-08-05 10:58:51.874527: train_loss -0.7717
2026-08-05 10:58:52.432281: val_loss -0.7492
2026-08-05 10:58:52.432672: Pseudo dice [np.float32(0.68), np.float32(0.8972), np.float32(0.9316)]
2026-08-05 10:58:52.432960: Epoch time: 41.08 s
2026-08-05 10:58:53.292228: 
2026-08-05 10:58:53.292694: Epoch 85
2026-08-05 10:58:53.292775: Current learning rate: 0.00923
2026-08-05 10:59:34.065855: train_loss -0.7785
2026-08-05 10:59:34.258516: val_loss -0.762
2026-08-05 10:59:34.258711: Pseudo dice [np.float32(0.6905), np.float32(0.9152), np.float32(0.933)]
2026-08-05 10:59:34.258858: Epoch time: 40.78 s
2026-08-05 10:59:34.258978: Yayy! New best EMA pseudo Dice: 0.8403000235557556
2026-08-05 10:59:40.039640: 
2026-08-05 10:59:40.040073: Epoch 86
2026-08-05 10:59:40.040168: Current learning rate: 0.00922
2026-08-05 11:00:20.848533: train_loss -0.7675
2026-08-05 11:00:20.848831: val_loss -0.7354
2026-08-05 11:00:20.848979: Pseudo dice [np.float32(0.6881), np.float32(0.8908), np.float32(0.9195)]
2026-08-05 11:00:20.849067: Epoch time: 40.81 s
2026-08-05 11:00:21.562922: 
2026-08-05 11:00:21.563297: Epoch 87
2026-08-05 11:00:21.563481: Current learning rate: 0.00921
2026-08-05 11:01:02.440932: train_loss -0.7749
2026-08-05 11:01:02.441447: val_loss -0.7588
2026-08-05 11:01:02.441579: Pseudo dice [np.float32(0.6818), np.float32(0.9149), np.float32(0.9341)]
2026-08-05 11:01:02.441698: Epoch time: 40.88 s
2026-08-05 11:01:03.241703: 
2026-08-05 11:01:03.242136: Epoch 88
2026-08-05 11:01:03.242314: Current learning rate: 0.0092
2026-08-05 11:01:44.036889: train_loss -0.7645
2026-08-05 11:01:44.236494: val_loss -0.7449
2026-08-05 11:01:44.843517: Pseudo dice [np.float32(0.679), np.float32(0.9008), np.float32(0.9232)]
2026-08-05 11:01:44.843827: Epoch time: 40.8 s
2026-08-05 11:01:45.723502: 
2026-08-05 11:01:45.724034: Epoch 89
2026-08-05 11:01:45.724174: Current learning rate: 0.0092
2026-08-05 11:02:26.328010: train_loss -0.7672
2026-08-05 11:02:26.328504: val_loss -0.7692
2026-08-05 11:02:26.328637: Pseudo dice [np.float32(0.688), np.float32(0.9194), np.float32(0.9315)]
2026-08-05 11:02:26.328779: Epoch time: 40.61 s
2026-08-05 11:02:27.078787: 
2026-08-05 11:02:27.079170: Epoch 90
2026-08-05 11:02:27.079254: Current learning rate: 0.00919
2026-08-05 11:03:07.411303: train_loss -0.7712
2026-08-05 11:03:07.523001: val_loss -0.7588
2026-08-05 11:03:07.523104: Pseudo dice [np.float32(0.6869), np.float32(0.9145), np.float32(0.934)]
2026-08-05 11:03:07.523178: Epoch time: 40.34 s
2026-08-05 11:03:07.523219: Yayy! New best EMA pseudo Dice: 0.8406000137329102
2026-08-05 11:03:14.096884: 
2026-08-05 11:03:14.097298: Epoch 91
2026-08-05 11:03:14.097531: Current learning rate: 0.00918
2026-08-05 11:03:54.307246: train_loss -0.7664
2026-08-05 11:03:54.307624: val_loss -0.7617
2026-08-05 11:03:54.307726: Pseudo dice [np.float32(0.6932), np.float32(0.9065), np.float32(0.9311)]
2026-08-05 11:03:54.307836: Epoch time: 40.21 s
2026-08-05 11:03:54.307925: Yayy! New best EMA pseudo Dice: 0.8409000039100647
2026-08-05 11:03:59.484934: 
2026-08-05 11:03:59.485315: Epoch 92
2026-08-05 11:03:59.485415: Current learning rate: 0.00917
2026-08-05 11:04:40.159188: train_loss -0.7463
2026-08-05 11:04:40.389565: val_loss -0.7414
2026-08-05 11:04:40.389853: Pseudo dice [np.float32(0.6807), np.float32(0.9074), np.float32(0.9238)]
2026-08-05 11:04:40.390119: Epoch time: 40.68 s
2026-08-05 11:04:41.246017: 
2026-08-05 11:04:41.246394: Epoch 93
2026-08-05 11:04:41.246486: Current learning rate: 0.00916
2026-08-05 11:05:21.800223: train_loss -0.765
2026-08-05 11:05:21.800909: val_loss -0.7517
2026-08-05 11:05:21.801212: Pseudo dice [np.float32(0.6793), np.float32(0.9179), np.float32(0.9288)]
2026-08-05 11:05:21.801361: Epoch time: 40.56 s
2026-08-05 11:05:22.583421: 
2026-08-05 11:05:22.583721: Epoch 94
2026-08-05 11:05:22.583959: Current learning rate: 0.00915
2026-08-05 11:06:03.150877: train_loss -0.7724
2026-08-05 11:06:03.342948: val_loss -0.7522
2026-08-05 11:06:03.343153: Pseudo dice [np.float32(0.6803), np.float32(0.9103), np.float32(0.9251)]
2026-08-05 11:06:03.343285: Epoch time: 40.57 s
2026-08-05 11:06:04.290195: 
2026-08-05 11:06:04.290544: Epoch 95
2026-08-05 11:06:04.290699: Current learning rate: 0.00914
2026-08-05 11:06:44.848709: train_loss -0.7593
2026-08-05 11:06:44.849224: val_loss -0.7371
2026-08-05 11:06:44.849355: Pseudo dice [np.float32(0.6632), np.float32(0.9071), np.float32(0.9167)]
2026-08-05 11:06:44.849480: Epoch time: 40.56 s
2026-08-05 11:06:45.662923: 
2026-08-05 11:06:45.663331: Epoch 96
2026-08-05 11:06:45.663421: Current learning rate: 0.00913
2026-08-05 11:07:26.244162: train_loss -0.7678
2026-08-05 11:07:26.306347: val_loss -0.7563
2026-08-05 11:07:26.306504: Pseudo dice [np.float32(0.6874), np.float32(0.9075), np.float32(0.9249)]
2026-08-05 11:07:26.306756: Epoch time: 40.58 s
2026-08-05 11:07:27.123880: 
2026-08-05 11:07:27.124208: Epoch 97
2026-08-05 11:07:27.124345: Current learning rate: 0.00912
2026-08-05 11:08:08.170483: train_loss -0.7702
2026-08-05 11:08:08.332940: val_loss -0.7599
2026-08-05 11:08:08.333168: Pseudo dice [np.float32(0.688), np.float32(0.9074), np.float32(0.9311)]
2026-08-05 11:08:08.333315: Epoch time: 41.05 s
2026-08-05 11:08:09.268682: 
2026-08-05 11:08:09.268924: Epoch 98
2026-08-05 11:08:09.269256: Current learning rate: 0.00911
2026-08-05 11:08:49.710318: train_loss -0.7725
2026-08-05 11:08:49.942955: val_loss -0.7513
2026-08-05 11:08:49.943465: Pseudo dice [np.float32(0.6814), np.float32(0.9064), np.float32(0.9321)]
2026-08-05 11:08:49.943824: Epoch time: 40.44 s
2026-08-05 11:08:50.789756: 
2026-08-05 11:08:50.790053: Epoch 99
2026-08-05 11:08:50.790177: Current learning rate: 0.0091
2026-08-05 11:09:31.413060: train_loss -0.7674
2026-08-05 11:09:31.512008: val_loss -0.7604
2026-08-05 11:09:31.512206: Pseudo dice [np.float32(0.6933), np.float32(0.9017), np.float32(0.9277)]
2026-08-05 11:09:31.512322: Epoch time: 40.63 s
2026-08-05 11:09:36.093652: 
2026-08-05 11:09:36.093988: Epoch 100
2026-08-05 11:09:36.094073: Current learning rate: 0.0091
2026-08-05 11:10:16.738383: train_loss -0.7769
2026-08-05 11:10:16.786533: val_loss -0.774
2026-08-05 11:10:16.786717: Pseudo dice [np.float32(0.7054), np.float32(0.9143), np.float32(0.935)]
2026-08-05 11:10:16.786858: Epoch time: 40.65 s
2026-08-05 11:10:16.786971: Yayy! New best EMA pseudo Dice: 0.8410000205039978
2026-08-05 11:10:21.645257: 
2026-08-05 11:10:21.645647: Epoch 101
2026-08-05 11:10:21.645733: Current learning rate: 0.00909
2026-08-05 11:11:02.213798: train_loss -0.7466
2026-08-05 11:11:02.253463: val_loss -0.7256
2026-08-05 11:11:02.253630: Pseudo dice [np.float32(0.6587), np.float32(0.9031), np.float32(0.8981)]
2026-08-05 11:11:02.253771: Epoch time: 40.57 s
2026-08-05 11:11:03.082762: 
2026-08-05 11:11:03.083134: Epoch 102
2026-08-05 11:11:03.083221: Current learning rate: 0.00908
2026-08-05 11:11:43.805234: train_loss -0.7363
2026-08-05 11:11:43.855092: val_loss -0.7426
2026-08-05 11:11:43.855223: Pseudo dice [np.float32(0.6857), np.float32(0.8954), np.float32(0.9252)]
2026-08-05 11:11:43.855333: Epoch time: 40.73 s
2026-08-05 11:11:44.666144: 
2026-08-05 11:11:44.666490: Epoch 103
2026-08-05 11:11:44.666616: Current learning rate: 0.00907
2026-08-05 11:12:25.573467: train_loss -0.7435
2026-08-05 11:12:25.581743: val_loss -0.7504
2026-08-05 11:12:25.581907: Pseudo dice [np.float32(0.6852), np.float32(0.9094), np.float32(0.9291)]
2026-08-05 11:12:25.582023: Epoch time: 40.91 s
2026-08-05 11:12:26.401479: 
2026-08-05 11:12:26.401873: Epoch 104
2026-08-05 11:12:26.402108: Current learning rate: 0.00906
2026-08-05 11:13:06.962986: train_loss -0.7576
2026-08-05 11:13:06.975169: val_loss -0.7506
2026-08-05 11:13:06.975313: Pseudo dice [np.float32(0.6772), np.float32(0.9127), np.float32(0.9202)]
2026-08-05 11:13:06.975456: Epoch time: 40.56 s
2026-08-05 11:13:07.762223: 
2026-08-05 11:13:07.762544: Epoch 105
2026-08-05 11:13:07.762639: Current learning rate: 0.00905
2026-08-05 11:13:48.430477: train_loss -0.779
2026-08-05 11:13:48.434191: val_loss -0.7713
2026-08-05 11:13:48.434365: Pseudo dice [np.float32(0.6936), np.float32(0.9171), np.float32(0.9314)]
2026-08-05 11:13:48.434528: Epoch time: 40.67 s
2026-08-05 11:13:49.283741: 
2026-08-05 11:13:49.284068: Epoch 106
2026-08-05 11:13:49.284256: Current learning rate: 0.00904
2026-08-05 11:14:29.918138: train_loss -0.7904
2026-08-05 11:14:29.919006: val_loss -0.7773
2026-08-05 11:14:29.919147: Pseudo dice [np.float32(0.7074), np.float32(0.9202), np.float32(0.9334)]
2026-08-05 11:14:29.919293: Epoch time: 40.64 s
2026-08-05 11:14:30.675738: 
2026-08-05 11:14:30.676056: Epoch 107
2026-08-05 11:14:30.677140: Current learning rate: 0.00903
2026-08-05 11:15:11.615176: train_loss -0.7848
2026-08-05 11:15:11.615910: val_loss -0.7692
2026-08-05 11:15:11.616052: Pseudo dice [np.float32(0.695), np.float32(0.9149), np.float32(0.9314)]
2026-08-05 11:15:11.616175: Epoch time: 40.94 s
2026-08-05 11:15:11.616265: Yayy! New best EMA pseudo Dice: 0.8414999842643738
2026-08-05 11:15:16.174995: 
2026-08-05 11:15:16.175492: Epoch 108
2026-08-05 11:15:16.175585: Current learning rate: 0.00902
2026-08-05 11:15:56.840076: train_loss -0.7681
2026-08-05 11:15:57.236252: val_loss -0.7558
2026-08-05 11:15:57.236479: Pseudo dice [np.float32(0.69), np.float32(0.9116), np.float32(0.9297)]
2026-08-05 11:15:57.236694: Epoch time: 40.67 s
2026-08-05 11:15:57.236794: Yayy! New best EMA pseudo Dice: 0.84170001745224
2026-08-05 11:16:04.038095: 
2026-08-05 11:16:04.038464: Epoch 109
2026-08-05 11:16:04.038609: Current learning rate: 0.00901
2026-08-05 11:16:44.597953: train_loss -0.7583
2026-08-05 11:16:44.670144: val_loss -0.7464
2026-08-05 11:16:44.670318: Pseudo dice [np.float32(0.6838), np.float32(0.9158), np.float32(0.9238)]
2026-08-05 11:16:45.200428: Epoch time: 40.56 s
2026-08-05 11:16:46.391658: 
2026-08-05 11:16:46.391970: Epoch 110
2026-08-05 11:16:46.392056: Current learning rate: 0.009
2026-08-05 11:17:27.068216: train_loss -0.7721
2026-08-05 11:17:27.068888: val_loss -0.7525
2026-08-05 11:17:27.068971: Pseudo dice [np.float32(0.6901), np.float32(0.9096), np.float32(0.9256)]
2026-08-05 11:17:27.069049: Epoch time: 40.68 s
2026-08-05 11:17:27.772922: 
2026-08-05 11:17:27.773191: Epoch 111
2026-08-05 11:17:27.773369: Current learning rate: 0.009
2026-08-05 11:18:08.390043: train_loss -0.776
2026-08-05 11:18:08.390960: val_loss -0.7593
2026-08-05 11:18:08.391112: Pseudo dice [np.float32(0.6961), np.float32(0.9166), np.float32(0.9282)]
2026-08-05 11:18:08.391233: Epoch time: 40.62 s
2026-08-05 11:18:08.391326: Yayy! New best EMA pseudo Dice: 0.842199981212616
2026-08-05 11:18:13.684229: 
2026-08-05 11:18:13.684686: Epoch 112
2026-08-05 11:18:13.684825: Current learning rate: 0.00899
2026-08-05 11:18:54.475619: train_loss -0.7859
2026-08-05 11:18:54.476334: val_loss -0.7702
2026-08-05 11:18:54.476470: Pseudo dice [np.float32(0.7005), np.float32(0.9143), np.float32(0.934)]
2026-08-05 11:18:54.476721: Epoch time: 40.79 s
2026-08-05 11:18:54.476872: Yayy! New best EMA pseudo Dice: 0.8429999947547913
2026-08-05 11:19:00.013006: 
2026-08-05 11:19:00.013333: Epoch 113
2026-08-05 11:19:00.013418: Current learning rate: 0.00898
2026-08-05 11:19:40.501218: train_loss -0.7878
2026-08-05 11:19:40.502266: val_loss -0.7642
2026-08-05 11:19:40.502413: Pseudo dice [np.float32(0.6909), np.float32(0.914), np.float32(0.9334)]
2026-08-05 11:19:40.502555: Epoch time: 40.49 s
2026-08-05 11:19:40.502647: Yayy! New best EMA pseudo Dice: 0.8432999849319458
2026-08-05 11:19:46.472132: 
2026-08-05 11:19:46.472387: Epoch 114
2026-08-05 11:19:46.472562: Current learning rate: 0.00897
2026-08-05 11:20:26.858302: train_loss -0.7907
2026-08-05 11:20:26.877970: val_loss -0.7714
2026-08-05 11:20:26.878055: Pseudo dice [np.float32(0.689), np.float32(0.9197), np.float32(0.9354)]
2026-08-05 11:20:26.878120: Epoch time: 40.39 s
2026-08-05 11:20:26.878161: Yayy! New best EMA pseudo Dice: 0.8436999917030334
2026-08-05 11:20:31.759364: 
2026-08-05 11:20:31.759699: Epoch 115
2026-08-05 11:20:31.759817: Current learning rate: 0.00896
2026-08-05 11:21:12.237046: train_loss -0.7686
2026-08-05 11:21:12.239767: val_loss -0.7648
2026-08-05 11:21:12.239918: Pseudo dice [np.float32(0.6938), np.float32(0.9132), np.float32(0.9323)]
2026-08-05 11:21:12.240063: Epoch time: 40.48 s
2026-08-05 11:21:12.240171: Yayy! New best EMA pseudo Dice: 0.843999981880188
2026-08-05 11:21:22.709237: 
2026-08-05 11:21:23.546552: Epoch 116
2026-08-05 11:21:23.546723: Current learning rate: 0.00895
2026-08-05 11:22:04.259502: train_loss -0.7844
2026-08-05 11:22:04.407323: val_loss -0.7547
2026-08-05 11:22:04.407519: Pseudo dice [np.float32(0.6902), np.float32(0.9071), np.float32(0.9313)]
2026-08-05 11:22:04.407655: Epoch time: 41.55 s
2026-08-05 11:22:05.256268: 
2026-08-05 11:22:05.256752: Epoch 117
2026-08-05 11:22:05.256835: Current learning rate: 0.00894
2026-08-05 11:22:45.947412: train_loss -0.7867
2026-08-05 11:22:46.051026: val_loss -0.7674
2026-08-05 11:22:46.051148: Pseudo dice [np.float32(0.7043), np.float32(0.914), np.float32(0.9322)]
2026-08-05 11:22:46.051215: Epoch time: 40.69 s
2026-08-05 11:22:46.051261: Yayy! New best EMA pseudo Dice: 0.8445000052452087
2026-08-05 11:22:51.374846: 
2026-08-05 11:22:51.375187: Epoch 118
2026-08-05 11:22:51.375294: Current learning rate: 0.00893
2026-08-05 11:23:32.065930: train_loss -0.7815
2026-08-05 11:23:32.134842: val_loss -0.7709
2026-08-05 11:23:32.135103: Pseudo dice [np.float32(0.6982), np.float32(0.9206), np.float32(0.9281)]
2026-08-05 11:23:32.135244: Epoch time: 40.69 s
2026-08-05 11:23:32.135341: Yayy! New best EMA pseudo Dice: 0.8450000286102295
2026-08-05 11:23:37.274507: 
2026-08-05 11:23:37.274909: Epoch 119
2026-08-05 11:23:37.275029: Current learning rate: 0.00892
2026-08-05 11:24:17.839684: train_loss -0.7903
2026-08-05 11:24:17.840204: val_loss -0.7675
2026-08-05 11:24:17.840342: Pseudo dice [np.float32(0.698), np.float32(0.9175), np.float32(0.9326)]
2026-08-05 11:24:17.840468: Epoch time: 40.57 s
2026-08-05 11:24:17.840556: Yayy! New best EMA pseudo Dice: 0.8453999757766724
2026-08-05 11:24:22.860033: 
2026-08-05 11:24:22.860314: Epoch 120
2026-08-05 11:24:22.860484: Current learning rate: 0.00891
2026-08-05 11:25:03.361234: train_loss -0.7933
2026-08-05 11:25:03.361745: val_loss -0.7804
2026-08-05 11:25:03.361924: Pseudo dice [np.float32(0.704), np.float32(0.923), np.float32(0.9389)]
2026-08-05 11:25:03.362079: Epoch time: 40.5 s
2026-08-05 11:25:03.362172: Yayy! New best EMA pseudo Dice: 0.8464000225067139
2026-08-05 11:25:08.700315: 
2026-08-05 11:25:08.700588: Epoch 121
2026-08-05 11:25:08.700723: Current learning rate: 0.0089
2026-08-05 11:25:49.203028: train_loss -0.7936
2026-08-05 11:25:49.203585: val_loss -0.7696
2026-08-05 11:25:49.203716: Pseudo dice [np.float32(0.6954), np.float32(0.9206), np.float32(0.9285)]
2026-08-05 11:25:49.203837: Epoch time: 40.51 s
2026-08-05 11:25:49.203945: Yayy! New best EMA pseudo Dice: 0.8465999960899353
2026-08-05 11:25:55.696770: 
2026-08-05 11:25:55.697294: Epoch 122
2026-08-05 11:25:55.697382: Current learning rate: 0.00889
2026-08-05 11:26:36.295496: train_loss -0.7915
2026-08-05 11:26:36.296128: val_loss -0.7753
2026-08-05 11:26:36.296232: Pseudo dice [np.float32(0.702), np.float32(0.9226), np.float32(0.9346)]
2026-08-05 11:26:36.296334: Epoch time: 40.6 s
2026-08-05 11:26:36.296405: Yayy! New best EMA pseudo Dice: 0.8471999764442444
2026-08-05 11:26:41.324491: 
2026-08-05 11:26:41.324849: Epoch 123
2026-08-05 11:26:41.324939: Current learning rate: 0.00889
2026-08-05 11:27:21.817523: train_loss -0.7878
2026-08-05 11:27:21.818168: val_loss -0.7671
2026-08-05 11:27:21.818298: Pseudo dice [np.float32(0.6868), np.float32(0.9221), np.float32(0.9274)]
2026-08-05 11:27:21.818429: Epoch time: 40.5 s
2026-08-05 11:27:22.637554: 
2026-08-05 11:27:22.637804: Epoch 124
2026-08-05 11:27:22.638007: Current learning rate: 0.00888
2026-08-05 11:28:03.207169: train_loss -0.7895
2026-08-05 11:28:03.207525: val_loss -0.7683
2026-08-05 11:28:03.207646: Pseudo dice [np.float32(0.6945), np.float32(0.9132), np.float32(0.9324)]
2026-08-05 11:28:03.207766: Epoch time: 40.57 s
2026-08-05 11:28:03.988265: 
2026-08-05 11:28:03.988632: Epoch 125
2026-08-05 11:28:03.988715: Current learning rate: 0.00887
2026-08-05 11:28:44.494278: train_loss -0.7679
2026-08-05 11:28:44.494723: val_loss -0.7269
2026-08-05 11:28:44.494843: Pseudo dice [np.float32(0.6786), np.float32(0.8881), np.float32(0.9126)]
2026-08-05 11:28:44.494983: Epoch time: 40.51 s
2026-08-05 11:28:45.286930: 
2026-08-05 11:28:45.287216: Epoch 126
2026-08-05 11:28:45.287400: Current learning rate: 0.00886
2026-08-05 11:29:27.365771: train_loss -0.7573
2026-08-05 11:29:27.366184: val_loss -0.7671
2026-08-05 11:29:27.380460: Pseudo dice [np.float32(0.6956), np.float32(0.9186), np.float32(0.9299)]
2026-08-05 11:29:27.380706: Epoch time: 42.08 s
2026-08-05 11:29:28.482093: 
2026-08-05 11:29:28.482538: Epoch 127
2026-08-05 11:29:28.482622: Current learning rate: 0.00885
2026-08-05 11:30:09.131485: train_loss -0.7806
2026-08-05 11:30:09.131874: val_loss -0.7639
2026-08-05 11:30:09.132096: Pseudo dice [np.float32(0.6949), np.float32(0.9215), np.float32(0.9314)]
2026-08-05 11:30:09.132231: Epoch time: 40.65 s
2026-08-05 11:30:09.902283: 
2026-08-05 11:30:09.902576: Epoch 128
2026-08-05 11:30:09.902659: Current learning rate: 0.00884
2026-08-05 11:30:52.457140: train_loss -0.7823
2026-08-05 11:30:52.457677: val_loss -0.7577
2026-08-05 11:30:52.457868: Pseudo dice [np.float32(0.6858), np.float32(0.9078), np.float32(0.9303)]
2026-08-05 11:30:52.458083: Epoch time: 42.56 s
2026-08-05 11:30:53.213119: 
2026-08-05 11:30:53.213508: Epoch 129
2026-08-05 11:30:53.213622: Current learning rate: 0.00883
2026-08-05 11:31:34.031632: train_loss -0.774
2026-08-05 11:31:34.032137: val_loss -0.7632
2026-08-05 11:31:34.032333: Pseudo dice [np.float32(0.6909), np.float32(0.9136), np.float32(0.9346)]
2026-08-05 11:31:34.336650: Epoch time: 40.82 s
2026-08-05 11:31:35.212361: 
2026-08-05 11:31:35.212607: Epoch 130
2026-08-05 11:31:35.212721: Current learning rate: 0.00882
2026-08-05 11:32:16.085565: train_loss -0.7781
2026-08-05 11:32:16.085983: val_loss -0.7628
2026-08-05 11:32:16.086173: Pseudo dice [np.float32(0.6912), np.float32(0.9032), np.float32(0.9321)]
2026-08-05 11:32:16.086309: Epoch time: 40.88 s
2026-08-05 11:32:16.904620: 
2026-08-05 11:32:16.904922: Epoch 131
2026-08-05 11:32:16.905035: Current learning rate: 0.00881
2026-08-05 11:32:57.770870: train_loss -0.7843
2026-08-05 11:32:57.771104: val_loss -0.7497
2026-08-05 11:32:57.771157: Pseudo dice [np.float32(0.6765), np.float32(0.9112), np.float32(0.9341)]
2026-08-05 11:32:57.771219: Epoch time: 40.87 s
2026-08-05 11:32:58.497387: 
2026-08-05 11:32:58.497786: Epoch 132
2026-08-05 11:32:58.497871: Current learning rate: 0.0088
2026-08-05 11:33:39.632615: train_loss -0.7936
2026-08-05 11:33:39.633228: val_loss -0.7784
2026-08-05 11:33:39.633416: Pseudo dice [np.float32(0.7073), np.float32(0.9183), np.float32(0.9335)]
2026-08-05 11:33:39.633548: Epoch time: 41.14 s
2026-08-05 11:33:40.634279: 
2026-08-05 11:33:40.634657: Epoch 133
2026-08-05 11:33:40.634763: Current learning rate: 0.00879
2026-08-05 11:34:21.555663: train_loss -0.7831
2026-08-05 11:34:21.556268: val_loss -0.7754
2026-08-05 11:34:21.556398: Pseudo dice [np.float32(0.7022), np.float32(0.9225), np.float32(0.9392)]
2026-08-05 11:34:21.556522: Epoch time: 40.92 s
2026-08-05 11:34:22.639260: 
2026-08-05 11:34:22.639559: Epoch 134
2026-08-05 11:34:22.639642: Current learning rate: 0.00879
2026-08-05 11:35:03.574565: train_loss -0.7883
2026-08-05 11:35:03.574965: val_loss -0.7718
2026-08-05 11:35:03.575022: Pseudo dice [np.float32(0.6969), np.float32(0.9195), np.float32(0.9321)]
2026-08-05 11:35:03.575089: Epoch time: 40.94 s
2026-08-05 11:35:04.448387: 
2026-08-05 11:35:04.448830: Epoch 135
2026-08-05 11:35:04.448944: Current learning rate: 0.00878
2026-08-05 11:35:46.846695: train_loss -0.7993
2026-08-05 11:35:46.847477: val_loss -0.7872
2026-08-05 11:35:46.847663: Pseudo dice [np.float32(0.7076), np.float32(0.9234), np.float32(0.9384)]
2026-08-05 11:35:46.847839: Epoch time: 42.4 s
2026-08-05 11:35:46.847988: Yayy! New best EMA pseudo Dice: 0.847599983215332
2026-08-05 11:35:56.235883: 
2026-08-05 11:35:56.236283: Epoch 136
2026-08-05 11:35:56.236485: Current learning rate: 0.00877
2026-08-05 11:36:38.100923: train_loss -0.7953
2026-08-05 11:36:38.101655: val_loss -0.7696
2026-08-05 11:36:38.101825: Pseudo dice [np.float32(0.6917), np.float32(0.916), np.float32(0.9375)]
2026-08-05 11:36:38.101997: Epoch time: 41.87 s
2026-08-05 11:36:38.102092: Yayy! New best EMA pseudo Dice: 0.8476999998092651
2026-08-05 11:36:43.495243: 
2026-08-05 11:36:43.495703: Epoch 137
2026-08-05 11:36:43.495792: Current learning rate: 0.00876
2026-08-05 11:37:24.227542: train_loss -0.7774
2026-08-05 11:37:24.228144: val_loss -0.7696
2026-08-05 11:37:24.228399: Pseudo dice [np.float32(0.6934), np.float32(0.9229), np.float32(0.9335)]
2026-08-05 11:37:24.228539: Epoch time: 40.73 s
2026-08-05 11:37:24.228628: Yayy! New best EMA pseudo Dice: 0.8478999733924866
2026-08-05 11:37:29.307328: 
2026-08-05 11:37:29.307746: Epoch 138
2026-08-05 11:37:29.307831: Current learning rate: 0.00875
2026-08-05 11:38:09.826055: train_loss -0.7826
2026-08-05 11:38:09.826383: val_loss -0.7562
2026-08-05 11:38:09.829104: Pseudo dice [np.float32(0.6905), np.float32(0.9096), np.float32(0.9347)]
2026-08-05 11:38:09.829284: Epoch time: 40.52 s
2026-08-05 11:38:10.612280: 
2026-08-05 11:38:10.612714: Epoch 139
2026-08-05 11:38:10.612790: Current learning rate: 0.00874
2026-08-05 11:38:51.292789: train_loss -0.7902
2026-08-05 11:38:51.293268: val_loss -0.7805
2026-08-05 11:38:51.293406: Pseudo dice [np.float32(0.7078), np.float32(0.9227), np.float32(0.9359)]
2026-08-05 11:38:51.293673: Epoch time: 40.68 s
2026-08-05 11:38:51.293772: Yayy! New best EMA pseudo Dice: 0.8483999967575073
2026-08-05 11:38:55.660748: 
2026-08-05 11:38:55.661140: Epoch 140
2026-08-05 11:38:55.661260: Current learning rate: 0.00873
2026-08-05 11:39:36.362392: train_loss -0.7918
2026-08-05 11:39:36.364018: val_loss -0.786
2026-08-05 11:39:36.364258: Pseudo dice [np.float32(0.7118), np.float32(0.9248), np.float32(0.9387)]
2026-08-05 11:39:36.364406: Epoch time: 40.7 s
2026-08-05 11:39:36.364506: Yayy! New best EMA pseudo Dice: 0.849399983882904
2026-08-05 11:39:42.447082: 
2026-08-05 11:39:42.447424: Epoch 141
2026-08-05 11:39:42.447548: Current learning rate: 0.00872
2026-08-05 11:40:23.164291: train_loss -0.7858
2026-08-05 11:40:23.164530: val_loss -0.7793
2026-08-05 11:40:23.164648: Pseudo dice [np.float32(0.7067), np.float32(0.915), np.float32(0.9331)]
2026-08-05 11:40:23.164757: Epoch time: 40.72 s
2026-08-05 11:40:23.164842: Yayy! New best EMA pseudo Dice: 0.8496000170707703
2026-08-05 11:40:28.813265: 
2026-08-05 11:40:28.813674: Epoch 142
2026-08-05 11:40:28.813764: Current learning rate: 0.00871
2026-08-05 11:41:09.502114: train_loss -0.795
2026-08-05 11:41:09.502538: val_loss -0.7752
2026-08-05 11:41:09.502669: Pseudo dice [np.float32(0.7069), np.float32(0.9187), np.float32(0.932)]
2026-08-05 11:41:09.502990: Epoch time: 40.69 s
2026-08-05 11:41:09.503096: Yayy! New best EMA pseudo Dice: 0.8499000072479248
2026-08-05 11:41:16.763111: 
2026-08-05 11:41:16.763544: Epoch 143
2026-08-05 11:41:16.763630: Current learning rate: 0.0087
2026-08-05 11:41:57.504450: train_loss -0.8
2026-08-05 11:41:57.504853: val_loss -0.7678
2026-08-05 11:41:57.504995: Pseudo dice [np.float32(0.6985), np.float32(0.9113), np.float32(0.9321)]
2026-08-05 11:41:57.505229: Epoch time: 40.74 s
2026-08-05 11:41:58.258876: 
2026-08-05 11:41:58.259108: Epoch 144
2026-08-05 11:41:58.259327: Current learning rate: 0.00869
2026-08-05 11:42:38.920539: train_loss -0.8032
2026-08-05 11:42:38.921016: val_loss -0.7642
2026-08-05 11:42:38.921146: Pseudo dice [np.float32(0.6865), np.float32(0.9094), np.float32(0.9344)]
2026-08-05 11:42:38.921408: Epoch time: 40.66 s
2026-08-05 11:42:39.700092: 
2026-08-05 11:42:39.700500: Epoch 145
2026-08-05 11:42:39.700585: Current learning rate: 0.00868
2026-08-05 11:43:20.529447: train_loss -0.7853
2026-08-05 11:43:20.530175: val_loss -0.7637
2026-08-05 11:43:20.530310: Pseudo dice [np.float32(0.6838), np.float32(0.9179), np.float32(0.9254)]
2026-08-05 11:43:20.530481: Epoch time: 40.83 s
2026-08-05 11:43:21.310887: 
2026-08-05 11:43:21.311205: Epoch 146
2026-08-05 11:43:21.311343: Current learning rate: 0.00868
2026-08-05 11:44:01.961878: train_loss -0.7897
2026-08-05 11:44:01.962942: val_loss -0.7586
2026-08-05 11:44:01.963272: Pseudo dice [np.float32(0.6995), np.float32(0.9129), np.float32(0.9239)]
2026-08-05 11:44:01.963594: Epoch time: 40.65 s
2026-08-05 11:44:03.169679: 
2026-08-05 11:44:03.170147: Epoch 147
2026-08-05 11:44:03.170242: Current learning rate: 0.00867
2026-08-05 11:44:44.240982: train_loss -0.7743
2026-08-05 11:44:44.241536: val_loss -0.7566
2026-08-05 11:44:44.241668: Pseudo dice [np.float32(0.6887), np.float32(0.9047), np.float32(0.9304)]
2026-08-05 11:44:44.241795: Epoch time: 41.08 s
2026-08-05 11:44:45.031964: 
2026-08-05 11:44:45.032227: Epoch 148
2026-08-05 11:44:45.032473: Current learning rate: 0.00866
2026-08-05 11:45:25.468819: train_loss -0.7914
2026-08-05 11:45:25.469453: val_loss -0.7766
2026-08-05 11:45:25.469580: Pseudo dice [np.float32(0.703), np.float32(0.9186), np.float32(0.939)]
2026-08-05 11:45:25.469698: Epoch time: 40.44 s
2026-08-05 11:45:26.231879: 
2026-08-05 11:45:26.232207: Epoch 149
2026-08-05 11:45:26.232356: Current learning rate: 0.00865
2026-08-05 11:46:06.820276: train_loss -0.7962
2026-08-05 11:46:06.820551: val_loss -0.7737
2026-08-05 11:46:06.820604: Pseudo dice [np.float32(0.7039), np.float32(0.9172), np.float32(0.9322)]
2026-08-05 11:46:06.820662: Epoch time: 40.59 s
2026-08-05 11:46:10.968527: 
2026-08-05 11:46:10.968924: Epoch 150
2026-08-05 11:46:10.968997: Current learning rate: 0.00864
2026-08-05 11:46:51.798009: train_loss -0.8019
2026-08-05 11:46:51.798543: val_loss -0.7804
2026-08-05 11:46:51.836114: Pseudo dice [np.float32(0.707), np.float32(0.9218), np.float32(0.9379)]
2026-08-05 11:46:51.836570: Epoch time: 40.83 s
2026-08-05 11:46:52.686452: 
2026-08-05 11:46:52.686774: Epoch 151
2026-08-05 11:46:52.686877: Current learning rate: 0.00863
2026-08-05 11:47:33.675822: train_loss -0.7942
2026-08-05 11:47:33.676376: val_loss -0.7563
2026-08-05 11:47:33.676509: Pseudo dice [np.float32(0.6903), np.float32(0.8966), np.float32(0.9289)]
2026-08-05 11:47:33.676633: Epoch time: 40.99 s
2026-08-05 11:47:34.456524: 
2026-08-05 11:47:34.456904: Epoch 152
2026-08-05 11:47:34.456989: Current learning rate: 0.00862
2026-08-05 11:48:15.102057: train_loss -0.7827
2026-08-05 11:48:15.102572: val_loss -0.7522
2026-08-05 11:48:15.102730: Pseudo dice [np.float32(0.6885), np.float32(0.901), np.float32(0.9319)]
2026-08-05 11:48:15.102856: Epoch time: 40.65 s
2026-08-05 11:48:15.910450: 
2026-08-05 11:48:15.910798: Epoch 153
2026-08-05 11:48:15.910884: Current learning rate: 0.00861
2026-08-05 11:48:56.734070: train_loss -0.7669
2026-08-05 11:48:56.734262: val_loss -0.734
2026-08-05 11:48:56.734315: Pseudo dice [np.float32(0.6524), np.float32(0.9033), np.float32(0.918)]
2026-08-05 11:48:56.734373: Epoch time: 40.83 s
2026-08-05 11:48:57.458699: 
2026-08-05 11:48:57.459176: Epoch 154
2026-08-05 11:48:57.459304: Current learning rate: 0.0086
2026-08-05 11:49:38.005404: train_loss -0.7685
2026-08-05 11:49:38.421080: val_loss -0.7678
2026-08-05 11:49:38.421304: Pseudo dice [np.float32(0.7028), np.float32(0.9121), np.float32(0.9328)]
2026-08-05 11:49:38.421441: Epoch time: 40.55 s
2026-08-05 11:49:39.279458: 
2026-08-05 11:49:39.279808: Epoch 155
2026-08-05 11:49:39.279914: Current learning rate: 0.00859
2026-08-05 11:50:19.797323: train_loss -0.7875
2026-08-05 11:50:19.797990: val_loss -0.7658
2026-08-05 11:50:19.798214: Pseudo dice [np.float32(0.6911), np.float32(0.9117), np.float32(0.9328)]
2026-08-05 11:50:19.798335: Epoch time: 40.52 s
2026-08-05 11:50:20.594309: 
2026-08-05 11:50:20.594619: Epoch 156
2026-08-05 11:50:20.594704: Current learning rate: 0.00858
2026-08-05 11:51:07.206248: train_loss -0.7863
2026-08-05 11:51:07.539344: val_loss -0.7732
2026-08-05 11:51:07.539592: Pseudo dice [np.float32(0.6943), np.float32(0.9249), np.float32(0.9324)]
2026-08-05 11:51:07.539811: Epoch time: 46.61 s
2026-08-05 11:51:08.372661: 
2026-08-05 11:51:08.372955: Epoch 157
2026-08-05 11:51:08.373044: Current learning rate: 0.00858
2026-08-05 11:51:48.922560: train_loss -0.7845
2026-08-05 11:51:48.923495: val_loss -0.7571
2026-08-05 11:51:48.923686: Pseudo dice [np.float32(0.6859), np.float32(0.9162), np.float32(0.9307)]
2026-08-05 11:51:48.923829: Epoch time: 40.55 s
2026-08-05 11:51:49.652075: 
2026-08-05 11:51:49.652529: Epoch 158
2026-08-05 11:51:49.652611: Current learning rate: 0.00857
2026-08-05 11:52:32.330651: train_loss -0.7902
2026-08-05 11:52:32.331087: val_loss -0.752
2026-08-05 11:52:32.331194: Pseudo dice [np.float32(0.6805), np.float32(0.9098), np.float32(0.9303)]
2026-08-05 11:52:32.331385: Epoch time: 42.68 s
2026-08-05 11:52:33.121733: 
2026-08-05 11:52:33.122057: Epoch 159
2026-08-05 11:52:33.122233: Current learning rate: 0.00856
2026-08-05 11:53:13.956165: train_loss -0.797
2026-08-05 11:53:13.956428: val_loss -0.7595
2026-08-05 11:53:13.956482: Pseudo dice [np.float32(0.687), np.float32(0.9105), np.float32(0.9282)]
2026-08-05 11:53:13.956549: Epoch time: 40.84 s
2026-08-05 11:53:15.134740: 
2026-08-05 11:53:15.135064: Epoch 160
2026-08-05 11:53:15.135211: Current learning rate: 0.00855
2026-08-05 11:53:55.782167: train_loss -0.7989
2026-08-05 11:53:55.782447: val_loss -0.7688
2026-08-05 11:53:55.782553: Pseudo dice [np.float32(0.6922), np.float32(0.9182), np.float32(0.9335)]
2026-08-05 11:53:55.782651: Epoch time: 40.65 s
2026-08-05 11:53:56.505277: 
2026-08-05 11:53:56.505651: Epoch 161
2026-08-05 11:53:56.505757: Current learning rate: 0.00854
2026-08-05 11:54:37.450055: train_loss -0.8036
2026-08-05 11:54:37.450470: val_loss -0.7576
2026-08-05 11:54:37.450593: Pseudo dice [np.float32(0.6953), np.float32(0.9097), np.float32(0.9344)]
2026-08-05 11:54:37.450731: Epoch time: 40.95 s
2026-08-05 11:54:38.224104: 
2026-08-05 11:54:38.224416: Epoch 162
2026-08-05 11:54:38.224505: Current learning rate: 0.00853
2026-08-05 11:55:19.079362: train_loss -0.8054
2026-08-05 11:55:19.079705: val_loss -0.7743
2026-08-05 11:55:19.079827: Pseudo dice [np.float32(0.6902), np.float32(0.923), np.float32(0.938)]
2026-08-05 11:55:19.079976: Epoch time: 40.86 s
2026-08-05 11:55:19.928249: 
2026-08-05 11:55:19.928713: Epoch 163
2026-08-05 11:55:19.928824: Current learning rate: 0.00852
2026-08-05 11:56:00.961198: train_loss -0.802
2026-08-05 11:56:00.961538: val_loss -0.7743
2026-08-05 11:56:00.961810: Pseudo dice [np.float32(0.6999), np.float32(0.9122), np.float32(0.9374)]
2026-08-05 11:56:00.961977: Epoch time: 41.04 s
2026-08-05 11:56:01.762031: 
2026-08-05 11:56:01.762399: Epoch 164
2026-08-05 11:56:01.762491: Current learning rate: 0.00851
2026-08-05 11:56:43.765078: train_loss -0.7822
2026-08-05 11:56:43.765650: val_loss -0.7555
2026-08-05 11:56:43.766002: Pseudo dice [np.float32(0.6729), np.float32(0.9162), np.float32(0.9303)]
2026-08-05 11:56:43.766262: Epoch time: 42.01 s
2026-08-05 11:56:44.611957: 
2026-08-05 11:56:44.612358: Epoch 165
2026-08-05 11:56:44.612566: Current learning rate: 0.0085
2026-08-05 11:57:26.330191: train_loss -0.7981
2026-08-05 11:57:26.336303: val_loss -0.7632
2026-08-05 11:57:26.336451: Pseudo dice [np.float32(0.6914), np.float32(0.9095), np.float32(0.9385)]
2026-08-05 11:57:26.336615: Epoch time: 41.72 s
2026-08-05 11:57:27.242367: 
2026-08-05 11:57:27.242742: Epoch 166
2026-08-05 11:57:27.242910: Current learning rate: 0.00849
2026-08-05 11:58:08.851300: train_loss -0.7968
2026-08-05 11:58:08.851974: val_loss -0.7824
2026-08-05 11:58:08.852104: Pseudo dice [np.float32(0.7082), np.float32(0.9256), np.float32(0.9355)]
2026-08-05 11:58:08.852257: Epoch time: 41.61 s
2026-08-05 11:58:10.319958: 
2026-08-05 11:58:10.320336: Epoch 167
2026-08-05 11:58:10.320477: Current learning rate: 0.00848
2026-08-05 11:58:51.808878: train_loss -0.8059
2026-08-05 11:58:51.810146: val_loss -0.7734
2026-08-05 11:58:51.810685: Pseudo dice [np.float32(0.7033), np.float32(0.9192), np.float32(0.9298)]
2026-08-05 11:58:51.810951: Epoch time: 41.49 s
2026-08-05 11:58:52.637178: 
2026-08-05 11:58:52.637595: Epoch 168
2026-08-05 11:58:52.637772: Current learning rate: 0.00847
2026-08-05 11:59:33.958786: train_loss -0.786
2026-08-05 11:59:34.072797: val_loss -0.7663
2026-08-05 11:59:34.072934: Pseudo dice [np.float32(0.6925), np.float32(0.9191), np.float32(0.9357)]
2026-08-05 11:59:34.073027: Epoch time: 41.32 s
2026-08-05 11:59:34.921641: 
2026-08-05 11:59:34.922108: Epoch 169
2026-08-05 11:59:34.922228: Current learning rate: 0.00847
2026-08-05 12:00:16.132402: train_loss -0.7891
2026-08-05 12:00:16.216945: val_loss -0.772
2026-08-05 12:00:16.217095: Pseudo dice [np.float32(0.6899), np.float32(0.9263), np.float32(0.9334)]
2026-08-05 12:00:16.217199: Epoch time: 41.21 s
2026-08-05 12:00:17.187139: 
2026-08-05 12:00:17.187531: Epoch 170
2026-08-05 12:00:17.187665: Current learning rate: 0.00846
2026-08-05 12:01:03.306740: train_loss -0.8021
2026-08-05 12:01:03.307259: val_loss -0.7749
2026-08-05 12:01:03.307365: Pseudo dice [np.float32(0.7099), np.float32(0.9192), np.float32(0.9396)]
2026-08-05 12:01:03.307482: Epoch time: 46.12 s
2026-08-05 12:01:04.080796: 
2026-08-05 12:01:04.081101: Epoch 171
2026-08-05 12:01:04.081232: Current learning rate: 0.00845
2026-08-05 12:01:45.057856: train_loss -0.8003
2026-08-05 12:01:45.058087: val_loss -0.7717
2026-08-05 12:01:45.058145: Pseudo dice [np.float32(0.6959), np.float32(0.9178), np.float32(0.9372)]
2026-08-05 12:01:45.058208: Epoch time: 40.98 s
2026-08-05 12:01:45.788560: 
2026-08-05 12:01:45.788837: Epoch 172
2026-08-05 12:01:45.788980: Current learning rate: 0.00844
2026-08-05 12:02:26.780545: train_loss -0.7927
2026-08-05 12:02:26.780737: val_loss -0.7844
2026-08-05 12:02:26.780787: Pseudo dice [np.float32(0.7108), np.float32(0.923), np.float32(0.9322)]
2026-08-05 12:02:26.780850: Epoch time: 40.99 s
2026-08-05 12:02:27.525618: 
2026-08-05 12:02:27.526187: Epoch 173
2026-08-05 12:02:27.526299: Current learning rate: 0.00843
2026-08-05 12:03:08.220484: train_loss -0.7988
2026-08-05 12:03:08.220710: val_loss -0.772
2026-08-05 12:03:08.220765: Pseudo dice [np.float32(0.699), np.float32(0.9183), np.float32(0.9296)]
2026-08-05 12:03:08.220830: Epoch time: 40.7 s
2026-08-05 12:03:09.531119: 
2026-08-05 12:03:09.531420: Epoch 174
2026-08-05 12:03:09.531596: Current learning rate: 0.00842
2026-08-05 12:03:50.695101: train_loss -0.7962
2026-08-05 12:03:50.886337: val_loss -0.7637
2026-08-05 12:03:50.886603: Pseudo dice [np.float32(0.7023), np.float32(0.9143), np.float32(0.9339)]
2026-08-05 12:03:50.886998: Epoch time: 41.17 s
2026-08-05 12:03:51.808251: 
2026-08-05 12:03:51.808537: Epoch 175
2026-08-05 12:03:51.808741: Current learning rate: 0.00841
2026-08-05 12:04:32.781881: train_loss -0.786
2026-08-05 12:04:32.782521: val_loss -0.7711
2026-08-05 12:04:32.782646: Pseudo dice [np.float32(0.7023), np.float32(0.9244), np.float32(0.9346)]
2026-08-05 12:04:32.782753: Epoch time: 40.98 s
2026-08-05 12:04:33.623860: 
2026-08-05 12:04:33.624209: Epoch 176
2026-08-05 12:04:33.624320: Current learning rate: 0.0084
2026-08-05 12:05:14.520300: train_loss -0.7939
2026-08-05 12:05:14.520586: val_loss -0.7756
2026-08-05 12:05:14.520691: Pseudo dice [np.float32(0.7119), np.float32(0.9176), np.float32(0.931)]
2026-08-05 12:05:14.520788: Epoch time: 40.9 s
2026-08-05 12:05:14.520861: Yayy! New best EMA pseudo Dice: 0.8501999974250793
2026-08-05 12:05:23.107257: 
2026-08-05 12:05:23.107557: Epoch 177
2026-08-05 12:05:23.107680: Current learning rate: 0.00839
2026-08-05 12:06:04.116358: train_loss -0.8
2026-08-05 12:06:04.116621: val_loss -0.7759
2026-08-05 12:06:04.116677: Pseudo dice [np.float32(0.7087), np.float32(0.9214), np.float32(0.9361)]
2026-08-05 12:06:04.116745: Epoch time: 41.01 s
2026-08-05 12:06:04.116785: Yayy! New best EMA pseudo Dice: 0.8507000207901001
2026-08-05 12:06:16.340882: 
2026-08-05 12:06:16.341257: Epoch 178
2026-08-05 12:06:16.341406: Current learning rate: 0.00838
2026-08-05 12:06:57.266292: train_loss -0.8049
2026-08-05 12:06:57.266615: val_loss -0.7749
2026-08-05 12:06:57.266696: Pseudo dice [np.float32(0.7102), np.float32(0.9235), np.float32(0.9329)]
2026-08-05 12:06:57.266839: Epoch time: 40.93 s
2026-08-05 12:06:57.266888: Yayy! New best EMA pseudo Dice: 0.8511999845504761
2026-08-05 12:07:03.118957: 
2026-08-05 12:07:03.119193: Epoch 179
2026-08-05 12:07:03.119336: Current learning rate: 0.00837
2026-08-05 12:07:43.867845: train_loss -0.8073
2026-08-05 12:07:43.868137: val_loss -0.761
2026-08-05 12:07:43.868193: Pseudo dice [np.float32(0.6901), np.float32(0.9157), np.float32(0.9362)]
2026-08-05 12:07:43.868257: Epoch time: 40.75 s
2026-08-05 12:07:44.613962: 
2026-08-05 12:07:44.614344: Epoch 180
2026-08-05 12:07:44.614445: Current learning rate: 0.00836
2026-08-05 12:08:26.129833: train_loss -0.8077
2026-08-05 12:08:26.131211: val_loss -0.7746
2026-08-05 12:08:26.131364: Pseudo dice [np.float32(0.6893), np.float32(0.9241), np.float32(0.9381)]
2026-08-05 12:08:26.131483: Epoch time: 41.52 s
2026-08-05 12:08:26.953094: 
2026-08-05 12:08:26.953538: Epoch 181
2026-08-05 12:08:26.953650: Current learning rate: 0.00836
2026-08-05 12:09:07.953414: train_loss -0.8117
2026-08-05 12:09:07.954070: val_loss -0.7676
2026-08-05 12:09:07.954221: Pseudo dice [np.float32(0.7041), np.float32(0.9138), np.float32(0.9342)]
2026-08-05 12:09:07.954362: Epoch time: 41.0 s
2026-08-05 12:09:08.813270: 
2026-08-05 12:09:08.813493: Epoch 182
2026-08-05 12:09:08.813761: Current learning rate: 0.00835
2026-08-05 12:09:49.804542: train_loss -0.7977
2026-08-05 12:09:49.805516: val_loss -0.7773
2026-08-05 12:09:49.805673: Pseudo dice [np.float32(0.6972), np.float32(0.9211), np.float32(0.9367)]
2026-08-05 12:09:49.805819: Epoch time: 40.99 s
2026-08-05 12:09:50.622442: 
2026-08-05 12:09:50.622796: Epoch 183
2026-08-05 12:09:50.622911: Current learning rate: 0.00834
2026-08-05 12:10:31.677177: train_loss -0.7858
2026-08-05 12:10:31.677824: val_loss -0.749
2026-08-05 12:10:31.678000: Pseudo dice [np.float32(0.68), np.float32(0.9094), np.float32(0.9335)]
2026-08-05 12:10:31.678134: Epoch time: 41.06 s
2026-08-05 12:10:32.476613: 
2026-08-05 12:10:32.477005: Epoch 184
2026-08-05 12:10:32.477129: Current learning rate: 0.00833
2026-08-05 12:11:13.661741: train_loss -0.8024
2026-08-05 12:11:13.920733: val_loss -0.7725
2026-08-05 12:11:13.921012: Pseudo dice [np.float32(0.7062), np.float32(0.9211), np.float32(0.9283)]
2026-08-05 12:11:13.921221: Epoch time: 41.19 s
2026-08-05 12:11:15.084368: 
2026-08-05 12:11:15.084647: Epoch 185
2026-08-05 12:11:15.084755: Current learning rate: 0.00832
2026-08-05 12:11:55.820769: train_loss -0.8109
2026-08-05 12:11:55.822783: val_loss -0.7814
2026-08-05 12:11:55.822843: Pseudo dice [np.float32(0.7016), np.float32(0.9258), np.float32(0.9398)]
2026-08-05 12:11:55.822925: Epoch time: 40.74 s
2026-08-05 12:11:56.701964: 
2026-08-05 12:11:56.702378: Epoch 186
2026-08-05 12:11:56.702469: Current learning rate: 0.00831
2026-08-05 12:12:37.834647: train_loss -0.8102
2026-08-05 12:12:37.835123: val_loss -0.7489
2026-08-05 12:12:37.835192: Pseudo dice [np.float32(0.6908), np.float32(0.8879), np.float32(0.9318)]
2026-08-05 12:12:37.835295: Epoch time: 41.14 s
2026-08-05 12:12:39.150989: 
2026-08-05 12:12:39.151373: Epoch 187
2026-08-05 12:12:39.151481: Current learning rate: 0.0083
2026-08-05 12:13:20.684671: train_loss -0.8061
2026-08-05 12:13:21.038010: val_loss -0.7757
2026-08-05 12:13:21.038201: Pseudo dice [np.float32(0.7009), np.float32(0.9145), np.float32(0.9344)]
2026-08-05 12:13:21.038332: Epoch time: 41.54 s
2026-08-05 12:13:22.038755: 
2026-08-05 12:13:22.039157: Epoch 188
2026-08-05 12:13:22.039269: Current learning rate: 0.00829
2026-08-05 12:14:02.838038: train_loss -0.7923
2026-08-05 12:14:02.857585: val_loss -0.7637
2026-08-05 12:14:02.857682: Pseudo dice [np.float32(0.6958), np.float32(0.9123), np.float32(0.9313)]
2026-08-05 12:14:02.857759: Epoch time: 40.8 s
2026-08-05 12:14:03.791317: 
2026-08-05 12:14:03.791741: Epoch 189
2026-08-05 12:14:03.791970: Current learning rate: 0.00828
2026-08-05 12:14:44.624515: train_loss -0.7709
2026-08-05 12:14:44.636035: val_loss -0.7457
2026-08-05 12:14:44.636199: Pseudo dice [np.float32(0.686), np.float32(0.9097), np.float32(0.9227)]
2026-08-05 12:14:44.636382: Epoch time: 40.84 s
2026-08-05 12:14:45.477372: 
2026-08-05 12:14:45.477733: Epoch 190
2026-08-05 12:14:45.477837: Current learning rate: 0.00827
2026-08-05 12:15:26.626172: train_loss -0.78
2026-08-05 12:15:26.738558: val_loss -0.7539
2026-08-05 12:15:26.738747: Pseudo dice [np.float32(0.6846), np.float32(0.9023), np.float32(0.9323)]
2026-08-05 12:15:26.738881: Epoch time: 41.15 s
2026-08-05 12:15:27.750172: 
2026-08-05 12:15:27.750473: Epoch 191
2026-08-05 12:15:27.750650: Current learning rate: 0.00826
2026-08-05 12:16:08.722564: train_loss -0.7816
2026-08-05 12:16:08.749238: val_loss -0.7603
2026-08-05 12:16:08.749407: Pseudo dice [np.float32(0.6886), np.float32(0.9151), np.float32(0.9306)]
2026-08-05 12:16:08.749529: Epoch time: 40.98 s
2026-08-05 12:16:09.661367: 
2026-08-05 12:16:09.661705: Epoch 192
2026-08-05 12:16:09.661810: Current learning rate: 0.00825
2026-08-05 12:16:50.671510: train_loss -0.7744
2026-08-05 12:16:50.751672: val_loss -0.7608
2026-08-05 12:16:50.751796: Pseudo dice [np.float32(0.696), np.float32(0.9127), np.float32(0.9308)]
2026-08-05 12:16:50.751872: Epoch time: 41.01 s
2026-08-05 12:16:51.859226: 
2026-08-05 12:16:51.859637: Epoch 193
2026-08-05 12:16:51.859757: Current learning rate: 0.00824
2026-08-05 12:17:32.372149: train_loss -0.7755
2026-08-05 12:17:32.520951: val_loss -0.77
2026-08-05 12:17:32.521088: Pseudo dice [np.float32(0.686), np.float32(0.9249), np.float32(0.9268)]
2026-08-05 12:17:32.521170: Epoch time: 40.52 s
2026-08-05 12:17:33.943429: 
2026-08-05 12:17:33.943793: Epoch 194
2026-08-05 12:17:33.943945: Current learning rate: 0.00824
2026-08-05 12:18:15.024043: train_loss -0.7876
2026-08-05 12:18:15.024346: val_loss -0.7578
2026-08-05 12:18:15.024459: Pseudo dice [np.float32(0.6885), np.float32(0.9158), np.float32(0.9273)]
2026-08-05 12:18:15.093192: Epoch time: 41.08 s
2026-08-05 12:18:15.846507: 
2026-08-05 12:18:15.846815: Epoch 195
2026-08-05 12:18:15.846976: Current learning rate: 0.00823
2026-08-05 12:18:56.782323: train_loss -0.8037
2026-08-05 12:18:56.782729: val_loss -0.7771
2026-08-05 12:18:56.782859: Pseudo dice [np.float32(0.7), np.float32(0.9214), np.float32(0.9334)]
2026-08-05 12:18:56.782999: Epoch time: 40.94 s
2026-08-05 12:18:57.574763: 
2026-08-05 12:18:57.575154: Epoch 196
2026-08-05 12:18:57.575368: Current learning rate: 0.00822
2026-08-05 12:19:39.058781: train_loss -0.8123
2026-08-05 12:19:39.059399: val_loss -0.7733
2026-08-05 12:19:39.059546: Pseudo dice [np.float32(0.7009), np.float32(0.9223), np.float32(0.9343)]
2026-08-05 12:19:39.059682: Epoch time: 41.49 s
2026-08-05 12:19:39.935364: 
2026-08-05 12:19:39.935753: Epoch 197
2026-08-05 12:19:39.935866: Current learning rate: 0.00821
2026-08-05 12:20:21.569038: train_loss -0.8149
2026-08-05 12:20:21.569456: val_loss -0.7808
2026-08-05 12:20:21.569595: Pseudo dice [np.float32(0.7063), np.float32(0.9263), np.float32(0.9319)]
2026-08-05 12:20:21.569724: Epoch time: 41.64 s
2026-08-05 12:20:22.460342: 
2026-08-05 12:20:22.460622: Epoch 198
2026-08-05 12:20:22.460833: Current learning rate: 0.0082
2026-08-05 12:21:03.573687: train_loss -0.8108
2026-08-05 12:21:03.574245: val_loss -0.774
2026-08-05 12:21:03.574317: Pseudo dice [np.float32(0.6987), np.float32(0.9208), np.float32(0.9379)]
2026-08-05 12:21:03.574390: Epoch time: 41.12 s
2026-08-05 12:21:04.535106: 
2026-08-05 12:21:04.535465: Epoch 199
2026-08-05 12:21:04.535600: Current learning rate: 0.00819
2026-08-05 12:22:11.002849: train_loss -0.8132
2026-08-05 12:22:13.208600: val_loss -0.7772
2026-08-05 12:22:13.208844: Pseudo dice [np.float32(0.7079), np.float32(0.9152), np.float32(0.9373)]
2026-08-05 12:22:13.208998: Epoch time: 66.47 s
2026-08-05 12:22:20.337112: 
2026-08-05 12:22:20.337527: Epoch 200
2026-08-05 12:22:20.337636: Current learning rate: 0.00818
2026-08-05 12:23:01.815854: train_loss -0.8038
2026-08-05 12:23:04.369497: val_loss -0.7822
2026-08-05 12:23:04.369670: Pseudo dice [np.float32(0.7068), np.float32(0.9309), np.float32(0.9332)]
2026-08-05 12:23:04.369750: Epoch time: 41.48 s
2026-08-05 12:23:05.428263: 
2026-08-05 12:23:05.428566: Epoch 201
2026-08-05 12:23:05.428714: Current learning rate: 0.00817
2026-08-05 12:23:47.278630: train_loss -0.8128
2026-08-05 12:23:47.279254: val_loss -0.777
2026-08-05 12:23:47.279375: Pseudo dice [np.float32(0.6987), np.float32(0.9189), np.float32(0.9341)]
2026-08-05 12:23:47.279583: Epoch time: 41.85 s
2026-08-05 12:23:48.135529: 
2026-08-05 12:23:48.135934: Epoch 202
2026-08-05 12:23:48.136123: Current learning rate: 0.00816
2026-08-05 12:24:29.571961: train_loss -0.8046
2026-08-05 12:24:29.572544: val_loss -0.7677
2026-08-05 12:24:29.572767: Pseudo dice [np.float32(0.6935), np.float32(0.9208), np.float32(0.9299)]
2026-08-05 12:24:29.572924: Epoch time: 41.44 s
2026-08-05 12:24:30.488314: 
2026-08-05 12:24:30.488548: Epoch 203
2026-08-05 12:24:30.488767: Current learning rate: 0.00815
2026-08-05 12:25:11.514156: train_loss -0.7726
2026-08-05 12:25:11.514592: val_loss -0.7702
2026-08-05 12:25:11.514774: Pseudo dice [np.float32(0.6855), np.float32(0.9173), np.float32(0.9392)]
2026-08-05 12:25:11.515008: Epoch time: 41.03 s
2026-08-05 12:25:12.494379: 
2026-08-05 12:25:12.494759: Epoch 204
2026-08-05 12:25:12.494869: Current learning rate: 0.00814
2026-08-05 12:25:53.834217: train_loss -0.7857
2026-08-05 12:25:53.834570: val_loss -0.7608
2026-08-05 12:25:53.834721: Pseudo dice [np.float32(0.6947), np.float32(0.9087), np.float32(0.9276)]
2026-08-05 12:25:53.834861: Epoch time: 41.34 s
2026-08-05 12:25:54.629033: 
2026-08-05 12:25:54.629474: Epoch 205
2026-08-05 12:25:54.629584: Current learning rate: 0.00813
2026-08-05 12:26:35.834729: train_loss -0.7892
2026-08-05 12:26:35.835017: val_loss -0.7256
2026-08-05 12:26:35.835079: Pseudo dice [np.float32(0.6931), np.float32(0.8761), np.float32(0.9168)]
2026-08-05 12:26:35.835141: Epoch time: 41.21 s
2026-08-05 12:26:36.567074: 
2026-08-05 12:26:36.567360: Epoch 206
2026-08-05 12:26:36.567601: Current learning rate: 0.00813
2026-08-05 12:27:18.062495: train_loss -0.7791
2026-08-05 12:27:18.062879: val_loss -0.7694
2026-08-05 12:27:18.063033: Pseudo dice [np.float32(0.7037), np.float32(0.9213), np.float32(0.9182)]
2026-08-05 12:27:18.063281: Epoch time: 41.5 s
2026-08-05 12:27:18.952128: 
2026-08-05 12:27:18.952383: Epoch 207
2026-08-05 12:27:18.952523: Current learning rate: 0.00812
2026-08-05 12:28:02.961864: train_loss -0.7854
2026-08-05 12:28:02.964705: val_loss -0.74
2026-08-05 12:28:02.965472: Pseudo dice [np.float32(0.6666), np.float32(0.9102), np.float32(0.9178)]
2026-08-05 12:28:02.965782: Epoch time: 44.01 s
2026-08-05 12:28:03.779564: 
2026-08-05 12:28:03.779959: Epoch 208
2026-08-05 12:28:03.780054: Current learning rate: 0.00811
2026-08-05 12:28:44.973861: train_loss -0.7966
2026-08-05 12:28:44.974422: val_loss -0.7578
2026-08-05 12:28:44.974556: Pseudo dice [np.float32(0.6938), np.float32(0.9102), np.float32(0.9299)]
2026-08-05 12:28:44.974674: Epoch time: 41.2 s
2026-08-05 12:28:45.895720: 
2026-08-05 12:28:45.896085: Epoch 209
2026-08-05 12:28:45.896195: Current learning rate: 0.0081
2026-08-05 12:29:27.201769: train_loss -0.8002
2026-08-05 12:29:27.202219: val_loss -0.7759
2026-08-05 12:29:27.202351: Pseudo dice [np.float32(0.6942), np.float32(0.9202), np.float32(0.9348)]
2026-08-05 12:29:27.202482: Epoch time: 41.31 s
2026-08-05 12:29:28.054075: 
2026-08-05 12:29:28.054392: Epoch 210
2026-08-05 12:29:28.054490: Current learning rate: 0.00809
2026-08-05 12:30:09.500932: train_loss -0.808
2026-08-05 12:30:09.506468: val_loss -0.7655
2026-08-05 12:30:09.506704: Pseudo dice [np.float32(0.6921), np.float32(0.9205), np.float32(0.9275)]
2026-08-05 12:30:09.506869: Epoch time: 41.45 s
2026-08-05 12:30:10.280927: 
2026-08-05 12:30:10.281277: Epoch 211
2026-08-05 12:30:10.281389: Current learning rate: 0.00808
2026-08-05 12:30:51.585556: train_loss -0.8126
2026-08-05 12:30:51.688824: val_loss -0.7682
2026-08-05 12:30:51.689046: Pseudo dice [np.float32(0.7032), np.float32(0.9188), np.float32(0.9354)]
2026-08-05 12:30:51.689265: Epoch time: 41.31 s
2026-08-05 12:30:53.187614: 
2026-08-05 12:30:53.187925: Epoch 212
2026-08-05 12:30:53.188228: Current learning rate: 0.00807
2026-08-05 12:31:34.721646: train_loss -0.8106
2026-08-05 12:31:34.774076: val_loss -0.7721
2026-08-05 12:31:34.774287: Pseudo dice [np.float32(0.7022), np.float32(0.9192), np.float32(0.9344)]
2026-08-05 12:31:34.774437: Epoch time: 41.54 s
2026-08-05 12:31:35.682598: 
2026-08-05 12:31:35.683043: Epoch 213
2026-08-05 12:31:35.683198: Current learning rate: 0.00806
2026-08-05 12:32:16.851842: train_loss -0.8006
2026-08-05 12:32:16.959492: val_loss -0.7724
2026-08-05 12:32:16.959683: Pseudo dice [np.float32(0.7033), np.float32(0.9248), np.float32(0.9362)]
2026-08-05 12:32:16.959754: Epoch time: 41.17 s
2026-08-05 12:32:18.332682: 
2026-08-05 12:32:18.333137: Epoch 214
2026-08-05 12:32:18.333254: Current learning rate: 0.00805
2026-08-05 12:33:02.531675: train_loss -0.791
2026-08-05 12:33:02.585453: val_loss -0.7482
2026-08-05 12:33:02.585649: Pseudo dice [np.float32(0.6786), np.float32(0.9184), np.float32(0.9225)]
2026-08-05 12:33:02.585786: Epoch time: 44.2 s
2026-08-05 12:33:03.566656: 
2026-08-05 12:33:03.567095: Epoch 215
2026-08-05 12:33:03.567198: Current learning rate: 0.00804
2026-08-05 12:33:44.912207: train_loss -0.7972
2026-08-05 12:33:44.995879: val_loss -0.7826
2026-08-05 12:33:44.996174: Pseudo dice [np.float32(0.7185), np.float32(0.92), np.float32(0.936)]
2026-08-05 12:33:44.996309: Epoch time: 41.35 s
2026-08-05 12:33:45.959086: 
2026-08-05 12:33:45.959467: Epoch 216
2026-08-05 12:33:45.959580: Current learning rate: 0.00803
2026-08-05 12:34:28.578722: train_loss -0.7815
2026-08-05 12:34:28.781116: val_loss -0.7541
2026-08-05 12:34:28.781322: Pseudo dice [np.float32(0.6864), np.float32(0.9112), np.float32(0.9327)]
2026-08-05 12:34:28.781538: Epoch time: 42.62 s
2026-08-05 12:34:29.989914: 
2026-08-05 12:34:29.990244: Epoch 217
2026-08-05 12:34:29.990344: Current learning rate: 0.00802
2026-08-05 12:35:11.676194: train_loss -0.8034
2026-08-05 12:35:11.832669: val_loss -0.7707
2026-08-05 12:35:11.832918: Pseudo dice [np.float32(0.7031), np.float32(0.9148), np.float32(0.9366)]
2026-08-05 12:35:11.833565: Epoch time: 41.7 s
2026-08-05 12:35:13.206131: 
2026-08-05 12:35:13.206649: Epoch 218
2026-08-05 12:35:13.206764: Current learning rate: 0.00801
2026-08-05 12:35:54.773121: train_loss -0.8119
2026-08-05 12:35:54.773560: val_loss -0.774
2026-08-05 12:35:54.773629: Pseudo dice [np.float32(0.7111), np.float32(0.9206), np.float32(0.9364)]
2026-08-05 12:35:54.773698: Epoch time: 41.57 s
2026-08-05 12:35:55.624998: 
2026-08-05 12:35:55.625612: Epoch 219
2026-08-05 12:35:55.625774: Current learning rate: 0.00801
2026-08-05 12:36:36.644563: train_loss -0.813
2026-08-05 12:36:36.644940: val_loss -0.7771
2026-08-05 12:36:36.645031: Pseudo dice [np.float32(0.7012), np.float32(0.924), np.float32(0.9368)]
2026-08-05 12:36:36.645116: Epoch time: 41.02 s
2026-08-05 12:36:38.146661: 
2026-08-05 12:36:38.147104: Epoch 220
2026-08-05 12:36:38.147259: Current learning rate: 0.008
2026-08-05 12:37:21.622776: train_loss -0.814
2026-08-05 12:37:21.623127: val_loss -0.7713
2026-08-05 12:37:21.623239: Pseudo dice [np.float32(0.6938), np.float32(0.9179), np.float32(0.9341)]
2026-08-05 12:37:21.623467: Epoch time: 43.48 s
2026-08-05 12:37:22.476407: 
2026-08-05 12:37:22.476615: Epoch 221
2026-08-05 12:37:22.476712: Current learning rate: 0.00799
2026-08-05 12:38:06.910653: train_loss -0.8121
2026-08-05 12:38:06.911065: val_loss -0.765
2026-08-05 12:38:06.911138: Pseudo dice [np.float32(0.7016), np.float32(0.9186), np.float32(0.9257)]
2026-08-05 12:38:06.911220: Epoch time: 44.44 s
2026-08-05 12:38:08.026685: 
2026-08-05 12:38:08.027036: Epoch 222
2026-08-05 12:38:08.027268: Current learning rate: 0.00798
2026-08-05 12:38:48.677359: train_loss -0.8142
2026-08-05 12:38:48.933038: val_loss -0.7675
2026-08-05 12:38:48.933203: Pseudo dice [np.float32(0.6996), np.float32(0.918), np.float32(0.9359)]
2026-08-05 12:38:48.933291: Epoch time: 40.66 s
2026-08-05 12:38:49.964512: 
2026-08-05 12:38:49.965055: Epoch 223
2026-08-05 12:38:49.965189: Current learning rate: 0.00797
2026-08-05 12:39:31.188416: train_loss -0.8091
2026-08-05 12:39:31.418133: val_loss -0.7661
2026-08-05 12:39:31.418327: Pseudo dice [np.float32(0.6996), np.float32(0.9202), np.float32(0.9293)]
2026-08-05 12:39:31.418463: Epoch time: 41.23 s
2026-08-05 12:39:32.452223: 
2026-08-05 12:39:32.452617: Epoch 224
2026-08-05 12:39:32.452783: Current learning rate: 0.00796
2026-08-05 12:40:13.315643: train_loss -0.8118
2026-08-05 12:40:13.870263: val_loss -0.7757
2026-08-05 12:40:13.870498: Pseudo dice [np.float32(0.7012), np.float32(0.9228), np.float32(0.9344)]
2026-08-05 12:40:13.870658: Epoch time: 40.87 s
2026-08-05 12:40:14.695747: 
2026-08-05 12:40:14.696204: Epoch 225
2026-08-05 12:40:14.696316: Current learning rate: 0.00795
2026-08-05 12:40:55.684198: train_loss -0.8064
2026-08-05 12:40:55.684474: val_loss -0.7758
2026-08-05 12:40:55.684578: Pseudo dice [np.float32(0.7063), np.float32(0.9253), np.float32(0.9306)]
2026-08-05 12:40:55.684672: Epoch time: 40.99 s
2026-08-05 12:40:56.465159: 
2026-08-05 12:40:56.465573: Epoch 226
2026-08-05 12:40:56.465674: Current learning rate: 0.00794
2026-08-05 12:41:37.598880: train_loss -0.8067
2026-08-05 12:41:37.599304: val_loss -0.7805
2026-08-05 12:41:37.599474: Pseudo dice [np.float32(0.7092), np.float32(0.9264), np.float32(0.9345)]
2026-08-05 12:41:37.599593: Epoch time: 41.14 s
2026-08-05 12:41:38.450382: 
2026-08-05 12:41:38.450642: Epoch 227
2026-08-05 12:41:38.450732: Current learning rate: 0.00793
2026-08-05 12:42:19.699554: train_loss -0.8117
2026-08-05 12:42:19.699858: val_loss -0.7752
2026-08-05 12:42:19.699930: Pseudo dice [np.float32(0.6984), np.float32(0.9208), np.float32(0.9396)]
2026-08-05 12:42:19.700013: Epoch time: 41.27 s
2026-08-05 12:42:21.332330: 
2026-08-05 12:42:21.332628: Epoch 228
2026-08-05 12:42:21.332911: Current learning rate: 0.00792
2026-08-05 12:43:03.920881: train_loss -0.792
2026-08-05 12:43:03.921444: val_loss -0.7578
2026-08-05 12:43:03.921522: Pseudo dice [np.float32(0.6945), np.float32(0.9141), np.float32(0.9317)]
2026-08-05 12:43:03.921606: Epoch time: 42.59 s
2026-08-05 12:43:04.868562: 
2026-08-05 12:43:04.868850: Epoch 229
2026-08-05 12:43:04.869280: Current learning rate: 0.00791
2026-08-05 12:43:45.809502: train_loss -0.7865
2026-08-05 12:43:45.809801: val_loss -0.7598
2026-08-05 12:43:45.809859: Pseudo dice [np.float32(0.692), np.float32(0.9134), np.float32(0.9277)]
2026-08-05 12:43:45.809939: Epoch time: 40.94 s
2026-08-05 12:43:46.773742: 
2026-08-05 12:43:46.774194: Epoch 230
2026-08-05 12:43:46.774325: Current learning rate: 0.0079
2026-08-05 12:44:27.797665: train_loss -0.7755
2026-08-05 12:44:27.798156: val_loss -0.7587
2026-08-05 12:44:27.798250: Pseudo dice [np.float32(0.6847), np.float32(0.9085), np.float32(0.9381)]
2026-08-05 12:44:27.798333: Epoch time: 41.03 s
2026-08-05 12:44:28.598936: 
2026-08-05 12:44:28.599333: Epoch 231
2026-08-05 12:44:28.599437: Current learning rate: 0.00789
2026-08-05 12:45:09.794415: train_loss -0.7738
2026-08-05 12:45:09.794659: val_loss -0.7692
2026-08-05 12:45:09.794711: Pseudo dice [np.float32(0.6934), np.float32(0.9224), np.float32(0.9338)]
2026-08-05 12:45:09.794781: Epoch time: 41.2 s
2026-08-05 12:45:11.186940: 
2026-08-05 12:45:11.187241: Epoch 232
2026-08-05 12:45:11.187469: Current learning rate: 0.00789
2026-08-05 12:45:52.461112: train_loss -0.794
2026-08-05 12:45:52.461368: val_loss -0.773
2026-08-05 12:45:52.461452: Pseudo dice [np.float32(0.7054), np.float32(0.9201), np.float32(0.9318)]
2026-08-05 12:45:52.461528: Epoch time: 41.28 s
2026-08-05 12:45:53.227051: 
2026-08-05 12:45:53.227586: Epoch 233
2026-08-05 12:45:53.227754: Current learning rate: 0.00788
2026-08-05 12:46:34.141594: train_loss -0.7969
2026-08-05 12:46:34.141925: val_loss -0.7819
2026-08-05 12:46:34.141983: Pseudo dice [np.float32(0.7069), np.float32(0.9252), np.float32(0.9376)]
2026-08-05 12:46:34.142042: Epoch time: 40.92 s
2026-08-05 12:46:34.897516: 
2026-08-05 12:46:34.897905: Epoch 234
2026-08-05 12:46:34.898074: Current learning rate: 0.00787
2026-08-05 12:47:15.988927: train_loss -0.8077
2026-08-05 12:47:15.989369: val_loss -0.7763
2026-08-05 12:47:15.989508: Pseudo dice [np.float32(0.6993), np.float32(0.9211), np.float32(0.94)]
2026-08-05 12:47:15.989631: Epoch time: 41.09 s
2026-08-05 12:47:16.798389: 
2026-08-05 12:47:16.798690: Epoch 235
2026-08-05 12:47:16.798816: Current learning rate: 0.00786
2026-08-05 12:48:00.047920: train_loss -0.8157
2026-08-05 12:48:00.048290: val_loss -0.767
2026-08-05 12:48:00.048557: Pseudo dice [np.float32(0.696), np.float32(0.9179), np.float32(0.9356)]
2026-08-05 12:48:00.048925: Epoch time: 43.27 s
2026-08-05 12:48:01.071270: 
2026-08-05 12:48:01.071693: Epoch 236
2026-08-05 12:48:01.071905: Current learning rate: 0.00785
2026-08-05 12:48:42.189006: train_loss -0.8141
2026-08-05 12:48:42.189225: val_loss -0.7721
2026-08-05 12:48:42.189280: Pseudo dice [np.float32(0.6906), np.float32(0.9203), np.float32(0.9333)]
2026-08-05 12:48:42.189356: Epoch time: 41.12 s
2026-08-05 12:48:42.911613: 
2026-08-05 12:48:42.911963: Epoch 237
2026-08-05 12:48:42.912078: Current learning rate: 0.00784
2026-08-05 12:49:24.056274: train_loss -0.8205
2026-08-05 12:49:24.056695: val_loss -0.7797
2026-08-05 12:49:24.056913: Pseudo dice [np.float32(0.7034), np.float32(0.9231), np.float32(0.9349)]
2026-08-05 12:49:24.057047: Epoch time: 41.15 s
2026-08-05 12:49:25.125677: 
2026-08-05 12:49:25.126143: Epoch 238
2026-08-05 12:49:25.126251: Current learning rate: 0.00783
2026-08-05 12:50:06.351727: train_loss -0.8222
2026-08-05 12:50:06.352379: val_loss -0.7765
2026-08-05 12:50:06.352517: Pseudo dice [np.float32(0.7095), np.float32(0.9225), np.float32(0.9368)]
2026-08-05 12:50:06.352638: Epoch time: 41.23 s
2026-08-05 12:50:06.352730: Yayy! New best EMA pseudo Dice: 0.8513000011444092
2026-08-05 12:50:11.318632: 
2026-08-05 12:50:11.318994: Epoch 239
2026-08-05 12:50:11.390846: Current learning rate: 0.00782
2026-08-05 12:50:52.644823: train_loss -0.8186
2026-08-05 12:50:52.645979: val_loss -0.7809
2026-08-05 12:50:52.646050: Pseudo dice [np.float32(0.715), np.float32(0.9292), np.float32(0.9351)]
2026-08-05 12:50:52.646146: Epoch time: 41.33 s
2026-08-05 12:50:52.646461: Yayy! New best EMA pseudo Dice: 0.8521000146865845
2026-08-05 12:51:01.609496: 
2026-08-05 12:51:01.609836: Epoch 240
2026-08-05 12:51:01.609937: Current learning rate: 0.00781
2026-08-05 12:51:42.644142: train_loss -0.8252
2026-08-05 12:51:42.644467: val_loss -0.7859
2026-08-05 12:51:42.644590: Pseudo dice [np.float32(0.7147), np.float32(0.9262), np.float32(0.9361)]
2026-08-05 12:51:42.644711: Epoch time: 41.04 s
2026-08-05 12:51:42.644798: Yayy! New best EMA pseudo Dice: 0.8528000116348267
2026-08-05 12:51:48.526505: 
2026-08-05 12:51:48.526888: Epoch 241
2026-08-05 12:51:48.527021: Current learning rate: 0.0078
2026-08-05 12:52:30.361291: train_loss -0.8171
2026-08-05 12:52:30.361570: val_loss -0.7725
2026-08-05 12:52:30.361702: Pseudo dice [np.float32(0.6982), np.float32(0.9238), np.float32(0.9357)]
2026-08-05 12:52:30.361826: Epoch time: 41.84 s
2026-08-05 12:52:32.893228: 
2026-08-05 12:52:32.893597: Epoch 242
2026-08-05 12:52:32.893695: Current learning rate: 0.00779
2026-08-05 12:53:15.563591: train_loss -0.8274
2026-08-05 12:53:15.564610: val_loss -0.7903
2026-08-05 12:53:15.564752: Pseudo dice [np.float32(0.7157), np.float32(0.9297), np.float32(0.9372)]
2026-08-05 12:53:15.564908: Epoch time: 42.67 s
2026-08-05 12:53:15.565126: Yayy! New best EMA pseudo Dice: 0.853600025177002
2026-08-05 12:53:20.768739: 
2026-08-05 12:53:20.769015: Epoch 243
2026-08-05 12:53:20.769130: Current learning rate: 0.00778
2026-08-05 12:54:01.679939: train_loss -0.8241
2026-08-05 12:54:01.680418: val_loss -0.775
2026-08-05 12:54:01.680483: Pseudo dice [np.float32(0.7), np.float32(0.92), np.float32(0.9354)]
2026-08-05 12:54:01.680544: Epoch time: 40.91 s
2026-08-05 12:54:04.218411: 
2026-08-05 12:54:04.218692: Epoch 244
2026-08-05 12:54:04.218781: Current learning rate: 0.00777
2026-08-05 12:54:45.237012: train_loss -0.8269
2026-08-05 12:54:46.459619: val_loss -0.7757
2026-08-05 12:54:46.460001: Pseudo dice [np.float32(0.6994), np.float32(0.9256), np.float32(0.9349)]
2026-08-05 12:54:46.460179: Epoch time: 41.02 s
2026-08-05 12:54:47.510841: 
2026-08-05 12:54:47.511123: Epoch 245
2026-08-05 12:54:47.511230: Current learning rate: 0.00777
2026-08-05 12:55:28.551281: train_loss -0.8262
2026-08-05 12:55:28.644959: val_loss -0.7732
2026-08-05 12:55:28.645140: Pseudo dice [np.float32(0.7022), np.float32(0.9214), np.float32(0.9378)]
2026-08-05 12:55:28.645262: Epoch time: 41.04 s
2026-08-05 12:55:29.714046: 
2026-08-05 12:55:29.714433: Epoch 246
2026-08-05 12:55:29.714546: Current learning rate: 0.00776
2026-08-05 12:56:11.450170: train_loss -0.8213
2026-08-05 12:56:11.450480: val_loss -0.7852
2026-08-05 12:56:11.450814: Pseudo dice [np.float32(0.7136), np.float32(0.9293), np.float32(0.9366)]
2026-08-05 12:56:11.450961: Epoch time: 41.74 s
2026-08-05 12:56:11.451054: Yayy! New best EMA pseudo Dice: 0.8540999889373779
2026-08-05 12:56:16.907276: 
2026-08-05 12:56:16.907652: Epoch 247
2026-08-05 12:56:16.907742: Current learning rate: 0.00775
2026-08-05 12:56:57.650974: train_loss -0.8241
2026-08-05 12:56:57.651558: val_loss -0.7772
2026-08-05 12:56:57.651697: Pseudo dice [np.float32(0.6999), np.float32(0.9263), np.float32(0.9314)]
2026-08-05 12:56:57.651818: Epoch time: 40.75 s
2026-08-05 12:56:58.432904: 
2026-08-05 12:56:58.433363: Epoch 248
2026-08-05 12:56:58.433515: Current learning rate: 0.00774
2026-08-05 12:57:40.730782: train_loss -0.8218
2026-08-05 12:57:40.731019: val_loss -0.7775
2026-08-05 12:57:40.731079: Pseudo dice [np.float32(0.7084), np.float32(0.9261), np.float32(0.9369)]
2026-08-05 12:57:40.731138: Epoch time: 42.3 s
2026-08-05 12:57:40.731179: Yayy! New best EMA pseudo Dice: 0.854200005531311
2026-08-05 12:57:47.145128: 
2026-08-05 12:57:47.145444: Epoch 249
2026-08-05 12:57:47.145576: Current learning rate: 0.00773
2026-08-05 12:58:28.035217: train_loss -0.8234
2026-08-05 12:58:28.035486: val_loss -0.7889
2026-08-05 12:58:28.035666: Pseudo dice [np.float32(0.7082), np.float32(0.9303), np.float32(0.9384)]
2026-08-05 12:58:28.035733: Epoch time: 40.89 s
2026-08-05 12:58:31.681872: Yayy! New best EMA pseudo Dice: 0.8547000288963318
2026-08-05 12:58:37.413571: 
2026-08-05 12:58:37.413919: Epoch 250
2026-08-05 12:58:37.414018: Current learning rate: 0.00772
2026-08-05 12:59:19.124759: train_loss -0.8304
2026-08-05 12:59:19.125071: val_loss -0.7864
2026-08-05 12:59:19.125375: Pseudo dice [np.float32(0.7194), np.float32(0.9302), np.float32(0.9375)]
2026-08-05 12:59:19.125504: Epoch time: 41.71 s
2026-08-05 12:59:19.125592: Yayy! New best EMA pseudo Dice: 0.8554999828338623
2026-08-05 12:59:37.992055: 
2026-08-05 12:59:37.992472: Epoch 251
2026-08-05 12:59:37.992607: Current learning rate: 0.00771
2026-08-05 13:00:21.613258: train_loss -0.8328
2026-08-05 13:00:21.615831: val_loss -0.7823
2026-08-05 13:00:21.615927: Pseudo dice [np.float32(0.7057), np.float32(0.9215), np.float32(0.9359)]
2026-08-05 13:00:21.615994: Epoch time: 43.62 s
2026-08-05 13:00:22.516452: 
2026-08-05 13:00:22.516777: Epoch 252
2026-08-05 13:00:22.516881: Current learning rate: 0.0077
2026-08-05 13:01:03.599337: train_loss -0.8272
2026-08-05 13:01:03.599619: val_loss -0.7783
2026-08-05 13:01:03.599683: Pseudo dice [np.float32(0.7073), np.float32(0.9291), np.float32(0.9296)]
2026-08-05 13:01:03.599755: Epoch time: 41.09 s
2026-08-05 13:01:04.359731: 
2026-08-05 13:01:04.360093: Epoch 253
2026-08-05 13:01:04.360190: Current learning rate: 0.00769
2026-08-05 13:01:45.454691: train_loss -0.8267
2026-08-05 13:01:45.455005: val_loss -0.7849
2026-08-05 13:01:45.455071: Pseudo dice [np.float32(0.7049), np.float32(0.9319), np.float32(0.9343)]
2026-08-05 13:01:45.455142: Epoch time: 41.1 s
2026-08-05 13:01:45.455182: Yayy! New best EMA pseudo Dice: 0.8554999828338623
2026-08-05 13:01:55.357877: 
2026-08-05 13:01:55.358312: Epoch 254
2026-08-05 13:01:55.358420: Current learning rate: 0.00768
2026-08-05 13:02:36.577205: train_loss -0.8219
2026-08-05 13:02:36.577509: val_loss -0.7751
2026-08-05 13:02:36.577686: Pseudo dice [np.float32(0.7071), np.float32(0.9158), np.float32(0.9353)]
2026-08-05 13:02:36.577842: Epoch time: 41.22 s
2026-08-05 13:02:37.817956: 
2026-08-05 13:02:37.818321: Epoch 255
2026-08-05 13:02:37.818413: Current learning rate: 0.00767
2026-08-05 13:03:19.223003: train_loss -0.8172
2026-08-05 13:03:19.223563: val_loss -0.7792
2026-08-05 13:03:19.223701: Pseudo dice [np.float32(0.7083), np.float32(0.9253), np.float32(0.9358)]
2026-08-05 13:03:19.223821: Epoch time: 41.41 s
2026-08-05 13:03:20.023087: 
2026-08-05 13:03:20.023404: Epoch 256
2026-08-05 13:03:20.023530: Current learning rate: 0.00766
2026-08-05 13:04:01.120138: train_loss -0.826
2026-08-05 13:04:01.120610: val_loss -0.7852
2026-08-05 13:04:01.120672: Pseudo dice [np.float32(0.7092), np.float32(0.9258), np.float32(0.9399)]
2026-08-05 13:04:01.120731: Epoch time: 41.1 s
2026-08-05 13:04:01.120822: Yayy! New best EMA pseudo Dice: 0.8557000160217285
2026-08-05 13:04:06.452544: 
2026-08-05 13:04:06.874216: Epoch 257
2026-08-05 13:04:06.874477: Current learning rate: 0.00765
2026-08-05 13:04:48.385903: train_loss -0.8232
2026-08-05 13:04:48.993187: val_loss -0.7844
2026-08-05 13:04:48.993352: Pseudo dice [np.float32(0.7083), np.float32(0.9232), np.float32(0.9397)]
2026-08-05 13:04:48.993423: Epoch time: 41.94 s
2026-08-05 13:04:48.993466: Yayy! New best EMA pseudo Dice: 0.8557999730110168
2026-08-05 13:04:54.929758: 
2026-08-05 13:04:55.107611: Epoch 258
2026-08-05 13:04:55.107882: Current learning rate: 0.00764
2026-08-05 13:05:36.295361: train_loss -0.833
2026-08-05 13:05:36.418522: val_loss -0.7833
2026-08-05 13:05:36.418750: Pseudo dice [np.float32(0.7079), np.float32(0.9276), np.float32(0.9352)]
2026-08-05 13:05:36.418998: Epoch time: 41.37 s
2026-08-05 13:05:36.419111: Yayy! New best EMA pseudo Dice: 0.85589998960495
2026-08-05 13:05:41.401941: 
2026-08-05 13:05:41.402544: Epoch 259
2026-08-05 13:05:41.452762: Current learning rate: 0.00764
2026-08-05 13:06:22.921295: train_loss -0.832
2026-08-05 13:06:22.943988: val_loss -0.7764
2026-08-05 13:06:22.944100: Pseudo dice [np.float32(0.7094), np.float32(0.9231), np.float32(0.9298)]
2026-08-05 13:06:22.944169: Epoch time: 41.52 s
2026-08-05 13:06:24.171999: 
2026-08-05 13:06:24.172277: Epoch 260
2026-08-05 13:06:24.172362: Current learning rate: 0.00763
2026-08-05 13:07:06.823291: train_loss -0.8312
2026-08-05 13:07:07.070521: val_loss -0.7662
2026-08-05 13:07:07.070789: Pseudo dice [np.float32(0.6892), np.float32(0.9298), np.float32(0.9371)]
2026-08-05 13:07:07.070960: Epoch time: 42.65 s
2026-08-05 13:07:08.206286: 
2026-08-05 13:07:08.206715: Epoch 261
2026-08-05 13:07:08.206823: Current learning rate: 0.00762
2026-08-05 13:07:49.391093: train_loss -0.8261
2026-08-05 13:07:49.589178: val_loss -0.7752
2026-08-05 13:07:49.589399: Pseudo dice [np.float32(0.6995), np.float32(0.925), np.float32(0.9356)]
2026-08-05 13:07:49.589474: Epoch time: 41.19 s
2026-08-05 13:07:50.455685: 
2026-08-05 13:07:50.456029: Epoch 262
2026-08-05 13:07:50.456151: Current learning rate: 0.00761
2026-08-05 13:08:31.751165: train_loss -0.8261
2026-08-05 13:08:31.807975: val_loss -0.7762
2026-08-05 13:08:31.808200: Pseudo dice [np.float32(0.7056), np.float32(0.92), np.float32(0.9361)]
2026-08-05 13:08:31.808349: Epoch time: 41.3 s
2026-08-05 13:08:33.824826: 
2026-08-05 13:08:33.825187: Epoch 263
2026-08-05 13:08:33.825304: Current learning rate: 0.0076
2026-08-05 13:09:15.476929: train_loss -0.8295
2026-08-05 13:09:15.776211: val_loss -0.7787
2026-08-05 13:09:15.776480: Pseudo dice [np.float32(0.7034), np.float32(0.9317), np.float32(0.9377)]
2026-08-05 13:09:15.776744: Epoch time: 41.65 s
2026-08-05 13:09:17.242897: 
2026-08-05 13:09:17.243056: Epoch 264
2026-08-05 13:09:17.243159: Current learning rate: 0.00759
2026-08-05 13:09:58.441227: train_loss -0.8276
2026-08-05 13:09:58.441466: val_loss -0.7838
2026-08-05 13:09:58.441559: Pseudo dice [np.float32(0.705), np.float32(0.9284), np.float32(0.9396)]
2026-08-05 13:09:58.441625: Epoch time: 41.21 s
2026-08-05 13:09:59.946689: 
2026-08-05 13:09:59.947099: Epoch 265
2026-08-05 13:09:59.947277: Current learning rate: 0.00758
2026-08-05 13:10:41.213561: train_loss -0.8244
2026-08-05 13:10:41.213837: val_loss -0.7639
2026-08-05 13:10:41.213906: Pseudo dice [np.float32(0.6909), np.float32(0.9191), np.float32(0.9305)]
2026-08-05 13:10:41.213982: Epoch time: 41.27 s
2026-08-05 13:10:42.626094: 
2026-08-05 13:10:42.626341: Epoch 266
2026-08-05 13:10:42.626484: Current learning rate: 0.00757
2026-08-05 13:11:41.521126: train_loss -0.8213
2026-08-05 13:11:41.984063: val_loss -0.7719
2026-08-05 13:11:41.984235: Pseudo dice [np.float32(0.6901), np.float32(0.9198), np.float32(0.9354)]
2026-08-05 13:11:41.984318: Epoch time: 58.9 s
2026-08-05 13:11:43.249915: 
2026-08-05 13:11:43.250246: Epoch 267
2026-08-05 13:11:43.250374: Current learning rate: 0.00756
2026-08-05 13:12:25.450787: train_loss -0.8232
2026-08-05 13:12:25.451089: val_loss -0.7847
2026-08-05 13:12:25.451196: Pseudo dice [np.float32(0.7152), np.float32(0.9243), np.float32(0.936)]
2026-08-05 13:12:25.451293: Epoch time: 42.2 s
2026-08-05 13:12:26.237467: 
2026-08-05 13:12:26.237742: Epoch 268
2026-08-05 13:12:26.237849: Current learning rate: 0.00755
2026-08-05 13:13:07.095250: train_loss -0.8251
2026-08-05 13:13:07.095558: val_loss -0.7798
2026-08-05 13:13:07.095783: Pseudo dice [np.float32(0.7044), np.float32(0.9268), np.float32(0.9352)]
2026-08-05 13:13:07.095917: Epoch time: 40.86 s
2026-08-05 13:13:08.127173: 
2026-08-05 13:13:08.127627: Epoch 269
2026-08-05 13:13:08.127742: Current learning rate: 0.00754
2026-08-05 13:13:49.443994: train_loss -0.8304
2026-08-05 13:13:49.870494: val_loss -0.7736
2026-08-05 13:13:49.870842: Pseudo dice [np.float32(0.7026), np.float32(0.9234), np.float32(0.9348)]
2026-08-05 13:13:49.871044: Epoch time: 41.32 s
2026-08-05 13:13:51.132484: 
2026-08-05 13:13:51.133141: Epoch 270
2026-08-05 13:13:51.133250: Current learning rate: 0.00753
2026-08-05 13:14:32.282140: train_loss -0.8222
2026-08-05 13:14:32.282758: val_loss -0.7892
2026-08-05 13:14:32.282915: Pseudo dice [np.float32(0.7201), np.float32(0.923), np.float32(0.9396)]
2026-08-05 13:14:32.283038: Epoch time: 41.15 s
2026-08-05 13:14:33.106793: 
2026-08-05 13:14:33.107117: Epoch 271
2026-08-05 13:14:33.107220: Current learning rate: 0.00752
2026-08-05 13:15:14.272623: train_loss -0.828
2026-08-05 13:15:14.274075: val_loss -0.7743
2026-08-05 13:15:14.274211: Pseudo dice [np.float32(0.7036), np.float32(0.9207), np.float32(0.9378)]
2026-08-05 13:15:14.274327: Epoch time: 41.17 s
2026-08-05 13:15:15.592008: 
2026-08-05 13:15:15.592390: Epoch 272
2026-08-05 13:15:15.592501: Current learning rate: 0.00751
2026-08-05 13:15:56.615674: train_loss -0.8337
2026-08-05 13:15:56.789570: val_loss -0.784
2026-08-05 13:15:56.789774: Pseudo dice [np.float32(0.7114), np.float32(0.9271), np.float32(0.937)]
2026-08-05 13:15:56.790040: Epoch time: 41.03 s
2026-08-05 13:15:58.452905: 
2026-08-05 13:15:58.454392: Epoch 273
2026-08-05 13:15:58.454504: Current learning rate: 0.00751
2026-08-05 13:16:39.826878: train_loss -0.8311
2026-08-05 13:16:39.875203: val_loss -0.7775
2026-08-05 13:16:39.875339: Pseudo dice [np.float32(0.7057), np.float32(0.9242), np.float32(0.9366)]
2026-08-05 13:16:39.875409: Epoch time: 41.38 s
2026-08-05 13:16:40.771257: 
2026-08-05 13:16:40.771591: Epoch 274
2026-08-05 13:16:40.771706: Current learning rate: 0.0075
2026-08-05 13:17:23.314488: train_loss -0.8226
2026-08-05 13:17:23.335809: val_loss -0.7783
2026-08-05 13:17:23.335984: Pseudo dice [np.float32(0.7042), np.float32(0.9252), np.float32(0.9367)]
2026-08-05 13:17:23.336061: Epoch time: 42.55 s
2026-08-05 13:17:24.092821: 
2026-08-05 13:17:24.093211: Epoch 275
2026-08-05 13:17:24.093322: Current learning rate: 0.00749
2026-08-05 13:18:04.971434: train_loss -0.8227
2026-08-05 13:18:04.972289: val_loss -0.7829
2026-08-05 13:18:04.972547: Pseudo dice [np.float32(0.7132), np.float32(0.9281), np.float32(0.9323)]
2026-08-05 13:18:04.972747: Epoch time: 40.88 s
2026-08-05 13:18:05.995071: 
2026-08-05 13:18:05.995438: Epoch 276
2026-08-05 13:18:05.995557: Current learning rate: 0.00748
2026-08-05 13:18:46.813831: train_loss -0.8325
2026-08-05 13:18:46.814020: val_loss -0.7923
2026-08-05 13:18:46.814075: Pseudo dice [np.float32(0.719), np.float32(0.9319), np.float32(0.9426)]
2026-08-05 13:18:46.814132: Epoch time: 40.82 s
2026-08-05 13:18:46.814168: Yayy! New best EMA pseudo Dice: 0.8565000295639038
2026-08-05 13:18:53.082774: 
2026-08-05 13:18:53.083251: Epoch 277
2026-08-05 13:18:53.083439: Current learning rate: 0.00747
2026-08-05 13:19:33.774849: train_loss -0.8346
2026-08-05 13:19:33.775480: val_loss -0.7801
2026-08-05 13:19:33.775589: Pseudo dice [np.float32(0.713), np.float32(0.9292), np.float32(0.9327)]
2026-08-05 13:19:33.775714: Epoch time: 40.7 s
2026-08-05 13:19:33.775767: Yayy! New best EMA pseudo Dice: 0.8567000031471252
2026-08-05 13:19:38.718804: 
2026-08-05 13:19:38.719158: Epoch 278
2026-08-05 13:19:38.719254: Current learning rate: 0.00746
2026-08-05 13:20:20.114048: train_loss -0.8347
2026-08-05 13:20:20.114446: val_loss -0.7797
2026-08-05 13:20:20.114653: Pseudo dice [np.float32(0.7099), np.float32(0.9286), np.float32(0.9378)]
2026-08-05 13:20:20.114776: Epoch time: 41.4 s
2026-08-05 13:20:20.114863: Yayy! New best EMA pseudo Dice: 0.8568999767303467
2026-08-05 13:20:29.294403: 
2026-08-05 13:20:29.294816: Epoch 279
2026-08-05 13:20:29.294928: Current learning rate: 0.00745
2026-08-05 13:21:10.354604: train_loss -0.8323
2026-08-05 13:21:10.655650: val_loss -0.7875
2026-08-05 13:21:10.655873: Pseudo dice [np.float32(0.7238), np.float32(0.9279), np.float32(0.9362)]
2026-08-05 13:21:10.656022: Epoch time: 41.06 s
2026-08-05 13:21:10.656118: Yayy! New best EMA pseudo Dice: 0.8575000166893005
2026-08-05 13:21:27.788955: 
2026-08-05 13:21:27.789321: Epoch 280
2026-08-05 13:21:27.789418: Current learning rate: 0.00744
2026-08-05 13:22:08.445906: train_loss -0.8376
2026-08-05 13:22:08.446197: val_loss -0.7826
2026-08-05 13:22:08.463937: Pseudo dice [np.float32(0.7144), np.float32(0.9226), np.float32(0.937)]
2026-08-05 13:22:08.464059: Epoch time: 40.66 s
2026-08-05 13:22:08.464234: Yayy! New best EMA pseudo Dice: 0.8575000166893005
2026-08-05 13:22:18.067462: 
2026-08-05 13:22:18.067842: Epoch 281
2026-08-05 13:22:18.068059: Current learning rate: 0.00743
2026-08-05 13:22:58.664694: train_loss -0.8333
2026-08-05 13:22:58.909486: val_loss -0.7845
2026-08-05 13:22:58.909769: Pseudo dice [np.float32(0.715), np.float32(0.9241), np.float32(0.9356)]
2026-08-05 13:22:58.909870: Epoch time: 40.6 s
2026-08-05 13:22:58.909942: Yayy! New best EMA pseudo Dice: 0.8575999736785889
2026-08-05 13:23:16.943587: 
2026-08-05 13:23:16.944073: Epoch 282
2026-08-05 13:23:16.944191: Current learning rate: 0.00742
2026-08-05 13:23:58.013976: train_loss -0.8375
2026-08-05 13:23:58.014496: val_loss -0.7815
2026-08-05 13:23:58.014622: Pseudo dice [np.float32(0.7048), np.float32(0.924), np.float32(0.9352)]
2026-08-05 13:23:58.014738: Epoch time: 41.07 s
2026-08-05 13:23:58.863114: 
2026-08-05 13:23:58.863460: Epoch 283
2026-08-05 13:23:58.863566: Current learning rate: 0.00741
2026-08-05 13:24:39.841040: train_loss -0.8338
2026-08-05 13:24:39.841594: val_loss -0.7962
2026-08-05 13:24:39.841725: Pseudo dice [np.float32(0.7227), np.float32(0.9299), np.float32(0.9395)]
2026-08-05 13:24:39.841849: Epoch time: 40.98 s
2026-08-05 13:24:39.841959: Yayy! New best EMA pseudo Dice: 0.8579999804496765
2026-08-05 13:24:47.517325: 
2026-08-05 13:24:47.654950: Epoch 284
2026-08-05 13:24:47.655135: Current learning rate: 0.0074
2026-08-05 13:25:28.806235: train_loss -0.8323
2026-08-05 13:25:28.907499: val_loss -0.7875
2026-08-05 13:25:28.907719: Pseudo dice [np.float32(0.7099), np.float32(0.9284), np.float32(0.9378)]
2026-08-05 13:25:28.907918: Epoch time: 41.29 s
2026-08-05 13:25:28.908150: Yayy! New best EMA pseudo Dice: 0.8580999970436096
2026-08-05 13:25:37.513416: 
2026-08-05 13:25:37.513730: Epoch 285
2026-08-05 13:25:37.513834: Current learning rate: 0.00739
2026-08-05 13:26:18.345702: train_loss -0.8366
2026-08-05 13:26:18.346155: val_loss -0.7852
2026-08-05 13:26:18.346285: Pseudo dice [np.float32(0.7085), np.float32(0.9275), np.float32(0.9389)]
2026-08-05 13:26:18.346525: Epoch time: 40.84 s
2026-08-05 13:26:18.346625: Yayy! New best EMA pseudo Dice: 0.8580999970436096
2026-08-05 13:26:30.817285: 
2026-08-05 13:26:30.817625: Epoch 286
2026-08-05 13:26:30.817762: Current learning rate: 0.00738
2026-08-05 13:27:11.949867: train_loss -0.8342
2026-08-05 13:27:11.950400: val_loss -0.7741
2026-08-05 13:27:11.950566: Pseudo dice [np.float32(0.6991), np.float32(0.9249), np.float32(0.9363)]
2026-08-05 13:27:11.950802: Epoch time: 41.14 s
2026-08-05 13:27:12.799119: 
2026-08-05 13:27:12.799422: Epoch 287
2026-08-05 13:27:12.799577: Current learning rate: 0.00738
2026-08-05 13:27:53.700723: train_loss -0.8399
2026-08-05 13:27:53.701118: val_loss -0.7982
2026-08-05 13:27:53.701177: Pseudo dice [np.float32(0.7231), np.float32(0.9337), np.float32(0.9406)]
2026-08-05 13:27:53.701245: Epoch time: 40.9 s
2026-08-05 13:27:53.701289: Yayy! New best EMA pseudo Dice: 0.8583999872207642
2026-08-05 13:27:59.267107: 
2026-08-05 13:27:59.267607: Epoch 288
2026-08-05 13:27:59.267743: Current learning rate: 0.00737
2026-08-05 13:28:39.665768: train_loss -0.8427
2026-08-05 13:28:39.665998: val_loss -0.7812
2026-08-05 13:28:39.666056: Pseudo dice [np.float32(0.7041), np.float32(0.923), np.float32(0.9385)]
2026-08-05 13:28:39.666118: Epoch time: 40.4 s
2026-08-05 13:28:40.741136: 
2026-08-05 13:28:40.741479: Epoch 289
2026-08-05 13:28:40.741592: Current learning rate: 0.00736
2026-08-05 13:29:23.417929: train_loss -0.8381
2026-08-05 13:29:23.435086: val_loss -0.7631
2026-08-05 13:29:23.435335: Pseudo dice [np.float32(0.6981), np.float32(0.9228), np.float32(0.9265)]
2026-08-05 13:29:23.435502: Epoch time: 42.68 s
2026-08-05 13:29:24.582380: 
2026-08-05 13:29:24.582745: Epoch 290
2026-08-05 13:29:24.582847: Current learning rate: 0.00735
2026-08-05 13:30:05.681293: train_loss -0.8267
2026-08-05 13:30:05.728761: val_loss -0.7266
2026-08-05 13:30:05.728999: Pseudo dice [np.float32(0.6695), np.float32(0.8882), np.float32(0.9326)]
2026-08-05 13:30:05.729206: Epoch time: 41.1 s
2026-08-05 13:30:06.608569: 
2026-08-05 13:30:06.608906: Epoch 291
2026-08-05 13:30:06.609000: Current learning rate: 0.00734
2026-08-05 13:30:47.193917: train_loss -0.8184
2026-08-05 13:30:47.194369: val_loss -0.7562
2026-08-05 13:30:47.194499: Pseudo dice [np.float32(0.6776), np.float32(0.913), np.float32(0.9365)]
2026-08-05 13:30:47.194623: Epoch time: 40.59 s
2026-08-05 13:30:48.209341: 
2026-08-05 13:30:48.209641: Epoch 292
2026-08-05 13:30:48.209833: Current learning rate: 0.00733
2026-08-05 13:31:29.961878: train_loss -0.8213
2026-08-05 13:31:29.962176: val_loss -0.777
2026-08-05 13:31:29.962234: Pseudo dice [np.float32(0.7024), np.float32(0.923), np.float32(0.9332)]
2026-08-05 13:31:29.962296: Epoch time: 41.76 s
2026-08-05 13:31:30.785871: 
2026-08-05 13:31:30.786368: Epoch 293
2026-08-05 13:31:30.786475: Current learning rate: 0.00732
2026-08-05 13:32:11.686105: train_loss -0.8081
2026-08-05 13:32:11.686341: val_loss -0.7576
2026-08-05 13:32:11.686413: Pseudo dice [np.float32(0.6893), np.float32(0.9014), np.float32(0.9364)]
2026-08-05 13:32:11.686485: Epoch time: 40.9 s
2026-08-05 13:32:12.461923: 
2026-08-05 13:32:12.462282: Epoch 294
2026-08-05 13:32:12.462397: Current learning rate: 0.00731
2026-08-05 13:32:53.121421: train_loss -0.7981
2026-08-05 13:32:53.271441: val_loss -0.7666
2026-08-05 13:32:53.271587: Pseudo dice [np.float32(0.6964), np.float32(0.9166), np.float32(0.9352)]
2026-08-05 13:32:53.271672: Epoch time: 40.66 s
2026-08-05 13:32:54.217301: 
2026-08-05 13:32:54.217677: Epoch 295
2026-08-05 13:32:54.217788: Current learning rate: 0.0073
2026-08-05 13:33:34.951602: train_loss -0.7694
2026-08-05 13:33:34.965400: val_loss -0.7486
2026-08-05 13:33:34.965464: Pseudo dice [np.float32(0.6763), np.float32(0.9127), np.float32(0.9177)]
2026-08-05 13:33:34.965523: Epoch time: 40.74 s
2026-08-05 13:33:35.887732: 
2026-08-05 13:33:35.888062: Epoch 296
2026-08-05 13:33:35.888190: Current learning rate: 0.00729
2026-08-05 13:34:16.276421: train_loss -0.7774
2026-08-05 13:34:16.276618: val_loss -0.7527
2026-08-05 13:34:16.276682: Pseudo dice [np.float32(0.689), np.float32(0.9023), np.float32(0.9278)]
2026-08-05 13:34:16.276819: Epoch time: 40.39 s
2026-08-05 13:34:17.360185: 
2026-08-05 13:34:17.360480: Epoch 297
2026-08-05 13:34:17.360608: Current learning rate: 0.00728
2026-08-05 13:34:57.740082: train_loss -0.778
2026-08-05 13:34:57.740435: val_loss -0.7316
2026-08-05 13:34:57.740496: Pseudo dice [np.float32(0.6764), np.float32(0.8919), np.float32(0.9265)]
2026-08-05 13:34:57.740560: Epoch time: 40.38 s
2026-08-05 13:34:58.915042: 
2026-08-05 13:34:58.915403: Epoch 298
2026-08-05 13:34:58.915563: Current learning rate: 0.00727
2026-08-05 13:35:39.969818: train_loss -0.7846
2026-08-05 13:35:39.970079: val_loss -0.7591
2026-08-05 13:35:39.970147: Pseudo dice [np.float32(0.6976), np.float32(0.9115), np.float32(0.9334)]
2026-08-05 13:35:39.970217: Epoch time: 41.06 s
2026-08-05 13:35:41.635902: 
2026-08-05 13:35:41.636270: Epoch 299
2026-08-05 13:35:41.636417: Current learning rate: 0.00726
2026-08-05 13:36:22.286241: train_loss -0.7854
2026-08-05 13:36:22.286453: val_loss -0.7446
2026-08-05 13:36:22.286510: Pseudo dice [np.float32(0.6799), np.float32(0.908), np.float32(0.9226)]
2026-08-05 13:36:22.286576: Epoch time: 40.65 s
2026-08-05 13:36:29.672064: 
2026-08-05 13:36:29.672384: Epoch 300
2026-08-05 13:36:29.672551: Current learning rate: 0.00725
2026-08-05 13:37:10.563002: train_loss -0.7716
2026-08-05 13:37:10.583529: val_loss -0.756
2026-08-05 13:37:10.583724: Pseudo dice [np.float32(0.6862), np.float32(0.908), np.float32(0.9333)]
2026-08-05 13:37:10.583926: Epoch time: 40.89 s
2026-08-05 13:37:11.508375: 
2026-08-05 13:37:11.508690: Epoch 301
2026-08-05 13:37:11.508810: Current learning rate: 0.00724
2026-08-05 13:37:52.817805: train_loss -0.7842
2026-08-05 13:37:52.894186: val_loss -0.747
2026-08-05 13:37:52.894413: Pseudo dice [np.float32(0.6744), np.float32(0.8996), np.float32(0.9311)]
2026-08-05 13:37:52.903170: Epoch time: 41.31 s
2026-08-05 13:37:53.750665: 
2026-08-05 13:37:53.751051: Epoch 302
2026-08-05 13:37:53.751169: Current learning rate: 0.00724
2026-08-05 13:38:34.850277: train_loss -0.7818
2026-08-05 13:38:34.850452: val_loss -0.7643
2026-08-05 13:38:34.850508: Pseudo dice [np.float32(0.6886), np.float32(0.9235), np.float32(0.9287)]
2026-08-05 13:38:34.850565: Epoch time: 41.1 s
2026-08-05 13:38:35.597567: 
2026-08-05 13:38:35.597999: Epoch 303
2026-08-05 13:38:35.598114: Current learning rate: 0.00723
2026-08-05 13:39:16.623623: train_loss -0.7816
2026-08-05 13:39:16.625022: val_loss -0.7641
2026-08-05 13:39:16.625410: Pseudo dice [np.float32(0.697), np.float32(0.9225), np.float32(0.9257)]
2026-08-05 13:39:16.625633: Epoch time: 41.03 s
2026-08-05 13:39:17.565551: 
2026-08-05 13:39:17.565971: Epoch 304
2026-08-05 13:39:17.566059: Current learning rate: 0.00722
2026-08-05 13:39:58.810615: train_loss -0.8002
2026-08-05 13:39:58.811172: val_loss -0.7856
2026-08-05 13:39:58.811416: Pseudo dice [np.float32(0.7097), np.float32(0.9267), np.float32(0.9386)]
2026-08-05 13:39:58.811543: Epoch time: 41.25 s
2026-08-05 13:39:59.840658: 
2026-08-05 13:39:59.841038: Epoch 305
2026-08-05 13:39:59.841475: Current learning rate: 0.00721
2026-08-05 13:40:41.610758: train_loss -0.8111
2026-08-05 13:40:41.611087: val_loss -0.7616
2026-08-05 13:40:41.611314: Pseudo dice [np.float32(0.6875), np.float32(0.9174), np.float32(0.9306)]
2026-08-05 13:40:41.611472: Epoch time: 41.77 s
2026-08-05 13:40:42.433571: 
2026-08-05 13:40:42.434134: Epoch 306
2026-08-05 13:40:42.434269: Current learning rate: 0.0072
2026-08-05 13:41:23.283037: train_loss -0.8063
2026-08-05 13:41:23.283296: val_loss -0.7716
2026-08-05 13:41:23.283458: Pseudo dice [np.float32(0.6938), np.float32(0.923), np.float32(0.9336)]
2026-08-05 13:41:23.283578: Epoch time: 40.85 s
2026-08-05 13:41:24.103951: 
2026-08-05 13:41:24.104226: Epoch 307
2026-08-05 13:41:24.104331: Current learning rate: 0.00719
2026-08-05 13:42:05.070923: train_loss -0.7923
2026-08-05 13:42:05.071338: val_loss -0.7649
2026-08-05 13:42:05.071470: Pseudo dice [np.float32(0.6997), np.float32(0.9133), np.float32(0.9282)]
2026-08-05 13:42:05.071588: Epoch time: 40.97 s
2026-08-05 13:42:05.871374: 
2026-08-05 13:42:05.871675: Epoch 308
2026-08-05 13:42:05.871784: Current learning rate: 0.00718
2026-08-05 13:42:46.853652: train_loss -0.7984
2026-08-05 13:42:46.853992: val_loss -0.7684
2026-08-05 13:42:46.854095: Pseudo dice [np.float32(0.6954), np.float32(0.9126), np.float32(0.9333)]
2026-08-05 13:42:46.854194: Epoch time: 40.98 s
2026-08-05 13:42:47.621458: 
2026-08-05 13:42:47.621842: Epoch 309
2026-08-05 13:42:47.621958: Current learning rate: 0.00717
2026-08-05 13:43:29.018952: train_loss -0.788
2026-08-05 13:43:29.019195: val_loss -0.7762
2026-08-05 13:43:29.019294: Pseudo dice [np.float32(0.7026), np.float32(0.9185), np.float32(0.934)]
2026-08-05 13:43:29.019479: Epoch time: 41.4 s
2026-08-05 13:43:29.794489: 
2026-08-05 13:43:29.794775: Epoch 310
2026-08-05 13:43:29.794939: Current learning rate: 0.00716
2026-08-05 13:44:10.827802: train_loss -0.7883
2026-08-05 13:44:10.828218: val_loss -0.7787
2026-08-05 13:44:10.828382: Pseudo dice [np.float32(0.7106), np.float32(0.9233), np.float32(0.934)]
2026-08-05 13:44:10.828499: Epoch time: 41.04 s
2026-08-05 13:44:11.708535: 
2026-08-05 13:44:11.708886: Epoch 311
2026-08-05 13:44:11.709008: Current learning rate: 0.00715
2026-08-05 13:44:53.063663: train_loss -0.7905
2026-08-05 13:44:53.096446: val_loss -0.7376
2026-08-05 13:44:53.096557: Pseudo dice [np.float32(0.6784), np.float32(0.9003), np.float32(0.9252)]
2026-08-05 13:44:53.096619: Epoch time: 41.36 s
2026-08-05 13:44:53.875270: 
2026-08-05 13:44:53.875568: Epoch 312
2026-08-05 13:44:53.875677: Current learning rate: 0.00714
2026-08-05 13:45:35.238097: train_loss -0.8002
2026-08-05 13:45:35.238474: val_loss -0.7674
2026-08-05 13:45:35.238575: Pseudo dice [np.float32(0.6977), np.float32(0.9141), np.float32(0.9354)]
2026-08-05 13:45:35.238674: Epoch time: 41.37 s
2026-08-05 13:45:36.008217: 
2026-08-05 13:45:36.008710: Epoch 313
2026-08-05 13:45:36.008849: Current learning rate: 0.00713
2026-08-05 13:46:17.080573: train_loss -0.8023
2026-08-05 13:46:17.080908: val_loss -0.7593
2026-08-05 13:46:17.081045: Pseudo dice [np.float32(0.6963), np.float32(0.9158), np.float32(0.9256)]
2026-08-05 13:46:17.081178: Epoch time: 41.08 s
2026-08-05 13:46:18.067652: 
2026-08-05 13:46:18.067962: Epoch 314
2026-08-05 13:46:18.068098: Current learning rate: 0.00712
2026-08-05 13:46:59.100472: train_loss -0.8081
2026-08-05 13:46:59.101753: val_loss -0.7845
2026-08-05 13:46:59.102123: Pseudo dice [np.float32(0.7076), np.float32(0.9269), np.float32(0.9403)]
2026-08-05 13:46:59.102458: Epoch time: 41.04 s
2026-08-05 13:46:59.885542: 
2026-08-05 13:46:59.885905: Epoch 315
2026-08-05 13:46:59.886035: Current learning rate: 0.00711
2026-08-05 13:47:40.736059: train_loss -0.822
2026-08-05 13:47:40.736545: val_loss -0.7971
2026-08-05 13:47:40.736709: Pseudo dice [np.float32(0.7151), np.float32(0.9346), np.float32(0.9393)]
2026-08-05 13:47:40.736844: Epoch time: 40.85 s
2026-08-05 13:47:41.567066: 
2026-08-05 13:47:41.567335: Epoch 316
2026-08-05 13:47:41.567498: Current learning rate: 0.0071
2026-08-05 13:48:22.688626: train_loss -0.8275
2026-08-05 13:48:22.689049: val_loss -0.7791
2026-08-05 13:48:22.689402: Pseudo dice [np.float32(0.7129), np.float32(0.9236), np.float32(0.9381)]
2026-08-05 13:48:22.689683: Epoch time: 41.12 s
2026-08-05 13:48:23.641300: 
2026-08-05 13:48:23.641556: Epoch 317
2026-08-05 13:48:23.641734: Current learning rate: 0.0071
2026-08-05 13:49:04.631544: train_loss -0.8308
2026-08-05 13:49:04.631889: val_loss -0.7898
2026-08-05 13:49:04.631974: Pseudo dice [np.float32(0.7176), np.float32(0.9287), np.float32(0.945)]
2026-08-05 13:49:04.632041: Epoch time: 40.99 s
2026-08-05 13:49:05.372350: 
2026-08-05 13:49:05.372723: Epoch 318
2026-08-05 13:49:05.372823: Current learning rate: 0.00709
2026-08-05 13:49:46.664355: train_loss -0.8311
2026-08-05 13:49:46.664815: val_loss -0.7714
2026-08-05 13:49:46.664971: Pseudo dice [np.float32(0.6944), np.float32(0.9233), np.float32(0.9325)]
2026-08-05 13:49:46.665098: Epoch time: 41.29 s
2026-08-05 13:49:47.545118: 
2026-08-05 13:49:47.545590: Epoch 319
2026-08-05 13:49:47.545711: Current learning rate: 0.00708
2026-08-05 13:50:29.180454: train_loss -0.8223
2026-08-05 13:50:29.181045: val_loss -0.7735
2026-08-05 13:50:29.181195: Pseudo dice [np.float32(0.6975), np.float32(0.9255), np.float32(0.9345)]
2026-08-05 13:50:29.181328: Epoch time: 41.64 s
2026-08-05 13:50:29.977901: 
2026-08-05 13:50:29.978410: Epoch 320
2026-08-05 13:50:29.978501: Current learning rate: 0.00707
2026-08-05 13:51:11.422124: train_loss -0.8257
2026-08-05 13:51:11.422603: val_loss -0.7791
2026-08-05 13:51:11.422724: Pseudo dice [np.float32(0.7022), np.float32(0.9247), np.float32(0.9352)]
2026-08-05 13:51:11.422816: Epoch time: 41.45 s
2026-08-05 13:51:12.221437: 
2026-08-05 13:51:12.221832: Epoch 321
2026-08-05 13:51:12.222021: Current learning rate: 0.00706
2026-08-05 13:51:53.311313: train_loss -0.8149
2026-08-05 13:51:53.311671: val_loss -0.7796
2026-08-05 13:51:53.311798: Pseudo dice [np.float32(0.7104), np.float32(0.9261), np.float32(0.9426)]
2026-08-05 13:51:53.311939: Epoch time: 41.09 s
2026-08-05 13:51:54.293766: 
2026-08-05 13:51:54.294187: Epoch 322
2026-08-05 13:51:54.294309: Current learning rate: 0.00705
2026-08-05 13:52:35.390614: train_loss -0.8308
2026-08-05 13:52:35.390855: val_loss -0.7557
2026-08-05 13:52:35.390933: Pseudo dice [np.float32(0.6917), np.float32(0.9002), np.float32(0.9382)]
2026-08-05 13:52:35.391007: Epoch time: 41.1 s
2026-08-05 13:52:36.383149: 
2026-08-05 13:52:36.383401: Epoch 323
2026-08-05 13:52:36.383528: Current learning rate: 0.00704
2026-08-05 13:53:17.285083: train_loss -0.8351
2026-08-05 13:53:17.558497: val_loss -0.7898
2026-08-05 13:53:17.558852: Pseudo dice [np.float32(0.7117), np.float32(0.9309), np.float32(0.9329)]
2026-08-05 13:53:17.559047: Epoch time: 40.91 s
2026-08-05 13:53:18.865354: 
2026-08-05 13:53:18.949659: Epoch 324
2026-08-05 13:53:18.949950: Current learning rate: 0.00703
2026-08-05 13:53:59.872746: train_loss -0.8388
2026-08-05 13:54:00.009221: val_loss -0.7889
2026-08-05 13:54:00.009386: Pseudo dice [np.float32(0.7109), np.float32(0.9299), np.float32(0.9376)]
2026-08-05 13:54:00.009478: Epoch time: 41.01 s
2026-08-05 13:54:00.849208: 
2026-08-05 13:54:00.849600: Epoch 325
2026-08-05 13:54:00.849699: Current learning rate: 0.00702
2026-08-05 13:54:41.930280: train_loss -0.8414
2026-08-05 13:54:41.930724: val_loss -0.7822
2026-08-05 13:54:41.930976: Pseudo dice [np.float32(0.7102), np.float32(0.9299), np.float32(0.9397)]
2026-08-05 13:54:41.931137: Epoch time: 41.08 s
2026-08-05 13:54:43.416821: 
2026-08-05 13:54:43.417190: Epoch 326
2026-08-05 13:54:43.417348: Current learning rate: 0.00701
2026-08-05 13:55:24.342857: train_loss -0.8354
2026-08-05 13:55:24.343392: val_loss -0.7655
2026-08-05 13:55:24.343581: Pseudo dice [np.float32(0.6951), np.float32(0.9129), np.float32(0.9372)]
2026-08-05 13:55:24.343715: Epoch time: 40.93 s
2026-08-05 13:55:25.166052: 
2026-08-05 13:55:25.166413: Epoch 327
2026-08-05 13:55:25.166522: Current learning rate: 0.007
2026-08-05 13:56:06.224245: train_loss -0.8123
2026-08-05 13:56:06.313035: val_loss -0.7728
2026-08-05 13:56:06.313215: Pseudo dice [np.float32(0.7021), np.float32(0.9162), np.float32(0.9392)]
2026-08-05 13:56:06.313327: Epoch time: 41.06 s
2026-08-05 13:56:07.268758: 
2026-08-05 13:56:07.269204: Epoch 328
2026-08-05 13:56:07.269386: Current learning rate: 0.00699
2026-08-05 13:56:47.763016: train_loss -0.8197
2026-08-05 13:56:47.924355: val_loss -0.7826
2026-08-05 13:56:47.924496: Pseudo dice [np.float32(0.705), np.float32(0.9167), np.float32(0.9403)]
2026-08-05 13:56:47.924618: Epoch time: 40.5 s
2026-08-05 13:56:48.875508: 
2026-08-05 13:56:48.875849: Epoch 329
2026-08-05 13:56:48.875999: Current learning rate: 0.00698
2026-08-05 13:57:29.495397: train_loss -0.8221
2026-08-05 13:57:29.510399: val_loss -0.7805
2026-08-05 13:57:29.510659: Pseudo dice [np.float32(0.7117), np.float32(0.9175), np.float32(0.9356)]
2026-08-05 13:57:29.510917: Epoch time: 40.62 s
2026-08-05 13:57:30.475360: 
2026-08-05 13:57:30.475706: Epoch 330
2026-08-05 13:57:30.475814: Current learning rate: 0.00697
2026-08-05 13:58:11.666907: train_loss -0.8255
2026-08-05 13:58:11.668419: val_loss -0.7835
2026-08-05 13:58:11.668480: Pseudo dice [np.float32(0.7116), np.float32(0.9184), np.float32(0.94)]
2026-08-05 13:58:11.668538: Epoch time: 41.19 s
2026-08-05 13:58:12.538702: 
2026-08-05 13:58:12.539003: Epoch 331
2026-08-05 13:58:12.539102: Current learning rate: 0.00696
2026-08-05 13:58:53.457972: train_loss -0.8252
2026-08-05 13:58:53.532458: val_loss -0.7655
2026-08-05 13:58:53.532593: Pseudo dice [np.float32(0.6915), np.float32(0.9266), np.float32(0.933)]
2026-08-05 13:58:53.532670: Epoch time: 40.92 s
2026-08-05 13:58:54.387183: 
2026-08-05 13:58:54.387510: Epoch 332
2026-08-05 13:58:54.387642: Current learning rate: 0.00696
2026-08-05 13:59:34.985706: train_loss -0.8333
2026-08-05 13:59:36.301365: val_loss -0.7757
2026-08-05 13:59:36.301592: Pseudo dice [np.float32(0.7029), np.float32(0.9239), np.float32(0.9341)]
2026-08-05 13:59:36.301796: Epoch time: 40.6 s
2026-08-05 13:59:37.878855: 
2026-08-05 13:59:37.879166: Epoch 333
2026-08-05 13:59:37.879327: Current learning rate: 0.00695
2026-08-05 14:00:18.985367: train_loss -0.8372
2026-08-05 14:00:18.985666: val_loss -0.7735
2026-08-05 14:00:18.985721: Pseudo dice [np.float32(0.6985), np.float32(0.9253), np.float32(0.9391)]
2026-08-05 14:00:18.985828: Epoch time: 41.11 s
2026-08-05 14:00:19.947624: 
2026-08-05 14:00:19.947998: Epoch 334
2026-08-05 14:00:19.948275: Current learning rate: 0.00694
2026-08-05 14:01:00.366241: train_loss -0.8343
2026-08-05 14:01:00.366608: val_loss -0.7769
2026-08-05 14:01:00.366762: Pseudo dice [np.float32(0.7048), np.float32(0.9239), np.float32(0.9372)]
2026-08-05 14:01:00.366835: Epoch time: 40.42 s
2026-08-05 14:01:01.252737: 
2026-08-05 14:01:01.253038: Epoch 335
2026-08-05 14:01:01.253139: Current learning rate: 0.00693
2026-08-05 14:01:42.475496: train_loss -0.8277
2026-08-05 14:01:42.475792: val_loss -0.7826
2026-08-05 14:01:42.475976: Pseudo dice [np.float32(0.7087), np.float32(0.9267), np.float32(0.936)]
2026-08-05 14:01:42.476180: Epoch time: 41.23 s
2026-08-05 14:01:43.555459: 
2026-08-05 14:01:43.555838: Epoch 336
2026-08-05 14:01:43.555963: Current learning rate: 0.00692
2026-08-05 14:02:25.172175: train_loss -0.8225
2026-08-05 14:02:25.172606: val_loss -0.7863
2026-08-05 14:02:25.172802: Pseudo dice [np.float32(0.7083), np.float32(0.9262), np.float32(0.9379)]
2026-08-05 14:02:25.172974: Epoch time: 41.62 s
2026-08-05 14:02:26.470858: 
2026-08-05 14:02:26.471400: Epoch 337
2026-08-05 14:02:26.471534: Current learning rate: 0.00691
2026-08-05 14:03:07.877966: train_loss -0.8285
2026-08-05 14:03:07.878273: val_loss -0.7677
2026-08-05 14:03:07.878333: Pseudo dice [np.float32(0.6993), np.float32(0.9107), np.float32(0.9378)]
2026-08-05 14:03:07.878412: Epoch time: 41.41 s
2026-08-05 14:03:08.979137: 
2026-08-05 14:03:08.979573: Epoch 338
2026-08-05 14:03:08.979704: Current learning rate: 0.0069
2026-08-05 14:03:50.968758: train_loss -0.821
2026-08-05 14:03:51.016410: val_loss -0.7609
2026-08-05 14:03:51.016673: Pseudo dice [np.float32(0.6944), np.float32(0.909), np.float32(0.9344)]
2026-08-05 14:03:51.017087: Epoch time: 41.99 s
2026-08-05 14:03:52.548742: 
2026-08-05 14:03:52.574110: Epoch 339
2026-08-05 14:03:52.574444: Current learning rate: 0.00689
2026-08-05 14:04:34.177508: train_loss -0.8179
2026-08-05 14:04:34.181180: val_loss -0.7621
2026-08-05 14:04:34.181465: Pseudo dice [np.float32(0.699), np.float32(0.9112), np.float32(0.9267)]
2026-08-05 14:04:34.181606: Epoch time: 41.64 s
2026-08-05 14:04:37.633026: 
2026-08-05 14:04:37.634399: Epoch 340
2026-08-05 14:04:37.634516: Current learning rate: 0.00688
2026-08-05 14:05:18.911709: train_loss -0.8027
2026-08-05 14:05:18.951179: val_loss -0.7481
2026-08-05 14:05:18.951349: Pseudo dice [np.float32(0.6809), np.float32(0.9116), np.float32(0.9242)]
2026-08-05 14:05:18.951439: Epoch time: 41.28 s
2026-08-05 14:05:19.769510: 
2026-08-05 14:05:19.769946: Epoch 341
2026-08-05 14:05:19.770059: Current learning rate: 0.00687
2026-08-05 14:06:00.915910: train_loss -0.82
2026-08-05 14:06:01.181119: val_loss -0.7734
2026-08-05 14:06:01.181410: Pseudo dice [np.float32(0.7035), np.float32(0.9183), np.float32(0.9344)]
2026-08-05 14:06:01.181524: Epoch time: 41.15 s
2026-08-05 14:06:02.603426: 
2026-08-05 14:06:02.603882: Epoch 342
2026-08-05 14:06:02.603980: Current learning rate: 0.00686
2026-08-05 14:06:43.625441: train_loss -0.8227
2026-08-05 14:06:43.891795: val_loss -0.7686
2026-08-05 14:06:43.892104: Pseudo dice [np.float32(0.6927), np.float32(0.9261), np.float32(0.933)]
2026-08-05 14:06:43.892241: Epoch time: 41.02 s
2026-08-05 14:06:44.728303: 
2026-08-05 14:06:44.728671: Epoch 343
2026-08-05 14:06:44.728873: Current learning rate: 0.00685
2026-08-05 14:07:25.805020: train_loss -0.8327
2026-08-05 14:07:26.052741: val_loss -0.775
2026-08-05 14:07:26.052911: Pseudo dice [np.float32(0.6953), np.float32(0.9238), np.float32(0.9379)]
2026-08-05 14:07:26.052993: Epoch time: 41.08 s
2026-08-05 14:07:27.707926: 
2026-08-05 14:07:27.708225: Epoch 344
2026-08-05 14:07:27.708330: Current learning rate: 0.00684
2026-08-05 14:08:08.829310: train_loss -0.834
2026-08-05 14:08:08.929905: val_loss -0.7805
2026-08-05 14:08:08.930058: Pseudo dice [np.float32(0.7102), np.float32(0.9272), np.float32(0.9312)]
2026-08-05 14:08:08.930139: Epoch time: 41.12 s
2026-08-05 14:08:09.971028: 
2026-08-05 14:08:10.343347: Epoch 345
2026-08-05 14:08:10.343597: Current learning rate: 0.00683
2026-08-05 14:08:50.707621: train_loss -0.8397
2026-08-05 14:08:50.924152: val_loss -0.7857
2026-08-05 14:08:50.924321: Pseudo dice [np.float32(0.7108), np.float32(0.9287), np.float32(0.9347)]
2026-08-05 14:08:50.924424: Epoch time: 40.74 s
2026-08-05 14:08:51.939375: 
2026-08-05 14:08:51.939672: Epoch 346
2026-08-05 14:08:51.939856: Current learning rate: 0.00682
2026-08-05 14:09:33.679929: train_loss -0.8354
2026-08-05 14:09:34.004071: val_loss -0.7711
2026-08-05 14:09:34.004301: Pseudo dice [np.float32(0.6969), np.float32(0.9176), np.float32(0.9364)]
2026-08-05 14:09:34.004433: Epoch time: 41.74 s
2026-08-05 14:09:35.032545: 
2026-08-05 14:09:35.032909: Epoch 347
2026-08-05 14:09:35.033008: Current learning rate: 0.00681
2026-08-05 14:10:16.305039: train_loss -0.8341
2026-08-05 14:10:16.305446: val_loss -0.7853
2026-08-05 14:10:16.305575: Pseudo dice [np.float32(0.7158), np.float32(0.9287), np.float32(0.9417)]
2026-08-05 14:10:16.305695: Epoch time: 41.28 s
2026-08-05 14:10:17.190828: 
2026-08-05 14:10:17.191113: Epoch 348
2026-08-05 14:10:17.191331: Current learning rate: 0.0068
2026-08-05 14:10:58.396963: train_loss -0.8187
2026-08-05 14:10:58.397246: val_loss -0.7686
2026-08-05 14:10:58.397304: Pseudo dice [np.float32(0.7026), np.float32(0.9197), np.float32(0.9379)]
2026-08-05 14:10:58.397362: Epoch time: 41.21 s
2026-08-05 14:10:59.369496: 
2026-08-05 14:10:59.369843: Epoch 349
2026-08-05 14:10:59.369972: Current learning rate: 0.0068
2026-08-05 14:11:40.542567: train_loss -0.814
2026-08-05 14:11:40.700446: val_loss -0.7764
2026-08-05 14:11:40.700668: Pseudo dice [np.float32(0.7079), np.float32(0.923), np.float32(0.9402)]
2026-08-05 14:11:40.700800: Epoch time: 41.18 s
2026-08-05 14:11:47.837002: 
2026-08-05 14:11:47.837378: Epoch 350
2026-08-05 14:11:47.837484: Current learning rate: 0.00679
2026-08-05 14:12:28.801328: train_loss -0.8218
2026-08-05 14:12:29.267624: val_loss -0.7801
2026-08-05 14:12:29.267865: Pseudo dice [np.float32(0.7122), np.float32(0.9237), np.float32(0.9359)]
2026-08-05 14:12:29.268022: Epoch time: 40.97 s
2026-08-05 14:12:30.267870: 
2026-08-05 14:12:30.358604: Epoch 351
2026-08-05 14:12:30.358801: Current learning rate: 0.00678
2026-08-05 14:13:11.487425: train_loss -0.8324
2026-08-05 14:13:12.369687: val_loss -0.782
2026-08-05 14:13:12.369993: Pseudo dice [np.float32(0.709), np.float32(0.9314), np.float32(0.9327)]
2026-08-05 14:13:12.370315: Epoch time: 41.22 s
2026-08-05 14:13:13.611154: 
2026-08-05 14:13:13.611490: Epoch 352
2026-08-05 14:13:13.611597: Current learning rate: 0.00677
2026-08-05 14:13:55.059782: train_loss -0.8278
2026-08-05 14:13:55.188494: val_loss -0.7738
2026-08-05 14:13:55.188662: Pseudo dice [np.float32(0.7027), np.float32(0.9226), np.float32(0.9342)]
2026-08-05 14:13:55.188786: Epoch time: 41.45 s
2026-08-05 14:13:57.306378: 
2026-08-05 14:13:57.306673: Epoch 353
2026-08-05 14:13:57.306780: Current learning rate: 0.00676
2026-08-05 14:14:38.364901: train_loss -0.8169
2026-08-05 14:14:38.440613: val_loss -0.7631
2026-08-05 14:14:38.440882: Pseudo dice [np.float32(0.6935), np.float32(0.919), np.float32(0.9309)]
2026-08-05 14:14:38.441015: Epoch time: 41.06 s
2026-08-05 14:14:39.324217: 
2026-08-05 14:14:39.324705: Epoch 354
2026-08-05 14:14:39.324879: Current learning rate: 0.00675
2026-08-05 14:15:19.975338: train_loss -0.8215
2026-08-05 14:15:19.993249: val_loss -0.7775
2026-08-05 14:15:19.993350: Pseudo dice [np.float32(0.703), np.float32(0.9257), np.float32(0.9357)]
2026-08-05 14:15:19.993415: Epoch time: 40.65 s
2026-08-05 14:15:20.982027: 
2026-08-05 14:15:20.982294: Epoch 355
2026-08-05 14:15:20.982421: Current learning rate: 0.00674
2026-08-05 14:16:01.931419: train_loss -0.834
2026-08-05 14:16:01.979147: val_loss -0.777
2026-08-05 14:16:01.979247: Pseudo dice [np.float32(0.703), np.float32(0.9277), np.float32(0.9391)]
2026-08-05 14:16:01.979316: Epoch time: 40.95 s
2026-08-05 14:16:02.971235: 
2026-08-05 14:16:02.971691: Epoch 356
2026-08-05 14:16:02.971822: Current learning rate: 0.00673
2026-08-05 14:16:44.020964: train_loss -0.8417
2026-08-05 14:16:44.273349: val_loss -0.7886
2026-08-05 14:16:44.273753: Pseudo dice [np.float32(0.7114), np.float32(0.9326), np.float32(0.9404)]
2026-08-05 14:16:44.273961: Epoch time: 41.05 s
2026-08-05 14:16:45.317908: 
2026-08-05 14:16:45.318233: Epoch 357
2026-08-05 14:16:45.318330: Current learning rate: 0.00672
2026-08-05 14:17:26.274517: train_loss -0.839
2026-08-05 14:17:26.274777: val_loss -0.7838
2026-08-05 14:17:26.274917: Pseudo dice [np.float32(0.7087), np.float32(0.932), np.float32(0.9421)]
2026-08-05 14:17:26.275062: Epoch time: 40.96 s
2026-08-05 14:17:27.191573: 
2026-08-05 14:17:27.191914: Epoch 358
2026-08-05 14:17:27.192034: Current learning rate: 0.00671
2026-08-05 14:18:07.936350: train_loss -0.8182
2026-08-05 14:18:07.936598: val_loss -0.7494
2026-08-05 14:18:07.936652: Pseudo dice [np.float32(0.6899), np.float32(0.9174), np.float32(0.9186)]
2026-08-05 14:18:07.936803: Epoch time: 40.75 s
2026-08-05 14:18:08.711240: 
2026-08-05 14:18:08.711554: Epoch 359
2026-08-05 14:18:08.711713: Current learning rate: 0.0067
2026-08-05 14:18:49.334797: train_loss -0.7945
2026-08-05 14:18:49.335104: val_loss -0.7651
2026-08-05 14:18:49.335174: Pseudo dice [np.float32(0.6994), np.float32(0.9219), np.float32(0.9258)]
2026-08-05 14:18:49.335265: Epoch time: 40.63 s
2026-08-05 14:18:51.177385: 
2026-08-05 14:18:51.177786: Epoch 360
2026-08-05 14:18:51.178015: Current learning rate: 0.00669
2026-08-05 14:19:31.649480: train_loss -0.7961
2026-08-05 14:19:31.649680: val_loss -0.7724
2026-08-05 14:19:31.649737: Pseudo dice [np.float32(0.7002), np.float32(0.9234), np.float32(0.9336)]
2026-08-05 14:19:31.649801: Epoch time: 40.48 s
2026-08-05 14:19:32.610220: 
2026-08-05 14:19:32.610640: Epoch 361
2026-08-05 14:19:32.610760: Current learning rate: 0.00668
2026-08-05 14:20:13.915988: train_loss -0.8083
2026-08-05 14:20:13.916256: val_loss -0.776
2026-08-05 14:20:13.916336: Pseudo dice [np.float32(0.702), np.float32(0.919), np.float32(0.9349)]
2026-08-05 14:20:13.916415: Epoch time: 41.31 s
2026-08-05 14:20:14.704447: 
2026-08-05 14:20:14.704769: Epoch 362
2026-08-05 14:20:14.704970: Current learning rate: 0.00667
2026-08-05 14:20:55.431519: train_loss -0.8224
2026-08-05 14:20:55.431736: val_loss -0.7836
2026-08-05 14:20:55.431818: Pseudo dice [np.float32(0.7126), np.float32(0.9249), np.float32(0.938)]
2026-08-05 14:20:55.431879: Epoch time: 40.73 s
2026-08-05 14:20:56.214528: 
2026-08-05 14:20:56.214868: Epoch 363
2026-08-05 14:20:56.214991: Current learning rate: 0.00666
2026-08-05 14:21:37.474096: train_loss -0.8307
2026-08-05 14:21:37.567077: val_loss -0.7883
2026-08-05 14:21:37.567284: Pseudo dice [np.float32(0.7159), np.float32(0.9309), np.float32(0.9364)]
2026-08-05 14:21:37.567465: Epoch time: 41.26 s
2026-08-05 14:21:38.514083: 
2026-08-05 14:21:38.514491: Epoch 364
2026-08-05 14:21:38.514709: Current learning rate: 0.00665
2026-08-05 14:22:19.640882: train_loss -0.8219
2026-08-05 14:22:19.641084: val_loss -0.7699
2026-08-05 14:22:19.641140: Pseudo dice [np.float32(0.704), np.float32(0.9293), np.float32(0.9281)]
2026-08-05 14:22:19.641201: Epoch time: 41.13 s
2026-08-05 14:22:20.569987: 
2026-08-05 14:22:20.570258: Epoch 365
2026-08-05 14:22:20.570382: Current learning rate: 0.00665
2026-08-05 14:23:01.246268: train_loss -0.8242
2026-08-05 14:23:01.246779: val_loss -0.7727
2026-08-05 14:23:01.246881: Pseudo dice [np.float32(0.7008), np.float32(0.9168), np.float32(0.9351)]
2026-08-05 14:23:01.247002: Epoch time: 40.68 s
2026-08-05 14:23:02.011180: 
2026-08-05 14:23:02.011512: Epoch 366
2026-08-05 14:23:02.011627: Current learning rate: 0.00664
2026-08-05 14:23:43.015478: train_loss -0.8215
2026-08-05 14:23:43.015736: val_loss -0.7782
2026-08-05 14:23:43.015789: Pseudo dice [np.float32(0.7028), np.float32(0.9251), np.float32(0.9381)]
2026-08-05 14:23:43.015847: Epoch time: 41.01 s
2026-08-05 14:23:44.297828: 
2026-08-05 14:23:44.298143: Epoch 367
2026-08-05 14:23:44.298324: Current learning rate: 0.00663
2026-08-05 14:24:25.342972: train_loss -0.8199
2026-08-05 14:24:25.343413: val_loss -0.7845
2026-08-05 14:24:25.343616: Pseudo dice [np.float32(0.7121), np.float32(0.9289), np.float32(0.936)]
2026-08-05 14:24:25.343740: Epoch time: 41.05 s
2026-08-05 14:24:26.202070: 
2026-08-05 14:24:26.202377: Epoch 368
2026-08-05 14:24:26.202538: Current learning rate: 0.00662
2026-08-05 14:25:07.314348: train_loss -0.8246
2026-08-05 14:25:07.599006: val_loss -0.7892
2026-08-05 14:25:07.599219: Pseudo dice [np.float32(0.7167), np.float32(0.9278), np.float32(0.9396)]
2026-08-05 14:25:07.600451: Epoch time: 41.11 s
2026-08-05 14:25:08.550538: 
2026-08-05 14:25:08.550860: Epoch 369
2026-08-05 14:25:08.551002: Current learning rate: 0.00661
2026-08-05 14:25:49.810076: train_loss -0.8306
2026-08-05 14:25:49.810359: val_loss -0.7797
2026-08-05 14:25:49.810413: Pseudo dice [np.float32(0.707), np.float32(0.9241), np.float32(0.9354)]
2026-08-05 14:25:49.810475: Epoch time: 41.26 s
2026-08-05 14:25:50.558135: 
2026-08-05 14:25:50.558485: Epoch 370
2026-08-05 14:25:50.558675: Current learning rate: 0.0066
2026-08-05 14:26:31.551690: train_loss -0.8039
2026-08-05 14:26:31.552341: val_loss -0.761
2026-08-05 14:26:31.552524: Pseudo dice [np.float32(0.692), np.float32(0.9189), np.float32(0.9261)]
2026-08-05 14:26:31.552727: Epoch time: 41.0 s
2026-08-05 14:26:32.446752: 
2026-08-05 14:26:32.447064: Epoch 371
2026-08-05 14:26:32.447153: Current learning rate: 0.00659
2026-08-05 14:27:13.618027: train_loss -0.7836
2026-08-05 14:27:13.618437: val_loss -0.7606
2026-08-05 14:27:13.618562: Pseudo dice [np.float32(0.6867), np.float32(0.9139), np.float32(0.925)]
2026-08-05 14:27:13.618678: Epoch time: 41.17 s
2026-08-05 14:27:14.435461: 
2026-08-05 14:27:14.435766: Epoch 372
2026-08-05 14:27:14.436022: Current learning rate: 0.00658
2026-08-05 14:27:55.621970: train_loss -0.7812
2026-08-05 14:27:55.622363: val_loss -0.751
2026-08-05 14:27:55.622469: Pseudo dice [np.float32(0.6712), np.float32(0.9049), np.float32(0.9311)]
2026-08-05 14:27:55.622595: Epoch time: 41.19 s
2026-08-05 14:27:56.467871: 
2026-08-05 14:27:56.468154: Epoch 373
2026-08-05 14:27:56.468260: Current learning rate: 0.00657
2026-08-05 14:28:37.198483: train_loss -0.7793
2026-08-05 14:28:37.198982: val_loss -0.7661
2026-08-05 14:28:37.199058: Pseudo dice [np.float32(0.6879), np.float32(0.915), np.float32(0.9336)]
2026-08-05 14:28:37.199132: Epoch time: 40.73 s
2026-08-05 14:28:38.557974: 
2026-08-05 14:28:38.558136: Epoch 374
2026-08-05 14:28:38.558403: Current learning rate: 0.00656
2026-08-05 14:29:19.957681: train_loss -0.8017
2026-08-05 14:29:19.958053: val_loss -0.7672
2026-08-05 14:29:19.958237: Pseudo dice [np.float32(0.6974), np.float32(0.9192), np.float32(0.9323)]
2026-08-05 14:29:19.958446: Epoch time: 41.4 s
2026-08-05 14:29:20.855147: 
2026-08-05 14:29:20.855550: Epoch 375
2026-08-05 14:29:20.855665: Current learning rate: 0.00655
2026-08-05 14:30:01.987941: train_loss -0.8178
2026-08-05 14:30:01.992435: val_loss -0.7686
2026-08-05 14:30:01.992599: Pseudo dice [np.float32(0.6991), np.float32(0.9194), np.float32(0.939)]
2026-08-05 14:30:01.993543: Epoch time: 41.14 s
2026-08-05 14:30:02.847855: 
2026-08-05 14:30:02.848264: Epoch 376
2026-08-05 14:30:02.848363: Current learning rate: 0.00654
2026-08-05 14:30:44.038047: train_loss -0.831
2026-08-05 14:30:44.038295: val_loss -0.7597
2026-08-05 14:30:44.038414: Pseudo dice [np.float32(0.6924), np.float32(0.9065), np.float32(0.9308)]
2026-08-05 14:30:44.038528: Epoch time: 41.19 s
2026-08-05 14:30:44.879248: 
2026-08-05 14:30:44.879622: Epoch 377
2026-08-05 14:30:44.879737: Current learning rate: 0.00653
2026-08-05 14:31:25.873400: train_loss -0.8266
2026-08-05 14:31:25.873862: val_loss -0.7696
2026-08-05 14:31:25.874014: Pseudo dice [np.float32(0.698), np.float32(0.9141), np.float32(0.9371)]
2026-08-05 14:31:25.874162: Epoch time: 41.0 s
2026-08-05 14:31:26.768231: 
2026-08-05 14:31:26.768744: Epoch 378
2026-08-05 14:31:26.768960: Current learning rate: 0.00652
2026-08-05 14:32:07.931756: train_loss -0.8164
2026-08-05 14:32:08.160769: val_loss -0.7733
2026-08-05 14:32:08.161121: Pseudo dice [np.float32(0.7027), np.float32(0.9153), np.float32(0.9285)]
2026-08-05 14:32:08.161266: Epoch time: 41.17 s
2026-08-05 14:32:09.056855: 
2026-08-05 14:32:09.057298: Epoch 379
2026-08-05 14:32:09.057435: Current learning rate: 0.00651
2026-08-05 14:32:52.782636: train_loss -0.825
2026-08-05 14:32:52.782947: val_loss -0.781
2026-08-05 14:32:52.783069: Pseudo dice [np.float32(0.7063), np.float32(0.9215), np.float32(0.94)]
2026-08-05 14:32:52.783184: Epoch time: 43.73 s
2026-08-05 14:32:53.907224: 
2026-08-05 14:32:53.908137: Epoch 380
2026-08-05 14:32:53.908244: Current learning rate: 0.0065
2026-08-05 14:33:34.665135: train_loss -0.8224
2026-08-05 14:33:34.665482: val_loss -0.7844
2026-08-05 14:33:34.665540: Pseudo dice [np.float32(0.7107), np.float32(0.9236), np.float32(0.9364)]
2026-08-05 14:33:34.665596: Epoch time: 40.76 s
2026-08-05 14:33:36.629148: 
2026-08-05 14:33:36.629472: Epoch 381
2026-08-05 14:33:36.629578: Current learning rate: 0.00649
2026-08-05 14:34:17.843137: train_loss -0.8224
2026-08-05 14:34:17.843416: val_loss -0.7793
2026-08-05 14:34:17.843542: Pseudo dice [np.float32(0.7062), np.float32(0.9293), np.float32(0.9356)]
2026-08-05 14:34:17.843660: Epoch time: 41.22 s
2026-08-05 14:34:18.818485: 
2026-08-05 14:34:18.818865: Epoch 382
2026-08-05 14:34:18.818960: Current learning rate: 0.00648
2026-08-05 14:34:59.740961: train_loss -0.8352
2026-08-05 14:35:00.045503: val_loss -0.7873
2026-08-05 14:35:00.045768: Pseudo dice [np.float32(0.713), np.float32(0.9282), np.float32(0.9424)]
2026-08-05 14:35:00.045965: Epoch time: 40.93 s
2026-08-05 14:35:01.041831: 
2026-08-05 14:35:01.042304: Epoch 383
2026-08-05 14:35:01.042434: Current learning rate: 0.00648
2026-08-05 14:35:42.431293: train_loss -0.8349
2026-08-05 14:35:42.452544: val_loss -0.7596
2026-08-05 14:35:42.452735: Pseudo dice [np.float32(0.6943), np.float32(0.9181), np.float32(0.9297)]
2026-08-05 14:35:42.452918: Epoch time: 41.39 s
2026-08-05 14:35:43.328782: 
2026-08-05 14:35:43.329144: Epoch 384
2026-08-05 14:35:43.329259: Current learning rate: 0.00647
2026-08-05 14:36:24.333301: train_loss -0.8281
2026-08-05 14:36:24.500803: val_loss -0.7746
2026-08-05 14:36:24.501104: Pseudo dice [np.float32(0.7078), np.float32(0.9288), np.float32(0.9317)]
2026-08-05 14:36:24.501238: Epoch time: 41.01 s
2026-08-05 14:36:25.437194: 
2026-08-05 14:36:25.437489: Epoch 385
2026-08-05 14:36:25.437640: Current learning rate: 0.00646
2026-08-05 14:37:06.761864: train_loss -0.8293
2026-08-05 14:37:06.878311: val_loss -0.7809
2026-08-05 14:37:06.878613: Pseudo dice [np.float32(0.7087), np.float32(0.9237), np.float32(0.9379)]
2026-08-05 14:37:06.878811: Epoch time: 41.33 s
2026-08-05 14:37:08.127945: 
2026-08-05 14:37:08.128345: Epoch 386
2026-08-05 14:37:08.128458: Current learning rate: 0.00645
2026-08-05 14:37:49.320455: train_loss -0.8382
2026-08-05 14:37:49.372447: val_loss -0.7803
2026-08-05 14:37:49.372565: Pseudo dice [np.float32(0.7092), np.float32(0.9255), np.float32(0.9394)]
2026-08-05 14:37:49.372645: Epoch time: 41.2 s
2026-08-05 14:37:50.374011: 
2026-08-05 14:37:50.374433: Epoch 387
2026-08-05 14:37:50.374562: Current learning rate: 0.00644
2026-08-05 14:38:31.355441: train_loss -0.8419
2026-08-05 14:38:31.383471: val_loss -0.7665
2026-08-05 14:38:31.383668: Pseudo dice [np.float32(0.6997), np.float32(0.9171), np.float32(0.9322)]
2026-08-05 14:38:31.383738: Epoch time: 40.99 s
2026-08-05 14:38:33.428091: 
2026-08-05 14:38:33.428814: Epoch 388
2026-08-05 14:38:33.428937: Current learning rate: 0.00643
2026-08-05 14:39:14.417790: train_loss -0.8431
2026-08-05 14:39:14.485821: val_loss -0.7872
2026-08-05 14:39:14.485961: Pseudo dice [np.float32(0.7072), np.float32(0.9249), np.float32(0.9412)]
2026-08-05 14:39:14.486037: Epoch time: 40.99 s
2026-08-05 14:39:15.303296: 
2026-08-05 14:39:15.303593: Epoch 389
2026-08-05 14:39:15.303726: Current learning rate: 0.00642
2026-08-05 14:39:56.574228: train_loss -0.8434
2026-08-05 14:39:56.574472: val_loss -0.7818
2026-08-05 14:39:56.574524: Pseudo dice [np.float32(0.711), np.float32(0.9332), np.float32(0.9378)]
2026-08-05 14:39:56.574585: Epoch time: 41.27 s
2026-08-05 14:39:57.349568: 
2026-08-05 14:39:57.349939: Epoch 390
2026-08-05 14:39:57.350050: Current learning rate: 0.00641
2026-08-05 14:40:39.101558: train_loss -0.8388
2026-08-05 14:40:39.102415: val_loss -0.7845
2026-08-05 14:40:39.102651: Pseudo dice [np.float32(0.7118), np.float32(0.9283), np.float32(0.9403)]
2026-08-05 14:40:39.102859: Epoch time: 41.75 s
2026-08-05 14:40:40.175480: 
2026-08-05 14:40:40.175911: Epoch 391
2026-08-05 14:40:40.209302: Current learning rate: 0.0064
2026-08-05 14:41:21.560410: train_loss -0.8408
2026-08-05 14:41:21.560917: val_loss -0.7774
2026-08-05 14:41:21.561098: Pseudo dice [np.float32(0.7087), np.float32(0.9223), np.float32(0.9354)]
2026-08-05 14:41:21.561628: Epoch time: 41.39 s
2026-08-05 14:41:22.417493: 
2026-08-05 14:41:22.417876: Epoch 392
2026-08-05 14:41:22.417982: Current learning rate: 0.00639
2026-08-05 14:42:03.982386: train_loss -0.848
2026-08-05 14:42:03.982674: val_loss -0.7833
2026-08-05 14:42:03.982795: Pseudo dice [np.float32(0.7151), np.float32(0.9258), np.float32(0.9338)]
2026-08-05 14:42:03.982956: Epoch time: 41.57 s
2026-08-05 14:42:04.948136: 
2026-08-05 14:42:04.948698: Epoch 393
2026-08-05 14:42:04.948798: Current learning rate: 0.00638
2026-08-05 14:42:46.463577: train_loss -0.8474
2026-08-05 14:42:46.466016: val_loss -0.7784
2026-08-05 14:42:46.466304: Pseudo dice [np.float32(0.6941), np.float32(0.9225), np.float32(0.9346)]
2026-08-05 14:42:46.466479: Epoch time: 41.52 s
2026-08-05 14:42:47.959740: 
2026-08-05 14:42:47.960295: Epoch 394
2026-08-05 14:42:47.960548: Current learning rate: 0.00637
2026-08-05 14:43:34.769574: train_loss -0.8502
2026-08-05 14:43:35.057529: val_loss -0.7857
2026-08-05 14:43:35.057816: Pseudo dice [np.float32(0.7123), np.float32(0.9265), np.float32(0.9399)]
2026-08-05 14:43:35.058065: Epoch time: 46.81 s
2026-08-05 14:43:36.100075: 
2026-08-05 14:43:36.100413: Epoch 395
2026-08-05 14:43:36.100554: Current learning rate: 0.00636
2026-08-05 14:44:16.945628: train_loss -0.8525
2026-08-05 14:44:17.226784: val_loss -0.7855
2026-08-05 14:44:17.227130: Pseudo dice [np.float32(0.7176), np.float32(0.9293), np.float32(0.9372)]
2026-08-05 14:44:17.227468: Epoch time: 40.85 s
2026-08-05 14:44:18.353247: 
2026-08-05 14:44:18.353554: Epoch 396
2026-08-05 14:44:18.353687: Current learning rate: 0.00635
2026-08-05 14:44:59.334010: train_loss -0.8489
2026-08-05 14:45:01.245406: val_loss -0.781
2026-08-05 14:45:01.245576: Pseudo dice [np.float32(0.7094), np.float32(0.9276), np.float32(0.9382)]
2026-08-05 14:45:01.245749: Epoch time: 40.98 s
2026-08-05 14:45:02.503473: 
2026-08-05 14:45:02.503860: Epoch 397
2026-08-05 14:45:02.504040: Current learning rate: 0.00634
2026-08-05 14:45:43.498823: train_loss -0.84
2026-08-05 14:45:43.499172: val_loss -0.7785
2026-08-05 14:45:43.499230: Pseudo dice [np.float32(0.7067), np.float32(0.9296), np.float32(0.9353)]
2026-08-05 14:45:43.499308: Epoch time: 41.0 s
2026-08-05 14:45:44.533031: 
2026-08-05 14:45:44.533399: Epoch 398
2026-08-05 14:45:44.533549: Current learning rate: 0.00633
2026-08-05 14:46:25.644973: train_loss -0.8403
2026-08-05 14:46:26.183752: val_loss -0.7735
2026-08-05 14:46:26.183989: Pseudo dice [np.float32(0.7005), np.float32(0.9203), np.float32(0.9404)]
2026-08-05 14:46:26.184160: Epoch time: 41.12 s
2026-08-05 14:46:27.317097: 
2026-08-05 14:46:27.327457: Epoch 399
2026-08-05 14:46:27.327578: Current learning rate: 0.00632
2026-08-05 14:47:07.841116: train_loss -0.8416
2026-08-05 14:47:08.136450: val_loss -0.7844
2026-08-05 14:47:08.136750: Pseudo dice [np.float32(0.7088), np.float32(0.9237), np.float32(0.941)]
2026-08-05 14:47:08.137015: Epoch time: 40.53 s
2026-08-05 14:47:27.738700: 
2026-08-05 14:47:27.804657: Epoch 400
2026-08-05 14:47:27.804981: Current learning rate: 0.00631
2026-08-05 14:48:10.577713: train_loss -0.841
2026-08-05 14:48:10.578334: val_loss -0.7737
2026-08-05 14:48:10.578484: Pseudo dice [np.float32(0.7006), np.float32(0.9216), np.float32(0.9357)]
2026-08-05 14:48:10.578645: Epoch time: 42.84 s
2026-08-05 14:48:11.387875: 
2026-08-05 14:48:11.388193: Epoch 401
2026-08-05 14:48:11.388321: Current learning rate: 0.0063
2026-08-05 14:48:52.579196: train_loss -0.8379
2026-08-05 14:48:52.726376: val_loss -0.7663
2026-08-05 14:48:52.726523: Pseudo dice [np.float32(0.7003), np.float32(0.9129), np.float32(0.9306)]
2026-08-05 14:48:52.726604: Epoch time: 41.19 s
2026-08-05 14:48:53.865853: 
2026-08-05 14:48:53.866162: Epoch 402
2026-08-05 14:48:53.866309: Current learning rate: 0.0063
2026-08-05 14:49:34.774672: train_loss -0.8463
2026-08-05 14:49:34.775140: val_loss -0.7896
2026-08-05 14:49:34.775229: Pseudo dice [np.float32(0.7107), np.float32(0.9294), np.float32(0.9367)]
2026-08-05 14:49:34.775300: Epoch time: 40.91 s
2026-08-05 14:49:35.550917: 
2026-08-05 14:49:35.551290: Epoch 403
2026-08-05 14:49:35.551393: Current learning rate: 0.00629
2026-08-05 14:50:16.448618: train_loss -0.8459
2026-08-05 14:50:16.448905: val_loss -0.7828
2026-08-05 14:50:16.449008: Pseudo dice [np.float32(0.7165), np.float32(0.9276), np.float32(0.9385)]
2026-08-05 14:50:16.449104: Epoch time: 40.9 s
2026-08-05 14:50:17.275312: 
2026-08-05 14:50:17.275530: Epoch 404
2026-08-05 14:50:17.275631: Current learning rate: 0.00628
2026-08-05 14:50:58.424253: train_loss -0.8444
2026-08-05 14:50:58.576102: val_loss -0.7678
2026-08-05 14:50:58.576352: Pseudo dice [np.float32(0.7013), np.float32(0.9252), np.float32(0.9316)]
2026-08-05 14:50:58.576503: Epoch time: 41.15 s
2026-08-05 14:50:59.532887: 
2026-08-05 14:50:59.533225: Epoch 405
2026-08-05 14:50:59.533339: Current learning rate: 0.00627
2026-08-05 14:51:41.234515: train_loss -0.848
2026-08-05 14:51:41.295098: val_loss -0.7749
2026-08-05 14:51:41.295309: Pseudo dice [np.float32(0.7039), np.float32(0.9261), np.float32(0.9359)]
2026-08-05 14:51:41.295431: Epoch time: 41.7 s
2026-08-05 14:51:42.076435: 
2026-08-05 14:51:42.076795: Epoch 406
2026-08-05 14:51:42.076912: Current learning rate: 0.00626
2026-08-05 14:52:22.793096: train_loss -0.8527
2026-08-05 14:52:22.793633: val_loss -0.779
2026-08-05 14:52:22.793700: Pseudo dice [np.float32(0.707), np.float32(0.9294), np.float32(0.9356)]
2026-08-05 14:52:22.793769: Epoch time: 40.72 s
2026-08-05 14:52:24.514495: 
2026-08-05 14:52:24.514886: Epoch 407
2026-08-05 14:52:24.515022: Current learning rate: 0.00625
2026-08-05 14:53:10.147440: train_loss -0.8543
2026-08-05 14:53:10.148540: val_loss -0.7844
2026-08-05 14:53:10.148685: Pseudo dice [np.float32(0.7128), np.float32(0.9325), np.float32(0.9347)]
2026-08-05 14:53:10.148825: Epoch time: 45.64 s
2026-08-05 14:53:11.332298: 
2026-08-05 14:53:11.332660: Epoch 408
2026-08-05 14:53:11.332776: Current learning rate: 0.00624
2026-08-05 14:53:52.670468: train_loss -0.8546
2026-08-05 14:53:52.826123: val_loss -0.769
2026-08-05 14:53:52.826283: Pseudo dice [np.float32(0.6929), np.float32(0.9222), np.float32(0.9361)]
2026-08-05 14:53:52.826360: Epoch time: 41.34 s
2026-08-05 14:53:53.625309: 
2026-08-05 14:53:53.626809: Epoch 409
2026-08-05 14:53:53.626932: Current learning rate: 0.00623
2026-08-05 14:54:34.832754: train_loss -0.8543
2026-08-05 14:54:34.945401: val_loss -0.7921
2026-08-05 14:54:34.945611: Pseudo dice [np.float32(0.7206), np.float32(0.9345), np.float32(0.9389)]
2026-08-05 14:54:34.945741: Epoch time: 41.21 s
2026-08-05 14:54:35.943983: 
2026-08-05 14:54:35.944395: Epoch 410
2026-08-05 14:54:35.944514: Current learning rate: 0.00622
2026-08-05 14:55:17.173519: train_loss -0.8572
2026-08-05 14:55:17.217498: val_loss -0.7716
2026-08-05 14:55:17.217713: Pseudo dice [np.float32(0.7051), np.float32(0.9263), np.float32(0.9352)]
2026-08-05 14:55:17.217844: Epoch time: 41.23 s
2026-08-05 14:55:18.325922: 
2026-08-05 14:55:18.326333: Epoch 411
2026-08-05 14:55:18.326421: Current learning rate: 0.00621
2026-08-05 14:55:59.920444: train_loss -0.8544
2026-08-05 14:55:59.987629: val_loss -0.7828
2026-08-05 14:55:59.987765: Pseudo dice [np.float32(0.7039), np.float32(0.9269), np.float32(0.9366)]
2026-08-05 14:55:59.987859: Epoch time: 41.6 s
2026-08-05 14:56:01.026418: 
2026-08-05 14:56:01.026688: Epoch 412
2026-08-05 14:56:01.026781: Current learning rate: 0.0062
2026-08-05 14:56:42.417179: train_loss -0.8562
2026-08-05 14:56:42.592402: val_loss -0.787
2026-08-05 14:56:42.592547: Pseudo dice [np.float32(0.7197), np.float32(0.9365), np.float32(0.9364)]
2026-08-05 14:56:42.592622: Epoch time: 41.39 s
2026-08-05 14:56:43.695272: 
2026-08-05 14:56:43.695649: Epoch 413
2026-08-05 14:56:43.695786: Current learning rate: 0.00619
2026-08-05 14:57:25.197237: train_loss -0.8548
2026-08-05 14:57:25.222760: val_loss -0.7678
2026-08-05 14:57:25.223006: Pseudo dice [np.float32(0.6997), np.float32(0.9288), np.float32(0.9341)]
2026-08-05 14:57:25.223153: Epoch time: 41.5 s
2026-08-05 14:57:30.172462: 
2026-08-05 14:57:30.173145: Epoch 414
2026-08-05 14:57:30.173269: Current learning rate: 0.00618
2026-08-05 14:58:11.591244: train_loss -0.8409
2026-08-05 14:58:11.717025: val_loss -0.7764
2026-08-05 14:58:11.717243: Pseudo dice [np.float32(0.7066), np.float32(0.9263), np.float32(0.9333)]
2026-08-05 14:58:11.717330: Epoch time: 41.42 s
2026-08-05 14:58:12.625679: 
2026-08-05 14:58:12.656338: Epoch 415
2026-08-05 14:58:12.656543: Current learning rate: 0.00617
2026-08-05 14:58:54.066007: train_loss -0.8508
2026-08-05 14:58:54.066530: val_loss -0.7772
2026-08-05 14:58:54.066589: Pseudo dice [np.float32(0.7061), np.float32(0.9257), np.float32(0.9381)]
2026-08-05 14:58:54.066649: Epoch time: 41.44 s
2026-08-05 14:58:55.530033: 
2026-08-05 14:58:55.530519: Epoch 416
2026-08-05 14:58:55.530630: Current learning rate: 0.00616
2026-08-05 14:59:37.759188: train_loss -0.8503
2026-08-05 14:59:37.760223: val_loss -0.776
2026-08-05 14:59:37.760292: Pseudo dice [np.float32(0.7014), np.float32(0.9215), np.float32(0.939)]
2026-08-05 14:59:37.760373: Epoch time: 42.23 s
2026-08-05 14:59:39.540632: 
2026-08-05 14:59:39.541033: Epoch 417
2026-08-05 14:59:39.541180: Current learning rate: 0.00615
2026-08-05 15:00:21.433055: train_loss -0.8499
2026-08-05 15:00:21.445544: val_loss -0.7732
2026-08-05 15:00:21.445680: Pseudo dice [np.float32(0.6968), np.float32(0.9241), np.float32(0.936)]
2026-08-05 15:00:21.445758: Epoch time: 41.9 s
2026-08-05 15:00:23.106590: 
2026-08-05 15:00:23.106898: Epoch 418
2026-08-05 15:00:23.107007: Current learning rate: 0.00614
2026-08-05 15:01:15.055972: train_loss -0.8561
2026-08-05 15:01:15.056628: val_loss -0.7568
2026-08-05 15:01:15.056767: Pseudo dice [np.float32(0.6984), np.float32(0.9182), np.float32(0.9296)]
2026-08-05 15:01:15.056909: Epoch time: 51.96 s
2026-08-05 15:01:15.982686: 
2026-08-05 15:01:15.983102: Epoch 419
2026-08-05 15:01:15.983211: Current learning rate: 0.00613
2026-08-05 15:01:57.134947: train_loss -0.8514
2026-08-05 15:01:57.135179: val_loss -0.7607
2026-08-05 15:01:57.135324: Pseudo dice [np.float32(0.6976), np.float32(0.9165), np.float32(0.933)]
2026-08-05 15:01:57.135388: Epoch time: 41.16 s
2026-08-05 15:01:58.127877: 
2026-08-05 15:01:58.128363: Epoch 420
2026-08-05 15:01:58.128659: Current learning rate: 0.00612
2026-08-05 15:02:39.781488: train_loss -0.8444
2026-08-05 15:02:39.787161: val_loss -0.7693
2026-08-05 15:02:39.787286: Pseudo dice [np.float32(0.6911), np.float32(0.9296), np.float32(0.9412)]
2026-08-05 15:02:39.787365: Epoch time: 41.66 s
2026-08-05 15:02:40.660990: 
2026-08-05 15:02:40.661260: Epoch 421
2026-08-05 15:02:40.661366: Current learning rate: 0.00612
2026-08-05 15:03:25.766190: train_loss -0.8407
2026-08-05 15:03:25.766437: val_loss -0.7749
2026-08-05 15:03:25.766511: Pseudo dice [np.float32(0.6989), np.float32(0.9238), np.float32(0.9348)]
2026-08-05 15:03:25.766576: Epoch time: 45.11 s
2026-08-05 15:03:26.529248: 
2026-08-05 15:03:26.529563: Epoch 422
2026-08-05 15:03:26.529677: Current learning rate: 0.00611
2026-08-05 15:04:09.992443: train_loss -0.8455
2026-08-05 15:04:09.992837: val_loss -0.7758
2026-08-05 15:04:09.992928: Pseudo dice [np.float32(0.7042), np.float32(0.9219), np.float32(0.9354)]
2026-08-05 15:04:09.993014: Epoch time: 43.47 s
2026-08-05 15:04:11.050279: 
2026-08-05 15:04:11.050552: Epoch 423
2026-08-05 15:04:11.050803: Current learning rate: 0.0061
2026-08-05 15:04:52.031152: train_loss -0.8544
2026-08-05 15:04:52.031450: val_loss -0.7876
2026-08-05 15:04:52.031640: Pseudo dice [np.float32(0.7144), np.float32(0.9239), np.float32(0.9366)]
2026-08-05 15:04:52.032523: Epoch time: 40.98 s
2026-08-05 15:04:53.089481: 
2026-08-05 15:04:53.089712: Epoch 424
2026-08-05 15:04:53.089901: Current learning rate: 0.00609
2026-08-05 15:05:33.675421: train_loss -0.8545
2026-08-05 15:05:33.675720: val_loss -0.7769
2026-08-05 15:05:33.675805: Pseudo dice [np.float32(0.7075), np.float32(0.9271), np.float32(0.9366)]
2026-08-05 15:05:33.675868: Epoch time: 40.6 s
2026-08-05 15:05:34.473742: 
2026-08-05 15:05:34.474241: Epoch 425
2026-08-05 15:05:34.474386: Current learning rate: 0.00608
2026-08-05 15:06:15.833614: train_loss -0.841
2026-08-05 15:06:15.833858: val_loss -0.758
2026-08-05 15:06:15.833969: Pseudo dice [np.float32(0.6881), np.float32(0.9137), np.float32(0.9328)]
2026-08-05 15:06:15.834094: Epoch time: 41.36 s
2026-08-05 15:06:17.014653: 
2026-08-05 15:06:17.015053: Epoch 426
2026-08-05 15:06:17.015155: Current learning rate: 0.00607
2026-08-05 15:06:58.417725: train_loss -0.8366
2026-08-05 15:06:58.648775: val_loss -0.7538
2026-08-05 15:06:58.649081: Pseudo dice [np.float32(0.6793), np.float32(0.9145), np.float32(0.9317)]
2026-08-05 15:06:58.649231: Epoch time: 41.41 s
2026-08-05 15:06:59.736942: 
2026-08-05 15:06:59.738556: Epoch 427
2026-08-05 15:06:59.738688: Current learning rate: 0.00606
2026-08-05 15:07:41.293081: train_loss -0.8226
2026-08-05 15:07:41.293773: val_loss -0.7757
2026-08-05 15:07:41.294040: Pseudo dice [np.float32(0.6981), np.float32(0.9215), np.float32(0.9348)]
2026-08-05 15:07:41.294310: Epoch time: 41.56 s
2026-08-05 15:07:42.661637: 
2026-08-05 15:07:42.662637: Epoch 428
2026-08-05 15:07:42.662736: Current learning rate: 0.00605
2026-08-05 15:08:26.211199: train_loss -0.8386
2026-08-05 15:08:26.211843: val_loss -0.788
2026-08-05 15:08:26.211923: Pseudo dice [np.float32(0.7136), np.float32(0.9332), np.float32(0.9408)]
2026-08-05 15:08:26.211995: Epoch time: 43.55 s
2026-08-05 15:08:27.202175: 
2026-08-05 15:08:27.202584: Epoch 429
2026-08-05 15:08:27.202735: Current learning rate: 0.00604
2026-08-05 15:09:08.333187: train_loss -0.8438
2026-08-05 15:09:08.333556: val_loss -0.7696
2026-08-05 15:09:08.333729: Pseudo dice [np.float32(0.6967), np.float32(0.9281), np.float32(0.9393)]
2026-08-05 15:09:08.333837: Epoch time: 41.14 s
2026-08-05 15:09:09.150826: 
2026-08-05 15:09:09.151199: Epoch 430
2026-08-05 15:09:09.151288: Current learning rate: 0.00603
2026-08-05 15:09:50.186525: train_loss -0.839
2026-08-05 15:09:50.186995: val_loss -0.7675
2026-08-05 15:09:50.187066: Pseudo dice [np.float32(0.6973), np.float32(0.9214), np.float32(0.9273)]
2026-08-05 15:09:50.187178: Epoch time: 41.04 s
2026-08-05 15:09:50.967394: 
2026-08-05 15:09:50.967689: Epoch 431
2026-08-05 15:09:50.967831: Current learning rate: 0.00602
2026-08-05 15:10:32.296629: train_loss -0.8398
2026-08-05 15:10:32.296854: val_loss -0.7683
2026-08-05 15:10:32.296923: Pseudo dice [np.float32(0.7016), np.float32(0.9182), np.float32(0.9352)]
2026-08-05 15:10:32.296983: Epoch time: 41.33 s
2026-08-05 15:10:33.044358: 
2026-08-05 15:10:33.044722: Epoch 432
2026-08-05 15:10:33.044827: Current learning rate: 0.00601
2026-08-05 15:11:14.141948: train_loss -0.8499
2026-08-05 15:11:14.142695: val_loss -0.7644
2026-08-05 15:11:14.142770: Pseudo dice [np.float32(0.694), np.float32(0.9134), np.float32(0.9303)]
2026-08-05 15:11:14.142842: Epoch time: 41.1 s
2026-08-05 15:11:15.127030: 
2026-08-05 15:11:15.127381: Epoch 433
2026-08-05 15:11:15.127504: Current learning rate: 0.006
2026-08-05 15:11:55.693403: train_loss -0.8491
2026-08-05 15:11:55.694267: val_loss -0.7856
2026-08-05 15:11:55.694338: Pseudo dice [np.float32(0.7141), np.float32(0.9297), np.float32(0.9403)]
2026-08-05 15:11:55.694403: Epoch time: 40.57 s
2026-08-05 15:11:56.505170: 
2026-08-05 15:11:56.505461: Epoch 434
2026-08-05 15:11:56.505553: Current learning rate: 0.00599
2026-08-05 15:12:37.700987: train_loss -0.8471
2026-08-05 15:12:38.335151: val_loss -0.7829
2026-08-05 15:12:38.335371: Pseudo dice [np.float32(0.7092), np.float32(0.9306), np.float32(0.9369)]
2026-08-05 15:12:38.335513: Epoch time: 41.2 s
2026-08-05 15:12:42.112645: 
2026-08-05 15:12:42.113753: Epoch 435
2026-08-05 15:12:42.113867: Current learning rate: 0.00598
2026-08-05 15:13:23.195108: train_loss -0.8519
2026-08-05 15:13:23.247213: val_loss -0.7794
2026-08-05 15:13:23.247442: Pseudo dice [np.float32(0.713), np.float32(0.9256), np.float32(0.9371)]
2026-08-05 15:13:23.291286: Epoch time: 41.09 s
2026-08-05 15:13:24.689800: 
2026-08-05 15:13:24.690125: Epoch 436
2026-08-05 15:13:24.690287: Current learning rate: 0.00597
2026-08-05 15:14:05.935496: train_loss -0.8532
2026-08-05 15:14:06.312557: val_loss -0.7777
2026-08-05 15:14:06.312697: Pseudo dice [np.float32(0.7087), np.float32(0.9234), np.float32(0.937)]
2026-08-05 15:14:06.312791: Epoch time: 41.25 s
2026-08-05 15:14:07.214963: 
2026-08-05 15:14:07.215285: Epoch 437
2026-08-05 15:14:07.215379: Current learning rate: 0.00596
2026-08-05 15:14:48.310475: train_loss -0.8519
2026-08-05 15:14:51.023205: val_loss -0.7751
2026-08-05 15:14:51.023448: Pseudo dice [np.float32(0.7084), np.float32(0.9203), np.float32(0.9372)]
2026-08-05 15:14:51.023581: Epoch time: 41.1 s
2026-08-05 15:14:52.031281: 
2026-08-05 15:14:52.031807: Epoch 438
2026-08-05 15:14:52.031925: Current learning rate: 0.00595
2026-08-05 15:15:32.952828: train_loss -0.8554
2026-08-05 15:15:32.953454: val_loss -0.7717
2026-08-05 15:15:32.953573: Pseudo dice [np.float32(0.6969), np.float32(0.9245), np.float32(0.9321)]
2026-08-05 15:15:32.953754: Epoch time: 40.92 s
2026-08-05 15:15:33.875643: 
2026-08-05 15:15:33.876116: Epoch 439
2026-08-05 15:15:33.876222: Current learning rate: 0.00594
2026-08-05 15:16:14.509671: train_loss -0.8251
2026-08-05 15:16:14.511332: val_loss -0.745
2026-08-05 15:16:14.511406: Pseudo dice [np.float32(0.6792), np.float32(0.905), np.float32(0.9207)]
2026-08-05 15:16:14.511480: Epoch time: 40.64 s
2026-08-05 15:16:15.472700: 
2026-08-05 15:16:15.473104: Epoch 440
2026-08-05 15:16:15.473228: Current learning rate: 0.00593
2026-08-05 15:16:56.068588: train_loss -0.8034
2026-08-05 15:16:56.069221: val_loss -0.7694
2026-08-05 15:16:56.069313: Pseudo dice [np.float32(0.697), np.float32(0.9201), np.float32(0.9329)]
2026-08-05 15:16:56.069378: Epoch time: 40.6 s
2026-08-05 15:16:57.028596: 
2026-08-05 15:16:57.028881: Epoch 441
2026-08-05 15:16:57.029138: Current learning rate: 0.00592
2026-08-05 15:17:37.434503: train_loss -0.8208
2026-08-05 15:17:37.552642: val_loss -0.7622
2026-08-05 15:17:37.552780: Pseudo dice [np.float32(0.697), np.float32(0.9094), np.float32(0.9311)]
2026-08-05 15:17:37.552869: Epoch time: 40.41 s
2026-08-05 15:17:40.915696: 
2026-08-05 15:17:40.916129: Epoch 442
2026-08-05 15:17:40.916268: Current learning rate: 0.00592
2026-08-05 15:18:21.553333: train_loss -0.8197
2026-08-05 15:18:21.553796: val_loss -0.7616
2026-08-05 15:18:21.553868: Pseudo dice [np.float32(0.6996), np.float32(0.9147), np.float32(0.9328)]
2026-08-05 15:18:21.553951: Epoch time: 40.64 s
2026-08-05 15:18:22.506562: 
2026-08-05 15:18:22.506880: Epoch 443
2026-08-05 15:18:22.507029: Current learning rate: 0.00591
2026-08-05 15:19:03.485928: train_loss -0.8
2026-08-05 15:19:03.486341: val_loss -0.7749
2026-08-05 15:19:03.486468: Pseudo dice [np.float32(0.7097), np.float32(0.919), np.float32(0.9331)]
2026-08-05 15:19:03.486608: Epoch time: 40.98 s
2026-08-05 15:19:04.287889: 
2026-08-05 15:19:04.288249: Epoch 444
2026-08-05 15:19:04.288347: Current learning rate: 0.0059
2026-08-05 15:19:45.244676: train_loss -0.8084
2026-08-05 15:19:45.245001: val_loss -0.758
2026-08-05 15:19:45.245090: Pseudo dice [np.float32(0.6934), np.float32(0.9098), np.float32(0.9331)]
2026-08-05 15:19:45.245174: Epoch time: 40.96 s
2026-08-05 15:19:46.355715: 
2026-08-05 15:19:46.356138: Epoch 445
2026-08-05 15:19:46.356225: Current learning rate: 0.00589
2026-08-05 15:20:27.180953: train_loss -0.8127
2026-08-05 15:20:27.181519: val_loss -0.7403
2026-08-05 15:20:27.181664: Pseudo dice [np.float32(0.6819), np.float32(0.9073), np.float32(0.9321)]
2026-08-05 15:20:27.181792: Epoch time: 40.83 s
2026-08-05 15:20:28.028805: 
2026-08-05 15:20:28.029125: Epoch 446
2026-08-05 15:20:28.029241: Current learning rate: 0.00588
2026-08-05 15:21:09.062418: train_loss -0.7586
2026-08-05 15:21:09.062642: val_loss -0.7203
2026-08-05 15:21:09.062700: Pseudo dice [np.float32(0.666), np.float32(0.8938), np.float32(0.9246)]
2026-08-05 15:21:09.062760: Epoch time: 41.04 s
2026-08-05 15:21:09.814012: 
2026-08-05 15:21:09.814302: Epoch 447
2026-08-05 15:21:09.814445: Current learning rate: 0.00587
2026-08-05 15:21:50.817556: train_loss -0.7606
2026-08-05 15:21:50.819149: val_loss -0.7404
2026-08-05 15:21:50.819222: Pseudo dice [np.float32(0.6802), np.float32(0.9176), np.float32(0.9248)]
2026-08-05 15:21:50.819307: Epoch time: 41.01 s
2026-08-05 15:21:52.162222: 
2026-08-05 15:21:52.162501: Epoch 448
2026-08-05 15:21:52.162708: Current learning rate: 0.00586
2026-08-05 15:22:33.191526: train_loss -0.7889
2026-08-05 15:22:33.200725: val_loss -0.7707
2026-08-05 15:22:33.200799: Pseudo dice [np.float32(0.7028), np.float32(0.9175), np.float32(0.9354)]
2026-08-05 15:22:33.200857: Epoch time: 41.03 s
2026-08-05 15:22:34.534105: 
2026-08-05 15:22:34.534466: Epoch 449
2026-08-05 15:22:34.534569: Current learning rate: 0.00585
2026-08-05 15:23:17.196498: train_loss -0.8112
2026-08-05 15:23:17.225625: val_loss -0.7591
2026-08-05 15:23:17.225735: Pseudo dice [np.float32(0.6945), np.float32(0.9087), np.float32(0.9266)]
2026-08-05 15:23:17.225800: Epoch time: 42.67 s
2026-08-05 15:23:23.302142: 
2026-08-05 15:23:23.302481: Epoch 450
2026-08-05 15:23:23.302585: Current learning rate: 0.00584
2026-08-05 15:24:04.294364: train_loss -0.8247
2026-08-05 15:24:04.297949: val_loss -0.7704
2026-08-05 15:24:04.298103: Pseudo dice [np.float32(0.7054), np.float32(0.9227), np.float32(0.9331)]
2026-08-05 15:24:04.298228: Epoch time: 40.99 s
2026-08-05 15:24:05.159692: 
2026-08-05 15:24:05.160199: Epoch 451
2026-08-05 15:24:05.160318: Current learning rate: 0.00583
2026-08-05 15:24:46.359338: train_loss -0.8348
2026-08-05 15:24:46.359957: val_loss -0.7847
2026-08-05 15:24:46.360099: Pseudo dice [np.float32(0.7197), np.float32(0.927), np.float32(0.939)]
2026-08-05 15:24:46.360219: Epoch time: 41.2 s
2026-08-05 15:24:47.412056: 
2026-08-05 15:24:47.412317: Epoch 452
2026-08-05 15:24:47.412525: Current learning rate: 0.00582
2026-08-05 15:25:28.477449: train_loss -0.8426
2026-08-05 15:25:28.477695: val_loss -0.78
2026-08-05 15:25:28.477754: Pseudo dice [np.float32(0.7101), np.float32(0.9247), np.float32(0.9314)]
2026-08-05 15:25:28.477812: Epoch time: 41.07 s
2026-08-05 15:25:29.286583: 
2026-08-05 15:25:29.286886: Epoch 453
2026-08-05 15:25:29.287108: Current learning rate: 0.00581
2026-08-05 15:26:10.404943: train_loss -0.846
2026-08-05 15:26:10.405303: val_loss -0.7674
2026-08-05 15:26:10.405432: Pseudo dice [np.float32(0.6968), np.float32(0.9224), np.float32(0.9328)]
2026-08-05 15:26:10.405551: Epoch time: 41.13 s
2026-08-05 15:26:11.193691: 
2026-08-05 15:26:11.194019: Epoch 454
2026-08-05 15:26:11.194169: Current learning rate: 0.0058
2026-08-05 15:26:52.185450: train_loss -0.8483
2026-08-05 15:26:52.186361: val_loss -0.772
2026-08-05 15:26:52.186527: Pseudo dice [np.float32(0.7029), np.float32(0.9309), np.float32(0.936)]
2026-08-05 15:26:52.186678: Epoch time: 40.99 s
2026-08-05 15:26:52.991082: 
2026-08-05 15:26:52.991357: Epoch 455
2026-08-05 15:26:52.991531: Current learning rate: 0.00579
2026-08-05 15:27:33.959915: train_loss -0.8515
2026-08-05 15:27:33.960424: val_loss -0.7817
2026-08-05 15:27:33.960561: Pseudo dice [np.float32(0.7195), np.float32(0.9301), np.float32(0.9363)]
2026-08-05 15:27:33.960678: Epoch time: 40.97 s
2026-08-05 15:27:35.259819: 
2026-08-05 15:27:35.260050: Epoch 456
2026-08-05 15:27:35.260138: Current learning rate: 0.00578
2026-08-05 15:28:18.168867: train_loss -0.8527
2026-08-05 15:28:18.169046: val_loss -0.7755
2026-08-05 15:28:18.169098: Pseudo dice [np.float32(0.7122), np.float32(0.9267), np.float32(0.9353)]
2026-08-05 15:28:18.169156: Epoch time: 42.91 s
2026-08-05 15:28:18.910727: 
2026-08-05 15:28:18.911035: Epoch 457
2026-08-05 15:28:18.911276: Current learning rate: 0.00577
2026-08-05 15:28:59.928594: train_loss -0.8534
2026-08-05 15:28:59.928999: val_loss -0.7718
2026-08-05 15:28:59.929059: Pseudo dice [np.float32(0.7021), np.float32(0.9281), np.float32(0.933)]
2026-08-05 15:28:59.929115: Epoch time: 41.02 s
2026-08-05 15:29:00.656396: 
2026-08-05 15:29:00.656646: Epoch 458
2026-08-05 15:29:00.750220: Current learning rate: 0.00576
2026-08-05 15:29:41.685832: train_loss -0.8493
2026-08-05 15:29:41.686542: val_loss -0.7793
2026-08-05 15:29:41.686691: Pseudo dice [np.float32(0.7085), np.float32(0.9284), np.float32(0.9376)]
2026-08-05 15:29:41.686835: Epoch time: 41.03 s
2026-08-05 15:29:42.838178: 
2026-08-05 15:29:42.838755: Epoch 459
2026-08-05 15:29:42.838860: Current learning rate: 0.00575
2026-08-05 15:30:23.640531: train_loss -0.8529
2026-08-05 15:30:23.642064: val_loss -0.7924
2026-08-05 15:30:23.642197: Pseudo dice [np.float32(0.713), np.float32(0.9314), np.float32(0.9395)]
2026-08-05 15:30:23.642301: Epoch time: 40.81 s
2026-08-05 15:30:24.435948: 
2026-08-05 15:30:24.436332: Epoch 460
2026-08-05 15:30:24.436452: Current learning rate: 0.00574
2026-08-05 15:31:05.499061: train_loss -0.8553
2026-08-05 15:31:05.499635: val_loss -0.7746
2026-08-05 15:31:05.499776: Pseudo dice [np.float32(0.7013), np.float32(0.9289), np.float32(0.9307)]
2026-08-05 15:31:05.499919: Epoch time: 41.07 s
2026-08-05 15:31:06.349509: 
2026-08-05 15:31:06.349862: Epoch 461
2026-08-05 15:31:06.349986: Current learning rate: 0.00573
2026-08-05 15:31:47.585351: train_loss -0.8564
2026-08-05 15:31:47.585641: val_loss -0.7795
2026-08-05 15:31:47.585910: Pseudo dice [np.float32(0.7089), np.float32(0.9329), np.float32(0.9386)]
2026-08-05 15:31:47.586040: Epoch time: 41.24 s
2026-08-05 15:31:49.318900: 
2026-08-05 15:31:49.319165: Epoch 462
2026-08-05 15:31:49.319321: Current learning rate: 0.00572
2026-08-05 15:32:30.270764: train_loss -0.8565
2026-08-05 15:32:30.271599: val_loss -0.7808
2026-08-05 15:32:30.271664: Pseudo dice [np.float32(0.7037), np.float32(0.9286), np.float32(0.9382)]
2026-08-05 15:32:30.271728: Epoch time: 40.95 s
2026-08-05 15:32:31.477971: 
2026-08-05 15:32:31.478370: Epoch 463
2026-08-05 15:32:31.478471: Current learning rate: 0.00571
2026-08-05 15:33:14.273117: train_loss -0.8565
2026-08-05 15:33:14.932215: val_loss -0.7787
2026-08-05 15:33:14.932365: Pseudo dice [np.float32(0.7069), np.float32(0.9282), np.float32(0.936)]
2026-08-05 15:33:14.932435: Epoch time: 42.8 s
2026-08-05 15:33:15.873577: 
2026-08-05 15:33:15.873889: Epoch 464
2026-08-05 15:33:15.874012: Current learning rate: 0.0057
2026-08-05 15:33:56.915308: train_loss -0.8569
2026-08-05 15:33:56.950912: val_loss -0.7807
2026-08-05 15:33:56.951037: Pseudo dice [np.float32(0.7138), np.float32(0.934), np.float32(0.9324)]
2026-08-05 15:33:56.951110: Epoch time: 41.04 s
2026-08-05 15:33:57.716230: 
2026-08-05 15:33:57.716574: Epoch 465
2026-08-05 15:33:57.716671: Current learning rate: 0.0057
2026-08-05 15:34:38.917560: train_loss -0.8612
2026-08-05 15:34:38.918216: val_loss -0.7737
2026-08-05 15:34:38.918368: Pseudo dice [np.float32(0.7071), np.float32(0.9266), np.float32(0.9342)]
2026-08-05 15:34:38.918490: Epoch time: 41.2 s
2026-08-05 15:34:39.877078: 
2026-08-05 15:34:39.877376: Epoch 466
2026-08-05 15:34:39.877505: Current learning rate: 0.00569
2026-08-05 15:35:20.661156: train_loss -0.8482
2026-08-05 15:35:20.661720: val_loss -0.7731
2026-08-05 15:35:20.661852: Pseudo dice [np.float32(0.7063), np.float32(0.9285), np.float32(0.9395)]
2026-08-05 15:35:20.661987: Epoch time: 40.79 s
2026-08-05 15:35:22.307542: 
2026-08-05 15:35:22.307959: Epoch 467
2026-08-05 15:35:22.308067: Current learning rate: 0.00568
2026-08-05 15:36:03.346462: train_loss -0.8405
2026-08-05 15:36:03.346914: val_loss -0.7602
2026-08-05 15:36:03.346973: Pseudo dice [np.float32(0.6977), np.float32(0.9098), np.float32(0.9291)]
2026-08-05 15:36:03.347041: Epoch time: 41.04 s
2026-08-05 15:36:04.132009: 
2026-08-05 15:36:04.132321: Epoch 468
2026-08-05 15:36:04.132505: Current learning rate: 0.00567
2026-08-05 15:36:45.154956: train_loss -0.8377
2026-08-05 15:36:45.767864: val_loss -0.7684
2026-08-05 15:36:45.768040: Pseudo dice [np.float32(0.7021), np.float32(0.9206), np.float32(0.9349)]
2026-08-05 15:36:45.768116: Epoch time: 41.03 s
2026-08-05 15:36:47.642697: 
2026-08-05 15:36:47.643019: Epoch 469
2026-08-05 15:36:47.643150: Current learning rate: 0.00566
2026-08-05 15:37:28.782513: train_loss -0.8362
2026-08-05 15:37:28.782735: val_loss -0.771
2026-08-05 15:37:28.782884: Pseudo dice [np.float32(0.6993), np.float32(0.9312), np.float32(0.9299)]
2026-08-05 15:37:28.782987: Epoch time: 41.14 s
2026-08-05 15:37:29.847646: 
2026-08-05 15:37:29.848049: Epoch 470
2026-08-05 15:37:29.848179: Current learning rate: 0.00565
2026-08-05 15:38:12.955596: train_loss -0.8459
2026-08-05 15:38:12.956223: val_loss -0.769
2026-08-05 15:38:12.956363: Pseudo dice [np.float32(0.6926), np.float32(0.9271), np.float32(0.9347)]
2026-08-05 15:38:12.956477: Epoch time: 43.11 s
2026-08-05 15:38:13.818710: 
2026-08-05 15:38:13.819105: Epoch 471
2026-08-05 15:38:13.819200: Current learning rate: 0.00564
2026-08-05 15:38:54.932339: train_loss -0.847
2026-08-05 15:38:54.932745: val_loss -0.7908
2026-08-05 15:38:54.932807: Pseudo dice [np.float32(0.7217), np.float32(0.9262), np.float32(0.9383)]
2026-08-05 15:38:54.932865: Epoch time: 41.12 s
2026-08-05 15:38:55.662521: 
2026-08-05 15:38:55.662850: Epoch 472
2026-08-05 15:38:55.663014: Current learning rate: 0.00563
2026-08-05 15:39:36.107835: train_loss -0.8567
2026-08-05 15:39:36.108399: val_loss -0.767
2026-08-05 15:39:36.108474: Pseudo dice [np.float32(0.691), np.float32(0.9304), np.float32(0.937)]
2026-08-05 15:39:36.108547: Epoch time: 40.45 s
2026-08-05 15:39:37.051552: 
2026-08-05 15:39:37.051945: Epoch 473
2026-08-05 15:39:37.052067: Current learning rate: 0.00562
2026-08-05 15:40:18.068752: train_loss -0.8581
2026-08-05 15:40:18.069404: val_loss -0.7732
2026-08-05 15:40:18.069543: Pseudo dice [np.float32(0.7041), np.float32(0.9238), np.float32(0.9341)]
2026-08-05 15:40:18.069764: Epoch time: 41.02 s
2026-08-05 15:40:18.915389: 
2026-08-05 15:40:18.915639: Epoch 474
2026-08-05 15:40:18.915883: Current learning rate: 0.00561
2026-08-05 15:40:59.896991: train_loss -0.857
2026-08-05 15:40:59.897440: val_loss -0.7816
2026-08-05 15:40:59.897609: Pseudo dice [np.float32(0.7097), np.float32(0.9297), np.float32(0.9392)]
2026-08-05 15:40:59.897728: Epoch time: 40.98 s
2026-08-05 15:41:01.234817: 
2026-08-05 15:41:01.235200: Epoch 475
2026-08-05 15:41:01.235303: Current learning rate: 0.0056
2026-08-05 15:41:42.074332: train_loss -0.8531
2026-08-05 15:41:42.074509: val_loss -0.7678
2026-08-05 15:41:42.074564: Pseudo dice [np.float32(0.6994), np.float32(0.926), np.float32(0.9371)]
2026-08-05 15:41:42.074621: Epoch time: 40.84 s
2026-08-05 15:41:42.846459: 
2026-08-05 15:41:42.846870: Epoch 476
2026-08-05 15:41:42.846990: Current learning rate: 0.00559
2026-08-05 15:42:23.843931: train_loss -0.8516
2026-08-05 15:42:23.844191: val_loss -0.7609
2026-08-05 15:42:23.844244: Pseudo dice [np.float32(0.6941), np.float32(0.9272), np.float32(0.9284)]
2026-08-05 15:42:23.844305: Epoch time: 41.0 s
2026-08-05 15:42:24.608481: 
2026-08-05 15:42:24.608803: Epoch 477
2026-08-05 15:42:24.608940: Current learning rate: 0.00558
2026-08-05 15:43:06.898306: train_loss -0.8501
2026-08-05 15:43:06.898642: val_loss -0.7779
2026-08-05 15:43:06.898920: Pseudo dice [np.float32(0.7084), np.float32(0.9264), np.float32(0.938)]
2026-08-05 15:43:06.899049: Epoch time: 42.29 s
2026-08-05 15:43:07.704650: 
2026-08-05 15:43:07.705056: Epoch 478
2026-08-05 15:43:07.705163: Current learning rate: 0.00557
2026-08-05 15:43:48.379952: train_loss -0.8615
2026-08-05 15:43:48.380284: val_loss -0.7825
2026-08-05 15:43:48.380396: Pseudo dice [np.float32(0.7098), np.float32(0.932), np.float32(0.9377)]
2026-08-05 15:43:48.380493: Epoch time: 40.68 s
2026-08-05 15:43:49.268514: 
2026-08-05 15:43:49.269028: Epoch 479
2026-08-05 15:43:49.269124: Current learning rate: 0.00556
2026-08-05 15:44:30.382659: train_loss -0.8595
2026-08-05 15:44:30.382977: val_loss -0.7794
2026-08-05 15:44:30.383111: Pseudo dice [np.float32(0.714), np.float32(0.9293), np.float32(0.9367)]
2026-08-05 15:44:30.383229: Epoch time: 41.12 s
2026-08-05 15:44:31.229867: 
2026-08-05 15:44:31.230236: Epoch 480
2026-08-05 15:44:31.230340: Current learning rate: 0.00555
2026-08-05 15:45:12.523429: train_loss -0.8624
2026-08-05 15:45:12.554951: val_loss -0.7795
2026-08-05 15:45:12.555051: Pseudo dice [np.float32(0.7058), np.float32(0.9286), np.float32(0.9372)]
2026-08-05 15:45:12.555118: Epoch time: 41.3 s
2026-08-05 15:45:13.482951: 
2026-08-05 15:45:13.483310: Epoch 481
2026-08-05 15:45:13.483468: Current learning rate: 0.00554
2026-08-05 15:45:54.566855: train_loss -0.8606
2026-08-05 15:45:54.829787: val_loss -0.7801
2026-08-05 15:45:54.830041: Pseudo dice [np.float32(0.7059), np.float32(0.9299), np.float32(0.9321)]
2026-08-05 15:45:54.830175: Epoch time: 41.09 s
2026-08-05 15:45:56.041320: 
2026-08-05 15:45:56.041771: Epoch 482
2026-08-05 15:45:56.041878: Current learning rate: 0.00553
2026-08-05 15:46:37.045244: train_loss -0.8638
2026-08-05 15:46:37.057185: val_loss -0.7794
2026-08-05 15:46:37.057309: Pseudo dice [np.float32(0.711), np.float32(0.9316), np.float32(0.938)]
2026-08-05 15:46:37.057509: Epoch time: 41.01 s
2026-08-05 15:46:38.062796: 
2026-08-05 15:46:38.063022: Epoch 483
2026-08-05 15:46:38.063170: Current learning rate: 0.00552
2026-08-05 15:47:19.201288: train_loss -0.868
2026-08-05 15:47:19.384715: val_loss -0.7852
2026-08-05 15:47:19.384848: Pseudo dice [np.float32(0.7134), np.float32(0.9308), np.float32(0.9363)]
2026-08-05 15:47:19.385077: Epoch time: 41.14 s
2026-08-05 15:47:20.373631: 
2026-08-05 15:47:20.373968: Epoch 484
2026-08-05 15:47:20.374099: Current learning rate: 0.00551
2026-08-05 15:48:02.072455: train_loss -0.8617
2026-08-05 15:48:02.073025: val_loss -0.7903
2026-08-05 15:48:02.073086: Pseudo dice [np.float32(0.7227), np.float32(0.932), np.float32(0.9426)]
2026-08-05 15:48:02.073153: Epoch time: 41.7 s
2026-08-05 15:48:02.923819: 
2026-08-05 15:48:02.924327: Epoch 485
2026-08-05 15:48:02.924618: Current learning rate: 0.0055
2026-08-05 15:48:44.412071: train_loss -0.8643
2026-08-05 15:48:44.412375: val_loss -0.7974
2026-08-05 15:48:44.412437: Pseudo dice [np.float32(0.7208), np.float32(0.9347), np.float32(0.9397)]
2026-08-05 15:48:44.412503: Epoch time: 41.49 s
2026-08-05 15:48:45.374409: 
2026-08-05 15:48:45.374845: Epoch 486
2026-08-05 15:48:45.375011: Current learning rate: 0.00549
2026-08-05 15:49:26.009040: train_loss -0.8618
2026-08-05 15:49:26.009442: val_loss -0.7829
2026-08-05 15:49:26.009546: Pseudo dice [np.float32(0.7186), np.float32(0.9344), np.float32(0.9322)]
2026-08-05 15:49:26.009644: Epoch time: 40.64 s
2026-08-05 15:49:26.009720: Yayy! New best EMA pseudo Dice: 0.8586999773979187
2026-08-05 15:49:40.481135: 
2026-08-05 15:49:40.481424: Epoch 487
2026-08-05 15:49:40.481571: Current learning rate: 0.00548
2026-08-05 15:50:21.771882: train_loss -0.8662
2026-08-05 15:50:21.772203: val_loss -0.7879
2026-08-05 15:50:21.772310: Pseudo dice [np.float32(0.7105), np.float32(0.9352), np.float32(0.9382)]
2026-08-05 15:50:21.772409: Epoch time: 41.29 s
2026-08-05 15:50:21.772476: Yayy! New best EMA pseudo Dice: 0.859000027179718
2026-08-05 15:50:30.869072: 
2026-08-05 15:50:30.869451: Epoch 488
2026-08-05 15:50:30.869578: Current learning rate: 0.00547
2026-08-05 15:51:12.009044: train_loss -0.8621
2026-08-05 15:51:12.348803: val_loss -0.7853
2026-08-05 15:51:12.349034: Pseudo dice [np.float32(0.7116), np.float32(0.9306), np.float32(0.9392)]
2026-08-05 15:51:12.349167: Epoch time: 41.14 s
2026-08-05 15:51:12.349259: Yayy! New best EMA pseudo Dice: 0.8590999841690063
2026-08-05 15:51:20.103220: 
2026-08-05 15:51:20.103516: Epoch 489
2026-08-05 15:51:20.103629: Current learning rate: 0.00546
2026-08-05 15:52:01.097749: train_loss -0.8686
2026-08-05 15:52:01.098004: val_loss -0.7812
2026-08-05 15:52:01.098065: Pseudo dice [np.float32(0.7149), np.float32(0.9291), np.float32(0.9357)]
2026-08-05 15:52:01.098124: Epoch time: 41.0 s
2026-08-05 15:52:01.098205: Yayy! New best EMA pseudo Dice: 0.8592000007629395
2026-08-05 15:52:12.346841: 
2026-08-05 15:52:12.347151: Epoch 490
2026-08-05 15:52:12.347259: Current learning rate: 0.00546
2026-08-05 15:52:54.045132: train_loss -0.8625
2026-08-05 15:52:54.045469: val_loss -0.7918
2026-08-05 15:52:54.045779: Pseudo dice [np.float32(0.7116), np.float32(0.9346), np.float32(0.9387)]
2026-08-05 15:52:54.045994: Epoch time: 41.7 s
2026-08-05 15:52:54.046109: Yayy! New best EMA pseudo Dice: 0.8593999743461609
2026-08-05 15:53:03.528354: 
2026-08-05 15:53:03.528715: Epoch 491
2026-08-05 15:53:03.528812: Current learning rate: 0.00545
2026-08-05 15:53:44.393278: train_loss -0.8653
2026-08-05 15:53:44.393503: val_loss -0.7768
2026-08-05 15:53:44.393562: Pseudo dice [np.float32(0.7092), np.float32(0.9276), np.float32(0.9351)]
2026-08-05 15:53:44.393618: Epoch time: 40.87 s
2026-08-05 15:53:45.115538: 
2026-08-05 15:53:45.115950: Epoch 492
2026-08-05 15:53:45.116055: Current learning rate: 0.00544
2026-08-05 15:54:26.392407: train_loss -0.865
2026-08-05 15:54:26.392770: val_loss -0.783
2026-08-05 15:54:26.392875: Pseudo dice [np.float32(0.7148), np.float32(0.9348), np.float32(0.9409)]
2026-08-05 15:54:26.395434: Epoch time: 41.28 s
2026-08-05 15:54:26.395850: Yayy! New best EMA pseudo Dice: 0.8597000241279602
2026-08-05 15:54:34.275437: 
2026-08-05 15:54:34.275828: Epoch 493
2026-08-05 15:54:34.275942: Current learning rate: 0.00543
2026-08-05 15:55:15.274834: train_loss -0.8652
2026-08-05 15:55:15.275125: val_loss -0.7898
2026-08-05 15:55:15.275188: Pseudo dice [np.float32(0.7207), np.float32(0.9312), np.float32(0.937)]
2026-08-05 15:55:15.275255: Epoch time: 41.0 s
2026-08-05 15:55:15.275300: Yayy! New best EMA pseudo Dice: 0.8600000143051147
2026-08-05 15:55:21.674897: 
2026-08-05 15:55:21.675234: Epoch 494
2026-08-05 15:55:21.675345: Current learning rate: 0.00542
2026-08-05 15:56:03.073166: train_loss -0.8497
2026-08-05 15:56:03.073647: val_loss -0.7583
2026-08-05 15:56:03.073765: Pseudo dice [np.float32(0.6939), np.float32(0.9191), np.float32(0.9225)]
2026-08-05 15:56:03.073878: Epoch time: 41.4 s
2026-08-05 15:56:03.901686: 
2026-08-05 15:56:03.901998: Epoch 495
2026-08-05 15:56:03.902109: Current learning rate: 0.00541
2026-08-05 15:56:45.249583: train_loss -0.8411
2026-08-05 15:56:45.250204: val_loss -0.7713
2026-08-05 15:56:45.250341: Pseudo dice [np.float32(0.71), np.float32(0.912), np.float32(0.9312)]
2026-08-05 15:56:45.250468: Epoch time: 41.35 s
2026-08-05 15:56:46.062036: 
2026-08-05 15:56:46.062283: Epoch 496
2026-08-05 15:56:46.062603: Current learning rate: 0.0054
2026-08-05 15:57:27.133935: train_loss -0.8428
2026-08-05 15:57:27.134271: val_loss -0.7739
2026-08-05 15:57:27.134341: Pseudo dice [np.float32(0.7007), np.float32(0.9288), np.float32(0.9388)]
2026-08-05 15:57:27.134416: Epoch time: 41.07 s
2026-08-05 15:57:28.079766: 
2026-08-05 15:57:28.080215: Epoch 497
2026-08-05 15:57:28.080341: Current learning rate: 0.00539
2026-08-05 15:58:08.963677: train_loss -0.8429
2026-08-05 15:58:08.964755: val_loss -0.771
2026-08-05 15:58:08.964875: Pseudo dice [np.float32(0.6997), np.float32(0.9214), np.float32(0.937)]
2026-08-05 15:58:08.964970: Epoch time: 40.89 s
2026-08-05 15:58:10.030383: 
2026-08-05 15:58:10.030876: Epoch 498
2026-08-05 15:58:10.031046: Current learning rate: 0.00538
2026-08-05 15:58:50.840744: train_loss -0.8497
2026-08-05 15:58:51.187736: val_loss -0.7764
2026-08-05 15:58:51.187887: Pseudo dice [np.float32(0.7023), np.float32(0.9273), np.float32(0.9353)]
2026-08-05 15:58:51.188008: Epoch time: 40.81 s
2026-08-05 15:58:52.162321: 
2026-08-05 15:58:52.162844: Epoch 499
2026-08-05 15:58:52.162951: Current learning rate: 0.00537
2026-08-05 15:59:33.082626: train_loss -0.8581
2026-08-05 15:59:33.082812: val_loss -0.7822
2026-08-05 15:59:33.082864: Pseudo dice [np.float32(0.7104), np.float32(0.9295), np.float32(0.9413)]
2026-08-05 15:59:33.082933: Epoch time: 40.92 s
2026-08-05 15:59:40.269673: 
2026-08-05 15:59:40.270102: Epoch 500
2026-08-05 15:59:40.270228: Current learning rate: 0.00536
2026-08-05 16:00:21.074087: train_loss -0.8569
2026-08-05 16:00:21.074270: val_loss -0.7696
2026-08-05 16:00:21.074332: Pseudo dice [np.float32(0.7039), np.float32(0.9207), np.float32(0.9363)]
2026-08-05 16:00:21.074404: Epoch time: 40.81 s
2026-08-05 16:00:21.922228: 
2026-08-05 16:00:21.922633: Epoch 501
2026-08-05 16:00:21.922814: Current learning rate: 0.00535
2026-08-05 16:01:03.421125: train_loss -0.8618
2026-08-05 16:01:03.421493: val_loss -0.7808
2026-08-05 16:01:03.421594: Pseudo dice [np.float32(0.7071), np.float32(0.9327), np.float32(0.936)]
2026-08-05 16:01:03.421691: Epoch time: 41.5 s
2026-08-05 16:01:04.335742: 
2026-08-05 16:01:04.336210: Epoch 502
2026-08-05 16:01:04.336320: Current learning rate: 0.00534
2026-08-05 16:01:46.720526: train_loss -0.862
2026-08-05 16:01:46.721354: val_loss -0.7698
2026-08-05 16:01:46.721565: Pseudo dice [np.float32(0.6971), np.float32(0.9317), np.float32(0.9354)]
2026-08-05 16:01:46.721727: Epoch time: 42.39 s
2026-08-05 16:01:47.615826: 
2026-08-05 16:01:47.616163: Epoch 503
2026-08-05 16:01:47.616290: Current learning rate: 0.00533
2026-08-05 16:02:28.659411: train_loss -0.8664
2026-08-05 16:02:28.659667: val_loss -0.7798
2026-08-05 16:02:28.659808: Pseudo dice [np.float32(0.707), np.float32(0.93), np.float32(0.9386)]
2026-08-05 16:02:28.659874: Epoch time: 41.05 s
2026-08-05 16:02:29.422619: 
2026-08-05 16:02:29.422962: Epoch 504
2026-08-05 16:02:29.423102: Current learning rate: 0.00532
2026-08-05 16:03:10.344593: train_loss -0.8673
2026-08-05 16:03:10.346241: val_loss -0.7813
2026-08-05 16:03:10.346326: Pseudo dice [np.float32(0.7104), np.float32(0.9289), np.float32(0.9351)]
2026-08-05 16:03:10.346396: Epoch time: 40.92 s
2026-08-05 16:03:11.327847: 
2026-08-05 16:03:11.328066: Epoch 505
2026-08-05 16:03:11.328189: Current learning rate: 0.00531
2026-08-05 16:03:52.460358: train_loss -0.8683
2026-08-05 16:03:52.460625: val_loss -0.7687
2026-08-05 16:03:52.460748: Pseudo dice [np.float32(0.6959), np.float32(0.922), np.float32(0.9365)]
2026-08-05 16:03:52.461017: Epoch time: 41.14 s
2026-08-05 16:03:53.253464: 
2026-08-05 16:03:53.253758: Epoch 506
2026-08-05 16:03:53.253857: Current learning rate: 0.0053
2026-08-05 16:04:34.455759: train_loss -0.8659
2026-08-05 16:04:34.456074: val_loss -0.7803
2026-08-05 16:04:34.456195: Pseudo dice [np.float32(0.7087), np.float32(0.9264), np.float32(0.9366)]
2026-08-05 16:04:34.456310: Epoch time: 41.21 s
2026-08-05 16:04:35.341196: 
2026-08-05 16:04:35.341520: Epoch 507
2026-08-05 16:04:35.341701: Current learning rate: 0.00529
2026-08-05 16:05:16.454122: train_loss -0.8657
2026-08-05 16:05:16.490705: val_loss -0.7734
2026-08-05 16:05:16.490794: Pseudo dice [np.float32(0.7042), np.float32(0.9276), np.float32(0.9355)]
2026-08-05 16:05:16.490858: Epoch time: 41.12 s
2026-08-05 16:05:18.190099: 
2026-08-05 16:05:18.190459: Epoch 508
2026-08-05 16:05:18.190614: Current learning rate: 0.00528
2026-08-05 16:05:59.188433: train_loss -0.8657
2026-08-05 16:05:59.188771: val_loss -0.776
2026-08-05 16:05:59.188916: Pseudo dice [np.float32(0.7096), np.float32(0.9313), np.float32(0.9372)]
2026-08-05 16:05:59.189040: Epoch time: 41.0 s
2026-08-05 16:06:00.066313: 
2026-08-05 16:06:00.066622: Epoch 509
2026-08-05 16:06:00.066754: Current learning rate: 0.00527
2026-08-05 16:06:41.947748: train_loss -0.8664
2026-08-05 16:06:41.947948: val_loss -0.7812
2026-08-05 16:06:41.948004: Pseudo dice [np.float32(0.7098), np.float32(0.9305), np.float32(0.9433)]
2026-08-05 16:06:41.948063: Epoch time: 41.88 s
2026-08-05 16:06:42.716049: 
2026-08-05 16:06:42.716411: Epoch 510
2026-08-05 16:06:42.716513: Current learning rate: 0.00526
2026-08-05 16:07:23.595487: train_loss -0.8661
2026-08-05 16:07:23.738328: val_loss -0.7773
2026-08-05 16:07:23.738585: Pseudo dice [np.float32(0.7069), np.float32(0.934), np.float32(0.9383)]
2026-08-05 16:07:23.738976: Epoch time: 40.88 s
2026-08-05 16:07:24.657994: 
2026-08-05 16:07:24.658322: Epoch 511
2026-08-05 16:07:24.658440: Current learning rate: 0.00525
2026-08-05 16:08:05.793215: train_loss -0.867
2026-08-05 16:08:05.799444: val_loss -0.7781
2026-08-05 16:08:05.799646: Pseudo dice [np.float32(0.7139), np.float32(0.9288), np.float32(0.9372)]
2026-08-05 16:08:05.799733: Epoch time: 41.14 s
2026-08-05 16:08:06.611425: 
2026-08-05 16:08:06.611887: Epoch 512
2026-08-05 16:08:06.612005: Current learning rate: 0.00524
2026-08-05 16:08:56.361448: train_loss -0.8718
2026-08-05 16:08:56.506389: val_loss -0.7735
2026-08-05 16:08:56.506625: Pseudo dice [np.float32(0.7057), np.float32(0.933), np.float32(0.9338)]
2026-08-05 16:08:56.506810: Epoch time: 49.75 s
2026-08-05 16:08:57.585936: 
2026-08-05 16:08:57.586386: Epoch 513
2026-08-05 16:08:57.586508: Current learning rate: 0.00523
2026-08-05 16:09:38.463119: train_loss -0.8709
2026-08-05 16:09:38.463369: val_loss -0.791
2026-08-05 16:09:38.463544: Pseudo dice [np.float32(0.725), np.float32(0.9366), np.float32(0.9404)]
2026-08-05 16:09:38.463649: Epoch time: 40.88 s
2026-08-05 16:09:39.347713: 
2026-08-05 16:09:39.348102: Epoch 514
2026-08-05 16:09:39.348243: Current learning rate: 0.00522
2026-08-05 16:10:20.703088: train_loss -0.8641
2026-08-05 16:10:20.703311: val_loss -0.7815
2026-08-05 16:10:20.703368: Pseudo dice [np.float32(0.7086), np.float32(0.9304), np.float32(0.9336)]
2026-08-05 16:10:20.703430: Epoch time: 41.36 s
2026-08-05 16:10:21.457062: 
2026-08-05 16:10:21.457404: Epoch 515
2026-08-05 16:10:21.457519: Current learning rate: 0.00521
2026-08-05 16:11:03.027462: train_loss -0.8586
2026-08-05 16:11:03.179409: val_loss -0.7705
2026-08-05 16:11:03.179518: Pseudo dice [np.float32(0.7028), np.float32(0.9277), np.float32(0.9362)]
2026-08-05 16:11:03.179583: Epoch time: 41.57 s
2026-08-05 16:11:04.205634: 
2026-08-05 16:11:04.205998: Epoch 516
2026-08-05 16:11:04.206110: Current learning rate: 0.0052
2026-08-05 16:11:46.394313: train_loss -0.8601
2026-08-05 16:11:46.395863: val_loss -0.7686
2026-08-05 16:11:46.395995: Pseudo dice [np.float32(0.7017), np.float32(0.9164), np.float32(0.9341)]
2026-08-05 16:11:46.396062: Epoch time: 42.19 s
2026-08-05 16:11:47.202515: 
2026-08-05 16:11:47.202889: Epoch 517
2026-08-05 16:11:47.203015: Current learning rate: 0.00519
2026-08-05 16:12:28.331252: train_loss -0.8621
2026-08-05 16:12:28.331627: val_loss -0.7843
2026-08-05 16:12:28.331691: Pseudo dice [np.float32(0.71), np.float32(0.932), np.float32(0.9384)]
2026-08-05 16:12:28.331846: Epoch time: 41.13 s
2026-08-05 16:12:29.116699: 
2026-08-05 16:12:29.117180: Epoch 518
2026-08-05 16:12:29.117312: Current learning rate: 0.00518
2026-08-05 16:13:10.152604: train_loss -0.8662
2026-08-05 16:13:10.153264: val_loss -0.7787
2026-08-05 16:13:10.153368: Pseudo dice [np.float32(0.7029), np.float32(0.9239), np.float32(0.939)]
2026-08-05 16:13:10.153458: Epoch time: 41.04 s
2026-08-05 16:13:11.165847: 
2026-08-05 16:13:11.401499: Epoch 519
2026-08-05 16:13:11.401799: Current learning rate: 0.00518
2026-08-05 16:13:52.770789: train_loss -0.8709
2026-08-05 16:13:52.963298: val_loss -0.7684
2026-08-05 16:13:52.963576: Pseudo dice [np.float32(0.7025), np.float32(0.9248), np.float32(0.9395)]
2026-08-05 16:13:52.963838: Epoch time: 41.61 s
2026-08-05 16:13:54.174679: 
2026-08-05 16:13:54.175096: Epoch 520
2026-08-05 16:13:54.175239: Current learning rate: 0.00517
2026-08-05 16:14:35.877616: train_loss -0.8691
2026-08-05 16:14:36.231940: val_loss -0.773
2026-08-05 16:14:36.232238: Pseudo dice [np.float32(0.7032), np.float32(0.9267), np.float32(0.9319)]
2026-08-05 16:14:36.232381: Epoch time: 41.71 s
2026-08-05 16:14:37.082219: 
2026-08-05 16:14:37.082561: Epoch 521
2026-08-05 16:14:37.082735: Current learning rate: 0.00516
2026-08-05 16:15:18.332084: train_loss -0.8683
2026-08-05 16:15:18.950835: val_loss -0.7673
2026-08-05 16:15:18.951142: Pseudo dice [np.float32(0.6993), np.float32(0.9279), np.float32(0.9319)]
2026-08-05 16:15:18.951241: Epoch time: 41.25 s
2026-08-05 16:15:19.853093: 
2026-08-05 16:15:19.853437: Epoch 522
2026-08-05 16:15:19.853547: Current learning rate: 0.00515
2026-08-05 16:16:01.335717: train_loss -0.8749
2026-08-05 16:16:01.436404: val_loss -0.7805
2026-08-05 16:16:01.436638: Pseudo dice [np.float32(0.7071), np.float32(0.9329), np.float32(0.9378)]
2026-08-05 16:16:01.436778: Epoch time: 41.49 s
2026-08-05 16:16:02.587898: 
2026-08-05 16:16:02.588152: Epoch 523
2026-08-05 16:16:02.588436: Current learning rate: 0.00514
2026-08-05 16:16:46.050439: train_loss -0.8758
2026-08-05 16:16:46.298910: val_loss -0.7765
2026-08-05 16:16:46.299148: Pseudo dice [np.float32(0.7038), np.float32(0.9345), np.float32(0.9423)]
2026-08-05 16:16:46.318672: Epoch time: 43.47 s
2026-08-05 16:16:47.221871: 
2026-08-05 16:16:47.222300: Epoch 524
2026-08-05 16:16:47.222472: Current learning rate: 0.00513
2026-08-05 16:17:28.583371: train_loss -0.8743
2026-08-05 16:17:28.584203: val_loss -0.7605
2026-08-05 16:17:28.584265: Pseudo dice [np.float32(0.6933), np.float32(0.9226), np.float32(0.9336)]
2026-08-05 16:17:28.584322: Epoch time: 41.36 s
2026-08-05 16:17:29.444710: 
2026-08-05 16:17:29.445122: Epoch 525
2026-08-05 16:17:29.445238: Current learning rate: 0.00512
2026-08-05 16:18:10.263665: train_loss -0.8656
2026-08-05 16:18:10.295326: val_loss -0.7758
2026-08-05 16:18:10.295416: Pseudo dice [np.float32(0.7058), np.float32(0.9246), np.float32(0.9383)]
2026-08-05 16:18:10.295479: Epoch time: 40.82 s
2026-08-05 16:18:11.114277: 
2026-08-05 16:18:11.114626: Epoch 526
2026-08-05 16:18:11.114729: Current learning rate: 0.00511
2026-08-05 16:18:52.654259: train_loss -0.8696
2026-08-05 16:18:52.654720: val_loss -0.7746
2026-08-05 16:18:52.654790: Pseudo dice [np.float32(0.6975), np.float32(0.9258), np.float32(0.9338)]
2026-08-05 16:18:52.654860: Epoch time: 41.54 s
2026-08-05 16:18:54.299797: 
2026-08-05 16:18:54.300118: Epoch 527
2026-08-05 16:18:54.300253: Current learning rate: 0.0051
2026-08-05 16:19:35.942612: train_loss -0.8699
2026-08-05 16:19:35.943077: val_loss -0.7782
2026-08-05 16:19:35.943167: Pseudo dice [np.float32(0.7101), np.float32(0.9312), np.float32(0.9405)]
2026-08-05 16:19:35.943245: Epoch time: 41.65 s
2026-08-05 16:19:36.943365: 
2026-08-05 16:19:36.943604: Epoch 528
2026-08-05 16:19:36.943781: Current learning rate: 0.00509
2026-08-05 16:20:17.839022: train_loss -0.8705
2026-08-05 16:20:17.839440: val_loss -0.7764
2026-08-05 16:20:17.839500: Pseudo dice [np.float32(0.7071), np.float32(0.93), np.float32(0.9394)]
2026-08-05 16:20:17.839572: Epoch time: 40.9 s
2026-08-05 16:20:19.252765: 
2026-08-05 16:20:19.253023: Epoch 529
2026-08-05 16:20:19.253127: Current learning rate: 0.00508
2026-08-05 16:21:00.782947: train_loss -0.8665
2026-08-05 16:21:00.783231: val_loss -0.7689
2026-08-05 16:21:00.783294: Pseudo dice [np.float32(0.7015), np.float32(0.9199), np.float32(0.9384)]
2026-08-05 16:21:00.783357: Epoch time: 41.53 s
2026-08-05 16:21:01.627728: 
2026-08-05 16:21:01.628175: Epoch 530
2026-08-05 16:21:01.628278: Current learning rate: 0.00507
2026-08-05 16:21:44.073390: train_loss -0.8671
2026-08-05 16:21:44.073671: val_loss -0.7901
2026-08-05 16:21:44.073797: Pseudo dice [np.float32(0.718), np.float32(0.9346), np.float32(0.938)]
2026-08-05 16:21:44.073930: Epoch time: 42.45 s
2026-08-05 16:21:44.955830: 
2026-08-05 16:21:44.956258: Epoch 531
2026-08-05 16:21:44.956409: Current learning rate: 0.00506
2026-08-05 16:22:25.812781: train_loss -0.8668
2026-08-05 16:22:25.813179: val_loss -0.7698
2026-08-05 16:22:25.813359: Pseudo dice [np.float32(0.7011), np.float32(0.928), np.float32(0.939)]
2026-08-05 16:22:25.813527: Epoch time: 40.86 s
2026-08-05 16:22:26.660684: 
2026-08-05 16:22:26.660983: Epoch 532
2026-08-05 16:22:26.661132: Current learning rate: 0.00505
2026-08-05 16:23:07.804835: train_loss -0.8404
2026-08-05 16:23:07.805089: val_loss -0.7499
2026-08-05 16:23:07.805157: Pseudo dice [np.float32(0.6846), np.float32(0.9141), np.float32(0.9285)]
2026-08-05 16:23:07.805231: Epoch time: 41.15 s
2026-08-05 16:23:08.591491: 
2026-08-05 16:23:08.591834: Epoch 533
2026-08-05 16:23:08.591959: Current learning rate: 0.00504
2026-08-05 16:23:49.846785: train_loss -0.8145
2026-08-05 16:23:49.847011: val_loss -0.7687
2026-08-05 16:23:49.871580: Pseudo dice [np.float32(0.6918), np.float32(0.92), np.float32(0.933)]
2026-08-05 16:23:49.871693: Epoch time: 41.26 s
2026-08-05 16:23:50.694640: 
2026-08-05 16:23:50.694989: Epoch 534
2026-08-05 16:23:50.695194: Current learning rate: 0.00503
2026-08-05 16:24:32.372515: train_loss -0.8132
2026-08-05 16:24:32.372956: val_loss -0.7522
2026-08-05 16:24:32.373094: Pseudo dice [np.float32(0.6985), np.float32(0.9115), np.float32(0.9254)]
2026-08-05 16:24:32.373217: Epoch time: 41.68 s
2026-08-05 16:24:33.263875: 
2026-08-05 16:24:33.264213: Epoch 535
2026-08-05 16:24:33.264314: Current learning rate: 0.00502
2026-08-05 16:25:14.765563: train_loss -0.7738
2026-08-05 16:25:14.766004: val_loss -0.7331
2026-08-05 16:25:14.766064: Pseudo dice [np.float32(0.6728), np.float32(0.9102), np.float32(0.9174)]
2026-08-05 16:25:14.766127: Epoch time: 41.5 s
2026-08-05 16:25:15.544978: 
2026-08-05 16:25:15.545307: Epoch 536
2026-08-05 16:25:15.545453: Current learning rate: 0.00501
2026-08-05 16:25:57.425185: train_loss -0.7567
2026-08-05 16:25:57.425536: val_loss -0.7215
2026-08-05 16:25:57.425664: Pseudo dice [np.float32(0.672), np.float32(0.893), np.float32(0.9255)]
2026-08-05 16:25:57.425786: Epoch time: 41.88 s
2026-08-05 16:25:58.366675: 
2026-08-05 16:25:58.367066: Epoch 537
2026-08-05 16:25:58.367235: Current learning rate: 0.005
2026-08-05 16:26:42.874828: train_loss -0.7781
2026-08-05 16:26:42.875085: val_loss -0.7444
2026-08-05 16:26:42.875145: Pseudo dice [np.float32(0.6883), np.float32(0.9062), np.float32(0.9164)]
2026-08-05 16:26:42.875206: Epoch time: 44.51 s
2026-08-05 16:26:43.699523: 
2026-08-05 16:26:43.700015: Epoch 538
2026-08-05 16:26:43.700289: Current learning rate: 0.00499
2026-08-05 16:27:25.052446: train_loss -0.755
2026-08-05 16:27:25.052994: val_loss -0.7206
2026-08-05 16:27:25.053133: Pseudo dice [np.float32(0.6551), np.float32(0.901), np.float32(0.9162)]
2026-08-05 16:27:25.053256: Epoch time: 41.36 s
2026-08-05 16:27:25.927659: 
2026-08-05 16:27:25.928077: Epoch 539
2026-08-05 16:27:25.928218: Current learning rate: 0.00498
2026-08-05 16:28:07.231930: train_loss -0.766
2026-08-05 16:28:07.232197: val_loss -0.7588
2026-08-05 16:28:07.232256: Pseudo dice [np.float32(0.7008), np.float32(0.9123), np.float32(0.928)]
2026-08-05 16:28:07.232319: Epoch time: 41.31 s
2026-08-05 16:28:08.049404: 
2026-08-05 16:28:08.049728: Epoch 540
2026-08-05 16:28:08.049842: Current learning rate: 0.00497
2026-08-05 16:28:49.444193: train_loss -0.7689
2026-08-05 16:28:49.444417: val_loss -0.7549
2026-08-05 16:28:49.444475: Pseudo dice [np.float32(0.6979), np.float32(0.9077), np.float32(0.9233)]
2026-08-05 16:28:49.444533: Epoch time: 41.4 s
2026-08-05 16:28:50.559203: 
2026-08-05 16:28:50.559517: Epoch 541
2026-08-05 16:28:50.559700: Current learning rate: 0.00496
2026-08-05 16:29:32.276580: train_loss -0.783
2026-08-05 16:29:32.277769: val_loss -0.766
2026-08-05 16:29:32.278107: Pseudo dice [np.float32(0.6955), np.float32(0.9136), np.float32(0.9354)]
2026-08-05 16:29:32.278318: Epoch time: 41.72 s
2026-08-05 16:29:33.209576: 
2026-08-05 16:29:33.209935: Epoch 542
2026-08-05 16:29:33.210053: Current learning rate: 0.00495
2026-08-05 16:30:14.751524: train_loss -0.8054
2026-08-05 16:30:14.751957: val_loss -0.7755
2026-08-05 16:30:14.752109: Pseudo dice [np.float32(0.7084), np.float32(0.9178), np.float32(0.9373)]
2026-08-05 16:30:14.752313: Epoch time: 41.54 s
2026-08-05 16:30:15.686991: 
2026-08-05 16:30:15.687268: Epoch 543
2026-08-05 16:30:15.687539: Current learning rate: 0.00494
2026-08-05 16:30:57.103054: train_loss -0.8277
2026-08-05 16:30:57.103404: val_loss -0.7823
2026-08-05 16:30:57.103461: Pseudo dice [np.float32(0.7111), np.float32(0.921), np.float32(0.9364)]
2026-08-05 16:30:57.103527: Epoch time: 41.42 s
2026-08-05 16:30:57.879674: 
2026-08-05 16:30:57.880100: Epoch 544
2026-08-05 16:30:57.880292: Current learning rate: 0.00493
2026-08-05 16:31:40.623617: train_loss -0.8401
2026-08-05 16:31:40.623845: val_loss -0.7746
2026-08-05 16:31:40.623930: Pseudo dice [np.float32(0.7034), np.float32(0.9214), np.float32(0.9392)]
2026-08-05 16:31:40.624015: Epoch time: 42.75 s
2026-08-05 16:31:41.412571: 
2026-08-05 16:31:41.412956: Epoch 545
2026-08-05 16:31:41.413105: Current learning rate: 0.00492
2026-08-05 16:32:22.370451: train_loss -0.8366
2026-08-05 16:32:22.370720: val_loss -0.787
2026-08-05 16:32:22.370789: Pseudo dice [np.float32(0.7135), np.float32(0.9279), np.float32(0.9383)]
2026-08-05 16:32:22.370868: Epoch time: 40.96 s
2026-08-05 16:32:23.389796: 
2026-08-05 16:32:23.390120: Epoch 546
2026-08-05 16:32:23.390244: Current learning rate: 0.00491
2026-08-05 16:33:04.831147: train_loss -0.8284
2026-08-05 16:33:04.831450: val_loss -0.7701
2026-08-05 16:33:04.831511: Pseudo dice [np.float32(0.7057), np.float32(0.9153), np.float32(0.9331)]
2026-08-05 16:33:04.831574: Epoch time: 41.45 s
2026-08-05 16:33:05.665721: 
2026-08-05 16:33:05.666079: Epoch 547
2026-08-05 16:33:05.666206: Current learning rate: 0.0049
2026-08-05 16:33:47.597836: train_loss -0.8329
2026-08-05 16:33:47.638987: val_loss -0.7792
2026-08-05 16:33:47.639129: Pseudo dice [np.float32(0.7054), np.float32(0.9244), np.float32(0.9362)]
2026-08-05 16:33:47.639211: Epoch time: 41.94 s
2026-08-05 16:33:48.788508: 
2026-08-05 16:33:48.789013: Epoch 548
2026-08-05 16:33:48.789181: Current learning rate: 0.00489
2026-08-05 16:34:30.221256: train_loss -0.8485
2026-08-05 16:34:30.432991: val_loss -0.7658
2026-08-05 16:34:30.433190: Pseudo dice [np.float32(0.7066), np.float32(0.9233), np.float32(0.9305)]
2026-08-05 16:34:30.433277: Epoch time: 41.44 s
2026-08-05 16:34:31.603903: 
2026-08-05 16:34:31.604296: Epoch 549
2026-08-05 16:34:31.604419: Current learning rate: 0.00488
2026-08-05 16:35:12.939495: train_loss -0.8439
2026-08-05 16:35:13.168569: val_loss -0.7648
2026-08-05 16:35:13.168765: Pseudo dice [np.float32(0.6939), np.float32(0.9232), np.float32(0.931)]
2026-08-05 16:35:13.168861: Epoch time: 41.34 s
2026-08-05 16:35:18.959950: 
2026-08-05 16:35:18.960412: Epoch 550
2026-08-05 16:35:18.960538: Current learning rate: 0.00487
2026-08-05 16:36:00.663312: train_loss -0.8429
2026-08-05 16:36:00.663596: val_loss -0.772
2026-08-05 16:36:00.663653: Pseudo dice [np.float32(0.6995), np.float32(0.9226), np.float32(0.9324)]
2026-08-05 16:36:00.663721: Epoch time: 41.71 s
2026-08-05 16:36:02.785569: 
2026-08-05 16:36:02.786159: Epoch 551
2026-08-05 16:36:02.786415: Current learning rate: 0.00486
2026-08-05 16:36:45.314178: train_loss -0.8466
2026-08-05 16:36:45.314509: val_loss -0.7777
2026-08-05 16:36:45.314573: Pseudo dice [np.float32(0.7055), np.float32(0.929), np.float32(0.9381)]
2026-08-05 16:36:45.314644: Epoch time: 42.53 s
2026-08-05 16:36:46.135569: 
2026-08-05 16:36:46.135994: Epoch 552
2026-08-05 16:36:46.136170: Current learning rate: 0.00485
2026-08-05 16:37:27.639269: train_loss -0.8493
2026-08-05 16:37:27.639951: val_loss -0.7815
2026-08-05 16:37:27.640063: Pseudo dice [np.float32(0.7078), np.float32(0.9319), np.float32(0.9361)]
2026-08-05 16:37:27.640267: Epoch time: 41.51 s
2026-08-05 16:37:28.611814: 
2026-08-05 16:37:28.612099: Epoch 553
2026-08-05 16:37:28.612267: Current learning rate: 0.00484
2026-08-05 16:38:10.624399: train_loss -0.8544
2026-08-05 16:38:10.625007: val_loss -0.776
2026-08-05 16:38:10.625070: Pseudo dice [np.float32(0.7106), np.float32(0.9286), np.float32(0.9364)]
2026-08-05 16:38:10.625144: Epoch time: 42.02 s
2026-08-05 16:38:11.481383: 
2026-08-05 16:38:11.481760: Epoch 554
2026-08-05 16:38:11.481918: Current learning rate: 0.00484
2026-08-05 16:38:53.713585: train_loss -0.8542
2026-08-05 16:38:53.803123: val_loss -0.7668
2026-08-05 16:38:53.803405: Pseudo dice [np.float32(0.7034), np.float32(0.9244), np.float32(0.9291)]
2026-08-05 16:38:53.803496: Epoch time: 42.24 s
2026-08-05 16:38:54.826763: 
2026-08-05 16:38:54.827220: Epoch 555
2026-08-05 16:38:54.827342: Current learning rate: 0.00483
2026-08-05 16:39:36.892812: train_loss -0.8554
2026-08-05 16:39:36.893225: val_loss -0.768
2026-08-05 16:39:36.893289: Pseudo dice [np.float32(0.6973), np.float32(0.9292), np.float32(0.93)]
2026-08-05 16:39:36.893371: Epoch time: 42.07 s
2026-08-05 16:39:37.795175: 
2026-08-05 16:39:37.795736: Epoch 556
2026-08-05 16:39:37.795877: Current learning rate: 0.00482
2026-08-05 16:40:20.052125: train_loss -0.8601
2026-08-05 16:40:20.052413: val_loss -0.786
2026-08-05 16:40:20.052473: Pseudo dice [np.float32(0.7153), np.float32(0.9307), np.float32(0.9358)]
2026-08-05 16:40:20.052544: Epoch time: 42.26 s
2026-08-05 16:40:20.874854: 
2026-08-05 16:40:20.875182: Epoch 557
2026-08-05 16:40:20.875275: Current learning rate: 0.00481
2026-08-05 16:41:02.735910: train_loss -0.8631
2026-08-05 16:41:02.736695: val_loss -0.7707
2026-08-05 16:41:02.736872: Pseudo dice [np.float32(0.7039), np.float32(0.9233), np.float32(0.9363)]
2026-08-05 16:41:02.736986: Epoch time: 41.86 s
2026-08-05 16:41:03.574532: 
2026-08-05 16:41:03.574841: Epoch 558
2026-08-05 16:41:03.575004: Current learning rate: 0.0048
2026-08-05 16:41:46.308626: train_loss -0.8639
2026-08-05 16:41:46.309123: val_loss -0.7781
2026-08-05 16:41:46.309206: Pseudo dice [np.float32(0.7067), np.float32(0.9279), np.float32(0.9362)]
2026-08-05 16:41:46.309336: Epoch time: 42.74 s
2026-08-05 16:41:47.270908: 
2026-08-05 16:41:47.271307: Epoch 559
2026-08-05 16:41:47.271436: Current learning rate: 0.00479
2026-08-05 16:42:28.692998: train_loss -0.8643
2026-08-05 16:42:28.693565: val_loss -0.7792
2026-08-05 16:42:28.693645: Pseudo dice [np.float32(0.7098), np.float32(0.9262), np.float32(0.9312)]
2026-08-05 16:42:28.693730: Epoch time: 41.43 s
2026-08-05 16:42:29.670187: 
2026-08-05 16:42:29.670528: Epoch 560
2026-08-05 16:42:29.670749: Current learning rate: 0.00478
2026-08-05 16:43:10.994646: train_loss -0.8662
2026-08-05 16:43:10.994946: val_loss -0.787
2026-08-05 16:43:10.995005: Pseudo dice [np.float32(0.7125), np.float32(0.9328), np.float32(0.9442)]
2026-08-05 16:43:10.995072: Epoch time: 41.33 s
2026-08-05 16:43:11.720812: 
2026-08-05 16:43:11.721184: Epoch 561
2026-08-05 16:43:11.721291: Current learning rate: 0.00477
2026-08-05 16:43:53.226631: train_loss -0.8628
2026-08-05 16:43:53.227014: val_loss -0.7633
2026-08-05 16:43:53.227126: Pseudo dice [np.float32(0.6977), np.float32(0.9171), np.float32(0.9335)]
2026-08-05 16:43:53.227204: Epoch time: 41.51 s
2026-08-05 16:43:54.025537: 
2026-08-05 16:43:54.026022: Epoch 562
2026-08-05 16:43:54.026199: Current learning rate: 0.00476
2026-08-05 16:44:35.757616: train_loss -0.8579
2026-08-05 16:44:35.757977: val_loss -0.7723
2026-08-05 16:44:35.758109: Pseudo dice [np.float32(0.7074), np.float32(0.9231), np.float32(0.9293)]
2026-08-05 16:44:35.758323: Epoch time: 41.74 s
2026-08-05 16:44:36.655867: 
2026-08-05 16:44:36.656229: Epoch 563
2026-08-05 16:44:36.656323: Current learning rate: 0.00475
2026-08-05 16:45:19.305927: train_loss -0.8627
2026-08-05 16:45:19.306495: val_loss -0.7821
2026-08-05 16:45:19.306558: Pseudo dice [np.float32(0.708), np.float32(0.9261), np.float32(0.9361)]
2026-08-05 16:45:19.306633: Epoch time: 42.65 s
2026-08-05 16:45:20.532723: 
2026-08-05 16:45:20.533126: Epoch 564
2026-08-05 16:45:20.533222: Current learning rate: 0.00474
2026-08-05 16:46:02.770520: train_loss -0.8662
2026-08-05 16:46:02.771036: val_loss -0.7902
2026-08-05 16:46:02.771224: Pseudo dice [np.float32(0.7171), np.float32(0.9298), np.float32(0.9403)]
2026-08-05 16:46:02.771339: Epoch time: 42.24 s
2026-08-05 16:46:03.907220: 
2026-08-05 16:46:03.907796: Epoch 565
2026-08-05 16:46:03.907961: Current learning rate: 0.00473
2026-08-05 16:46:47.240271: train_loss -0.8686
2026-08-05 16:46:47.303221: val_loss -0.7752
2026-08-05 16:46:47.303533: Pseudo dice [np.float32(0.7074), np.float32(0.9293), np.float32(0.9338)]
2026-08-05 16:46:47.303663: Epoch time: 43.34 s
2026-08-05 16:46:48.291306: 
2026-08-05 16:46:48.291805: Epoch 566
2026-08-05 16:46:48.291998: Current learning rate: 0.00472
2026-08-05 16:47:30.439644: train_loss -0.8723
2026-08-05 16:47:30.440132: val_loss -0.7765
2026-08-05 16:47:30.440198: Pseudo dice [np.float32(0.7033), np.float32(0.9313), np.float32(0.9384)]
2026-08-05 16:47:30.440276: Epoch time: 42.15 s
2026-08-05 16:47:31.412788: 
2026-08-05 16:47:31.413340: Epoch 567
2026-08-05 16:47:31.413620: Current learning rate: 0.00471
2026-08-05 16:48:12.759755: train_loss -0.8694
2026-08-05 16:48:12.760229: val_loss -0.7832
2026-08-05 16:48:12.760292: Pseudo dice [np.float32(0.715), np.float32(0.9292), np.float32(0.941)]
2026-08-05 16:48:12.760406: Epoch time: 41.35 s
2026-08-05 16:48:13.760178: 
2026-08-05 16:48:13.760667: Epoch 568
2026-08-05 16:48:13.760814: Current learning rate: 0.0047
2026-08-05 16:48:55.217265: train_loss -0.8709
2026-08-05 16:48:55.217705: val_loss -0.7768
2026-08-05 16:48:55.217778: Pseudo dice [np.float32(0.7094), np.float32(0.9255), np.float32(0.9357)]
2026-08-05 16:48:55.217870: Epoch time: 41.46 s
2026-08-05 16:48:56.218493: 
2026-08-05 16:48:56.219233: Epoch 569
2026-08-05 16:48:56.219386: Current learning rate: 0.00469
2026-08-05 16:49:38.559146: train_loss -0.8708
2026-08-05 16:49:38.559749: val_loss -0.782
2026-08-05 16:49:38.559989: Pseudo dice [np.float32(0.7133), np.float32(0.9328), np.float32(0.9393)]
2026-08-05 16:49:38.560174: Epoch time: 42.35 s
2026-08-05 16:49:39.600814: 
2026-08-05 16:49:39.601249: Epoch 570
2026-08-05 16:49:39.601351: Current learning rate: 0.00468
2026-08-05 16:50:21.656259: train_loss -0.8693
2026-08-05 16:50:21.656636: val_loss -0.7833
2026-08-05 16:50:21.656699: Pseudo dice [np.float32(0.7095), np.float32(0.9303), np.float32(0.9408)]
2026-08-05 16:50:21.656773: Epoch time: 42.06 s
2026-08-05 16:50:22.407596: 
2026-08-05 16:50:22.408058: Epoch 571
2026-08-05 16:50:22.408188: Current learning rate: 0.00467
2026-08-05 16:51:04.575035: train_loss -0.8722
2026-08-05 16:51:04.575293: val_loss -0.7761
2026-08-05 16:51:04.575414: Pseudo dice [np.float32(0.7074), np.float32(0.9267), np.float32(0.9392)]
2026-08-05 16:51:04.575524: Epoch time: 42.17 s
2026-08-05 16:51:05.511251: 
2026-08-05 16:51:05.511602: Epoch 572
2026-08-05 16:51:05.511730: Current learning rate: 0.00466
2026-08-05 16:51:49.101101: train_loss -0.8724
2026-08-05 16:51:49.101674: val_loss -0.78
2026-08-05 16:51:49.101818: Pseudo dice [np.float32(0.7079), np.float32(0.9297), np.float32(0.9326)]
2026-08-05 16:51:49.101929: Epoch time: 43.59 s
2026-08-05 16:51:50.183475: 
2026-08-05 16:51:50.183849: Epoch 573
2026-08-05 16:51:50.184039: Current learning rate: 0.00465
2026-08-05 16:52:32.574431: train_loss -0.8746
2026-08-05 16:52:32.574950: val_loss -0.7674
2026-08-05 16:52:32.575114: Pseudo dice [np.float32(0.7007), np.float32(0.9271), np.float32(0.9389)]
2026-08-05 16:52:32.575211: Epoch time: 42.4 s
2026-08-05 16:52:33.676131: 
2026-08-05 16:52:33.676539: Epoch 574
2026-08-05 16:52:33.676685: Current learning rate: 0.00464
2026-08-05 16:53:16.157483: train_loss -0.8715
2026-08-05 16:53:16.157880: val_loss -0.7753
2026-08-05 16:53:16.158028: Pseudo dice [np.float32(0.7019), np.float32(0.9285), np.float32(0.9378)]
2026-08-05 16:53:16.158112: Epoch time: 42.49 s
2026-08-05 16:53:17.124809: 
2026-08-05 16:53:17.125321: Epoch 575
2026-08-05 16:53:17.125456: Current learning rate: 0.00463
2026-08-05 16:53:59.138856: train_loss -0.8644
2026-08-05 16:53:59.139612: val_loss -0.7775
2026-08-05 16:53:59.139672: Pseudo dice [np.float32(0.7068), np.float32(0.9232), np.float32(0.9384)]
2026-08-05 16:53:59.139759: Epoch time: 42.02 s
2026-08-05 16:54:00.147294: 
2026-08-05 16:54:00.147594: Epoch 576
2026-08-05 16:54:00.147800: Current learning rate: 0.00462
2026-08-05 16:54:42.589056: train_loss -0.8626
2026-08-05 16:54:42.591993: val_loss -0.7691
2026-08-05 16:54:42.592253: Pseudo dice [np.float32(0.7092), np.float32(0.9247), np.float32(0.9355)]
2026-08-05 16:54:42.592451: Epoch time: 42.45 s
2026-08-05 16:54:43.650516: 
2026-08-05 16:54:43.651036: Epoch 577
2026-08-05 16:54:43.651263: Current learning rate: 0.00461
2026-08-05 16:55:25.491686: train_loss -0.8602
2026-08-05 16:55:25.492114: val_loss -0.7572
2026-08-05 16:55:25.492189: Pseudo dice [np.float32(0.6989), np.float32(0.9205), np.float32(0.931)]
2026-08-05 16:55:25.492282: Epoch time: 41.85 s
2026-08-05 16:55:26.499179: 
2026-08-05 16:55:26.499446: Epoch 578
2026-08-05 16:55:26.499570: Current learning rate: 0.0046
2026-08-05 16:56:08.776061: train_loss -0.8543
2026-08-05 16:56:08.776817: val_loss -0.7639
2026-08-05 16:56:08.777243: Pseudo dice [np.float32(0.6921), np.float32(0.9271), np.float32(0.9393)]
2026-08-05 16:56:08.777461: Epoch time: 42.28 s
2026-08-05 16:56:10.344814: 
2026-08-05 16:56:10.345296: Epoch 579
2026-08-05 16:56:10.345475: Current learning rate: 0.00459
2026-08-05 16:56:52.423271: train_loss -0.8394
2026-08-05 16:56:52.423579: val_loss -0.7778
2026-08-05 16:56:52.423644: Pseudo dice [np.float32(0.7045), np.float32(0.9296), np.float32(0.9381)]
2026-08-05 16:56:52.423729: Epoch time: 42.08 s
2026-08-05 16:56:53.258057: 
2026-08-05 16:56:53.258469: Epoch 580
2026-08-05 16:56:53.258600: Current learning rate: 0.00458
2026-08-05 16:57:35.747960: train_loss -0.8487
2026-08-05 16:57:35.748811: val_loss -0.7579
2026-08-05 16:57:35.748870: Pseudo dice [np.float32(0.6929), np.float32(0.9036), np.float32(0.9355)]
2026-08-05 16:57:35.748967: Epoch time: 42.49 s
2026-08-05 16:57:36.596608: 
2026-08-05 16:57:36.596929: Epoch 581
2026-08-05 16:57:36.597053: Current learning rate: 0.00457
2026-08-05 16:58:19.029200: train_loss -0.8489
2026-08-05 16:58:19.030053: val_loss -0.77
2026-08-05 16:58:19.030147: Pseudo dice [np.float32(0.6963), np.float32(0.9317), np.float32(0.932)]
2026-08-05 16:58:19.030272: Epoch time: 42.44 s
2026-08-05 16:58:20.276664: 
2026-08-05 16:58:20.277539: Epoch 582
2026-08-05 16:58:20.277695: Current learning rate: 0.00456
2026-08-05 16:59:02.403251: train_loss -0.8568
2026-08-05 16:59:02.403517: val_loss -0.7751
2026-08-05 16:59:02.403575: Pseudo dice [np.float32(0.7055), np.float32(0.926), np.float32(0.9372)]
2026-08-05 16:59:02.403651: Epoch time: 42.13 s
2026-08-05 16:59:03.222852: 
2026-08-05 16:59:03.223325: Epoch 583
2026-08-05 16:59:03.223427: Current learning rate: 0.00455
2026-08-05 16:59:45.177095: train_loss -0.8575
2026-08-05 16:59:45.177472: val_loss -0.7654
2026-08-05 16:59:45.177570: Pseudo dice [np.float32(0.7045), np.float32(0.9259), np.float32(0.9286)]
2026-08-05 16:59:45.177652: Epoch time: 41.96 s
2026-08-05 16:59:45.966419: 
2026-08-05 16:59:45.966813: Epoch 584
2026-08-05 16:59:45.966927: Current learning rate: 0.00454
2026-08-05 17:00:28.070326: train_loss -0.8523
2026-08-05 17:00:28.070956: val_loss -0.7783
2026-08-05 17:00:28.071060: Pseudo dice [np.float32(0.7024), np.float32(0.9309), np.float32(0.9337)]
2026-08-05 17:00:28.071147: Epoch time: 42.11 s
2026-08-05 17:00:28.990343: 
2026-08-05 17:00:28.990746: Epoch 585
2026-08-05 17:00:28.990939: Current learning rate: 0.00453
2026-08-05 17:01:10.996828: train_loss -0.8643
2026-08-05 17:01:10.997117: val_loss -0.7737
2026-08-05 17:01:10.997175: Pseudo dice [np.float32(0.7013), np.float32(0.9311), np.float32(0.9414)]
2026-08-05 17:01:10.997250: Epoch time: 42.01 s
2026-08-05 17:01:11.877385: 
2026-08-05 17:01:11.877845: Epoch 586
2026-08-05 17:01:11.877958: Current learning rate: 0.00452
2026-08-05 17:01:54.693835: train_loss -0.8574
2026-08-05 17:01:54.694449: val_loss -0.77
2026-08-05 17:01:54.694616: Pseudo dice [np.float32(0.6947), np.float32(0.9296), np.float32(0.9371)]
2026-08-05 17:01:54.694768: Epoch time: 42.82 s
2026-08-05 17:01:55.655293: 
2026-08-05 17:01:55.655631: Epoch 587
2026-08-05 17:01:55.655773: Current learning rate: 0.00451
2026-08-05 17:02:37.366805: train_loss -0.8648
2026-08-05 17:02:37.372353: val_loss -0.7767
2026-08-05 17:02:37.372514: Pseudo dice [np.float32(0.7091), np.float32(0.9274), np.float32(0.9323)]
2026-08-05 17:02:37.372694: Epoch time: 41.71 s
2026-08-05 17:02:38.446396: 
2026-08-05 17:02:38.446811: Epoch 588
2026-08-05 17:02:38.446983: Current learning rate: 0.0045
2026-08-05 17:03:20.510522: train_loss -0.8638
2026-08-05 17:03:20.510951: val_loss -0.7796
2026-08-05 17:03:20.511087: Pseudo dice [np.float32(0.7019), np.float32(0.9267), np.float32(0.932)]
2026-08-05 17:03:20.511340: Epoch time: 42.07 s
2026-08-05 17:03:21.497299: 
2026-08-05 17:03:21.497699: Epoch 589
2026-08-05 17:03:21.497812: Current learning rate: 0.00449
2026-08-05 17:04:03.570199: train_loss -0.8675
2026-08-05 17:04:03.570661: val_loss -0.784
2026-08-05 17:04:03.570726: Pseudo dice [np.float32(0.7108), np.float32(0.928), np.float32(0.9381)]
2026-08-05 17:04:03.570815: Epoch time: 42.08 s
2026-08-05 17:04:04.590522: 
2026-08-05 17:04:04.590997: Epoch 590
2026-08-05 17:04:04.591130: Current learning rate: 0.00448
2026-08-05 17:04:46.512174: train_loss -0.8737
2026-08-05 17:04:46.512539: val_loss -0.7872
2026-08-05 17:04:46.512697: Pseudo dice [np.float32(0.7143), np.float32(0.9302), np.float32(0.9395)]
2026-08-05 17:04:46.515777: Epoch time: 41.93 s
2026-08-05 17:04:47.390799: 
2026-08-05 17:04:47.391229: Epoch 591
2026-08-05 17:04:47.391347: Current learning rate: 0.00447
2026-08-05 17:05:29.715694: train_loss -0.8729
2026-08-05 17:05:29.716571: val_loss -0.7769
2026-08-05 17:05:29.716692: Pseudo dice [np.float32(0.7091), np.float32(0.9279), np.float32(0.9377)]
2026-08-05 17:05:29.716846: Epoch time: 42.33 s
2026-08-05 17:05:30.557754: 
2026-08-05 17:05:30.558203: Epoch 592
2026-08-05 17:05:30.558336: Current learning rate: 0.00446
2026-08-05 17:06:12.516244: train_loss -0.8698
2026-08-05 17:06:12.516930: val_loss -0.7742
2026-08-05 17:06:12.517145: Pseudo dice [np.float32(0.7071), np.float32(0.9294), np.float32(0.9392)]
2026-08-05 17:06:12.517274: Epoch time: 41.96 s
2026-08-05 17:06:14.048870: 
2026-08-05 17:06:14.049201: Epoch 593
2026-08-05 17:06:14.049301: Current learning rate: 0.00445
2026-08-05 17:06:55.989746: train_loss -0.8742
2026-08-05 17:06:55.990460: val_loss -0.7632
2026-08-05 17:06:55.990525: Pseudo dice [np.float32(0.6945), np.float32(0.9266), np.float32(0.9315)]
2026-08-05 17:06:55.990622: Epoch time: 41.94 s
2026-08-05 17:06:56.835843: 
2026-08-05 17:06:56.836309: Epoch 594
2026-08-05 17:06:56.836429: Current learning rate: 0.00444
2026-08-05 17:07:38.929255: train_loss -0.8739
2026-08-05 17:07:38.929644: val_loss -0.7594
2026-08-05 17:07:38.929713: Pseudo dice [np.float32(0.6974), np.float32(0.9259), np.float32(0.9335)]
2026-08-05 17:07:38.929785: Epoch time: 42.1 s
2026-08-05 17:07:40.259335: 
2026-08-05 17:07:40.259786: Epoch 595
2026-08-05 17:07:40.259907: Current learning rate: 0.00443
2026-08-05 17:08:22.251508: train_loss -0.8728
2026-08-05 17:08:22.252633: val_loss -0.7713
2026-08-05 17:08:22.252700: Pseudo dice [np.float32(0.6944), np.float32(0.9291), np.float32(0.9337)]
2026-08-05 17:08:22.252869: Epoch time: 42.0 s
2026-08-05 17:08:23.243930: 
2026-08-05 17:08:23.244287: Epoch 596
2026-08-05 17:08:23.244412: Current learning rate: 0.00442
2026-08-05 17:09:05.098692: train_loss -0.8728
2026-08-05 17:09:05.099151: val_loss -0.7648
2026-08-05 17:09:05.099211: Pseudo dice [np.float32(0.6998), np.float32(0.9278), np.float32(0.9332)]
2026-08-05 17:09:05.099288: Epoch time: 41.86 s
2026-08-05 17:09:06.009246: 
2026-08-05 17:09:06.009604: Epoch 597
2026-08-05 17:09:06.009713: Current learning rate: 0.00441
2026-08-05 17:09:47.762843: train_loss -0.8725
2026-08-05 17:09:47.763376: val_loss -0.7672
2026-08-05 17:09:47.763667: Pseudo dice [np.float32(0.701), np.float32(0.9251), np.float32(0.9365)]
2026-08-05 17:09:47.763825: Epoch time: 41.76 s
2026-08-05 17:09:48.781206: 
2026-08-05 17:09:48.781802: Epoch 598
2026-08-05 17:09:48.781975: Current learning rate: 0.0044
2026-08-05 17:10:30.488606: train_loss -0.8658
2026-08-05 17:10:30.489325: val_loss -0.7608
2026-08-05 17:10:30.489497: Pseudo dice [np.float32(0.6936), np.float32(0.9273), np.float32(0.9308)]
2026-08-05 17:10:30.489709: Epoch time: 41.71 s
2026-08-05 17:10:31.519559: 
2026-08-05 17:10:31.519905: Epoch 599
2026-08-05 17:10:31.520024: Current learning rate: 0.00439
2026-08-05 17:11:12.714688: train_loss -0.8673
2026-08-05 17:11:12.715108: val_loss -0.7703
2026-08-05 17:11:12.715161: Pseudo dice [np.float32(0.7035), np.float32(0.9273), np.float32(0.9337)]
2026-08-05 17:11:12.715234: Epoch time: 41.2 s
2026-08-05 17:11:35.819700: 
2026-08-05 17:11:35.820261: Epoch 600
2026-08-05 17:11:35.820558: Current learning rate: 0.00438
2026-08-05 17:12:17.365748: train_loss -0.8702
2026-08-05 17:12:17.366306: val_loss -0.7638
2026-08-05 17:12:17.366477: Pseudo dice [np.float32(0.6894), np.float32(0.9295), np.float32(0.9363)]
2026-08-05 17:12:17.366642: Epoch time: 41.55 s
2026-08-05 17:12:18.195609: 
2026-08-05 17:12:18.196181: Epoch 601
2026-08-05 17:12:18.196306: Current learning rate: 0.00437
2026-08-05 17:12:59.737479: train_loss -0.868
2026-08-05 17:12:59.737982: val_loss -0.7707
2026-08-05 17:12:59.738202: Pseudo dice [np.float32(0.7043), np.float32(0.9242), np.float32(0.9351)]
2026-08-05 17:12:59.738320: Epoch time: 41.54 s
2026-08-05 17:13:00.566815: 
2026-08-05 17:13:00.567110: Epoch 602
2026-08-05 17:13:00.567272: Current learning rate: 0.00436
2026-08-05 17:13:41.836158: train_loss -0.8703
2026-08-05 17:13:41.836474: val_loss -0.7789
2026-08-05 17:13:41.836546: Pseudo dice [np.float32(0.7126), np.float32(0.9322), np.float32(0.9377)]
2026-08-05 17:13:41.836645: Epoch time: 41.27 s
2026-08-05 17:13:42.813703: 
2026-08-05 17:13:42.814039: Epoch 603
2026-08-05 17:13:42.814263: Current learning rate: 0.00435
2026-08-05 17:14:23.910947: train_loss -0.8577
2026-08-05 17:14:23.911529: val_loss -0.781
2026-08-05 17:14:23.911669: Pseudo dice [np.float32(0.7032), np.float32(0.9274), np.float32(0.9354)]
2026-08-05 17:14:23.911829: Epoch time: 41.1 s
2026-08-05 17:14:24.798059: 
2026-08-05 17:14:24.798519: Epoch 604
2026-08-05 17:14:24.798642: Current learning rate: 0.00434
2026-08-05 17:15:05.812840: train_loss -0.863
2026-08-05 17:15:05.813178: val_loss -0.7553
2026-08-05 17:15:05.813288: Pseudo dice [np.float32(0.6844), np.float32(0.9198), np.float32(0.9303)]
2026-08-05 17:15:05.813400: Epoch time: 41.02 s
2026-08-05 17:15:06.600352: 
2026-08-05 17:15:06.600680: Epoch 605
2026-08-05 17:15:06.600795: Current learning rate: 0.00433
2026-08-05 17:15:47.811023: train_loss -0.8636
2026-08-05 17:15:47.811342: val_loss -0.7688
2026-08-05 17:15:47.811399: Pseudo dice [np.float32(0.6958), np.float32(0.9274), np.float32(0.9359)]
2026-08-05 17:15:47.811472: Epoch time: 41.21 s
2026-08-05 17:15:48.767264: 
2026-08-05 17:15:48.767689: Epoch 606
2026-08-05 17:15:48.767822: Current learning rate: 0.00432
2026-08-05 17:16:29.829970: train_loss -0.8696
2026-08-05 17:16:29.830321: val_loss -0.7643
2026-08-05 17:16:29.830390: Pseudo dice [np.float32(0.6894), np.float32(0.9263), np.float32(0.9361)]
2026-08-05 17:16:29.830464: Epoch time: 41.07 s
2026-08-05 17:16:31.347050: 
2026-08-05 17:16:31.347530: Epoch 607
2026-08-05 17:16:31.347664: Current learning rate: 0.00431
2026-08-05 17:17:12.666814: train_loss -0.8732
2026-08-05 17:17:12.667480: val_loss -0.7679
2026-08-05 17:17:12.667614: Pseudo dice [np.float32(0.699), np.float32(0.9269), np.float32(0.9316)]
2026-08-05 17:17:12.667759: Epoch time: 41.32 s
2026-08-05 17:17:13.470968: 
2026-08-05 17:17:13.471175: Epoch 608
2026-08-05 17:17:13.471365: Current learning rate: 0.0043
2026-08-05 17:17:54.488182: train_loss -0.8727
2026-08-05 17:17:54.488516: val_loss -0.776
2026-08-05 17:17:54.488586: Pseudo dice [np.float32(0.7113), np.float32(0.9289), np.float32(0.9324)]
2026-08-05 17:17:54.488672: Epoch time: 41.02 s
2026-08-05 17:17:55.323588: 
2026-08-05 17:17:55.323940: Epoch 609
2026-08-05 17:17:55.324077: Current learning rate: 0.00429
2026-08-05 17:18:36.629578: train_loss -0.8733
2026-08-05 17:18:36.630014: val_loss -0.7766
2026-08-05 17:18:36.630079: Pseudo dice [np.float32(0.7057), np.float32(0.925), np.float32(0.94)]
2026-08-05 17:18:36.630161: Epoch time: 41.31 s
2026-08-05 17:18:37.678863: 
2026-08-05 17:18:37.679493: Epoch 610
2026-08-05 17:18:37.679686: Current learning rate: 0.00429
2026-08-05 17:19:18.536382: train_loss -0.8674
2026-08-05 17:19:18.536799: val_loss -0.7597
2026-08-05 17:19:18.536964: Pseudo dice [np.float32(0.6867), np.float32(0.9282), np.float32(0.932)]
2026-08-05 17:19:18.537164: Epoch time: 40.86 s
2026-08-05 17:19:19.548342: 
2026-08-05 17:19:19.548613: Epoch 611
2026-08-05 17:19:19.548732: Current learning rate: 0.00428
2026-08-05 17:20:00.475329: train_loss -0.8763
2026-08-05 17:20:00.475813: val_loss -0.7736
2026-08-05 17:20:00.475963: Pseudo dice [np.float32(0.7065), np.float32(0.9292), np.float32(0.9351)]
2026-08-05 17:20:00.476127: Epoch time: 40.93 s
2026-08-05 17:20:01.416492: 
2026-08-05 17:20:01.416845: Epoch 612
2026-08-05 17:20:01.416966: Current learning rate: 0.00427
2026-08-05 17:20:42.654547: train_loss -0.8694
2026-08-05 17:20:42.654812: val_loss -0.7826
2026-08-05 17:20:42.654864: Pseudo dice [np.float32(0.7147), np.float32(0.9322), np.float32(0.9413)]
2026-08-05 17:20:42.654946: Epoch time: 41.24 s
2026-08-05 17:20:43.795376: 
2026-08-05 17:20:43.795790: Epoch 613
2026-08-05 17:20:43.795923: Current learning rate: 0.00426
2026-08-05 17:21:24.833427: train_loss -0.872
2026-08-05 17:21:24.833905: val_loss -0.7715
2026-08-05 17:21:24.833963: Pseudo dice [np.float32(0.7046), np.float32(0.9304), np.float32(0.9331)]
2026-08-05 17:21:24.834034: Epoch time: 41.04 s
2026-08-05 17:21:26.326373: 
2026-08-05 17:21:26.326667: Epoch 614
2026-08-05 17:21:26.326812: Current learning rate: 0.00425
2026-08-05 17:22:36.357764: train_loss -0.8707
2026-08-05 17:22:36.358116: val_loss -0.7539
2026-08-05 17:22:36.358186: Pseudo dice [np.float32(0.6928), np.float32(0.9109), np.float32(0.9313)]
2026-08-05 17:22:36.358283: Epoch time: 70.03 s
2026-08-05 17:22:37.340579: 
2026-08-05 17:22:37.340937: Epoch 615
2026-08-05 17:22:37.341141: Current learning rate: 0.00424
2026-08-05 17:23:18.568290: train_loss -0.8686
2026-08-05 17:23:18.568696: val_loss -0.7728
2026-08-05 17:23:18.568758: Pseudo dice [np.float32(0.7088), np.float32(0.9334), np.float32(0.9353)]
2026-08-05 17:23:18.568846: Epoch time: 41.23 s
2026-08-05 17:23:19.573490: 
2026-08-05 17:23:19.573827: Epoch 616
2026-08-05 17:23:19.573970: Current learning rate: 0.00423
2026-08-05 17:24:00.981153: train_loss -0.8679
2026-08-05 17:24:00.981989: val_loss -0.7664
2026-08-05 17:24:00.982063: Pseudo dice [np.float32(0.7061), np.float32(0.9235), np.float32(0.9327)]
2026-08-05 17:24:00.982164: Epoch time: 41.41 s
2026-08-05 17:24:02.071283: 
2026-08-05 17:24:02.071661: Epoch 617
2026-08-05 17:24:02.071828: Current learning rate: 0.00422
2026-08-05 17:24:43.756380: train_loss -0.8729
2026-08-05 17:24:43.756697: val_loss -0.7834
2026-08-05 17:24:43.756750: Pseudo dice [np.float32(0.7097), np.float32(0.9309), np.float32(0.9401)]
2026-08-05 17:24:43.756822: Epoch time: 41.69 s
2026-08-05 17:24:44.742001: 
2026-08-05 17:24:44.743513: Epoch 618
2026-08-05 17:24:44.743626: Current learning rate: 0.00421
2026-08-05 17:25:26.842835: train_loss -0.8684
2026-08-05 17:25:26.843157: val_loss -0.778
2026-08-05 17:25:26.843224: Pseudo dice [np.float32(0.7159), np.float32(0.9305), np.float32(0.9375)]
2026-08-05 17:25:26.843318: Epoch time: 42.1 s
2026-08-05 17:25:27.920142: 
2026-08-05 17:25:27.920523: Epoch 619
2026-08-05 17:25:27.920653: Current learning rate: 0.0042
2026-08-05 17:26:09.103664: train_loss -0.8734
2026-08-05 17:26:09.104089: val_loss -0.7815
2026-08-05 17:26:09.104353: Pseudo dice [np.float32(0.7151), np.float32(0.9308), np.float32(0.9347)]
2026-08-05 17:26:09.104539: Epoch time: 41.19 s
2026-08-05 17:26:09.917060: 
2026-08-05 17:26:09.917348: Epoch 620
2026-08-05 17:26:09.917456: Current learning rate: 0.00419
2026-08-05 17:26:51.480772: train_loss -0.8757
2026-08-05 17:26:51.481015: val_loss -0.7589
2026-08-05 17:26:51.481089: Pseudo dice [np.float32(0.6968), np.float32(0.9264), np.float32(0.933)]
2026-08-05 17:26:51.481171: Epoch time: 41.57 s
2026-08-05 17:26:52.373572: 
2026-08-05 17:26:52.373881: Epoch 621
2026-08-05 17:26:52.374102: Current learning rate: 0.00418
2026-08-05 17:27:34.356714: train_loss -0.88
2026-08-05 17:27:34.357166: val_loss -0.7812
2026-08-05 17:27:34.357256: Pseudo dice [np.float32(0.7218), np.float32(0.9303), np.float32(0.9384)]
2026-08-05 17:27:34.357354: Epoch time: 41.99 s
2026-08-05 17:27:35.295676: 
2026-08-05 17:27:35.296101: Epoch 622
2026-08-05 17:27:35.296226: Current learning rate: 0.00417
2026-08-05 17:28:16.627788: train_loss -0.8764
2026-08-05 17:28:16.628202: val_loss -0.7877
2026-08-05 17:28:16.628279: Pseudo dice [np.float32(0.7197), np.float32(0.9316), np.float32(0.9387)]
2026-08-05 17:28:16.628378: Epoch time: 41.34 s
2026-08-05 17:28:17.703595: 
2026-08-05 17:28:17.703916: Epoch 623
2026-08-05 17:28:17.704040: Current learning rate: 0.00416
2026-08-05 17:28:58.879651: train_loss -0.8791
2026-08-05 17:28:58.880195: val_loss -0.783
2026-08-05 17:28:58.880263: Pseudo dice [np.float32(0.7139), np.float32(0.9351), np.float32(0.9404)]
2026-08-05 17:28:58.880355: Epoch time: 41.18 s
2026-08-05 17:28:59.878350: 
2026-08-05 17:28:59.878690: Epoch 624
2026-08-05 17:28:59.878839: Current learning rate: 0.00415
2026-08-05 17:29:41.493462: train_loss -0.8791
2026-08-05 17:29:41.493832: val_loss -0.7765
2026-08-05 17:29:41.493917: Pseudo dice [np.float32(0.7093), np.float32(0.9312), np.float32(0.9355)]
2026-08-05 17:29:41.494003: Epoch time: 41.62 s
2026-08-05 17:29:42.340936: 
2026-08-05 17:29:42.341258: Epoch 625
2026-08-05 17:29:42.341384: Current learning rate: 0.00414
2026-08-05 17:30:24.383826: train_loss -0.8775
2026-08-05 17:30:24.384259: val_loss -0.7825
2026-08-05 17:30:24.384395: Pseudo dice [np.float32(0.716), np.float32(0.9363), np.float32(0.9367)]
2026-08-05 17:30:24.384543: Epoch time: 42.05 s
2026-08-05 17:30:25.393996: 
2026-08-05 17:30:25.394468: Epoch 626
2026-08-05 17:30:25.394760: Current learning rate: 0.00413
2026-08-05 17:31:06.845725: train_loss -0.8591
2026-08-05 17:31:06.846541: val_loss -0.7735
2026-08-05 17:31:06.846624: Pseudo dice [np.float32(0.7061), np.float32(0.9299), np.float32(0.9372)]
2026-08-05 17:31:06.846720: Epoch time: 41.45 s
2026-08-05 17:31:07.696561: 
2026-08-05 17:31:07.696935: Epoch 627
2026-08-05 17:31:07.697058: Current learning rate: 0.00412
2026-08-05 17:31:50.103039: train_loss -0.8687
2026-08-05 17:31:50.103370: val_loss -0.7708
2026-08-05 17:31:50.103427: Pseudo dice [np.float32(0.6985), np.float32(0.9273), np.float32(0.9366)]
2026-08-05 17:31:50.103506: Epoch time: 42.41 s
2026-08-05 17:31:50.927972: 
2026-08-05 17:31:50.928466: Epoch 628
2026-08-05 17:31:50.928627: Current learning rate: 0.00411
2026-08-05 17:32:33.088122: train_loss -0.8735
2026-08-05 17:32:33.088617: val_loss -0.7756
2026-08-05 17:32:33.088742: Pseudo dice [np.float32(0.7094), np.float32(0.9334), np.float32(0.9379)]
2026-08-05 17:32:33.088884: Epoch time: 42.16 s
2026-08-05 17:32:34.126684: 
2026-08-05 17:32:34.127142: Epoch 629
2026-08-05 17:32:34.127264: Current learning rate: 0.0041
2026-08-05 17:33:16.189610: train_loss -0.8781
2026-08-05 17:33:16.189991: val_loss -0.7796
2026-08-05 17:33:16.190115: Pseudo dice [np.float32(0.7106), np.float32(0.9349), np.float32(0.9404)]
2026-08-05 17:33:16.190244: Epoch time: 42.07 s
2026-08-05 17:33:17.117660: 
2026-08-05 17:33:17.118113: Epoch 630
2026-08-05 17:33:17.118279: Current learning rate: 0.00409
2026-08-05 17:33:59.171003: train_loss -0.8742
2026-08-05 17:33:59.171683: val_loss -0.7659
2026-08-05 17:33:59.171795: Pseudo dice [np.float32(0.698), np.float32(0.9256), np.float32(0.9337)]
2026-08-05 17:33:59.171934: Epoch time: 42.06 s
2026-08-05 17:34:00.126880: 
2026-08-05 17:34:00.127443: Epoch 631
2026-08-05 17:34:00.127588: Current learning rate: 0.00408
2026-08-05 17:34:41.948931: train_loss -0.8749
2026-08-05 17:34:41.949365: val_loss -0.7686
2026-08-05 17:34:41.949424: Pseudo dice [np.float32(0.7048), np.float32(0.9295), np.float32(0.9363)]
2026-08-05 17:34:41.949497: Epoch time: 41.83 s
2026-08-05 17:34:42.832168: 
2026-08-05 17:34:42.832595: Epoch 632
2026-08-05 17:34:42.832691: Current learning rate: 0.00407
2026-08-05 17:35:24.564617: train_loss -0.8777
2026-08-05 17:35:24.565086: val_loss -0.7706
2026-08-05 17:35:24.565166: Pseudo dice [np.float32(0.7053), np.float32(0.9291), np.float32(0.94)]
2026-08-05 17:35:24.565268: Epoch time: 41.74 s
2026-08-05 17:35:25.542152: 
2026-08-05 17:35:25.542682: Epoch 633
2026-08-05 17:35:25.542834: Current learning rate: 0.00406
2026-08-05 17:36:07.074561: train_loss -0.8651
2026-08-05 17:36:07.075209: val_loss -0.7886
2026-08-05 17:36:07.075280: Pseudo dice [np.float32(0.7185), np.float32(0.9339), np.float32(0.9408)]
2026-08-05 17:36:07.075364: Epoch time: 41.54 s
2026-08-05 17:36:08.593315: 
2026-08-05 17:36:08.593709: Epoch 634
2026-08-05 17:36:08.593817: Current learning rate: 0.00405
2026-08-05 17:36:50.360593: train_loss -0.8725
2026-08-05 17:36:50.361350: val_loss -0.7697
2026-08-05 17:36:50.361452: Pseudo dice [np.float32(0.6942), np.float32(0.9298), np.float32(0.9345)]
2026-08-05 17:36:50.361546: Epoch time: 41.77 s
2026-08-05 17:36:51.384110: 
2026-08-05 17:36:51.384635: Epoch 635
2026-08-05 17:36:51.384838: Current learning rate: 0.00404
2026-08-05 17:37:33.457978: train_loss -0.8791
2026-08-05 17:37:33.458532: val_loss -0.7729
2026-08-05 17:37:33.458607: Pseudo dice [np.float32(0.7026), np.float32(0.9287), np.float32(0.9372)]
2026-08-05 17:37:33.458703: Epoch time: 42.08 s
2026-08-05 17:37:34.611630: 
2026-08-05 17:37:34.612018: Epoch 636
2026-08-05 17:37:34.612174: Current learning rate: 0.00403
2026-08-05 17:38:17.109302: train_loss -0.8576
2026-08-05 17:38:17.109712: val_loss -0.7617
2026-08-05 17:38:17.109790: Pseudo dice [np.float32(0.692), np.float32(0.9209), np.float32(0.9345)]
2026-08-05 17:38:17.109958: Epoch time: 42.5 s
2026-08-05 17:38:18.274593: 
2026-08-05 17:38:18.275344: Epoch 637
2026-08-05 17:38:18.275579: Current learning rate: 0.00402
2026-08-05 17:39:00.879717: train_loss -0.8374
2026-08-05 17:39:00.880209: val_loss -0.7675
2026-08-05 17:39:00.880285: Pseudo dice [np.float32(0.7009), np.float32(0.9283), np.float32(0.9361)]
2026-08-05 17:39:00.880405: Epoch time: 42.61 s
2026-08-05 17:39:01.786008: 
2026-08-05 17:39:01.786490: Epoch 638
2026-08-05 17:39:01.786631: Current learning rate: 0.00401
2026-08-05 17:39:44.330037: train_loss -0.8481
2026-08-05 17:39:44.330763: val_loss -0.7763
2026-08-05 17:39:44.330869: Pseudo dice [np.float32(0.6999), np.float32(0.9255), np.float32(0.9381)]
2026-08-05 17:39:44.331033: Epoch time: 42.55 s
2026-08-05 17:39:45.276310: 
2026-08-05 17:39:45.276649: Epoch 639
2026-08-05 17:39:45.276851: Current learning rate: 0.004
2026-08-05 17:40:28.131819: train_loss -0.8601
2026-08-05 17:40:28.132357: val_loss -0.7764
2026-08-05 17:40:28.132447: Pseudo dice [np.float32(0.702), np.float32(0.9304), np.float32(0.9348)]
2026-08-05 17:40:28.132537: Epoch time: 42.86 s
2026-08-05 17:40:29.089369: 
2026-08-05 17:40:29.089904: Epoch 640
2026-08-05 17:40:29.090122: Current learning rate: 0.00399
2026-08-05 17:41:11.983184: train_loss -0.8688
2026-08-05 17:41:11.983770: val_loss -0.7776
2026-08-05 17:41:11.983859: Pseudo dice [np.float32(0.7107), np.float32(0.931), np.float32(0.9381)]
2026-08-05 17:41:11.983993: Epoch time: 42.9 s
2026-08-05 17:41:14.175563: 
2026-08-05 17:41:14.176106: Epoch 641
2026-08-05 17:41:14.176267: Current learning rate: 0.00398
2026-08-05 17:41:56.810730: train_loss -0.8649
2026-08-05 17:41:56.811230: val_loss -0.7743
2026-08-05 17:41:56.811302: Pseudo dice [np.float32(0.7036), np.float32(0.9276), np.float32(0.932)]
2026-08-05 17:41:56.811388: Epoch time: 42.64 s
2026-08-05 17:41:57.687451: 
2026-08-05 17:41:57.687924: Epoch 642
2026-08-05 17:41:57.688049: Current learning rate: 0.00397
2026-08-05 17:42:40.564166: train_loss -0.8727
2026-08-05 17:42:40.564691: val_loss -0.776
2026-08-05 17:42:40.564759: Pseudo dice [np.float32(0.7143), np.float32(0.9306), np.float32(0.9394)]
2026-08-05 17:42:40.564857: Epoch time: 42.88 s
2026-08-05 17:42:41.550374: 
2026-08-05 17:42:41.550828: Epoch 643
2026-08-05 17:42:41.550952: Current learning rate: 0.00396
2026-08-05 17:43:24.211560: train_loss -0.8742
2026-08-05 17:43:24.212287: val_loss -0.7659
2026-08-05 17:43:24.212484: Pseudo dice [np.float32(0.701), np.float32(0.9255), np.float32(0.9369)]
2026-08-05 17:43:24.212621: Epoch time: 42.66 s
2026-08-05 17:43:25.318844: 
2026-08-05 17:43:25.319553: Epoch 644
2026-08-05 17:43:25.319782: Current learning rate: 0.00395
2026-08-05 17:44:06.959659: train_loss -0.8488
2026-08-05 17:44:06.960272: val_loss -0.7605
2026-08-05 17:44:06.960348: Pseudo dice [np.float32(0.7002), np.float32(0.9191), np.float32(0.9316)]
2026-08-05 17:44:06.960453: Epoch time: 41.65 s
2026-08-05 17:44:07.866457: 
2026-08-05 17:44:07.866868: Epoch 645
2026-08-05 17:44:07.867091: Current learning rate: 0.00394
2026-08-05 17:44:49.991123: train_loss -0.8363
2026-08-05 17:44:49.991506: val_loss -0.7609
2026-08-05 17:44:49.991580: Pseudo dice [np.float32(0.689), np.float32(0.9223), np.float32(0.9345)]
2026-08-05 17:44:49.991675: Epoch time: 42.13 s
2026-08-05 17:44:50.888613: 
2026-08-05 17:44:50.889077: Epoch 646
2026-08-05 17:44:50.889205: Current learning rate: 0.00393
2026-08-05 17:45:32.664354: train_loss -0.8472
2026-08-05 17:45:32.664993: val_loss -0.785
2026-08-05 17:45:32.665074: Pseudo dice [np.float32(0.711), np.float32(0.9355), np.float32(0.9398)]
2026-08-05 17:45:32.665180: Epoch time: 41.78 s
2026-08-05 17:45:33.740967: 
2026-08-05 17:45:33.741466: Epoch 647
2026-08-05 17:45:33.741616: Current learning rate: 0.00392
2026-08-05 17:46:16.318669: train_loss -0.8628
2026-08-05 17:46:16.319046: val_loss -0.7979
2026-08-05 17:46:16.319117: Pseudo dice [np.float32(0.7296), np.float32(0.9369), np.float32(0.9424)]
2026-08-05 17:46:16.319221: Epoch time: 42.58 s
2026-08-05 17:46:18.667795: 
2026-08-05 17:46:18.668280: Epoch 648
2026-08-05 17:46:18.668470: Current learning rate: 0.00391
2026-08-05 17:47:01.974853: train_loss -0.8704
2026-08-05 17:47:01.975559: val_loss -0.7845
2026-08-05 17:47:01.975670: Pseudo dice [np.float32(0.7161), np.float32(0.9296), np.float32(0.9407)]
2026-08-05 17:47:01.975789: Epoch time: 43.31 s
2026-08-05 17:47:03.053432: 
2026-08-05 17:47:03.053910: Epoch 649
2026-08-05 17:47:03.054099: Current learning rate: 0.0039
2026-08-05 17:47:45.509585: train_loss -0.8656
2026-08-05 17:47:45.510207: val_loss -0.7703
2026-08-05 17:47:45.510298: Pseudo dice [np.float32(0.6985), np.float32(0.9256), np.float32(0.9342)]
2026-08-05 17:47:45.510406: Epoch time: 42.46 s
2026-08-05 17:48:00.347153: 
2026-08-05 17:48:00.347805: Epoch 650
2026-08-05 17:48:00.348215: Current learning rate: 0.00389
2026-08-05 17:48:42.584087: train_loss -0.8522
2026-08-05 17:48:42.584454: val_loss -0.7648
2026-08-05 17:48:42.584521: Pseudo dice [np.float32(0.6945), np.float32(0.9261), np.float32(0.9354)]
2026-08-05 17:48:42.584603: Epoch time: 42.24 s
2026-08-05 17:48:43.676152: 
2026-08-05 17:48:43.676840: Epoch 651
2026-08-05 17:48:43.677103: Current learning rate: 0.00388
2026-08-05 17:49:26.276395: train_loss -0.8613
2026-08-05 17:49:26.276689: val_loss -0.7625
2026-08-05 17:49:26.276762: Pseudo dice [np.float32(0.6949), np.float32(0.9222), np.float32(0.9366)]
2026-08-05 17:49:26.276863: Epoch time: 42.6 s
2026-08-05 17:49:27.116343: 
2026-08-05 17:49:27.116791: Epoch 652
2026-08-05 17:49:27.116887: Current learning rate: 0.00387
2026-08-05 17:50:09.731043: train_loss -0.8628
2026-08-05 17:50:09.731716: val_loss -0.7766
2026-08-05 17:50:09.731779: Pseudo dice [np.float32(0.7103), np.float32(0.9255), np.float32(0.9338)]
2026-08-05 17:50:09.731873: Epoch time: 42.62 s
2026-08-05 17:50:10.670362: 
2026-08-05 17:50:10.670762: Epoch 653
2026-08-05 17:50:10.670954: Current learning rate: 0.00386
2026-08-05 17:50:52.918815: train_loss -0.8547
2026-08-05 17:50:52.927008: val_loss -0.7707
2026-08-05 17:50:52.927156: Pseudo dice [np.float32(0.7075), np.float32(0.9289), np.float32(0.9386)]
2026-08-05 17:50:52.927257: Epoch time: 42.25 s
2026-08-05 17:50:53.975589: 
2026-08-05 17:50:53.976210: Epoch 654
2026-08-05 17:50:53.976394: Current learning rate: 0.00385
2026-08-05 17:51:37.070967: train_loss -0.8616
2026-08-05 17:51:37.071720: val_loss -0.774
2026-08-05 17:51:37.071990: Pseudo dice [np.float32(0.7019), np.float32(0.9292), np.float32(0.9324)]
2026-08-05 17:51:37.072116: Epoch time: 43.1 s
2026-08-05 17:51:39.425591: 
2026-08-05 17:51:39.426151: Epoch 655
2026-08-05 17:51:39.426372: Current learning rate: 0.00384
2026-08-05 17:52:22.515124: train_loss -0.8666
2026-08-05 17:52:22.515673: val_loss -0.7685
2026-08-05 17:52:22.515735: Pseudo dice [np.float32(0.696), np.float32(0.9294), np.float32(0.9303)]
2026-08-05 17:52:22.515805: Epoch time: 43.09 s
2026-08-05 17:52:23.444940: 
2026-08-05 17:52:23.445557: Epoch 656
2026-08-05 17:52:23.445749: Current learning rate: 0.00383
2026-08-05 17:53:06.463671: train_loss -0.8717
2026-08-05 17:53:06.466783: val_loss -0.7713
2026-08-05 17:53:06.466853: Pseudo dice [np.float32(0.7055), np.float32(0.9253), np.float32(0.9361)]
2026-08-05 17:53:06.466948: Epoch time: 43.02 s
2026-08-05 17:53:07.387074: 
2026-08-05 17:53:07.387624: Epoch 657
2026-08-05 17:53:07.387868: Current learning rate: 0.00382
2026-08-05 17:53:50.254205: train_loss -0.875
2026-08-05 17:53:50.254528: val_loss -0.7924
2026-08-05 17:53:50.254594: Pseudo dice [np.float32(0.7277), np.float32(0.9362), np.float32(0.9423)]
2026-08-05 17:53:50.283984: Epoch time: 42.87 s
2026-08-05 17:53:51.258606: 
2026-08-05 17:53:51.259111: Epoch 658
2026-08-05 17:53:51.259253: Current learning rate: 0.00381
2026-08-05 17:54:33.611442: train_loss -0.8761
2026-08-05 17:54:33.611906: val_loss -0.7688
2026-08-05 17:54:33.611984: Pseudo dice [np.float32(0.6998), np.float32(0.928), np.float32(0.9356)]
2026-08-05 17:54:33.612067: Epoch time: 42.36 s
2026-08-05 17:54:34.576274: 
2026-08-05 17:54:34.576688: Epoch 659
2026-08-05 17:54:34.576805: Current learning rate: 0.0038
2026-08-05 17:55:17.118038: train_loss -0.8748
2026-08-05 17:55:17.118496: val_loss -0.7711
2026-08-05 17:55:17.118654: Pseudo dice [np.float32(0.7064), np.float32(0.928), np.float32(0.9357)]
2026-08-05 17:55:17.118798: Epoch time: 42.55 s
2026-08-05 17:55:18.280156: 
2026-08-05 17:55:18.280567: Epoch 660
2026-08-05 17:55:18.280723: Current learning rate: 0.00379
2026-08-05 17:56:01.185709: train_loss -0.8732
2026-08-05 17:56:01.186266: val_loss -0.7732
2026-08-05 17:56:01.186417: Pseudo dice [np.float32(0.7115), np.float32(0.9317), np.float32(0.9311)]
2026-08-05 17:56:01.186540: Epoch time: 42.91 s
2026-08-05 17:56:02.378568: 
2026-08-05 17:56:02.379020: Epoch 661
2026-08-05 17:56:02.379144: Current learning rate: 0.00378
2026-08-05 17:56:44.908501: train_loss -0.8762
2026-08-05 17:56:44.909285: val_loss -0.7661
2026-08-05 17:56:44.909386: Pseudo dice [np.float32(0.7039), np.float32(0.9244), np.float32(0.9337)]
2026-08-05 17:56:44.909477: Epoch time: 42.53 s
2026-08-05 17:56:47.044069: 
2026-08-05 17:56:47.044461: Epoch 662
2026-08-05 17:56:47.044578: Current learning rate: 0.00377
2026-08-05 17:57:29.541038: train_loss -0.8779
2026-08-05 17:57:29.544766: val_loss -0.7585
2026-08-05 17:57:29.544886: Pseudo dice [np.float32(0.6914), np.float32(0.9292), np.float32(0.9316)]
2026-08-05 17:57:29.544999: Epoch time: 42.5 s
2026-08-05 17:57:30.535708: 
2026-08-05 17:57:30.536256: Epoch 663
2026-08-05 17:57:30.536423: Current learning rate: 0.00376
2026-08-05 17:58:12.696424: train_loss -0.8767
2026-08-05 17:58:12.696990: val_loss -0.7697
2026-08-05 17:58:12.697122: Pseudo dice [np.float32(0.7027), np.float32(0.9315), np.float32(0.9384)]
2026-08-05 17:58:12.697210: Epoch time: 42.17 s
2026-08-05 17:58:13.661316: 
2026-08-05 17:58:13.661992: Epoch 664
2026-08-05 17:58:13.662199: Current learning rate: 0.00375
2026-08-05 17:58:55.885242: train_loss -0.8779
2026-08-05 17:58:55.885860: val_loss -0.7734
2026-08-05 17:58:55.885976: Pseudo dice [np.float32(0.7084), np.float32(0.9317), np.float32(0.9354)]
2026-08-05 17:58:55.886081: Epoch time: 42.23 s
2026-08-05 17:58:57.324769: 
2026-08-05 17:58:57.325373: Epoch 665
2026-08-05 17:58:57.325547: Current learning rate: 0.00374
2026-08-05 17:59:39.492591: train_loss -0.8819
2026-08-05 17:59:39.493080: val_loss -0.7777
2026-08-05 17:59:39.493153: Pseudo dice [np.float32(0.7041), np.float32(0.9303), np.float32(0.9377)]
2026-08-05 17:59:39.493284: Epoch time: 42.17 s
2026-08-05 17:59:40.489750: 
2026-08-05 17:59:40.490240: Epoch 666
2026-08-05 17:59:40.490395: Current learning rate: 0.00373
2026-08-05 18:00:23.693082: train_loss -0.8808
2026-08-05 18:00:23.693634: val_loss -0.7786
2026-08-05 18:00:23.693775: Pseudo dice [np.float32(0.7118), np.float32(0.9253), np.float32(0.9353)]
2026-08-05 18:00:23.693871: Epoch time: 43.21 s
2026-08-05 18:00:24.701520: 
2026-08-05 18:00:24.701915: Epoch 667
2026-08-05 18:00:24.702060: Current learning rate: 0.00372
2026-08-05 18:01:07.069865: train_loss -0.8797
2026-08-05 18:01:07.070279: val_loss -0.7668
2026-08-05 18:01:07.070343: Pseudo dice [np.float32(0.6977), np.float32(0.9253), np.float32(0.935)]
2026-08-05 18:01:07.070626: Epoch time: 42.37 s
2026-08-05 18:01:07.919252: 
2026-08-05 18:01:07.919607: Epoch 668
2026-08-05 18:01:07.919728: Current learning rate: 0.00371
2026-08-05 18:02:09.021016: train_loss -0.8869
2026-08-05 18:02:09.021731: val_loss -0.7636
2026-08-05 18:02:09.021870: Pseudo dice [np.float32(0.7011), np.float32(0.9282), np.float32(0.9326)]
2026-08-05 18:02:09.022054: Epoch time: 61.11 s
2026-08-05 18:02:11.183329: 
2026-08-05 18:02:11.183972: Epoch 669
2026-08-05 18:02:11.184162: Current learning rate: 0.0037
2026-08-05 18:02:55.566931: train_loss -0.8857
2026-08-05 18:02:55.567555: val_loss -0.764
2026-08-05 18:02:55.567639: Pseudo dice [np.float32(0.704), np.float32(0.9243), np.float32(0.9344)]
2026-08-05 18:02:55.567740: Epoch time: 44.39 s
2026-08-05 18:02:56.722241: 
2026-08-05 18:02:56.722794: Epoch 670
2026-08-05 18:02:56.723020: Current learning rate: 0.00369
2026-08-05 18:03:39.663948: train_loss -0.8792
2026-08-05 18:03:39.664921: val_loss -0.7781
2026-08-05 18:03:39.665027: Pseudo dice [np.float32(0.7059), np.float32(0.9327), np.float32(0.9358)]
2026-08-05 18:03:39.665168: Epoch time: 42.95 s
2026-08-05 18:03:40.779055: 
2026-08-05 18:03:40.779555: Epoch 671
2026-08-05 18:03:40.779716: Current learning rate: 0.00368
2026-08-05 18:04:23.043311: train_loss -0.8827
2026-08-05 18:04:23.043731: val_loss -0.7697
2026-08-05 18:04:23.043789: Pseudo dice [np.float32(0.6995), np.float32(0.9262), np.float32(0.9382)]
2026-08-05 18:04:23.043873: Epoch time: 42.27 s
2026-08-05 18:04:24.003497: 
2026-08-05 18:04:24.003871: Epoch 672
2026-08-05 18:04:24.004023: Current learning rate: 0.00367
2026-08-05 18:05:06.311651: train_loss -0.8805
2026-08-05 18:05:06.312084: val_loss -0.7751
2026-08-05 18:05:06.312155: Pseudo dice [np.float32(0.7055), np.float32(0.9256), np.float32(0.9386)]
2026-08-05 18:05:06.312248: Epoch time: 42.31 s
2026-08-05 18:05:07.204186: 
2026-08-05 18:05:07.204837: Epoch 673
2026-08-05 18:05:07.205096: Current learning rate: 0.00366
2026-08-05 18:05:49.311707: train_loss -0.884
2026-08-05 18:05:49.314342: val_loss -0.772
2026-08-05 18:05:49.314411: Pseudo dice [np.float32(0.7077), np.float32(0.9272), np.float32(0.9364)]
2026-08-05 18:05:49.315141: Epoch time: 42.11 s
2026-08-05 18:05:50.190582: 
2026-08-05 18:05:50.191059: Epoch 674
2026-08-05 18:05:50.191241: Current learning rate: 0.00365
2026-08-05 18:06:32.106702: train_loss -0.8873
2026-08-05 18:06:32.107291: val_loss -0.7683
2026-08-05 18:06:32.107434: Pseudo dice [np.float32(0.7023), np.float32(0.9256), np.float32(0.9321)]
2026-08-05 18:06:32.107524: Epoch time: 41.92 s
2026-08-05 18:06:32.988524: 
2026-08-05 18:06:32.989083: Epoch 675
2026-08-05 18:06:32.989232: Current learning rate: 0.00364
2026-08-05 18:07:15.346879: train_loss -0.8858
2026-08-05 18:07:15.347267: val_loss -0.7728
2026-08-05 18:07:15.347335: Pseudo dice [np.float32(0.7072), np.float32(0.9328), np.float32(0.937)]
2026-08-05 18:07:15.347404: Epoch time: 42.36 s
2026-08-05 18:07:16.364471: 
2026-08-05 18:07:16.365068: Epoch 676
2026-08-05 18:07:16.365241: Current learning rate: 0.00363
2026-08-05 18:07:58.495509: train_loss -0.8852
2026-08-05 18:07:58.495881: val_loss -0.783
2026-08-05 18:07:58.495963: Pseudo dice [np.float32(0.7186), np.float32(0.9358), np.float32(0.9374)]
2026-08-05 18:07:58.496296: Epoch time: 42.13 s
2026-08-05 18:07:59.352589: 
2026-08-05 18:07:59.353083: Epoch 677
2026-08-05 18:07:59.353221: Current learning rate: 0.00362
2026-08-05 18:08:41.764045: train_loss -0.8891
2026-08-05 18:08:41.764917: val_loss -0.762
2026-08-05 18:08:41.765114: Pseudo dice [np.float32(0.702), np.float32(0.9304), np.float32(0.9341)]
2026-08-05 18:08:41.765282: Epoch time: 42.42 s
2026-08-05 18:08:42.757196: 
2026-08-05 18:08:42.757648: Epoch 678
2026-08-05 18:08:42.757837: Current learning rate: 0.00361
2026-08-05 18:09:24.623723: train_loss -0.8891
2026-08-05 18:09:24.629026: val_loss -0.7726
2026-08-05 18:09:24.629093: Pseudo dice [np.float32(0.7074), np.float32(0.9303), np.float32(0.9383)]
2026-08-05 18:09:24.629174: Epoch time: 41.87 s
2026-08-05 18:09:25.628343: 
2026-08-05 18:09:25.628744: Epoch 679
2026-08-05 18:09:25.628965: Current learning rate: 0.0036
2026-08-05 18:10:07.251467: train_loss -0.8888
2026-08-05 18:10:07.251931: val_loss -0.7733
2026-08-05 18:10:07.252001: Pseudo dice [np.float32(0.7091), np.float32(0.9354), np.float32(0.9395)]
2026-08-05 18:10:07.252159: Epoch time: 41.63 s
2026-08-05 18:10:08.310740: 
2026-08-05 18:10:08.311114: Epoch 680
2026-08-05 18:10:08.311329: Current learning rate: 0.00359
2026-08-05 18:10:50.472006: train_loss -0.8888
2026-08-05 18:10:50.472406: val_loss -0.7595
2026-08-05 18:10:50.472496: Pseudo dice [np.float32(0.696), np.float32(0.9297), np.float32(0.9354)]
2026-08-05 18:10:50.472584: Epoch time: 42.17 s
2026-08-05 18:10:51.283355: 
2026-08-05 18:10:51.283649: Epoch 681
2026-08-05 18:10:51.283761: Current learning rate: 0.00358
2026-08-05 18:11:33.056242: train_loss -0.8887
2026-08-05 18:11:33.057415: val_loss -0.7685
2026-08-05 18:11:33.057496: Pseudo dice [np.float32(0.7093), np.float32(0.9319), np.float32(0.9337)]
2026-08-05 18:11:33.057607: Epoch time: 41.78 s
2026-08-05 18:11:35.014823: 
2026-08-05 18:11:35.015224: Epoch 682
2026-08-05 18:11:35.015490: Current learning rate: 0.00357
2026-08-05 18:12:17.689936: train_loss -0.8848
2026-08-05 18:12:17.690670: val_loss -0.778
2026-08-05 18:12:17.690795: Pseudo dice [np.float32(0.7117), np.float32(0.9338), np.float32(0.9346)]
2026-08-05 18:12:17.690945: Epoch time: 42.68 s
2026-08-05 18:12:18.793843: 
2026-08-05 18:12:18.794315: Epoch 683
2026-08-05 18:12:18.794452: Current learning rate: 0.00356
2026-08-05 18:13:01.056170: train_loss -0.8896
2026-08-05 18:13:01.056714: val_loss -0.7703
2026-08-05 18:13:01.057030: Pseudo dice [np.float32(0.7077), np.float32(0.9287), np.float32(0.9356)]
2026-08-05 18:13:01.057124: Epoch time: 42.27 s
2026-08-05 18:13:01.970579: 
2026-08-05 18:13:01.970974: Epoch 684
2026-08-05 18:13:01.971118: Current learning rate: 0.00355
2026-08-05 18:13:44.678984: train_loss -0.8876
2026-08-05 18:13:44.679661: val_loss -0.7822
2026-08-05 18:13:44.679828: Pseudo dice [np.float32(0.7182), np.float32(0.9356), np.float32(0.9376)]
2026-08-05 18:13:44.679972: Epoch time: 42.71 s
2026-08-05 18:13:45.591313: 
2026-08-05 18:13:45.591693: Epoch 685
2026-08-05 18:13:45.591985: Current learning rate: 0.00354
2026-08-05 18:14:28.126365: train_loss -0.8877
2026-08-05 18:14:28.126971: val_loss -0.7755
2026-08-05 18:14:28.127117: Pseudo dice [np.float32(0.717), np.float32(0.9336), np.float32(0.9427)]
2026-08-05 18:14:28.127225: Epoch time: 42.54 s
2026-08-05 18:14:29.139768: 
2026-08-05 18:14:29.140258: Epoch 686
2026-08-05 18:14:29.140412: Current learning rate: 0.00353
2026-08-05 18:15:12.108750: train_loss -0.8907
2026-08-05 18:15:12.109373: val_loss -0.7816
2026-08-05 18:15:12.109518: Pseudo dice [np.float32(0.7147), np.float32(0.9317), np.float32(0.9392)]
2026-08-05 18:15:12.109617: Epoch time: 42.97 s
2026-08-05 18:15:13.180732: 
2026-08-05 18:15:13.181337: Epoch 687
2026-08-05 18:15:13.181524: Current learning rate: 0.00352
2026-08-05 18:15:55.366879: train_loss -0.8891
2026-08-05 18:15:55.367270: val_loss -0.7781
2026-08-05 18:15:55.367331: Pseudo dice [np.float32(0.7146), np.float32(0.9305), np.float32(0.9366)]
2026-08-05 18:15:55.367436: Epoch time: 42.19 s
2026-08-05 18:15:56.309115: 
2026-08-05 18:15:56.309526: Epoch 688
2026-08-05 18:15:56.309644: Current learning rate: 0.00351
2026-08-05 18:16:38.138953: train_loss -0.8891
2026-08-05 18:16:38.139340: val_loss -0.7725
2026-08-05 18:16:38.139396: Pseudo dice [np.float32(0.7139), np.float32(0.9306), np.float32(0.9341)]
2026-08-05 18:16:38.139477: Epoch time: 41.83 s
2026-08-05 18:16:39.897579: 
2026-08-05 18:16:39.897931: Epoch 689
2026-08-05 18:16:39.898092: Current learning rate: 0.0035
2026-08-05 18:17:21.963189: train_loss -0.888
2026-08-05 18:17:21.963559: val_loss -0.7612
2026-08-05 18:17:21.963631: Pseudo dice [np.float32(0.6997), np.float32(0.9295), np.float32(0.9318)]
2026-08-05 18:17:21.963772: Epoch time: 42.07 s
2026-08-05 18:17:23.045244: 
2026-08-05 18:17:23.045909: Epoch 690
2026-08-05 18:17:23.046109: Current learning rate: 0.00349
2026-08-05 18:18:04.983681: train_loss -0.8834
2026-08-05 18:18:04.984249: val_loss -0.7788
2026-08-05 18:18:04.984396: Pseudo dice [np.float32(0.7098), np.float32(0.9324), np.float32(0.9407)]
2026-08-05 18:18:04.984506: Epoch time: 41.94 s
2026-08-05 18:18:05.806707: 
2026-08-05 18:18:05.806974: Epoch 691
2026-08-05 18:18:05.807210: Current learning rate: 0.00348
2026-08-05 18:18:48.125368: train_loss -0.881
2026-08-05 18:18:48.290250: val_loss -0.7746
2026-08-05 18:18:48.290480: Pseudo dice [np.float32(0.7052), np.float32(0.9327), np.float32(0.9365)]
2026-08-05 18:18:48.290610: Epoch time: 42.32 s
2026-08-05 18:18:49.352449: 
2026-08-05 18:18:49.352964: Epoch 692
2026-08-05 18:18:49.353114: Current learning rate: 0.00346
2026-08-05 18:19:31.705301: train_loss -0.887
2026-08-05 18:19:31.706749: val_loss -0.7744
2026-08-05 18:19:31.706829: Pseudo dice [np.float32(0.7051), np.float32(0.9291), np.float32(0.9351)]
2026-08-05 18:19:31.706961: Epoch time: 42.36 s
2026-08-05 18:19:32.675968: 
2026-08-05 18:19:32.676294: Epoch 693
2026-08-05 18:19:32.676553: Current learning rate: 0.00345
2026-08-05 18:20:14.593469: train_loss -0.8784
2026-08-05 18:20:16.742804: val_loss -0.7723
2026-08-05 18:20:16.743258: Pseudo dice [np.float32(0.7105), np.float32(0.9265), np.float32(0.9381)]
2026-08-05 18:20:16.743470: Epoch time: 41.92 s
2026-08-05 18:20:17.655693: 
2026-08-05 18:20:17.656095: Epoch 694
2026-08-05 18:20:17.656259: Current learning rate: 0.00344
2026-08-05 18:20:59.839391: train_loss -0.8789
2026-08-05 18:20:59.839788: val_loss -0.7811
2026-08-05 18:20:59.839858: Pseudo dice [np.float32(0.7186), np.float32(0.9293), np.float32(0.9403)]
2026-08-05 18:20:59.839948: Epoch time: 42.19 s
2026-08-05 18:21:00.680921: 
2026-08-05 18:21:00.681184: Epoch 695
2026-08-05 18:21:00.681345: Current learning rate: 0.00343
2026-08-05 18:21:42.830951: train_loss -0.8804
2026-08-05 18:21:42.831450: val_loss -0.7679
2026-08-05 18:21:42.831517: Pseudo dice [np.float32(0.6953), np.float32(0.9333), np.float32(0.9342)]
2026-08-05 18:21:42.831605: Epoch time: 42.15 s
2026-08-05 18:21:44.526167: 
2026-08-05 18:21:44.526753: Epoch 696
2026-08-05 18:21:44.527097: Current learning rate: 0.00342
2026-08-05 18:22:27.262565: train_loss -0.8824
2026-08-05 18:22:27.314111: val_loss -0.7793
2026-08-05 18:22:27.314390: Pseudo dice [np.float32(0.7132), np.float32(0.9327), np.float32(0.9411)]
2026-08-05 18:22:27.314504: Epoch time: 42.74 s
2026-08-05 18:22:28.642012: 
2026-08-05 18:22:28.642681: Epoch 697
2026-08-05 18:22:28.642841: Current learning rate: 0.00341
2026-08-05 18:23:10.692805: train_loss -0.8689
2026-08-05 18:23:11.632039: val_loss -0.7736
2026-08-05 18:23:11.632299: Pseudo dice [np.float32(0.7115), np.float32(0.9303), np.float32(0.9376)]
2026-08-05 18:23:11.632689: Epoch time: 42.05 s
2026-08-05 18:23:12.695077: 
2026-08-05 18:23:12.695669: Epoch 698
2026-08-05 18:23:12.695774: Current learning rate: 0.0034
2026-08-05 18:23:54.676908: train_loss -0.8769
2026-08-05 18:23:54.677221: val_loss -0.7728
2026-08-05 18:23:54.677409: Pseudo dice [np.float32(0.7054), np.float32(0.9289), np.float32(0.9348)]
2026-08-05 18:23:54.677521: Epoch time: 41.98 s
2026-08-05 18:23:55.674206: 
2026-08-05 18:23:55.674799: Epoch 699
2026-08-05 18:23:55.674970: Current learning rate: 0.00339
2026-08-05 18:24:37.591576: train_loss -0.8843
2026-08-05 18:24:37.596592: val_loss -0.7709
2026-08-05 18:24:37.596667: Pseudo dice [np.float32(0.7058), np.float32(0.93), np.float32(0.9347)]
2026-08-05 18:24:37.596762: Epoch time: 41.92 s
2026-08-05 18:24:45.121713: 
2026-08-05 18:24:45.122120: Epoch 700
2026-08-05 18:24:45.122231: Current learning rate: 0.00338
2026-08-05 18:25:27.144756: train_loss -0.8849
2026-08-05 18:25:27.159745: val_loss -0.7848
2026-08-05 18:25:27.159966: Pseudo dice [np.float32(0.7156), np.float32(0.9329), np.float32(0.9412)]
2026-08-05 18:25:27.160115: Epoch time: 42.03 s
2026-08-05 18:25:28.577818: 
2026-08-05 18:25:28.578285: Epoch 701
2026-08-05 18:25:28.578526: Current learning rate: 0.00337
2026-08-05 18:26:11.933260: train_loss -0.8875
2026-08-05 18:26:12.160959: val_loss -0.7748
2026-08-05 18:26:12.161141: Pseudo dice [np.float32(0.7104), np.float32(0.9301), np.float32(0.9325)]
2026-08-05 18:26:12.161245: Epoch time: 43.36 s
2026-08-05 18:26:13.284606: 
2026-08-05 18:26:13.285014: Epoch 702
2026-08-05 18:26:13.285147: Current learning rate: 0.00336
2026-08-05 18:26:56.879128: train_loss -0.884
2026-08-05 18:26:56.879640: val_loss -0.7576
2026-08-05 18:26:56.879714: Pseudo dice [np.float32(0.6899), np.float32(0.9289), np.float32(0.9287)]
2026-08-05 18:26:56.879784: Epoch time: 43.6 s
2026-08-05 18:26:57.759779: 
2026-08-05 18:26:57.760135: Epoch 703
2026-08-05 18:26:57.760319: Current learning rate: 0.00335
2026-08-05 18:27:39.658212: train_loss -0.8894
2026-08-05 18:27:39.658518: val_loss -0.777
2026-08-05 18:27:39.658579: Pseudo dice [np.float32(0.7153), np.float32(0.9333), np.float32(0.9404)]
2026-08-05 18:27:39.658657: Epoch time: 41.9 s
2026-08-05 18:27:40.733341: 
2026-08-05 18:27:40.733835: Epoch 704
2026-08-05 18:27:40.734097: Current learning rate: 0.00334
2026-08-05 18:28:22.272412: train_loss -0.8887
2026-08-05 18:28:22.280177: val_loss -0.7712
2026-08-05 18:28:22.280321: Pseudo dice [np.float32(0.7059), np.float32(0.9331), np.float32(0.939)]
2026-08-05 18:28:22.280414: Epoch time: 41.54 s
2026-08-05 18:28:23.145483: 
2026-08-05 18:28:23.145927: Epoch 705
2026-08-05 18:28:23.146225: Current learning rate: 0.00333
2026-08-05 18:29:04.651283: train_loss -0.8885
2026-08-05 18:29:04.651655: val_loss -0.775
2026-08-05 18:29:04.651719: Pseudo dice [np.float32(0.7076), np.float32(0.936), np.float32(0.9405)]
2026-08-05 18:29:04.651809: Epoch time: 41.51 s
2026-08-05 18:29:05.688263: 
2026-08-05 18:29:05.688781: Epoch 706
2026-08-05 18:29:05.689045: Current learning rate: 0.00332
2026-08-05 18:29:47.180190: train_loss -0.89
2026-08-05 18:29:47.180408: val_loss -0.7481
2026-08-05 18:29:47.180480: Pseudo dice [np.float32(0.6872), np.float32(0.9284), np.float32(0.9325)]
2026-08-05 18:29:47.180557: Epoch time: 41.5 s
2026-08-05 18:29:48.045639: 
2026-08-05 18:29:48.046100: Epoch 707
2026-08-05 18:29:48.046335: Current learning rate: 0.00331
2026-08-05 18:30:29.600930: train_loss -0.8887
2026-08-05 18:30:29.602224: val_loss -0.7684
2026-08-05 18:30:29.602613: Pseudo dice [np.float32(0.6995), np.float32(0.9295), np.float32(0.9365)]
2026-08-05 18:30:29.602777: Epoch time: 41.56 s
2026-08-05 18:30:30.647293: 
2026-08-05 18:30:30.647679: Epoch 708
2026-08-05 18:30:30.647796: Current learning rate: 0.0033
2026-08-05 18:31:12.528001: train_loss -0.8926
2026-08-05 18:31:12.556534: val_loss -0.7711
2026-08-05 18:31:12.556659: Pseudo dice [np.float32(0.7101), np.float32(0.9343), np.float32(0.9381)]
2026-08-05 18:31:12.556760: Epoch time: 41.88 s
2026-08-05 18:31:14.288529: 
2026-08-05 18:31:14.288969: Epoch 709
2026-08-05 18:31:14.289201: Current learning rate: 0.00329
2026-08-05 18:31:55.889260: train_loss -0.892
2026-08-05 18:31:56.074875: val_loss -0.7686
2026-08-05 18:31:56.075238: Pseudo dice [np.float32(0.7032), np.float32(0.9309), np.float32(0.9337)]
2026-08-05 18:31:56.075353: Epoch time: 41.61 s
2026-08-05 18:31:57.087936: 
2026-08-05 18:31:57.088268: Epoch 710
2026-08-05 18:31:57.088422: Current learning rate: 0.00328
2026-08-05 18:32:38.901006: train_loss -0.8911
2026-08-05 18:32:39.318181: val_loss -0.7786
2026-08-05 18:32:39.318351: Pseudo dice [np.float32(0.7108), np.float32(0.9329), np.float32(0.9388)]
2026-08-05 18:32:39.318453: Epoch time: 41.82 s
2026-08-05 18:32:40.363232: 
2026-08-05 18:32:40.363521: Epoch 711
2026-08-05 18:32:40.363654: Current learning rate: 0.00327
2026-08-05 18:33:22.594373: train_loss -0.8935
2026-08-05 18:33:22.711471: val_loss -0.7739
2026-08-05 18:33:22.711648: Pseudo dice [np.float32(0.7126), np.float32(0.9334), np.float32(0.9396)]
2026-08-05 18:33:22.711753: Epoch time: 42.24 s
2026-08-05 18:33:23.730789: 
2026-08-05 18:33:23.731252: Epoch 712
2026-08-05 18:33:23.731510: Current learning rate: 0.00326
2026-08-05 18:34:05.773962: train_loss -0.8907
2026-08-05 18:34:06.171580: val_loss -0.7662
2026-08-05 18:34:06.171958: Pseudo dice [np.float32(0.7028), np.float32(0.9288), np.float32(0.9369)]
2026-08-05 18:34:06.172148: Epoch time: 42.05 s
2026-08-05 18:34:07.182321: 
2026-08-05 18:34:07.182863: Epoch 713
2026-08-05 18:34:07.183018: Current learning rate: 0.00325
2026-08-05 18:34:49.224739: train_loss -0.89
2026-08-05 18:34:49.290036: val_loss -0.7686
2026-08-05 18:34:49.290537: Pseudo dice [np.float32(0.7005), np.float32(0.9295), np.float32(0.936)]
2026-08-05 18:34:49.290678: Epoch time: 42.05 s
2026-08-05 18:34:50.797553: 
2026-08-05 18:34:50.798133: Epoch 714
2026-08-05 18:34:50.798285: Current learning rate: 0.00324
2026-08-05 18:35:32.974627: train_loss -0.8923
2026-08-05 18:35:32.974980: val_loss -0.7625
2026-08-05 18:35:32.975054: Pseudo dice [np.float32(0.7034), np.float32(0.93), np.float32(0.9381)]
2026-08-05 18:35:32.975132: Epoch time: 42.18 s
2026-08-05 18:35:33.867809: 
2026-08-05 18:35:33.868292: Epoch 715
2026-08-05 18:35:33.868418: Current learning rate: 0.00323
2026-08-05 18:36:16.089186: train_loss -0.8906
2026-08-05 18:36:16.089479: val_loss -0.7713
2026-08-05 18:36:16.089538: Pseudo dice [np.float32(0.7136), np.float32(0.9289), np.float32(0.9357)]
2026-08-05 18:36:16.089618: Epoch time: 42.22 s
2026-08-05 18:36:20.232759: 
2026-08-05 18:36:20.233071: Epoch 716
2026-08-05 18:36:20.233203: Current learning rate: 0.00322
2026-08-05 18:37:01.254924: train_loss -0.8931
2026-08-05 18:37:01.418976: val_loss -0.7782
2026-08-05 18:37:01.419170: Pseudo dice [np.float32(0.7132), np.float32(0.9323), np.float32(0.9383)]
2026-08-05 18:37:01.419272: Epoch time: 41.03 s
2026-08-05 18:37:02.438133: 
2026-08-05 18:37:02.438500: Epoch 717
2026-08-05 18:37:02.438641: Current learning rate: 0.00321
2026-08-05 18:37:44.641154: train_loss -0.8909
2026-08-05 18:37:44.662122: val_loss -0.7737
2026-08-05 18:37:44.662254: Pseudo dice [np.float32(0.7136), np.float32(0.9322), np.float32(0.9399)]
2026-08-05 18:37:44.662354: Epoch time: 42.21 s
2026-08-05 18:37:45.605752: 
2026-08-05 18:37:45.606313: Epoch 718
2026-08-05 18:37:45.606527: Current learning rate: 0.0032
2026-08-05 18:38:27.348570: train_loss -0.8926
2026-08-05 18:38:27.348787: val_loss -0.7693
2026-08-05 18:38:27.348847: Pseudo dice [np.float32(0.7012), np.float32(0.9247), np.float32(0.9346)]
2026-08-05 18:38:27.348940: Epoch time: 41.75 s
2026-08-05 18:38:28.329976: 
2026-08-05 18:38:28.330409: Epoch 719
2026-08-05 18:38:28.330545: Current learning rate: 0.00319
2026-08-05 18:39:09.876999: train_loss -0.8949
2026-08-05 18:39:09.877352: val_loss -0.7727
2026-08-05 18:39:09.877419: Pseudo dice [np.float32(0.7095), np.float32(0.935), np.float32(0.9404)]
2026-08-05 18:39:09.877500: Epoch time: 41.55 s
2026-08-05 18:39:10.758791: 
2026-08-05 18:39:10.759092: Epoch 720
2026-08-05 18:39:10.759375: Current learning rate: 0.00318
2026-08-05 18:39:52.116968: train_loss -0.892
2026-08-05 18:39:52.117539: val_loss -0.7707
2026-08-05 18:39:52.117618: Pseudo dice [np.float32(0.7097), np.float32(0.9292), np.float32(0.9338)]
2026-08-05 18:39:52.117743: Epoch time: 41.36 s
2026-08-05 18:39:53.026124: 
2026-08-05 18:39:53.026551: Epoch 721
2026-08-05 18:39:53.026700: Current learning rate: 0.00317
2026-08-05 18:40:34.353035: train_loss -0.8941
2026-08-05 18:40:34.353291: val_loss -0.7699
2026-08-05 18:40:34.353507: Pseudo dice [np.float32(0.7098), np.float32(0.9336), np.float32(0.9362)]
2026-08-05 18:40:34.353585: Epoch time: 41.33 s
2026-08-05 18:40:35.271994: 
2026-08-05 18:40:35.272396: Epoch 722
2026-08-05 18:40:35.272519: Current learning rate: 0.00316
2026-08-05 18:41:16.943247: train_loss -0.8949
2026-08-05 18:41:16.943750: val_loss -0.7753
2026-08-05 18:41:16.943889: Pseudo dice [np.float32(0.715), np.float32(0.9321), np.float32(0.9383)]
2026-08-05 18:41:16.944096: Epoch time: 41.67 s
2026-08-05 18:41:18.801262: 
2026-08-05 18:41:18.801644: Epoch 723
2026-08-05 18:41:18.801786: Current learning rate: 0.00315
2026-08-05 18:42:00.322234: train_loss -0.8969
2026-08-05 18:42:00.322647: val_loss -0.7646
2026-08-05 18:42:00.322848: Pseudo dice [np.float32(0.6983), np.float32(0.9314), np.float32(0.9361)]
2026-08-05 18:42:00.322978: Epoch time: 41.53 s
2026-08-05 18:42:01.148128: 
2026-08-05 18:42:01.148441: Epoch 724
2026-08-05 18:42:01.148593: Current learning rate: 0.00314
2026-08-05 18:42:42.930829: train_loss -0.8939
2026-08-05 18:42:42.936858: val_loss -0.7586
2026-08-05 18:42:42.937511: Pseudo dice [np.float32(0.6961), np.float32(0.9281), np.float32(0.9333)]
2026-08-05 18:42:43.082108: Epoch time: 41.79 s
2026-08-05 18:42:44.061551: 
2026-08-05 18:42:44.062111: Epoch 725
2026-08-05 18:42:44.062240: Current learning rate: 0.00313
2026-08-05 18:43:25.976092: train_loss -0.8929
2026-08-05 18:43:25.976611: val_loss -0.7771
2026-08-05 18:43:25.976679: Pseudo dice [np.float32(0.7123), np.float32(0.9352), np.float32(0.9396)]
2026-08-05 18:43:25.976766: Epoch time: 41.92 s
2026-08-05 18:43:27.012565: 
2026-08-05 18:43:27.012991: Epoch 726
2026-08-05 18:43:27.013211: Current learning rate: 0.00312
2026-08-05 18:44:09.228869: train_loss -0.8977
2026-08-05 18:44:09.229475: val_loss -0.7692
2026-08-05 18:44:09.229546: Pseudo dice [np.float32(0.6978), np.float32(0.9295), np.float32(0.9348)]
2026-08-05 18:44:09.229645: Epoch time: 42.22 s
2026-08-05 18:44:10.274226: 
2026-08-05 18:44:10.274634: Epoch 727
2026-08-05 18:44:10.274782: Current learning rate: 0.00311
2026-08-05 18:44:51.919633: train_loss -0.8948
2026-08-05 18:44:51.920192: val_loss -0.7731
2026-08-05 18:44:51.920326: Pseudo dice [np.float32(0.7105), np.float32(0.9326), np.float32(0.9412)]
2026-08-05 18:44:51.920485: Epoch time: 41.65 s
2026-08-05 18:44:53.005596: 
2026-08-05 18:44:53.005990: Epoch 728
2026-08-05 18:44:53.006178: Current learning rate: 0.0031
2026-08-05 18:45:35.154635: train_loss -0.8955
2026-08-05 18:45:35.155370: val_loss -0.7809
2026-08-05 18:45:35.155481: Pseudo dice [np.float32(0.7114), np.float32(0.9345), np.float32(0.9398)]
2026-08-05 18:45:35.155572: Epoch time: 42.15 s
2026-08-05 18:45:36.433051: 
2026-08-05 18:45:36.433618: Epoch 729
2026-08-05 18:45:36.433805: Current learning rate: 0.00309
2026-08-05 18:46:21.383011: train_loss -0.892
2026-08-05 18:46:21.383397: val_loss -0.7729
2026-08-05 18:46:21.383472: Pseudo dice [np.float32(0.7156), np.float32(0.9307), np.float32(0.9367)]
2026-08-05 18:46:21.383557: Epoch time: 44.96 s
2026-08-05 18:46:22.406600: 
2026-08-05 18:46:22.407218: Epoch 730
2026-08-05 18:46:22.407362: Current learning rate: 0.00308
2026-08-05 18:47:03.781672: train_loss -0.8936
2026-08-05 18:47:03.836747: val_loss -0.7654
2026-08-05 18:47:03.836990: Pseudo dice [np.float32(0.7053), np.float32(0.9228), np.float32(0.937)]
2026-08-05 18:47:03.837269: Epoch time: 41.38 s
2026-08-05 18:47:04.745685: 
2026-08-05 18:47:04.746051: Epoch 731
2026-08-05 18:47:04.746169: Current learning rate: 0.00307
2026-08-05 18:47:46.768399: train_loss -0.8878
2026-08-05 18:47:46.768760: val_loss -0.7761
2026-08-05 18:47:46.768836: Pseudo dice [np.float32(0.7062), np.float32(0.936), np.float32(0.9353)]
2026-08-05 18:47:46.768961: Epoch time: 42.03 s
2026-08-05 18:47:47.773657: 
2026-08-05 18:47:47.774341: Epoch 732
2026-08-05 18:47:47.774477: Current learning rate: 0.00306
2026-08-05 18:48:29.486151: train_loss -0.8835
2026-08-05 18:48:29.486372: val_loss -0.7679
2026-08-05 18:48:29.486430: Pseudo dice [np.float32(0.7067), np.float32(0.9256), np.float32(0.9387)]
2026-08-05 18:48:29.486501: Epoch time: 41.72 s
2026-08-05 18:48:30.462645: 
2026-08-05 18:48:30.463033: Epoch 733
2026-08-05 18:48:30.463162: Current learning rate: 0.00305
2026-08-05 18:49:11.909539: train_loss -0.8903
2026-08-05 18:49:11.909770: val_loss -0.7747
2026-08-05 18:49:11.909830: Pseudo dice [np.float32(0.7102), np.float32(0.9345), np.float32(0.9421)]
2026-08-05 18:49:11.909918: Epoch time: 41.45 s
2026-08-05 18:49:12.714635: 
2026-08-05 18:49:12.714992: Epoch 734
2026-08-05 18:49:12.715155: Current learning rate: 0.00304
2026-08-05 18:49:54.030994: train_loss -0.8868
2026-08-05 18:49:54.034074: val_loss -0.7627
2026-08-05 18:49:54.034443: Pseudo dice [np.float32(0.6989), np.float32(0.9269), np.float32(0.9323)]
2026-08-05 18:49:54.035460: Epoch time: 41.32 s
2026-08-05 18:49:55.123141: 
2026-08-05 18:49:55.123422: Epoch 735
2026-08-05 18:49:55.123532: Current learning rate: 0.00303
2026-08-05 18:50:36.424319: train_loss -0.8865
2026-08-05 18:50:36.424560: val_loss -0.7775
2026-08-05 18:50:36.424662: Pseudo dice [np.float32(0.7152), np.float32(0.93), np.float32(0.9342)]
2026-08-05 18:50:36.424759: Epoch time: 41.3 s
2026-08-05 18:50:38.088270: 
2026-08-05 18:50:38.088637: Epoch 736
2026-08-05 18:50:38.088778: Current learning rate: 0.00302
2026-08-05 18:51:19.731010: train_loss -0.888
2026-08-05 18:51:19.731405: val_loss -0.7768
2026-08-05 18:51:19.731541: Pseudo dice [np.float32(0.7037), np.float32(0.9351), np.float32(0.9397)]
2026-08-05 18:51:19.731665: Epoch time: 41.65 s
2026-08-05 18:51:20.657160: 
2026-08-05 18:51:20.657579: Epoch 737
2026-08-05 18:51:20.657689: Current learning rate: 0.00301
2026-08-05 18:52:02.147048: train_loss -0.8913
2026-08-05 18:52:02.147441: val_loss -0.7809
2026-08-05 18:52:02.147498: Pseudo dice [np.float32(0.7159), np.float32(0.9325), np.float32(0.941)]
2026-08-05 18:52:02.147562: Epoch time: 41.49 s
2026-08-05 18:52:02.948056: 
2026-08-05 18:52:02.948424: Epoch 738
2026-08-05 18:52:02.948574: Current learning rate: 0.003
2026-08-05 18:52:43.903326: train_loss -0.8877
2026-08-05 18:52:43.903612: val_loss -0.766
2026-08-05 18:52:43.904081: Pseudo dice [np.float32(0.7064), np.float32(0.9344), np.float32(0.9377)]
2026-08-05 18:52:43.904226: Epoch time: 40.96 s
2026-08-05 18:52:44.760165: 
2026-08-05 18:52:44.760576: Epoch 739
2026-08-05 18:52:44.760730: Current learning rate: 0.00299
2026-08-05 18:53:25.978209: train_loss -0.8917
2026-08-05 18:53:25.978512: val_loss -0.7728
2026-08-05 18:53:25.978583: Pseudo dice [np.float32(0.7083), np.float32(0.9346), np.float32(0.9389)]
2026-08-05 18:53:25.978655: Epoch time: 41.22 s
2026-08-05 18:53:26.962931: 
2026-08-05 18:53:26.963302: Epoch 740
2026-08-05 18:53:26.963435: Current learning rate: 0.00297
2026-08-05 18:54:08.130252: train_loss -0.8923
2026-08-05 18:54:08.130678: val_loss -0.7621
2026-08-05 18:54:08.130814: Pseudo dice [np.float32(0.6974), np.float32(0.9293), np.float32(0.9332)]
2026-08-05 18:54:08.130970: Epoch time: 41.17 s
2026-08-05 18:54:08.972537: 
2026-08-05 18:54:08.972925: Epoch 741
2026-08-05 18:54:08.973029: Current learning rate: 0.00296
2026-08-05 18:54:50.350888: train_loss -0.8932
2026-08-05 18:54:50.612868: val_loss -0.76
2026-08-05 18:54:50.613135: Pseudo dice [np.float32(0.7), np.float32(0.9301), np.float32(0.9327)]
2026-08-05 18:54:50.613306: Epoch time: 41.38 s
2026-08-05 18:54:51.649215: 
2026-08-05 18:54:51.649610: Epoch 742
2026-08-05 18:54:51.649773: Current learning rate: 0.00295
2026-08-05 18:55:32.653286: train_loss -0.8927
2026-08-05 18:55:32.653812: val_loss -0.7749
2026-08-05 18:55:32.654015: Pseudo dice [np.float32(0.7123), np.float32(0.9348), np.float32(0.9407)]
2026-08-05 18:55:32.654207: Epoch time: 41.01 s
2026-08-05 18:55:33.947473: 
2026-08-05 18:55:33.947808: Epoch 743
2026-08-05 18:55:33.947954: Current learning rate: 0.00294
2026-08-05 18:56:15.045845: train_loss -0.8901
2026-08-05 18:56:15.046232: val_loss -0.7772
2026-08-05 18:56:15.046296: Pseudo dice [np.float32(0.7198), np.float32(0.935), np.float32(0.9385)]
2026-08-05 18:56:15.046367: Epoch time: 41.1 s
2026-08-05 18:56:15.849414: 
2026-08-05 18:56:15.849812: Epoch 744
2026-08-05 18:56:15.849913: Current learning rate: 0.00293
2026-08-05 18:56:57.239663: train_loss -0.8926
2026-08-05 18:56:57.240087: val_loss -0.7702
2026-08-05 18:56:57.240545: Pseudo dice [np.float32(0.7133), np.float32(0.9316), np.float32(0.9336)]
2026-08-05 18:56:57.240771: Epoch time: 41.39 s
2026-08-05 18:56:58.144414: 
2026-08-05 18:56:58.144751: Epoch 745
2026-08-05 18:56:58.144948: Current learning rate: 0.00292
2026-08-05 18:57:39.529199: train_loss -0.8961
2026-08-05 18:57:39.529531: val_loss -0.7607
2026-08-05 18:57:39.529601: Pseudo dice [np.float32(0.7072), np.float32(0.9315), np.float32(0.9358)]
2026-08-05 18:57:39.529676: Epoch time: 41.39 s
2026-08-05 18:57:40.386105: 
2026-08-05 18:57:40.386588: Epoch 746
2026-08-05 18:57:40.386709: Current learning rate: 0.00291
2026-08-05 18:58:21.088448: train_loss -0.8916
2026-08-05 18:58:21.088854: val_loss -0.7667
2026-08-05 18:58:21.088944: Pseudo dice [np.float32(0.7086), np.float32(0.9283), np.float32(0.9372)]
2026-08-05 18:58:21.089037: Epoch time: 40.71 s
2026-08-05 18:58:22.119648: 
2026-08-05 18:58:22.119933: Epoch 747
2026-08-05 18:58:22.120065: Current learning rate: 0.0029
2026-08-05 18:59:02.823866: train_loss -0.896
2026-08-05 18:59:02.824421: val_loss -0.7787
2026-08-05 18:59:02.824558: Pseudo dice [np.float32(0.7213), np.float32(0.9363), np.float32(0.9381)]
2026-08-05 18:59:02.824817: Epoch time: 40.71 s
2026-08-05 18:59:03.786146: 
2026-08-05 18:59:03.786583: Epoch 748
2026-08-05 18:59:03.786709: Current learning rate: 0.00289
2026-08-05 18:59:45.043601: train_loss -0.8937
2026-08-05 18:59:45.043884: val_loss -0.7694
2026-08-05 18:59:45.043963: Pseudo dice [np.float32(0.7101), np.float32(0.9354), np.float32(0.9377)]
2026-08-05 18:59:45.044045: Epoch time: 41.26 s
2026-08-05 18:59:46.230614: 
2026-08-05 18:59:46.230866: Epoch 749
2026-08-05 18:59:46.231002: Current learning rate: 0.00288
2026-08-05 19:00:27.862241: train_loss -0.8923
2026-08-05 19:00:27.862540: val_loss -0.7765
2026-08-05 19:00:27.862603: Pseudo dice [np.float32(0.7134), np.float32(0.9321), np.float32(0.9389)]
2026-08-05 19:00:27.862678: Epoch time: 41.63 s
2026-08-05 19:00:44.932188: 
2026-08-05 19:00:44.932616: Epoch 750
2026-08-05 19:00:44.932739: Current learning rate: 0.00287
2026-08-05 19:01:26.244590: train_loss -0.898
2026-08-05 19:01:26.244877: val_loss -0.7704
2026-08-05 19:01:26.244999: Pseudo dice [np.float32(0.7061), np.float32(0.9287), np.float32(0.937)]
2026-08-05 19:01:26.245071: Epoch time: 41.32 s
2026-08-05 19:01:27.276772: 
2026-08-05 19:01:27.277262: Epoch 751
2026-08-05 19:01:27.277364: Current learning rate: 0.00286
2026-08-05 19:02:08.581516: train_loss -0.8978
2026-08-05 19:02:08.582148: val_loss -0.7654
2026-08-05 19:02:08.582317: Pseudo dice [np.float32(0.6992), np.float32(0.933), np.float32(0.9375)]
2026-08-05 19:02:08.582472: Epoch time: 41.31 s
2026-08-05 19:02:09.384813: 
2026-08-05 19:02:09.385206: Epoch 752
2026-08-05 19:02:09.385309: Current learning rate: 0.00285
2026-08-05 19:02:50.764416: train_loss -0.8982
2026-08-05 19:02:50.764788: val_loss -0.7661
2026-08-05 19:02:50.764846: Pseudo dice [np.float32(0.7022), np.float32(0.9335), np.float32(0.9388)]
2026-08-05 19:02:50.764936: Epoch time: 41.38 s
2026-08-05 19:02:51.595447: 
2026-08-05 19:02:51.595865: Epoch 753
2026-08-05 19:02:51.595995: Current learning rate: 0.00284
2026-08-05 19:03:32.980248: train_loss -0.8993
2026-08-05 19:03:32.982882: val_loss -0.7766
2026-08-05 19:03:32.983006: Pseudo dice [np.float32(0.7098), np.float32(0.9339), np.float32(0.938)]
2026-08-05 19:03:32.983138: Epoch time: 41.39 s
2026-08-05 19:03:33.787040: 
2026-08-05 19:03:33.787279: Epoch 754
2026-08-05 19:03:33.787423: Current learning rate: 0.00283
2026-08-05 19:04:14.761856: train_loss -0.8995
2026-08-05 19:04:14.762400: val_loss -0.7649
2026-08-05 19:04:14.762503: Pseudo dice [np.float32(0.7114), np.float32(0.9327), np.float32(0.9381)]
2026-08-05 19:04:14.762602: Epoch time: 40.98 s
2026-08-05 19:04:15.779119: 
2026-08-05 19:04:15.779461: Epoch 755
2026-08-05 19:04:15.779674: Current learning rate: 0.00282
2026-08-05 19:04:57.237564: train_loss -0.8968
2026-08-05 19:04:57.237854: val_loss -0.7634
2026-08-05 19:04:57.237941: Pseudo dice [np.float32(0.7014), np.float32(0.9327), np.float32(0.9354)]
2026-08-05 19:04:57.238019: Epoch time: 41.46 s
2026-08-05 19:04:58.748428: 
2026-08-05 19:04:58.748738: Epoch 756
2026-08-05 19:04:58.748841: Current learning rate: 0.00281
2026-08-05 19:05:39.785067: train_loss -0.8946
2026-08-05 19:05:39.785370: val_loss -0.7725
2026-08-05 19:05:39.785542: Pseudo dice [np.float32(0.7093), np.float32(0.9322), np.float32(0.9347)]
2026-08-05 19:05:39.785749: Epoch time: 41.04 s
2026-08-05 19:05:40.764040: 
2026-08-05 19:05:40.764457: Epoch 757
2026-08-05 19:05:40.764640: Current learning rate: 0.0028
2026-08-05 19:06:21.898441: train_loss -0.8987
2026-08-05 19:06:21.898858: val_loss -0.7574
2026-08-05 19:06:21.898932: Pseudo dice [np.float32(0.6987), np.float32(0.9317), np.float32(0.9311)]
2026-08-05 19:06:21.899007: Epoch time: 41.14 s
2026-08-05 19:06:22.732754: 
2026-08-05 19:06:22.733377: Epoch 758
2026-08-05 19:06:22.733499: Current learning rate: 0.00279
2026-08-05 19:07:03.854673: train_loss -0.8968
2026-08-05 19:07:03.855072: val_loss -0.7677
2026-08-05 19:07:03.855135: Pseudo dice [np.float32(0.7047), np.float32(0.9308), np.float32(0.9331)]
2026-08-05 19:07:03.855214: Epoch time: 41.13 s
2026-08-05 19:07:04.887541: 
2026-08-05 19:07:04.887903: Epoch 759
2026-08-05 19:07:04.888085: Current learning rate: 0.00278
2026-08-05 19:07:46.268322: train_loss -0.8882
2026-08-05 19:07:46.268775: val_loss -0.783
2026-08-05 19:07:46.268923: Pseudo dice [np.float32(0.7139), np.float32(0.9342), np.float32(0.9372)]
2026-08-05 19:07:46.269072: Epoch time: 41.38 s
2026-08-05 19:07:47.170443: 
2026-08-05 19:07:47.170712: Epoch 760
2026-08-05 19:07:47.170859: Current learning rate: 0.00277
2026-08-05 19:08:28.811616: train_loss -0.8919
2026-08-05 19:08:28.812271: val_loss -0.7626
2026-08-05 19:08:28.812464: Pseudo dice [np.float32(0.6981), np.float32(0.9241), np.float32(0.934)]
2026-08-05 19:08:28.812619: Epoch time: 41.64 s
2026-08-05 19:08:29.748583: 
2026-08-05 19:08:29.749005: Epoch 761
2026-08-05 19:08:29.749144: Current learning rate: 0.00276
2026-08-05 19:09:11.027984: train_loss -0.8977
2026-08-05 19:09:11.028245: val_loss -0.7735
2026-08-05 19:09:11.028297: Pseudo dice [np.float32(0.7108), np.float32(0.934), np.float32(0.939)]
2026-08-05 19:09:11.028364: Epoch time: 41.28 s
2026-08-05 19:09:11.832944: 
2026-08-05 19:09:11.833285: Epoch 762
2026-08-05 19:09:11.833390: Current learning rate: 0.00275
2026-08-05 19:09:54.032070: train_loss -0.8963
2026-08-05 19:09:54.032348: val_loss -0.7661
2026-08-05 19:09:54.032454: Pseudo dice [np.float32(0.7077), np.float32(0.9301), np.float32(0.9353)]
2026-08-05 19:09:54.032524: Epoch time: 42.2 s
2026-08-05 19:09:54.843969: 
2026-08-05 19:09:54.844422: Epoch 763
2026-08-05 19:09:54.844639: Current learning rate: 0.00274
2026-08-05 19:10:36.284341: train_loss -0.8996
2026-08-05 19:10:36.284696: val_loss -0.769
2026-08-05 19:10:36.284753: Pseudo dice [np.float32(0.7058), np.float32(0.9308), np.float32(0.9348)]
2026-08-05 19:10:36.284836: Epoch time: 41.44 s
2026-08-05 19:10:37.155657: 
2026-08-05 19:10:37.156127: Epoch 764
2026-08-05 19:10:37.156256: Current learning rate: 0.00273
2026-08-05 19:11:18.472471: train_loss -0.8979
2026-08-05 19:11:18.472873: val_loss -0.7717
2026-08-05 19:11:18.473001: Pseudo dice [np.float32(0.7109), np.float32(0.9318), np.float32(0.9304)]
2026-08-05 19:11:18.473178: Epoch time: 41.32 s
2026-08-05 19:11:19.421989: 
2026-08-05 19:11:19.422448: Epoch 765
2026-08-05 19:11:19.422581: Current learning rate: 0.00272
2026-08-05 19:12:01.070001: train_loss -0.8993
2026-08-05 19:12:01.070345: val_loss -0.7703
2026-08-05 19:12:01.070418: Pseudo dice [np.float32(0.7067), np.float32(0.9358), np.float32(0.9397)]
2026-08-05 19:12:01.070511: Epoch time: 41.65 s
2026-08-05 19:12:02.072743: 
2026-08-05 19:12:02.073137: Epoch 766
2026-08-05 19:12:02.073260: Current learning rate: 0.00271
2026-08-05 19:12:43.134170: train_loss -0.8963
2026-08-05 19:12:43.134430: val_loss -0.7622
2026-08-05 19:12:43.134507: Pseudo dice [np.float32(0.695), np.float32(0.9323), np.float32(0.9297)]
2026-08-05 19:12:43.134575: Epoch time: 41.07 s
2026-08-05 19:12:43.965974: 
2026-08-05 19:12:43.966402: Epoch 767
2026-08-05 19:12:43.966516: Current learning rate: 0.0027
2026-08-05 19:13:25.232685: train_loss -0.892
2026-08-05 19:13:25.232964: val_loss -0.7802
2026-08-05 19:13:25.233022: Pseudo dice [np.float32(0.717), np.float32(0.9341), np.float32(0.9382)]
2026-08-05 19:13:25.233085: Epoch time: 41.27 s
2026-08-05 19:13:26.246466: 
2026-08-05 19:13:26.246731: Epoch 768
2026-08-05 19:13:26.246867: Current learning rate: 0.00268
2026-08-05 19:14:06.878941: train_loss -0.8967
2026-08-05 19:14:06.879147: val_loss -0.7665
2026-08-05 19:14:06.879205: Pseudo dice [np.float32(0.704), np.float32(0.934), np.float32(0.9341)]
2026-08-05 19:14:06.879269: Epoch time: 40.64 s
2026-08-05 19:14:08.402411: 
2026-08-05 19:14:08.402708: Epoch 769
2026-08-05 19:14:08.402834: Current learning rate: 0.00267
2026-08-05 19:14:49.871975: train_loss -0.8962
2026-08-05 19:14:49.872298: val_loss -0.7599
2026-08-05 19:14:49.872358: Pseudo dice [np.float32(0.7014), np.float32(0.9308), np.float32(0.9387)]
2026-08-05 19:14:49.872442: Epoch time: 41.47 s
2026-08-05 19:14:50.898617: 
2026-08-05 19:14:50.898934: Epoch 770
2026-08-05 19:14:50.899075: Current learning rate: 0.00266
2026-08-05 19:15:32.122251: train_loss -0.8964
2026-08-05 19:15:32.122828: val_loss -0.7744
2026-08-05 19:15:32.122968: Pseudo dice [np.float32(0.7122), np.float32(0.9331), np.float32(0.9369)]
2026-08-05 19:15:32.123114: Epoch time: 41.23 s
2026-08-05 19:15:33.034856: 
2026-08-05 19:15:33.035246: Epoch 771
2026-08-05 19:15:33.035337: Current learning rate: 0.00265
2026-08-05 19:16:14.137710: train_loss -0.8974
2026-08-05 19:16:14.138080: val_loss -0.7588
2026-08-05 19:16:14.138187: Pseudo dice [np.float32(0.6985), np.float32(0.9313), np.float32(0.9305)]
2026-08-05 19:16:14.138268: Epoch time: 41.11 s
2026-08-05 19:16:15.149148: 
2026-08-05 19:16:15.149770: Epoch 772
2026-08-05 19:16:15.149928: Current learning rate: 0.00264
2026-08-05 19:16:57.385009: train_loss -0.9007
2026-08-05 19:16:57.385506: val_loss -0.7589
2026-08-05 19:16:57.385585: Pseudo dice [np.float32(0.6968), np.float32(0.93), np.float32(0.9353)]
2026-08-05 19:16:57.385685: Epoch time: 42.24 s
2026-08-05 19:16:58.565942: 
2026-08-05 19:16:58.566519: Epoch 773
2026-08-05 19:16:58.566679: Current learning rate: 0.00263
2026-08-05 19:17:40.705527: train_loss -0.8994
2026-08-05 19:17:40.706179: val_loss -0.7707
2026-08-05 19:17:40.706326: Pseudo dice [np.float32(0.7055), np.float32(0.932), np.float32(0.9371)]
2026-08-05 19:17:40.706425: Epoch time: 42.14 s
2026-08-05 19:17:41.511950: 
2026-08-05 19:17:41.512235: Epoch 774
2026-08-05 19:17:41.512547: Current learning rate: 0.00262
2026-08-05 19:18:23.247412: train_loss -0.901
2026-08-05 19:18:23.247726: val_loss -0.7654
2026-08-05 19:18:23.247790: Pseudo dice [np.float32(0.7065), np.float32(0.9359), np.float32(0.939)]
2026-08-05 19:18:23.247870: Epoch time: 41.74 s
2026-08-05 19:18:24.076162: 
2026-08-05 19:18:24.076545: Epoch 775
2026-08-05 19:18:24.076716: Current learning rate: 0.00261
2026-08-05 19:19:05.820249: train_loss -0.8993
2026-08-05 19:19:05.820508: val_loss -0.7788
2026-08-05 19:19:05.820578: Pseudo dice [np.float32(0.7203), np.float32(0.9374), np.float32(0.9408)]
2026-08-05 19:19:05.820635: Epoch time: 41.75 s
2026-08-05 19:19:06.631271: 
2026-08-05 19:19:06.631552: Epoch 776
2026-08-05 19:19:06.631719: Current learning rate: 0.0026
2026-08-05 19:19:48.326915: train_loss -0.8986
2026-08-05 19:19:48.327512: val_loss -0.773
2026-08-05 19:19:48.327650: Pseudo dice [np.float32(0.7116), np.float32(0.9346), np.float32(0.9373)]
2026-08-05 19:19:48.327862: Epoch time: 41.7 s
2026-08-05 19:19:49.210937: 
2026-08-05 19:19:49.211250: Epoch 777
2026-08-05 19:19:49.211407: Current learning rate: 0.00259
2026-08-05 19:20:31.007969: train_loss -0.8974
2026-08-05 19:20:31.008314: val_loss -0.7592
2026-08-05 19:20:31.008378: Pseudo dice [np.float32(0.6962), np.float32(0.9316), np.float32(0.9342)]
2026-08-05 19:20:31.008454: Epoch time: 41.8 s
2026-08-05 19:20:32.040456: 
2026-08-05 19:20:32.041307: Epoch 778
2026-08-05 19:20:32.041445: Current learning rate: 0.00258
2026-08-05 19:21:13.352208: train_loss -0.9013
2026-08-05 19:21:13.352697: val_loss -0.7655
2026-08-05 19:21:13.352757: Pseudo dice [np.float32(0.7006), np.float32(0.9323), np.float32(0.9367)]
2026-08-05 19:21:13.352825: Epoch time: 41.32 s
2026-08-05 19:21:14.176477: 
2026-08-05 19:21:14.176907: Epoch 779
2026-08-05 19:21:14.177020: Current learning rate: 0.00257
2026-08-05 19:21:55.703547: train_loss -0.8995
2026-08-05 19:21:55.703950: val_loss -0.7782
2026-08-05 19:21:55.704029: Pseudo dice [np.float32(0.7151), np.float32(0.9384), np.float32(0.9406)]
2026-08-05 19:21:55.704121: Epoch time: 41.53 s
2026-08-05 19:21:56.550833: 
2026-08-05 19:21:56.551243: Epoch 780
2026-08-05 19:21:56.551385: Current learning rate: 0.00256
2026-08-05 19:22:38.487171: train_loss -0.8966
2026-08-05 19:22:38.815542: val_loss -0.7623
2026-08-05 19:22:38.815720: Pseudo dice [np.float32(0.7027), np.float32(0.93), np.float32(0.9328)]
2026-08-05 19:22:38.815831: Epoch time: 41.94 s
2026-08-05 19:22:39.675332: 
2026-08-05 19:22:39.675714: Epoch 781
2026-08-05 19:22:39.675879: Current learning rate: 0.00255
2026-08-05 19:23:20.714044: train_loss -0.8981
2026-08-05 19:23:20.714548: val_loss -0.7581
2026-08-05 19:23:20.714667: Pseudo dice [np.float32(0.6966), np.float32(0.9269), np.float32(0.9352)]
2026-08-05 19:23:20.714789: Epoch time: 41.04 s
2026-08-05 19:23:22.171211: 
2026-08-05 19:23:22.171559: Epoch 782
2026-08-05 19:23:22.171726: Current learning rate: 0.00254
2026-08-05 19:24:04.132141: train_loss -0.8985
2026-08-05 19:24:04.132686: val_loss -0.7603
2026-08-05 19:24:04.132810: Pseudo dice [np.float32(0.6974), np.float32(0.9335), np.float32(0.9338)]
2026-08-05 19:24:04.132975: Epoch time: 41.96 s
2026-08-05 19:24:05.113202: 
2026-08-05 19:24:05.113659: Epoch 783
2026-08-05 19:24:05.113785: Current learning rate: 0.00253
2026-08-05 19:24:46.818330: train_loss -0.9012
2026-08-05 19:24:46.847735: val_loss -0.7743
2026-08-05 19:24:46.848018: Pseudo dice [np.float32(0.714), np.float32(0.9335), np.float32(0.9383)]
2026-08-05 19:24:46.848215: Epoch time: 41.71 s
2026-08-05 19:24:47.821817: 
2026-08-05 19:24:47.822331: Epoch 784
2026-08-05 19:24:47.822480: Current learning rate: 0.00252
2026-08-05 19:25:29.571629: train_loss -0.8998
2026-08-05 19:25:29.733488: val_loss -0.761
2026-08-05 19:25:29.733943: Pseudo dice [np.float32(0.7025), np.float32(0.9299), np.float32(0.9338)]
2026-08-05 19:25:29.734224: Epoch time: 41.75 s
2026-08-05 19:25:30.813035: 
2026-08-05 19:25:30.813482: Epoch 785
2026-08-05 19:25:30.813661: Current learning rate: 0.00251
2026-08-05 19:26:12.928821: train_loss -0.9017
2026-08-05 19:26:12.929481: val_loss -0.7663
2026-08-05 19:26:12.929545: Pseudo dice [np.float32(0.7085), np.float32(0.9321), np.float32(0.938)]
2026-08-05 19:26:12.929628: Epoch time: 42.12 s
2026-08-05 19:26:13.774807: 
2026-08-05 19:26:13.775307: Epoch 786
2026-08-05 19:26:13.775437: Current learning rate: 0.0025
2026-08-05 19:26:55.285641: train_loss -0.8984
2026-08-05 19:26:55.479764: val_loss -0.7593
2026-08-05 19:26:55.479931: Pseudo dice [np.float32(0.6997), np.float32(0.9249), np.float32(0.9402)]
2026-08-05 19:26:55.480034: Epoch time: 41.51 s
2026-08-05 19:26:56.575760: 
2026-08-05 19:26:56.576126: Epoch 787
2026-08-05 19:26:56.576254: Current learning rate: 0.00249
2026-08-05 19:27:37.810567: train_loss -0.8996
2026-08-05 19:27:37.810884: val_loss -0.7677
2026-08-05 19:27:37.810958: Pseudo dice [np.float32(0.7035), np.float32(0.9308), np.float32(0.9361)]
2026-08-05 19:27:37.811040: Epoch time: 41.24 s
2026-08-05 19:27:38.813859: 
2026-08-05 19:27:38.814298: Epoch 788
2026-08-05 19:27:38.814467: Current learning rate: 0.00248
2026-08-05 19:28:20.401148: train_loss -0.8984
2026-08-05 19:28:20.417735: val_loss -0.7751
2026-08-05 19:28:20.417811: Pseudo dice [np.float32(0.7165), np.float32(0.9369), np.float32(0.9369)]
2026-08-05 19:28:20.417901: Epoch time: 41.59 s
2026-08-05 19:28:22.127915: 
2026-08-05 19:28:22.128352: Epoch 789
2026-08-05 19:28:22.128496: Current learning rate: 0.00247
2026-08-05 19:29:04.071216: train_loss -0.8989
2026-08-05 19:29:04.071567: val_loss -0.7633
2026-08-05 19:29:04.071633: Pseudo dice [np.float32(0.7028), np.float32(0.9302), np.float32(0.9339)]
2026-08-05 19:29:04.071716: Epoch time: 41.95 s
2026-08-05 19:29:05.030929: 
2026-08-05 19:29:05.031218: Epoch 790
2026-08-05 19:29:05.031448: Current learning rate: 0.00245
2026-08-05 19:29:46.047563: train_loss -0.9017
2026-08-05 19:29:46.050063: val_loss -0.7724
2026-08-05 19:29:46.050239: Pseudo dice [np.float32(0.7067), np.float32(0.9354), np.float32(0.936)]
2026-08-05 19:29:46.050333: Epoch time: 41.02 s
2026-08-05 19:29:46.891562: 
2026-08-05 19:29:46.891986: Epoch 791
2026-08-05 19:29:46.892114: Current learning rate: 0.00244
2026-08-05 19:30:29.117733: train_loss -0.9033
2026-08-05 19:30:29.118057: val_loss -0.7699
2026-08-05 19:30:29.118120: Pseudo dice [np.float32(0.7091), np.float32(0.9345), np.float32(0.9363)]
2026-08-05 19:30:29.175791: Epoch time: 42.23 s
2026-08-05 19:30:30.155870: 
2026-08-05 19:30:30.156351: Epoch 792
2026-08-05 19:30:30.156474: Current learning rate: 0.00243
2026-08-05 19:31:11.443739: train_loss -0.9025
2026-08-05 19:31:11.444125: val_loss -0.7807
2026-08-05 19:31:11.444189: Pseudo dice [np.float32(0.7138), np.float32(0.9354), np.float32(0.9364)]
2026-08-05 19:31:11.444281: Epoch time: 41.29 s
2026-08-05 19:31:12.289655: 
2026-08-05 19:31:12.289998: Epoch 793
2026-08-05 19:31:12.290270: Current learning rate: 0.00242
2026-08-05 19:31:54.283118: train_loss -0.9018
2026-08-05 19:31:54.283951: val_loss -0.7525
2026-08-05 19:31:54.284120: Pseudo dice [np.float32(0.6943), np.float32(0.9295), np.float32(0.933)]
2026-08-05 19:31:54.284294: Epoch time: 42.0 s
2026-08-05 19:31:55.273016: 
2026-08-05 19:31:55.273387: Epoch 794
2026-08-05 19:31:55.273508: Current learning rate: 0.00241
2026-08-05 19:32:37.423936: train_loss -0.9046
2026-08-05 19:32:37.424474: val_loss -0.7676
2026-08-05 19:32:37.424549: Pseudo dice [np.float32(0.7117), np.float32(0.9288), np.float32(0.9368)]
2026-08-05 19:32:37.424635: Epoch time: 42.15 s
2026-08-05 19:32:38.265324: 
2026-08-05 19:32:38.265696: Epoch 795
2026-08-05 19:32:38.265877: Current learning rate: 0.0024
2026-08-05 19:33:21.847752: train_loss -0.9022
2026-08-05 19:33:21.848027: val_loss -0.7797
2026-08-05 19:33:21.848084: Pseudo dice [np.float32(0.7117), np.float32(0.9349), np.float32(0.9356)]
2026-08-05 19:33:21.848150: Epoch time: 43.59 s
2026-08-05 19:33:22.667016: 
2026-08-05 19:33:22.667442: Epoch 796
2026-08-05 19:33:22.667563: Current learning rate: 0.00239
2026-08-05 19:34:04.913845: train_loss -0.9045
2026-08-05 19:34:04.919771: val_loss -0.772
2026-08-05 19:34:04.920105: Pseudo dice [np.float32(0.7134), np.float32(0.9353), np.float32(0.9397)]
2026-08-05 19:34:04.920214: Epoch time: 42.25 s
2026-08-05 19:34:06.018707: 
2026-08-05 19:34:06.019011: Epoch 797
2026-08-05 19:34:06.019140: Current learning rate: 0.00238
2026-08-05 19:34:47.937278: train_loss -0.9035
2026-08-05 19:34:47.938398: val_loss -0.7581
2026-08-05 19:34:47.938499: Pseudo dice [np.float32(0.7029), np.float32(0.9294), np.float32(0.9356)]
2026-08-05 19:34:47.938617: Epoch time: 41.92 s
2026-08-05 19:34:49.162861: 
2026-08-05 19:34:49.163297: Epoch 798
2026-08-05 19:34:49.163474: Current learning rate: 0.00237
2026-08-05 19:35:31.905144: train_loss -0.9032
2026-08-05 19:35:31.906028: val_loss -0.7662
2026-08-05 19:35:31.906164: Pseudo dice [np.float32(0.7113), np.float32(0.9328), np.float32(0.9352)]
2026-08-05 19:35:31.906371: Epoch time: 42.75 s
2026-08-05 19:35:33.059644: 
2026-08-05 19:35:33.059950: Epoch 799
2026-08-05 19:35:33.060155: Current learning rate: 0.00236
2026-08-05 19:36:15.398830: train_loss -0.9042
2026-08-05 19:36:15.399408: val_loss -0.7552
2026-08-05 19:36:15.399508: Pseudo dice [np.float32(0.6939), np.float32(0.9281), np.float32(0.9339)]
2026-08-05 19:36:15.399610: Epoch time: 42.34 s
2026-08-05 19:36:23.895771: 
2026-08-05 19:36:23.896331: Epoch 800
2026-08-05 19:36:23.896443: Current learning rate: 0.00235
2026-08-05 19:37:06.383765: train_loss -0.9019
2026-08-05 19:37:06.384203: val_loss -0.7702
2026-08-05 19:37:06.384293: Pseudo dice [np.float32(0.7068), np.float32(0.9329), np.float32(0.9336)]
2026-08-05 19:37:06.384391: Epoch time: 42.49 s
2026-08-05 19:37:07.378424: 
2026-08-05 19:37:07.378865: Epoch 801
2026-08-05 19:37:07.379011: Current learning rate: 0.00234
2026-08-05 19:37:49.885125: train_loss -0.9033
2026-08-05 19:37:49.885534: val_loss -0.7721
2026-08-05 19:37:49.885604: Pseudo dice [np.float32(0.7069), np.float32(0.9345), np.float32(0.9384)]
2026-08-05 19:37:49.885686: Epoch time: 42.51 s
2026-08-05 19:37:51.820201: 
2026-08-05 19:37:51.820668: Epoch 802
2026-08-05 19:37:51.820804: Current learning rate: 0.00233
2026-08-05 19:38:34.091155: train_loss -0.9057
2026-08-05 19:38:34.091680: val_loss -0.7772
2026-08-05 19:38:34.091800: Pseudo dice [np.float32(0.7137), np.float32(0.9309), np.float32(0.9375)]
2026-08-05 19:38:34.091878: Epoch time: 42.27 s
2026-08-05 19:38:34.926291: 
2026-08-05 19:38:34.926594: Epoch 803
2026-08-05 19:38:34.926735: Current learning rate: 0.00232
2026-08-05 19:39:17.345773: train_loss -0.9039
2026-08-05 19:39:17.346439: val_loss -0.7643
2026-08-05 19:39:17.346523: Pseudo dice [np.float32(0.7094), np.float32(0.9343), np.float32(0.9387)]
2026-08-05 19:39:17.346625: Epoch time: 42.42 s
2026-08-05 19:39:18.361404: 
2026-08-05 19:39:18.362137: Epoch 804
2026-08-05 19:39:18.362279: Current learning rate: 0.00231
2026-08-05 19:40:00.194364: train_loss -0.9056
2026-08-05 19:40:00.194738: val_loss -0.7775
2026-08-05 19:40:00.194859: Pseudo dice [np.float32(0.719), np.float32(0.9353), np.float32(0.9396)]
2026-08-05 19:40:00.194953: Epoch time: 41.84 s
2026-08-05 19:40:01.049802: 
2026-08-05 19:40:01.050051: Epoch 805
2026-08-05 19:40:01.050469: Current learning rate: 0.0023
2026-08-05 19:40:42.645658: train_loss -0.9038
2026-08-05 19:40:42.645971: val_loss -0.7618
2026-08-05 19:40:42.646039: Pseudo dice [np.float32(0.701), np.float32(0.9308), np.float32(0.9337)]
2026-08-05 19:40:42.646123: Epoch time: 41.6 s
2026-08-05 19:40:43.633944: 
2026-08-05 19:40:43.634232: Epoch 806
2026-08-05 19:40:43.634362: Current learning rate: 0.00229
2026-08-05 19:41:26.132315: train_loss -0.9068
2026-08-05 19:41:26.132733: val_loss -0.7751
2026-08-05 19:41:26.132807: Pseudo dice [np.float32(0.716), np.float32(0.9346), np.float32(0.9422)]
2026-08-05 19:41:26.133167: Epoch time: 42.5 s
2026-08-05 19:41:27.218584: 
2026-08-05 19:41:27.219241: Epoch 807
2026-08-05 19:41:27.219399: Current learning rate: 0.00228
2026-08-05 19:42:09.604193: train_loss -0.9041
2026-08-05 19:42:09.945070: val_loss -0.7511
2026-08-05 19:42:09.945249: Pseudo dice [np.float32(0.6953), np.float32(0.9319), np.float32(0.9285)]
2026-08-05 19:42:09.945354: Epoch time: 42.39 s
2026-08-05 19:42:10.731217: 
2026-08-05 19:42:10.731418: Epoch 808
2026-08-05 19:42:10.731527: Current learning rate: 0.00226
2026-08-05 19:42:53.288283: train_loss -0.9029
2026-08-05 19:42:53.288804: val_loss -0.7693
2026-08-05 19:42:53.288888: Pseudo dice [np.float32(0.7107), np.float32(0.9337), np.float32(0.9407)]
2026-08-05 19:42:53.288988: Epoch time: 42.56 s
2026-08-05 19:42:54.394186: 
2026-08-05 19:42:54.394654: Epoch 809
2026-08-05 19:42:54.394833: Current learning rate: 0.00225
2026-08-05 19:43:36.681719: train_loss -0.9027
2026-08-05 19:43:36.684810: val_loss -0.7772
2026-08-05 19:43:36.684932: Pseudo dice [np.float32(0.717), np.float32(0.9338), np.float32(0.9416)]
2026-08-05 19:43:36.685812: Epoch time: 42.29 s
2026-08-05 19:43:37.508370: 
2026-08-05 19:43:37.508824: Epoch 810
2026-08-05 19:43:37.508945: Current learning rate: 0.00224
2026-08-05 19:44:18.891188: train_loss -0.9035
2026-08-05 19:44:19.474002: val_loss -0.7586
2026-08-05 19:44:19.474159: Pseudo dice [np.float32(0.7018), np.float32(0.9268), np.float32(0.9371)]
2026-08-05 19:44:19.474544: Epoch time: 41.39 s
2026-08-05 19:44:20.635541: 
2026-08-05 19:44:20.635955: Epoch 811
2026-08-05 19:44:20.636056: Current learning rate: 0.00223
2026-08-05 19:45:01.781251: train_loss -0.9059
2026-08-05 19:45:01.781586: val_loss -0.7667
2026-08-05 19:45:01.781740: Pseudo dice [np.float32(0.7065), np.float32(0.9314), np.float32(0.936)]
2026-08-05 19:45:01.781847: Epoch time: 41.15 s
2026-08-05 19:45:02.588713: 
2026-08-05 19:45:02.589082: Epoch 812
2026-08-05 19:45:02.589202: Current learning rate: 0.00222
2026-08-05 19:45:43.790512: train_loss -0.9027
2026-08-05 19:45:43.790926: val_loss -0.7629
2026-08-05 19:45:43.791002: Pseudo dice [np.float32(0.7078), np.float32(0.9365), np.float32(0.9357)]
2026-08-05 19:45:43.791087: Epoch time: 41.2 s
2026-08-05 19:45:44.671053: 
2026-08-05 19:45:44.671524: Epoch 813
2026-08-05 19:45:44.671637: Current learning rate: 0.00221
2026-08-05 19:46:26.352813: train_loss -0.9046
2026-08-05 19:46:26.670365: val_loss -0.7678
2026-08-05 19:46:26.670599: Pseudo dice [np.float32(0.7094), np.float32(0.9375), np.float32(0.9366)]
2026-08-05 19:46:26.670716: Epoch time: 41.69 s
2026-08-05 19:46:27.931298: 
2026-08-05 19:46:27.931660: Epoch 814
2026-08-05 19:46:27.931805: Current learning rate: 0.0022
2026-08-05 19:47:09.779502: train_loss -0.9059
2026-08-05 19:47:09.779803: val_loss -0.7601
2026-08-05 19:47:09.779864: Pseudo dice [np.float32(0.7042), np.float32(0.9319), np.float32(0.9371)]
2026-08-05 19:47:09.780021: Epoch time: 41.85 s
2026-08-05 19:47:11.446383: 
2026-08-05 19:47:11.446759: Epoch 815
2026-08-05 19:47:11.446880: Current learning rate: 0.00219
2026-08-05 19:47:53.225641: train_loss -0.9077
2026-08-05 19:47:53.226102: val_loss -0.7722
2026-08-05 19:47:53.226169: Pseudo dice [np.float32(0.7136), np.float32(0.9359), np.float32(0.9417)]
2026-08-05 19:47:53.226257: Epoch time: 41.78 s
2026-08-05 19:47:54.151693: 
2026-08-05 19:47:54.152135: Epoch 816
2026-08-05 19:47:54.152269: Current learning rate: 0.00218
2026-08-05 19:48:35.684586: train_loss -0.9028
2026-08-05 19:48:36.057423: val_loss -0.7749
2026-08-05 19:48:36.057692: Pseudo dice [np.float32(0.7138), np.float32(0.9341), np.float32(0.9366)]
2026-08-05 19:48:36.057843: Epoch time: 41.54 s
2026-08-05 19:48:37.010067: 
2026-08-05 19:48:37.010493: Epoch 817
2026-08-05 19:48:37.010605: Current learning rate: 0.00217
2026-08-05 19:49:18.665937: train_loss -0.9045
2026-08-05 19:49:18.666379: val_loss -0.7744
2026-08-05 19:49:18.666623: Pseudo dice [np.float32(0.7112), np.float32(0.9358), np.float32(0.9361)]
2026-08-05 19:49:18.666693: Epoch time: 41.66 s
2026-08-05 19:49:19.493371: 
2026-08-05 19:49:19.493724: Epoch 818
2026-08-05 19:49:19.493834: Current learning rate: 0.00216
2026-08-05 19:50:01.469185: train_loss -0.9041
2026-08-05 19:50:01.469405: val_loss -0.7549
2026-08-05 19:50:01.469466: Pseudo dice [np.float32(0.6929), np.float32(0.9313), np.float32(0.9354)]
2026-08-05 19:50:01.469531: Epoch time: 41.98 s
2026-08-05 19:50:02.538699: 
2026-08-05 19:50:02.539245: Epoch 819
2026-08-05 19:50:02.539462: Current learning rate: 0.00215
2026-08-05 19:50:44.081992: train_loss -0.9042
2026-08-05 19:50:44.082553: val_loss -0.7706
2026-08-05 19:50:44.082693: Pseudo dice [np.float32(0.7199), np.float32(0.9293), np.float32(0.9409)]
2026-08-05 19:50:44.082809: Epoch time: 41.55 s
2026-08-05 19:50:44.980947: 
2026-08-05 19:50:44.981268: Epoch 820
2026-08-05 19:50:44.981429: Current learning rate: 0.00214
2026-08-05 19:51:26.230380: train_loss -0.9035
2026-08-05 19:51:26.230814: val_loss -0.7747
2026-08-05 19:51:26.230880: Pseudo dice [np.float32(0.7167), np.float32(0.9319), np.float32(0.9442)]
2026-08-05 19:51:26.230963: Epoch time: 41.25 s
2026-08-05 19:51:26.231011: Yayy! New best EMA pseudo Dice: 0.8600999712944031
2026-08-05 19:51:33.781343: 
2026-08-05 19:51:33.781664: Epoch 821
2026-08-05 19:51:33.781783: Current learning rate: 0.00213
2026-08-05 19:52:16.204691: train_loss -0.9061
2026-08-05 19:52:16.211241: val_loss -0.7643
2026-08-05 19:52:16.211407: Pseudo dice [np.float32(0.7097), np.float32(0.9344), np.float32(0.939)]
2026-08-05 19:52:16.211487: Epoch time: 42.43 s
2026-08-05 19:52:16.211533: Yayy! New best EMA pseudo Dice: 0.8601999878883362
2026-08-05 19:52:23.579305: 
2026-08-05 19:52:23.579914: Epoch 822
2026-08-05 19:52:23.580050: Current learning rate: 0.00212
2026-08-05 19:53:05.402466: train_loss -0.9054
2026-08-05 19:53:05.403461: val_loss -0.7715
2026-08-05 19:53:05.403650: Pseudo dice [np.float32(0.7138), np.float32(0.931), np.float32(0.9353)]
2026-08-05 19:53:05.403842: Epoch time: 41.83 s
2026-08-05 19:53:06.466169: 
2026-08-05 19:53:06.466665: Epoch 823
2026-08-05 19:53:06.466867: Current learning rate: 0.0021
2026-08-05 19:53:47.798120: train_loss -0.9049
2026-08-05 19:53:47.921339: val_loss -0.7485
2026-08-05 19:53:47.921622: Pseudo dice [np.float32(0.6904), np.float32(0.9348), np.float32(0.9326)]
2026-08-05 19:53:47.921801: Epoch time: 41.34 s
2026-08-05 19:53:48.888049: 
2026-08-05 19:53:48.888371: Epoch 824
2026-08-05 19:53:48.888508: Current learning rate: 0.00209
2026-08-05 19:54:30.321996: train_loss -0.9071
2026-08-05 19:54:30.597478: val_loss -0.7711
2026-08-05 19:54:30.597645: Pseudo dice [np.float32(0.7097), np.float32(0.9309), np.float32(0.9385)]
2026-08-05 19:54:30.597749: Epoch time: 41.44 s
2026-08-05 19:54:31.362227: 
2026-08-05 19:54:31.362770: Epoch 825
2026-08-05 19:54:31.362950: Current learning rate: 0.00208
2026-08-05 19:55:13.399605: train_loss -0.9046
2026-08-05 19:55:13.400113: val_loss -0.7775
2026-08-05 19:55:13.400183: Pseudo dice [np.float32(0.7176), np.float32(0.9333), np.float32(0.939)]
2026-08-05 19:55:13.400261: Epoch time: 42.04 s
2026-08-05 19:55:14.430336: 
2026-08-05 19:55:14.431032: Epoch 826
2026-08-05 19:55:14.431176: Current learning rate: 0.00207
2026-08-05 19:55:56.233242: train_loss -0.9063
2026-08-05 19:55:56.233583: val_loss -0.7692
2026-08-05 19:55:56.233641: Pseudo dice [np.float32(0.7051), np.float32(0.9369), np.float32(0.9424)]
2026-08-05 19:55:56.233707: Epoch time: 41.81 s
2026-08-05 19:55:57.062590: 
2026-08-05 19:55:57.062994: Epoch 827
2026-08-05 19:55:57.063273: Current learning rate: 0.00206
2026-08-05 19:56:38.515269: train_loss -0.91
2026-08-05 19:56:38.515548: val_loss -0.7626
2026-08-05 19:56:38.515604: Pseudo dice [np.float32(0.703), np.float32(0.9318), np.float32(0.9379)]
2026-08-05 19:56:38.515670: Epoch time: 41.46 s
2026-08-05 19:56:39.968519: 
2026-08-05 19:56:39.968900: Epoch 828
2026-08-05 19:56:39.969087: Current learning rate: 0.00205
2026-08-05 19:57:21.530581: train_loss -0.907
2026-08-05 19:57:21.531191: val_loss -0.7702
2026-08-05 19:57:21.531320: Pseudo dice [np.float32(0.7094), np.float32(0.9364), np.float32(0.9408)]
2026-08-05 19:57:21.531459: Epoch time: 41.56 s
2026-08-05 19:57:23.142922: 
2026-08-05 19:57:23.143366: Epoch 829
2026-08-05 19:57:23.143518: Current learning rate: 0.00204
2026-08-05 19:58:04.500830: train_loss -0.9085
2026-08-05 19:58:04.501461: val_loss -0.766
2026-08-05 19:58:04.501534: Pseudo dice [np.float32(0.7131), np.float32(0.9323), np.float32(0.9388)]
2026-08-05 19:58:04.501610: Epoch time: 41.36 s
2026-08-05 19:58:05.298785: 
2026-08-05 19:58:05.299061: Epoch 830
2026-08-05 19:58:05.299354: Current learning rate: 0.00203
2026-08-05 19:58:47.455249: train_loss -0.9094
2026-08-05 19:58:47.455871: val_loss -0.77
2026-08-05 19:58:47.456057: Pseudo dice [np.float32(0.7193), np.float32(0.934), np.float32(0.9429)]
2026-08-05 19:58:47.456200: Epoch time: 42.16 s
2026-08-05 19:58:47.456294: Yayy! New best EMA pseudo Dice: 0.8607000112533569
2026-08-05 19:58:56.112025: 
2026-08-05 19:58:56.112441: Epoch 831
2026-08-05 19:58:56.112565: Current learning rate: 0.00202
2026-08-05 19:59:38.173333: train_loss -0.9074
2026-08-05 19:59:38.204366: val_loss -0.7687
2026-08-05 19:59:38.204546: Pseudo dice [np.float32(0.7116), np.float32(0.933), np.float32(0.9345)]
2026-08-05 19:59:38.204699: Epoch time: 42.06 s
2026-08-05 19:59:39.169254: 
2026-08-05 19:59:39.169636: Epoch 832
2026-08-05 19:59:39.169749: Current learning rate: 0.00201
2026-08-05 20:00:20.360084: train_loss -0.9054
2026-08-05 20:00:20.409473: val_loss -0.7749
2026-08-05 20:00:20.409564: Pseudo dice [np.float32(0.7137), np.float32(0.9361), np.float32(0.9408)]
2026-08-05 20:00:20.409642: Epoch time: 41.19 s
2026-08-05 20:00:20.409684: Yayy! New best EMA pseudo Dice: 0.8608999848365784
2026-08-05 20:00:32.251865: 
2026-08-05 20:00:32.252317: Epoch 833
2026-08-05 20:00:32.252433: Current learning rate: 0.002
2026-08-05 20:01:13.327091: train_loss -0.9057
2026-08-05 20:01:13.327348: val_loss -0.7692
2026-08-05 20:01:13.327399: Pseudo dice [np.float32(0.7192), np.float32(0.9339), np.float32(0.9373)]
2026-08-05 20:01:13.327469: Epoch time: 41.08 s
2026-08-05 20:01:13.327608: Yayy! New best EMA pseudo Dice: 0.8611000180244446
2026-08-05 20:01:19.812165: 
2026-08-05 20:01:19.812589: Epoch 834
2026-08-05 20:01:19.812705: Current learning rate: 0.00199
2026-08-05 20:02:00.769078: train_loss -0.9076
2026-08-05 20:02:00.769725: val_loss -0.7599
2026-08-05 20:02:00.770201: Pseudo dice [np.float32(0.7073), np.float32(0.9309), np.float32(0.9389)]
2026-08-05 20:02:00.770394: Epoch time: 40.96 s
2026-08-05 20:02:01.702721: 
2026-08-05 20:02:01.703061: Epoch 835
2026-08-05 20:02:01.703178: Current learning rate: 0.00198
2026-08-05 20:02:43.847079: train_loss -0.9075
2026-08-05 20:02:43.863292: val_loss -0.7568
2026-08-05 20:02:43.863472: Pseudo dice [np.float32(0.6962), np.float32(0.9298), np.float32(0.9302)]
2026-08-05 20:02:43.863634: Epoch time: 42.15 s
2026-08-05 20:02:44.911279: 
2026-08-05 20:02:44.911727: Epoch 836
2026-08-05 20:02:44.911953: Current learning rate: 0.00196
2026-08-05 20:03:26.301940: train_loss -0.9075
2026-08-05 20:03:26.531662: val_loss -0.7571
2026-08-05 20:03:26.531868: Pseudo dice [np.float32(0.7048), np.float32(0.9332), np.float32(0.938)]
2026-08-05 20:03:26.531987: Epoch time: 41.39 s
2026-08-05 20:03:27.462263: 
2026-08-05 20:03:27.462796: Epoch 837
2026-08-05 20:03:27.462936: Current learning rate: 0.00195
2026-08-05 20:04:08.814615: train_loss -0.9109
2026-08-05 20:04:08.814980: val_loss -0.7601
2026-08-05 20:04:08.815148: Pseudo dice [np.float32(0.7119), np.float32(0.9349), np.float32(0.9441)]
2026-08-05 20:04:08.815223: Epoch time: 41.36 s
2026-08-05 20:04:09.674235: 
2026-08-05 20:04:09.674662: Epoch 838
2026-08-05 20:04:09.674783: Current learning rate: 0.00194
2026-08-05 20:04:51.188143: train_loss -0.9062
2026-08-05 20:04:51.188646: val_loss -0.7649
2026-08-05 20:04:51.188707: Pseudo dice [np.float32(0.7124), np.float32(0.9341), np.float32(0.9357)]
2026-08-05 20:04:51.188788: Epoch time: 41.52 s
2026-08-05 20:04:52.478170: 
2026-08-05 20:04:52.478482: Epoch 839
2026-08-05 20:04:52.478663: Current learning rate: 0.00193
2026-08-05 20:05:33.967279: train_loss -0.9081
2026-08-05 20:05:34.244819: val_loss -0.7698
2026-08-05 20:05:34.245215: Pseudo dice [np.float32(0.7191), np.float32(0.9345), np.float32(0.9388)]
2026-08-05 20:05:34.245496: Epoch time: 41.49 s
2026-08-05 20:05:35.343494: 
2026-08-05 20:05:35.343699: Epoch 840
2026-08-05 20:05:35.343828: Current learning rate: 0.00192
2026-08-05 20:06:16.427857: train_loss -0.9112
2026-08-05 20:06:16.488155: val_loss -0.7668
2026-08-05 20:06:16.488377: Pseudo dice [np.float32(0.7092), np.float32(0.9323), np.float32(0.9394)]
2026-08-05 20:06:16.488544: Epoch time: 41.09 s
2026-08-05 20:06:19.514476: 
2026-08-05 20:06:19.514816: Epoch 841
2026-08-05 20:06:19.514927: Current learning rate: 0.00191
2026-08-05 20:07:00.878593: train_loss -0.9126
2026-08-05 20:07:01.014002: val_loss -0.761
2026-08-05 20:07:01.014216: Pseudo dice [np.float32(0.7055), np.float32(0.9359), np.float32(0.9375)]
2026-08-05 20:07:01.014373: Epoch time: 41.37 s
2026-08-05 20:07:01.968945: 
2026-08-05 20:07:01.969337: Epoch 842
2026-08-05 20:07:01.969484: Current learning rate: 0.0019
2026-08-05 20:07:43.809116: train_loss -0.9094
2026-08-05 20:07:43.898953: val_loss -0.7686
2026-08-05 20:07:43.899186: Pseudo dice [np.float32(0.7109), np.float32(0.9353), np.float32(0.932)]
2026-08-05 20:07:43.899272: Epoch time: 41.84 s
2026-08-05 20:07:45.006154: 
2026-08-05 20:07:45.006767: Epoch 843
2026-08-05 20:07:45.006966: Current learning rate: 0.00189
2026-08-05 20:08:26.423440: train_loss -0.9076
2026-08-05 20:08:26.423972: val_loss -0.7619
2026-08-05 20:08:26.424073: Pseudo dice [np.float32(0.7034), np.float32(0.9321), np.float32(0.9398)]
2026-08-05 20:08:26.424191: Epoch time: 41.42 s
2026-08-05 20:08:27.251485: 
2026-08-05 20:08:27.251752: Epoch 844
2026-08-05 20:08:27.252009: Current learning rate: 0.00188
2026-08-05 20:09:08.650632: train_loss -0.9024
2026-08-05 20:09:08.651294: val_loss -0.7678
2026-08-05 20:09:08.651352: Pseudo dice [np.float32(0.7133), np.float32(0.9297), np.float32(0.9309)]
2026-08-05 20:09:08.651417: Epoch time: 41.4 s
2026-08-05 20:09:09.465570: 
2026-08-05 20:09:09.465872: Epoch 845
2026-08-05 20:09:09.466078: Current learning rate: 0.00187
2026-08-05 20:09:50.354069: train_loss -0.9022
2026-08-05 20:09:50.354912: val_loss -0.7621
2026-08-05 20:09:50.355061: Pseudo dice [np.float32(0.702), np.float32(0.9304), np.float32(0.9384)]
2026-08-05 20:09:50.355205: Epoch time: 40.89 s
2026-08-05 20:09:51.406007: 
2026-08-05 20:09:51.406503: Epoch 846
2026-08-05 20:09:51.406647: Current learning rate: 0.00186
2026-08-05 20:10:32.343794: train_loss -0.9074
2026-08-05 20:10:32.346713: val_loss -0.763
2026-08-05 20:10:32.346844: Pseudo dice [np.float32(0.7047), np.float32(0.9344), np.float32(0.9356)]
2026-08-05 20:10:32.346941: Epoch time: 40.94 s
2026-08-05 20:10:33.159554: 
2026-08-05 20:10:33.159856: Epoch 847
2026-08-05 20:10:33.160013: Current learning rate: 0.00185
2026-08-05 20:11:14.438656: train_loss -0.9097
2026-08-05 20:11:14.441447: val_loss -0.7612
2026-08-05 20:11:14.441521: Pseudo dice [np.float32(0.7051), np.float32(0.9308), np.float32(0.9358)]
2026-08-05 20:11:14.441597: Epoch time: 41.28 s
2026-08-05 20:11:16.422698: 
2026-08-05 20:11:16.422958: Epoch 848
2026-08-05 20:11:16.423246: Current learning rate: 0.00184
2026-08-05 20:11:57.604423: train_loss -0.9092
2026-08-05 20:11:57.604759: val_loss -0.7653
2026-08-05 20:11:57.604876: Pseudo dice [np.float32(0.7157), np.float32(0.9329), np.float32(0.9374)]
2026-08-05 20:11:57.605011: Epoch time: 41.18 s
2026-08-05 20:11:58.485011: 
2026-08-05 20:11:58.485377: Epoch 849
2026-08-05 20:11:58.485479: Current learning rate: 0.00182
2026-08-05 20:12:39.513824: train_loss -0.9099
2026-08-05 20:12:39.515149: val_loss -0.7632
2026-08-05 20:12:39.515264: Pseudo dice [np.float32(0.7033), np.float32(0.9328), np.float32(0.9365)]
2026-08-05 20:12:39.515361: Epoch time: 41.03 s
2026-08-05 20:12:48.069518: 
2026-08-05 20:12:48.069973: Epoch 850
2026-08-05 20:12:48.070075: Current learning rate: 0.00181
2026-08-05 20:13:28.750756: train_loss -0.9014
2026-08-05 20:13:28.751410: val_loss -0.7729
2026-08-05 20:13:28.751551: Pseudo dice [np.float32(0.7038), np.float32(0.9298), np.float32(0.9378)]
2026-08-05 20:13:28.751667: Epoch time: 40.69 s
2026-08-05 20:13:29.564689: 
2026-08-05 20:13:29.565027: Epoch 851
2026-08-05 20:13:29.565200: Current learning rate: 0.0018
2026-08-05 20:14:10.565481: train_loss -0.9065
2026-08-05 20:14:10.565951: val_loss -0.7587
2026-08-05 20:14:10.566047: Pseudo dice [np.float32(0.7018), np.float32(0.9319), np.float32(0.9326)]
2026-08-05 20:14:10.566127: Epoch time: 41.0 s
2026-08-05 20:14:11.354786: 
2026-08-05 20:14:11.355053: Epoch 852
2026-08-05 20:14:11.355191: Current learning rate: 0.00179
2026-08-05 20:15:00.871103: train_loss -0.9062
2026-08-05 20:15:00.881548: val_loss -0.7642
2026-08-05 20:15:00.881687: Pseudo dice [np.float32(0.7128), np.float32(0.9358), np.float32(0.9415)]
2026-08-05 20:15:00.881826: Epoch time: 49.52 s
2026-08-05 20:15:01.964701: 
2026-08-05 20:15:01.965050: Epoch 853
2026-08-05 20:15:01.965213: Current learning rate: 0.00178
2026-08-05 20:15:42.276273: train_loss -0.9083
2026-08-05 20:15:42.276630: val_loss -0.7612
2026-08-05 20:15:42.276690: Pseudo dice [np.float32(0.7059), np.float32(0.9338), np.float32(0.936)]
2026-08-05 20:15:42.276771: Epoch time: 40.32 s
2026-08-05 20:15:43.357110: 
2026-08-05 20:15:43.357550: Epoch 854
2026-08-05 20:15:43.357675: Current learning rate: 0.00177
2026-08-05 20:16:25.019490: train_loss -0.9119
2026-08-05 20:16:25.019790: val_loss -0.7687
2026-08-05 20:16:25.019935: Pseudo dice [np.float32(0.7101), np.float32(0.9301), np.float32(0.9359)]
2026-08-05 20:16:25.020037: Epoch time: 41.67 s
2026-08-05 20:16:26.555803: 
2026-08-05 20:16:26.556164: Epoch 855
2026-08-05 20:16:26.556302: Current learning rate: 0.00176
2026-08-05 20:17:07.930770: train_loss -0.9101
2026-08-05 20:17:07.931377: val_loss -0.7732
2026-08-05 20:17:07.931558: Pseudo dice [np.float32(0.7111), np.float32(0.9373), np.float32(0.9382)]
2026-08-05 20:17:07.931710: Epoch time: 41.38 s
2026-08-05 20:17:08.783788: 
2026-08-05 20:17:08.784069: Epoch 856
2026-08-05 20:17:08.784175: Current learning rate: 0.00175
2026-08-05 20:17:49.990298: train_loss -0.9085
2026-08-05 20:17:49.990563: val_loss -0.7678
2026-08-05 20:17:49.990629: Pseudo dice [np.float32(0.7074), np.float32(0.9334), np.float32(0.9365)]
2026-08-05 20:17:49.990705: Epoch time: 41.21 s
2026-08-05 20:17:50.761851: 
2026-08-05 20:17:50.762192: Epoch 857
2026-08-05 20:17:50.762298: Current learning rate: 0.00174
2026-08-05 20:18:32.075329: train_loss -0.911
2026-08-05 20:18:32.075624: val_loss -0.7655
2026-08-05 20:18:32.132096: Pseudo dice [np.float32(0.7017), np.float32(0.9329), np.float32(0.9369)]
2026-08-05 20:18:32.132211: Epoch time: 41.32 s
2026-08-05 20:18:32.890506: 
2026-08-05 20:18:32.890765: Epoch 858
2026-08-05 20:18:32.891047: Current learning rate: 0.00173
2026-08-05 20:19:13.882210: train_loss -0.9111
2026-08-05 20:19:13.882525: val_loss -0.7675
2026-08-05 20:19:13.882584: Pseudo dice [np.float32(0.7125), np.float32(0.9318), np.float32(0.9379)]
2026-08-05 20:19:13.882654: Epoch time: 40.99 s
2026-08-05 20:19:14.833039: 
2026-08-05 20:19:14.833274: Epoch 859
2026-08-05 20:19:14.833412: Current learning rate: 0.00172
2026-08-05 20:19:55.575144: train_loss -0.9111
2026-08-05 20:19:55.575429: val_loss -0.7696
2026-08-05 20:19:55.575493: Pseudo dice [np.float32(0.7048), np.float32(0.9341), np.float32(0.9397)]
2026-08-05 20:19:55.575554: Epoch time: 40.75 s
2026-08-05 20:19:56.369434: 
2026-08-05 20:19:56.369769: Epoch 860
2026-08-05 20:19:56.369916: Current learning rate: 0.0017
2026-08-05 20:20:37.616929: train_loss -0.9118
2026-08-05 20:20:37.617790: val_loss -0.7673
2026-08-05 20:20:37.618058: Pseudo dice [np.float32(0.7099), np.float32(0.9325), np.float32(0.9345)]
2026-08-05 20:20:37.618231: Epoch time: 41.25 s
2026-08-05 20:20:38.452881: 
2026-08-05 20:20:38.453291: Epoch 861
2026-08-05 20:20:38.453434: Current learning rate: 0.00169
2026-08-05 20:21:19.649549: train_loss -0.9057
2026-08-05 20:21:19.649948: val_loss -0.758
2026-08-05 20:21:19.650038: Pseudo dice [np.float32(0.6976), np.float32(0.9316), np.float32(0.9371)]
2026-08-05 20:21:19.650129: Epoch time: 41.2 s
2026-08-05 20:21:21.040164: 
2026-08-05 20:21:21.040488: Epoch 862
2026-08-05 20:21:21.040691: Current learning rate: 0.00168
2026-08-05 20:22:02.448400: train_loss -0.905
2026-08-05 20:22:02.448878: val_loss -0.7544
2026-08-05 20:22:02.449011: Pseudo dice [np.float32(0.698), np.float32(0.9315), np.float32(0.935)]
2026-08-05 20:22:02.449250: Epoch time: 41.41 s
2026-08-05 20:22:03.384732: 
2026-08-05 20:22:03.385092: Epoch 863
2026-08-05 20:22:03.385225: Current learning rate: 0.00167
2026-08-05 20:22:44.157597: train_loss -0.8984
2026-08-05 20:22:44.287164: val_loss -0.7762
2026-08-05 20:22:44.287293: Pseudo dice [np.float32(0.7181), np.float32(0.9323), np.float32(0.9356)]
2026-08-05 20:22:44.287387: Epoch time: 40.78 s
2026-08-05 20:22:45.131324: 
2026-08-05 20:22:45.131668: Epoch 864
2026-08-05 20:22:45.131775: Current learning rate: 0.00166
2026-08-05 20:23:50.560589: train_loss -0.8994
2026-08-05 20:23:50.971881: val_loss -0.758
2026-08-05 20:23:50.972148: Pseudo dice [np.float32(0.7021), np.float32(0.9327), np.float32(0.9383)]
2026-08-05 20:23:50.972473: Epoch time: 65.43 s
2026-08-05 20:23:52.011039: 
2026-08-05 20:23:52.011367: Epoch 865
2026-08-05 20:23:52.011598: Current learning rate: 0.00165
2026-08-05 20:24:33.432073: train_loss -0.9086
2026-08-05 20:24:33.432406: val_loss -0.7617
2026-08-05 20:24:33.432466: Pseudo dice [np.float32(0.7), np.float32(0.9321), np.float32(0.936)]
2026-08-05 20:24:33.432538: Epoch time: 41.42 s
2026-08-05 20:24:34.273140: 
2026-08-05 20:24:34.273396: Epoch 866
2026-08-05 20:24:34.273527: Current learning rate: 0.00164
2026-08-05 20:25:15.084171: train_loss -0.9084
2026-08-05 20:25:15.084769: val_loss -0.7608
2026-08-05 20:25:15.084848: Pseudo dice [np.float32(0.6992), np.float32(0.9286), np.float32(0.9359)]
2026-08-05 20:25:15.084933: Epoch time: 40.81 s
2026-08-05 20:25:16.048877: 
2026-08-05 20:25:16.049189: Epoch 867
2026-08-05 20:25:16.049392: Current learning rate: 0.00163
2026-08-05 20:25:57.337216: train_loss -0.9115
2026-08-05 20:25:57.418449: val_loss -0.7612
2026-08-05 20:25:57.418641: Pseudo dice [np.float32(0.7027), np.float32(0.9331), np.float32(0.939)]
2026-08-05 20:25:57.418788: Epoch time: 41.29 s
2026-08-05 20:25:58.344049: 
2026-08-05 20:25:58.344353: Epoch 868
2026-08-05 20:25:58.344553: Current learning rate: 0.00162
2026-08-05 20:26:39.589110: train_loss -0.9104
2026-08-05 20:26:39.590924: val_loss -0.7677
2026-08-05 20:26:39.591137: Pseudo dice [np.float32(0.7111), np.float32(0.933), np.float32(0.9418)]
2026-08-05 20:26:39.591356: Epoch time: 41.25 s
2026-08-05 20:26:40.611824: 
2026-08-05 20:26:40.612051: Epoch 869
2026-08-05 20:26:40.612220: Current learning rate: 0.00161
2026-08-05 20:27:22.695418: train_loss -0.915
2026-08-05 20:27:22.696096: val_loss -0.7683
2026-08-05 20:27:22.696205: Pseudo dice [np.float32(0.7112), np.float32(0.933), np.float32(0.9368)]
2026-08-05 20:27:22.696327: Epoch time: 42.09 s
2026-08-05 20:27:23.494903: 
2026-08-05 20:27:23.495354: Epoch 870
2026-08-05 20:27:23.495480: Current learning rate: 0.00159
2026-08-05 20:28:04.953478: train_loss -0.9097
2026-08-05 20:28:04.954869: val_loss -0.7639
2026-08-05 20:28:04.955109: Pseudo dice [np.float32(0.713), np.float32(0.935), np.float32(0.9349)]
2026-08-05 20:28:04.955284: Epoch time: 41.46 s
2026-08-05 20:28:05.868127: 
2026-08-05 20:28:05.868399: Epoch 871
2026-08-05 20:28:05.868592: Current learning rate: 0.00158
2026-08-05 20:28:47.240526: train_loss -0.9109
2026-08-05 20:28:47.241096: val_loss -0.7751
2026-08-05 20:28:47.241246: Pseudo dice [np.float32(0.7182), np.float32(0.9288), np.float32(0.9385)]
2026-08-05 20:28:47.241331: Epoch time: 41.38 s
2026-08-05 20:28:47.995406: 
2026-08-05 20:28:47.995758: Epoch 872
2026-08-05 20:28:47.995872: Current learning rate: 0.00157
2026-08-05 20:29:29.293731: train_loss -0.9135
2026-08-05 20:29:29.294593: val_loss -0.7707
2026-08-05 20:29:29.294753: Pseudo dice [np.float32(0.7101), np.float32(0.9361), np.float32(0.9348)]
2026-08-05 20:29:29.294914: Epoch time: 41.3 s
2026-08-05 20:29:30.219230: 
2026-08-05 20:29:30.219653: Epoch 873
2026-08-05 20:29:30.219759: Current learning rate: 0.00156
2026-08-05 20:30:11.472710: train_loss -0.914
2026-08-05 20:30:11.473205: val_loss -0.7686
2026-08-05 20:30:11.473281: Pseudo dice [np.float32(0.7104), np.float32(0.933), np.float32(0.9397)]
2026-08-05 20:30:11.473371: Epoch time: 41.26 s
2026-08-05 20:30:12.451839: 
2026-08-05 20:30:12.452197: Epoch 874
2026-08-05 20:30:12.452475: Current learning rate: 0.00155
2026-08-05 20:30:54.072148: train_loss -0.9075
2026-08-05 20:30:54.072759: val_loss -0.7544
2026-08-05 20:30:54.073019: Pseudo dice [np.float32(0.6965), np.float32(0.9286), np.float32(0.932)]
2026-08-05 20:30:54.073203: Epoch time: 41.62 s
2026-08-05 20:30:54.912815: 
2026-08-05 20:30:54.913138: Epoch 875
2026-08-05 20:30:54.913246: Current learning rate: 0.00154
2026-08-05 20:31:37.635941: train_loss -0.908
2026-08-05 20:31:37.637913: val_loss -0.7612
2026-08-05 20:31:37.638011: Pseudo dice [np.float32(0.7071), np.float32(0.9341), np.float32(0.9394)]
2026-08-05 20:31:37.638102: Epoch time: 42.73 s
2026-08-05 20:31:38.648678: 
2026-08-05 20:31:38.649008: Epoch 876
2026-08-05 20:31:38.649211: Current learning rate: 0.00153
2026-08-05 20:32:21.070142: train_loss -0.9074
2026-08-05 20:32:21.070702: val_loss -0.7655
2026-08-05 20:32:21.070767: Pseudo dice [np.float32(0.7082), np.float32(0.9319), np.float32(0.9336)]
2026-08-05 20:32:21.070844: Epoch time: 42.43 s
2026-08-05 20:32:22.086537: 
2026-08-05 20:32:22.087151: Epoch 877
2026-08-05 20:32:22.087310: Current learning rate: 0.00152
2026-08-05 20:33:05.241965: train_loss -0.9091
2026-08-05 20:33:05.242487: val_loss -0.7498
2026-08-05 20:33:05.242560: Pseudo dice [np.float32(0.6974), np.float32(0.9277), np.float32(0.9348)]
2026-08-05 20:33:05.242632: Epoch time: 43.16 s
2026-08-05 20:33:06.015181: 
2026-08-05 20:33:06.015562: Epoch 878
2026-08-05 20:33:06.015710: Current learning rate: 0.00151
2026-08-05 20:33:47.153927: train_loss -0.9097
2026-08-05 20:33:47.154422: val_loss -0.7749
2026-08-05 20:33:47.154481: Pseudo dice [np.float32(0.7242), np.float32(0.9321), np.float32(0.9366)]
2026-08-05 20:33:47.154552: Epoch time: 41.14 s
2026-08-05 20:33:48.090652: 
2026-08-05 20:33:48.091042: Epoch 879
2026-08-05 20:33:48.091225: Current learning rate: 0.00149
2026-08-05 20:34:28.790746: train_loss -0.9141
2026-08-05 20:34:29.379050: val_loss -0.7539
2026-08-05 20:34:29.379256: Pseudo dice [np.float32(0.7076), np.float32(0.9311), np.float32(0.9376)]
2026-08-05 20:34:30.749968: Epoch time: 40.7 s
2026-08-05 20:34:32.184519: 
2026-08-05 20:34:32.184864: Epoch 880
2026-08-05 20:34:32.184976: Current learning rate: 0.00148
2026-08-05 20:35:41.500469: train_loss -0.9108
2026-08-05 20:35:41.524613: val_loss -0.7667
2026-08-05 20:35:41.524784: Pseudo dice [np.float32(0.7134), np.float32(0.9372), np.float32(0.94)]
2026-08-05 20:35:41.524969: Epoch time: 69.32 s
2026-08-05 20:35:42.935229: 
2026-08-05 20:35:42.935658: Epoch 881
2026-08-05 20:35:42.935772: Current learning rate: 0.00147
2026-08-05 20:36:31.786496: train_loss -0.9106
2026-08-05 20:36:31.786707: val_loss -0.759
2026-08-05 20:36:31.786758: Pseudo dice [np.float32(0.707), np.float32(0.9325), np.float32(0.9402)]
2026-08-05 20:36:31.786815: Epoch time: 48.85 s
2026-08-05 20:36:33.741226: 
2026-08-05 20:36:33.741583: Epoch 882
2026-08-05 20:36:33.741772: Current learning rate: 0.00146
2026-08-05 20:37:14.776852: train_loss -0.9133
2026-08-05 20:37:14.777169: val_loss -0.7646
2026-08-05 20:37:14.777229: Pseudo dice [np.float32(0.7111), np.float32(0.9314), np.float32(0.9361)]
2026-08-05 20:37:14.777321: Epoch time: 41.04 s
2026-08-05 20:37:16.361986: 
2026-08-05 20:37:16.362406: Epoch 883
2026-08-05 20:37:16.362585: Current learning rate: 0.00145
2026-08-05 20:38:29.795390: train_loss -0.913
2026-08-05 20:38:29.834250: val_loss -0.7595
2026-08-05 20:38:29.834397: Pseudo dice [np.float32(0.703), np.float32(0.9302), np.float32(0.9351)]
2026-08-05 20:38:29.834496: Epoch time: 73.44 s
2026-08-05 20:38:30.884076: 
2026-08-05 20:38:30.884695: Epoch 884
2026-08-05 20:38:30.884997: Current learning rate: 0.00144
2026-08-05 20:39:27.301276: train_loss -0.9155
2026-08-05 20:39:27.313797: val_loss -0.7603
2026-08-05 20:39:27.313969: Pseudo dice [np.float32(0.7109), np.float32(0.9313), np.float32(0.9407)]
2026-08-05 20:39:27.314129: Epoch time: 56.42 s
2026-08-05 20:39:28.271669: 
2026-08-05 20:39:28.272063: Epoch 885
2026-08-05 20:39:28.272166: Current learning rate: 0.00143
2026-08-05 20:40:09.125410: train_loss -0.9139
2026-08-05 20:40:09.126410: val_loss -0.7657
2026-08-05 20:40:09.126498: Pseudo dice [np.float32(0.7096), np.float32(0.9353), np.float32(0.9379)]
2026-08-05 20:40:09.126604: Epoch time: 40.86 s
2026-08-05 20:40:10.044898: 
2026-08-05 20:40:10.045437: Epoch 886
2026-08-05 20:40:10.045582: Current learning rate: 0.00142
2026-08-05 20:40:51.240241: train_loss -0.913
2026-08-05 20:40:51.240608: val_loss -0.7613
2026-08-05 20:40:51.240686: Pseudo dice [np.float32(0.7107), np.float32(0.9331), np.float32(0.9322)]
2026-08-05 20:40:51.240777: Epoch time: 41.2 s
2026-08-05 20:40:52.284754: 
2026-08-05 20:40:52.285305: Epoch 887
2026-08-05 20:40:52.285463: Current learning rate: 0.00141
2026-08-05 20:41:36.690718: train_loss -0.9141
2026-08-05 20:41:36.691251: val_loss -0.765
2026-08-05 20:41:36.691382: Pseudo dice [np.float32(0.7158), np.float32(0.9344), np.float32(0.9393)]
2026-08-05 20:41:36.691532: Epoch time: 44.41 s
2026-08-05 20:41:37.934058: 
2026-08-05 20:41:37.934389: Epoch 888
2026-08-05 20:41:37.934537: Current learning rate: 0.00139
2026-08-05 20:42:19.041839: train_loss -0.9141
2026-08-05 20:42:19.042303: val_loss -0.7714
2026-08-05 20:42:19.042364: Pseudo dice [np.float32(0.7171), np.float32(0.9355), np.float32(0.937)]
2026-08-05 20:42:19.042440: Epoch time: 41.11 s
2026-08-05 20:42:20.390825: 
2026-08-05 20:42:20.391272: Epoch 889
2026-08-05 20:42:20.391388: Current learning rate: 0.00138
2026-08-05 20:43:01.744599: train_loss -0.9174
2026-08-05 20:43:02.087725: val_loss -0.7518
2026-08-05 20:43:02.087994: Pseudo dice [np.float32(0.6991), np.float32(0.932), np.float32(0.9345)]
2026-08-05 20:43:02.088368: Epoch time: 41.36 s
2026-08-05 20:43:02.962946: 
2026-08-05 20:43:02.963330: Epoch 890
2026-08-05 20:43:02.963444: Current learning rate: 0.00137
2026-08-05 20:43:46.161344: train_loss -0.9165
2026-08-05 20:43:46.162619: val_loss -0.7758
2026-08-05 20:43:46.162712: Pseudo dice [np.float32(0.7136), np.float32(0.9324), np.float32(0.9371)]
2026-08-05 20:43:46.162792: Epoch time: 43.2 s
2026-08-05 20:43:47.017746: 
2026-08-05 20:43:47.018160: Epoch 891
2026-08-05 20:43:47.018267: Current learning rate: 0.00136
2026-08-05 20:44:29.479944: train_loss -0.9159
2026-08-05 20:44:29.623151: val_loss -0.7606
2026-08-05 20:44:29.623401: Pseudo dice [np.float32(0.7055), np.float32(0.9298), np.float32(0.9346)]
2026-08-05 20:44:29.623487: Epoch time: 42.46 s
2026-08-05 20:44:31.028837: 
2026-08-05 20:44:31.029244: Epoch 892
2026-08-05 20:44:31.029367: Current learning rate: 0.00135
2026-08-05 20:45:12.350888: train_loss -0.9142
2026-08-05 20:45:12.557880: val_loss -0.778
2026-08-05 20:45:12.558076: Pseudo dice [np.float32(0.7151), np.float32(0.9392), np.float32(0.9443)]
2026-08-05 20:45:12.558198: Epoch time: 41.33 s
2026-08-05 20:45:13.473704: 
2026-08-05 20:45:13.474158: Epoch 893
2026-08-05 20:45:13.474268: Current learning rate: 0.00134
2026-08-05 20:45:54.493432: train_loss -0.9136
2026-08-05 20:45:54.692981: val_loss -0.7541
2026-08-05 20:45:54.693209: Pseudo dice [np.float32(0.697), np.float32(0.9268), np.float32(0.9378)]
2026-08-05 20:45:54.693312: Epoch time: 41.02 s
2026-08-05 20:45:55.810083: 
2026-08-05 20:45:55.810637: Epoch 894
2026-08-05 20:45:55.810768: Current learning rate: 0.00133
2026-08-05 20:46:37.480394: train_loss -0.9153
2026-08-05 20:46:37.480981: val_loss -0.7766
2026-08-05 20:46:37.481040: Pseudo dice [np.float32(0.715), np.float32(0.9324), np.float32(0.941)]
2026-08-05 20:46:37.481111: Epoch time: 41.67 s
2026-08-05 20:46:38.574957: 
2026-08-05 20:46:38.575290: Epoch 895
2026-08-05 20:46:38.575437: Current learning rate: 0.00132
2026-08-05 20:47:22.069839: train_loss -0.9143
2026-08-05 20:47:22.076332: val_loss -0.7679
2026-08-05 20:47:22.076413: Pseudo dice [np.float32(0.714), np.float32(0.9357), np.float32(0.9374)]
2026-08-05 20:47:22.076497: Epoch time: 43.5 s
2026-08-05 20:47:23.140281: 
2026-08-05 20:47:23.140707: Epoch 896
2026-08-05 20:47:23.140837: Current learning rate: 0.0013
2026-08-05 20:48:04.501220: train_loss -0.9129
2026-08-05 20:48:04.521779: val_loss -0.7683
2026-08-05 20:48:04.521943: Pseudo dice [np.float32(0.7089), np.float32(0.9336), np.float32(0.9418)]
2026-08-05 20:48:04.522049: Epoch time: 41.36 s
2026-08-05 20:48:05.400710: 
2026-08-05 20:48:05.401101: Epoch 897
2026-08-05 20:48:05.401270: Current learning rate: 0.00129
2026-08-05 20:48:48.623739: train_loss -0.9161
2026-08-05 20:48:48.697730: val_loss -0.7682
2026-08-05 20:48:48.697872: Pseudo dice [np.float32(0.7101), np.float32(0.9355), np.float32(0.9382)]
2026-08-05 20:48:48.698050: Epoch time: 43.23 s
2026-08-05 20:48:49.672059: 
2026-08-05 20:48:49.672553: Epoch 898
2026-08-05 20:48:49.672749: Current learning rate: 0.00128
2026-08-05 20:49:30.734444: train_loss -0.9121
2026-08-05 20:49:30.734932: val_loss -0.7733
2026-08-05 20:49:30.735004: Pseudo dice [np.float32(0.7174), np.float32(0.9382), np.float32(0.9383)]
2026-08-05 20:49:30.735069: Epoch time: 41.07 s
2026-08-05 20:49:31.706538: 
2026-08-05 20:49:31.706999: Epoch 899
2026-08-05 20:49:31.707141: Current learning rate: 0.00127
2026-08-05 20:50:13.002009: train_loss -0.9155
2026-08-05 20:50:13.002415: val_loss -0.7629
2026-08-05 20:50:13.002485: Pseudo dice [np.float32(0.7104), np.float32(0.9374), np.float32(0.9439)]
2026-08-05 20:50:13.002561: Epoch time: 41.3 s
2026-08-05 20:50:20.217382: 
2026-08-05 20:50:20.282085: Epoch 900
2026-08-05 20:50:20.282325: Current learning rate: 0.00126
2026-08-05 20:51:01.791260: train_loss -0.9166
2026-08-05 20:51:01.842037: val_loss -0.7743
2026-08-05 20:51:01.842152: Pseudo dice [np.float32(0.7239), np.float32(0.9401), np.float32(0.9376)]
2026-08-05 20:51:01.842221: Epoch time: 41.58 s
2026-08-05 20:51:01.842265: Yayy! New best EMA pseudo Dice: 0.8616999983787537
2026-08-05 20:51:09.806640: 
2026-08-05 20:51:09.807026: Epoch 901
2026-08-05 20:51:09.807136: Current learning rate: 0.00125
2026-08-05 20:51:51.091665: train_loss -0.9169
2026-08-05 20:51:51.093161: val_loss -0.764
2026-08-05 20:51:51.093301: Pseudo dice [np.float32(0.7118), np.float32(0.9324), np.float32(0.9386)]
2026-08-05 20:51:51.181767: Epoch time: 41.29 s
2026-08-05 20:51:52.102537: 
2026-08-05 20:51:52.102880: Epoch 902
2026-08-05 20:51:52.103018: Current learning rate: 0.00124
2026-08-05 20:52:32.908980: train_loss -0.9155
2026-08-05 20:52:32.943044: val_loss -0.7606
2026-08-05 20:52:32.943149: Pseudo dice [np.float32(0.711), np.float32(0.9345), np.float32(0.936)]
2026-08-05 20:52:32.943228: Epoch time: 40.81 s
2026-08-05 20:52:33.751770: 
2026-08-05 20:52:33.752276: Epoch 903
2026-08-05 20:52:33.752434: Current learning rate: 0.00122
2026-08-05 20:53:17.918483: train_loss -0.9149
2026-08-05 20:53:17.919131: val_loss -0.7605
2026-08-05 20:53:17.919216: Pseudo dice [np.float32(0.703), np.float32(0.9322), np.float32(0.9358)]
2026-08-05 20:53:17.919316: Epoch time: 44.17 s
2026-08-05 20:53:18.769501: 
2026-08-05 20:53:18.770154: Epoch 904
2026-08-05 20:53:18.770281: Current learning rate: 0.00121
2026-08-05 20:53:59.868300: train_loss -0.9185
2026-08-05 20:53:59.868884: val_loss -0.7515
2026-08-05 20:53:59.869037: Pseudo dice [np.float32(0.7034), np.float32(0.932), np.float32(0.935)]
2026-08-05 20:53:59.869166: Epoch time: 41.1 s
2026-08-05 20:54:00.693041: 
2026-08-05 20:54:00.693390: Epoch 905
2026-08-05 20:54:00.693586: Current learning rate: 0.0012
2026-08-05 20:54:41.729262: train_loss -0.917
2026-08-05 20:54:41.729716: val_loss -0.7566
2026-08-05 20:54:41.729783: Pseudo dice [np.float32(0.7053), np.float32(0.9344), np.float32(0.9363)]
2026-08-05 20:54:41.729857: Epoch time: 41.04 s
2026-08-05 20:54:42.857855: 
2026-08-05 20:54:42.858207: Epoch 906
2026-08-05 20:54:42.858380: Current learning rate: 0.00119
2026-08-05 20:55:24.232096: train_loss -0.9127
2026-08-05 20:55:24.233441: val_loss -0.7562
2026-08-05 20:55:24.233616: Pseudo dice [np.float32(0.7095), np.float32(0.937), np.float32(0.94)]
2026-08-05 20:55:24.233713: Epoch time: 41.38 s
2026-08-05 20:55:25.016907: 
2026-08-05 20:55:25.017362: Epoch 907
2026-08-05 20:55:25.017528: Current learning rate: 0.00118
2026-08-05 20:56:06.111548: train_loss -0.9163
2026-08-05 20:56:06.112257: val_loss -0.7631
2026-08-05 20:56:06.112433: Pseudo dice [np.float32(0.7041), np.float32(0.9345), np.float32(0.9348)]
2026-08-05 20:56:06.112578: Epoch time: 41.1 s
2026-08-05 20:56:07.106328: 
2026-08-05 20:56:07.106668: Epoch 908
2026-08-05 20:56:07.106769: Current learning rate: 0.00117
2026-08-05 20:56:48.084405: train_loss -0.9144
2026-08-05 20:56:48.085060: val_loss -0.7605
2026-08-05 20:56:48.085199: Pseudo dice [np.float32(0.7155), np.float32(0.9372), np.float32(0.9379)]
2026-08-05 20:56:48.085363: Epoch time: 40.98 s
2026-08-05 20:56:48.966040: 
2026-08-05 20:56:48.966397: Epoch 909
2026-08-05 20:56:48.966485: Current learning rate: 0.00116
2026-08-05 20:57:30.139138: train_loss -0.9184
2026-08-05 20:57:30.139651: val_loss -0.7697
2026-08-05 20:57:30.139801: Pseudo dice [np.float32(0.707), np.float32(0.9366), np.float32(0.9379)]
2026-08-05 20:57:30.140044: Epoch time: 41.18 s
2026-08-05 20:57:31.057962: 
2026-08-05 20:57:31.058294: Epoch 910
2026-08-05 20:57:31.058401: Current learning rate: 0.00115
2026-08-05 20:58:12.844915: train_loss -0.9161
2026-08-05 20:58:12.845181: val_loss -0.7575
2026-08-05 20:58:12.845287: Pseudo dice [np.float32(0.7064), np.float32(0.9312), np.float32(0.9358)]
2026-08-05 20:58:12.845405: Epoch time: 41.79 s
2026-08-05 20:58:13.607447: 
2026-08-05 20:58:13.607859: Epoch 911
2026-08-05 20:58:13.608000: Current learning rate: 0.00113
2026-08-05 20:58:54.506390: train_loss -0.9163
2026-08-05 20:58:54.506612: val_loss -0.7602
2026-08-05 20:58:54.506675: Pseudo dice [np.float32(0.7029), np.float32(0.9317), np.float32(0.9365)]
2026-08-05 20:58:54.506759: Epoch time: 40.9 s
2026-08-05 20:58:55.356234: 
2026-08-05 20:58:55.356783: Epoch 912
2026-08-05 20:58:55.356976: Current learning rate: 0.00112
2026-08-05 20:59:41.247390: train_loss -0.919
2026-08-05 20:59:41.248204: val_loss -0.769
2026-08-05 20:59:41.248448: Pseudo dice [np.float32(0.7118), np.float32(0.937), np.float32(0.9381)]
2026-08-05 20:59:41.248826: Epoch time: 45.89 s
2026-08-05 20:59:42.180612: 
2026-08-05 20:59:42.180951: Epoch 913
2026-08-05 20:59:42.181058: Current learning rate: 0.00111
2026-08-05 21:00:23.125739: train_loss -0.9155
2026-08-05 21:00:23.128745: val_loss -0.7575
2026-08-05 21:00:23.129036: Pseudo dice [np.float32(0.7041), np.float32(0.9365), np.float32(0.9358)]
2026-08-05 21:00:23.129987: Epoch time: 40.95 s
2026-08-05 21:00:24.150450: 
2026-08-05 21:00:24.150828: Epoch 914
2026-08-05 21:00:24.150959: Current learning rate: 0.0011
2026-08-05 21:01:05.362262: train_loss -0.9179
2026-08-05 21:01:05.362727: val_loss -0.7629
2026-08-05 21:01:05.362803: Pseudo dice [np.float32(0.7045), np.float32(0.9359), np.float32(0.9382)]
2026-08-05 21:01:05.362912: Epoch time: 41.22 s
2026-08-05 21:01:06.201988: 
2026-08-05 21:01:06.202387: Epoch 915
2026-08-05 21:01:06.202541: Current learning rate: 0.00109
2026-08-05 21:01:47.418846: train_loss -0.9175
2026-08-05 21:01:47.419318: val_loss -0.7717
2026-08-05 21:01:47.419487: Pseudo dice [np.float32(0.7148), np.float32(0.9349), np.float32(0.9375)]
2026-08-05 21:01:47.419615: Epoch time: 41.22 s
2026-08-05 21:01:48.567472: 
2026-08-05 21:01:48.567807: Epoch 916
2026-08-05 21:01:48.567958: Current learning rate: 0.00108
2026-08-05 21:02:29.727992: train_loss -0.9164
2026-08-05 21:02:29.728342: val_loss -0.7693
2026-08-05 21:02:29.728402: Pseudo dice [np.float32(0.7156), np.float32(0.9358), np.float32(0.9385)]
2026-08-05 21:02:29.728458: Epoch time: 41.16 s
2026-08-05 21:02:30.500321: 
2026-08-05 21:02:30.500639: Epoch 917
2026-08-05 21:02:30.500745: Current learning rate: 0.00106
2026-08-05 21:03:12.568400: train_loss -0.9162
2026-08-05 21:03:12.569625: val_loss -0.7713
2026-08-05 21:03:12.569695: Pseudo dice [np.float32(0.7186), np.float32(0.9363), np.float32(0.9399)]
2026-08-05 21:03:12.569751: Epoch time: 42.07 s
2026-08-05 21:03:13.341876: 
2026-08-05 21:03:13.342232: Epoch 918
2026-08-05 21:03:13.342335: Current learning rate: 0.00105
2026-08-05 21:03:54.308914: train_loss -0.9183
2026-08-05 21:03:54.310296: val_loss -0.7415
2026-08-05 21:03:54.310451: Pseudo dice [np.float32(0.6918), np.float32(0.9334), np.float32(0.9334)]
2026-08-05 21:03:54.310571: Epoch time: 40.97 s
2026-08-05 21:03:55.214983: 
2026-08-05 21:03:55.215432: Epoch 919
2026-08-05 21:03:55.215559: Current learning rate: 0.00104
2026-08-05 21:04:36.381141: train_loss -0.9188
2026-08-05 21:04:36.381675: val_loss -0.7696
2026-08-05 21:04:36.381734: Pseudo dice [np.float32(0.7143), np.float32(0.9364), np.float32(0.9391)]
2026-08-05 21:04:36.381807: Epoch time: 41.17 s
2026-08-05 21:04:37.158137: 
2026-08-05 21:04:37.158462: Epoch 920
2026-08-05 21:04:37.158720: Current learning rate: 0.00103
2026-08-05 21:05:18.536806: train_loss -0.9177
2026-08-05 21:05:18.537369: val_loss -0.751
2026-08-05 21:05:18.537552: Pseudo dice [np.float32(0.6968), np.float32(0.9293), np.float32(0.9346)]
2026-08-05 21:05:18.537820: Epoch time: 41.38 s
2026-08-05 21:05:19.415402: 
2026-08-05 21:05:19.415810: Epoch 921
2026-08-05 21:05:19.415953: Current learning rate: 0.00102
2026-08-05 21:06:00.725968: train_loss -0.9164
2026-08-05 21:06:00.726434: val_loss -0.7719
2026-08-05 21:06:00.726500: Pseudo dice [np.float32(0.717), np.float32(0.9398), np.float32(0.9402)]
2026-08-05 21:06:00.726578: Epoch time: 41.31 s
2026-08-05 21:06:01.522652: 
2026-08-05 21:06:01.522992: Epoch 922
2026-08-05 21:06:01.523100: Current learning rate: 0.00101
2026-08-05 21:06:42.306327: train_loss -0.9194
2026-08-05 21:06:42.306796: val_loss -0.7575
2026-08-05 21:06:42.306878: Pseudo dice [np.float32(0.6993), np.float32(0.9342), np.float32(0.9389)]
2026-08-05 21:06:42.306988: Epoch time: 40.79 s
2026-08-05 21:06:43.310955: 
2026-08-05 21:06:43.311297: Epoch 923
2026-08-05 21:06:43.311430: Current learning rate: 0.001
2026-08-05 21:07:24.383519: train_loss -0.9187
2026-08-05 21:07:24.442815: val_loss -0.7666
2026-08-05 21:07:24.443205: Pseudo dice [np.float32(0.7074), np.float32(0.9333), np.float32(0.9354)]
2026-08-05 21:07:24.443443: Epoch time: 41.08 s
2026-08-05 21:07:25.325828: 
2026-08-05 21:07:25.326088: Epoch 924
2026-08-05 21:07:25.326333: Current learning rate: 0.00098
2026-08-05 21:08:07.513149: train_loss -0.9197
2026-08-05 21:08:07.513457: val_loss -0.7572
2026-08-05 21:08:07.513516: Pseudo dice [np.float32(0.7084), np.float32(0.9357), np.float32(0.9386)]
2026-08-05 21:08:07.513584: Epoch time: 42.19 s
2026-08-05 21:08:08.304251: 
2026-08-05 21:08:08.304585: Epoch 925
2026-08-05 21:08:08.304703: Current learning rate: 0.00097
2026-08-05 21:08:49.535035: train_loss -0.919
2026-08-05 21:08:49.535592: val_loss -0.7505
2026-08-05 21:08:49.535701: Pseudo dice [np.float32(0.6983), np.float32(0.9338), np.float32(0.9382)]
2026-08-05 21:08:49.535843: Epoch time: 41.23 s
2026-08-05 21:08:50.456867: 
2026-08-05 21:08:50.457163: Epoch 926
2026-08-05 21:08:50.457304: Current learning rate: 0.00096
2026-08-05 21:09:31.726308: train_loss -0.916
2026-08-05 21:09:31.726804: val_loss -0.7702
2026-08-05 21:09:31.726928: Pseudo dice [np.float32(0.7172), np.float32(0.9383), np.float32(0.9408)]
2026-08-05 21:09:31.727012: Epoch time: 41.27 s
2026-08-05 21:09:32.547933: 
2026-08-05 21:09:32.548390: Epoch 927
2026-08-05 21:09:32.548493: Current learning rate: 0.00095
2026-08-05 21:10:13.962882: train_loss -0.9182
2026-08-05 21:10:13.963326: val_loss -0.7661
2026-08-05 21:10:13.963411: Pseudo dice [np.float32(0.7133), np.float32(0.9345), np.float32(0.9374)]
2026-08-05 21:10:13.963492: Epoch time: 41.42 s
2026-08-05 21:10:14.736275: 
2026-08-05 21:10:14.736557: Epoch 928
2026-08-05 21:10:14.736665: Current learning rate: 0.00094
2026-08-05 21:10:56.045080: train_loss -0.9204
2026-08-05 21:10:56.045825: val_loss -0.7585
2026-08-05 21:10:56.045985: Pseudo dice [np.float32(0.7048), np.float32(0.9342), np.float32(0.9388)]
2026-08-05 21:10:56.046137: Epoch time: 41.31 s
2026-08-05 21:10:56.913275: 
2026-08-05 21:10:56.913615: Epoch 929
2026-08-05 21:10:56.913714: Current learning rate: 0.00092
2026-08-05 21:11:49.189620: train_loss -0.918
2026-08-05 21:11:49.190283: val_loss -0.7661
2026-08-05 21:11:49.190368: Pseudo dice [np.float32(0.7068), np.float32(0.9325), np.float32(0.9401)]
2026-08-05 21:11:49.190462: Epoch time: 52.28 s
2026-08-05 21:11:50.158466: 
2026-08-05 21:11:50.158823: Epoch 930
2026-08-05 21:11:50.159042: Current learning rate: 0.00091
2026-08-05 21:12:31.036886: train_loss -0.9191
2026-08-05 21:12:31.250134: val_loss -0.7487
2026-08-05 21:12:31.250282: Pseudo dice [np.float32(0.6964), np.float32(0.93), np.float32(0.9367)]
2026-08-05 21:12:31.250387: Epoch time: 40.88 s
2026-08-05 21:12:32.226485: 
2026-08-05 21:12:32.226757: Epoch 931
2026-08-05 21:12:32.227032: Current learning rate: 0.0009
2026-08-05 21:13:13.804384: train_loss -0.9212
2026-08-05 21:13:13.805591: val_loss -0.7614
2026-08-05 21:13:13.805694: Pseudo dice [np.float32(0.7142), np.float32(0.9359), np.float32(0.9378)]
2026-08-05 21:13:13.805773: Epoch time: 41.58 s
2026-08-05 21:13:14.782197: 
2026-08-05 21:13:14.782624: Epoch 932
2026-08-05 21:13:14.782874: Current learning rate: 0.00089
2026-08-05 21:13:55.883501: train_loss -0.9218
2026-08-05 21:13:55.883865: val_loss -0.755
2026-08-05 21:13:55.883959: Pseudo dice [np.float32(0.7093), np.float32(0.9329), np.float32(0.9342)]
2026-08-05 21:13:55.884066: Epoch time: 41.11 s
2026-08-05 21:13:56.687599: 
2026-08-05 21:13:56.688002: Epoch 933
2026-08-05 21:13:56.688120: Current learning rate: 0.00088
2026-08-05 21:14:37.884158: train_loss -0.9215
2026-08-05 21:14:37.884539: val_loss -0.7704
2026-08-05 21:14:37.884655: Pseudo dice [np.float32(0.7184), np.float32(0.9375), np.float32(0.9421)]
2026-08-05 21:14:37.884796: Epoch time: 41.2 s
2026-08-05 21:14:38.701973: 
2026-08-05 21:14:38.702436: Epoch 934
2026-08-05 21:14:38.702542: Current learning rate: 0.00087
2026-08-05 21:15:19.483290: train_loss -0.9194
2026-08-05 21:15:19.483759: val_loss -0.7488
2026-08-05 21:15:19.483886: Pseudo dice [np.float32(0.7038), np.float32(0.933), np.float32(0.9358)]
2026-08-05 21:15:19.484055: Epoch time: 40.78 s
2026-08-05 21:15:20.289852: 
2026-08-05 21:15:20.290251: Epoch 935
2026-08-05 21:15:20.290513: Current learning rate: 0.00085
2026-08-05 21:16:01.625830: train_loss -0.9189
2026-08-05 21:16:01.626181: val_loss -0.7499
2026-08-05 21:16:01.626238: Pseudo dice [np.float32(0.6963), np.float32(0.9324), np.float32(0.9336)]
2026-08-05 21:16:01.626299: Epoch time: 41.34 s
2026-08-05 21:16:02.435293: 
2026-08-05 21:16:02.435605: Epoch 936
2026-08-05 21:16:02.435710: Current learning rate: 0.00084
2026-08-05 21:16:47.053435: train_loss -0.9191
2026-08-05 21:16:47.053643: val_loss -0.7657
2026-08-05 21:16:47.053697: Pseudo dice [np.float32(0.7146), np.float32(0.9361), np.float32(0.9404)]
2026-08-05 21:16:47.053754: Epoch time: 44.62 s
2026-08-05 21:16:47.855750: 
2026-08-05 21:16:47.856119: Epoch 937
2026-08-05 21:16:47.856230: Current learning rate: 0.00083
2026-08-05 21:17:28.923451: train_loss -0.9175
2026-08-05 21:17:29.110639: val_loss -0.764
2026-08-05 21:17:29.110911: Pseudo dice [np.float32(0.7048), np.float32(0.9348), np.float32(0.9374)]
2026-08-05 21:17:29.110988: Epoch time: 41.07 s
2026-08-05 21:17:29.899593: 
2026-08-05 21:17:29.899888: Epoch 938
2026-08-05 21:17:29.900038: Current learning rate: 0.00082
2026-08-05 21:18:11.866055: train_loss -0.9198
2026-08-05 21:18:11.866474: val_loss -0.7596
2026-08-05 21:18:11.866546: Pseudo dice [np.float32(0.7121), np.float32(0.9317), np.float32(0.9392)]
2026-08-05 21:18:11.866627: Epoch time: 41.97 s
2026-08-05 21:18:12.708158: 
2026-08-05 21:18:12.708487: Epoch 939
2026-08-05 21:18:12.708663: Current learning rate: 0.00081
2026-08-05 21:18:53.747821: train_loss -0.92
2026-08-05 21:18:53.748271: val_loss -0.7639
2026-08-05 21:18:53.748327: Pseudo dice [np.float32(0.7115), np.float32(0.9341), np.float32(0.9366)]
2026-08-05 21:18:53.748384: Epoch time: 41.04 s
2026-08-05 21:18:54.535098: 
2026-08-05 21:18:54.535588: Epoch 940
2026-08-05 21:18:54.535706: Current learning rate: 0.00079
2026-08-05 21:19:35.550204: train_loss -0.9189
2026-08-05 21:19:35.552526: val_loss -0.7551
2026-08-05 21:19:35.552744: Pseudo dice [np.float32(0.7013), np.float32(0.9345), np.float32(0.9385)]
2026-08-05 21:19:35.552822: Epoch time: 41.02 s
2026-08-05 21:19:36.335628: 
2026-08-05 21:19:36.336059: Epoch 941
2026-08-05 21:19:36.336168: Current learning rate: 0.00078
2026-08-05 21:20:17.676662: train_loss -0.9188
2026-08-05 21:20:17.676991: val_loss -0.7566
2026-08-05 21:20:17.677074: Pseudo dice [np.float32(0.6988), np.float32(0.9331), np.float32(0.9361)]
2026-08-05 21:20:17.677168: Epoch time: 41.34 s
2026-08-05 21:20:18.541101: 
2026-08-05 21:20:18.541416: Epoch 942
2026-08-05 21:20:18.541548: Current learning rate: 0.00077
2026-08-05 21:20:59.557638: train_loss -0.9193
2026-08-05 21:20:59.557984: val_loss -0.7584
2026-08-05 21:20:59.558046: Pseudo dice [np.float32(0.7108), np.float32(0.9335), np.float32(0.934)]
2026-08-05 21:20:59.558127: Epoch time: 41.02 s
2026-08-05 21:21:00.367922: 
2026-08-05 21:21:00.368222: Epoch 943
2026-08-05 21:21:00.368318: Current learning rate: 0.00076
2026-08-05 21:21:41.253790: train_loss -0.919
2026-08-05 21:21:41.256880: val_loss -0.7729
2026-08-05 21:21:41.257133: Pseudo dice [np.float32(0.7127), np.float32(0.9346), np.float32(0.9422)]
2026-08-05 21:21:41.257273: Epoch time: 40.89 s
2026-08-05 21:21:42.138862: 
2026-08-05 21:21:42.139175: Epoch 944
2026-08-05 21:21:42.139286: Current learning rate: 0.00075
2026-08-05 21:22:23.444594: train_loss -0.9206
2026-08-05 21:22:23.445002: val_loss -0.7654
2026-08-05 21:22:23.445063: Pseudo dice [np.float32(0.7164), np.float32(0.937), np.float32(0.935)]
2026-08-05 21:22:23.445144: Epoch time: 41.31 s
2026-08-05 21:22:24.248151: 
2026-08-05 21:22:24.248737: Epoch 945
2026-08-05 21:22:24.248876: Current learning rate: 0.00074
2026-08-05 21:23:05.971776: train_loss -0.9214
2026-08-05 21:23:05.972069: val_loss -0.7593
2026-08-05 21:23:05.972126: Pseudo dice [np.float32(0.7065), np.float32(0.9341), np.float32(0.9399)]
2026-08-05 21:23:05.972196: Epoch time: 41.73 s
2026-08-05 21:23:06.760666: 
2026-08-05 21:23:06.761042: Epoch 946
2026-08-05 21:23:06.761190: Current learning rate: 0.00072
2026-08-05 21:23:47.811598: train_loss -0.9204
2026-08-05 21:23:47.811815: val_loss -0.7603
2026-08-05 21:23:47.875149: Pseudo dice [np.float32(0.7086), np.float32(0.9331), np.float32(0.9375)]
2026-08-05 21:23:47.875309: Epoch time: 41.05 s
2026-08-05 21:23:48.825415: 
2026-08-05 21:23:48.825710: Epoch 947
2026-08-05 21:23:48.825835: Current learning rate: 0.00071
2026-08-05 21:24:29.971599: train_loss -0.9214
2026-08-05 21:24:30.485506: val_loss -0.7605
2026-08-05 21:24:30.485717: Pseudo dice [np.float32(0.7071), np.float32(0.9337), np.float32(0.9393)]
2026-08-05 21:24:30.485916: Epoch time: 41.15 s
2026-08-05 21:24:31.555201: 
2026-08-05 21:24:31.555570: Epoch 948
2026-08-05 21:24:31.555680: Current learning rate: 0.0007
2026-08-05 21:25:12.674869: train_loss -0.9229
2026-08-05 21:25:13.087179: val_loss -0.7422
2026-08-05 21:25:13.087503: Pseudo dice [np.float32(0.6869), np.float32(0.9282), np.float32(0.9339)]
2026-08-05 21:25:13.087844: Epoch time: 41.12 s
2026-08-05 21:25:14.171066: 
2026-08-05 21:25:14.171393: Epoch 949
2026-08-05 21:25:14.171581: Current learning rate: 0.00069
2026-08-05 21:25:55.224559: train_loss -0.9194
2026-08-05 21:25:55.430253: val_loss -0.7624
2026-08-05 21:25:55.430479: Pseudo dice [np.float32(0.7082), np.float32(0.9358), np.float32(0.9407)]
2026-08-05 21:25:55.430574: Epoch time: 41.06 s
2026-08-05 21:26:02.964844: 
2026-08-05 21:26:02.965226: Epoch 950
2026-08-05 21:26:02.965379: Current learning rate: 0.00067
2026-08-05 21:26:43.911489: train_loss -0.9185
2026-08-05 21:26:43.911814: val_loss -0.758
2026-08-05 21:26:43.911870: Pseudo dice [np.float32(0.7086), np.float32(0.9345), np.float32(0.938)]
2026-08-05 21:26:43.912015: Epoch time: 40.95 s
2026-08-05 21:26:44.668655: 
2026-08-05 21:26:44.669034: Epoch 951
2026-08-05 21:26:44.669143: Current learning rate: 0.00066
2026-08-05 21:27:25.258442: train_loss -0.9211
2026-08-05 21:27:25.306606: val_loss -0.7509
2026-08-05 21:27:25.306718: Pseudo dice [np.float32(0.7035), np.float32(0.9302), np.float32(0.9322)]
2026-08-05 21:27:25.306805: Epoch time: 40.59 s
2026-08-05 21:27:26.816754: 
2026-08-05 21:27:26.817173: Epoch 952
2026-08-05 21:27:26.817279: Current learning rate: 0.00065
2026-08-05 21:28:07.688042: train_loss -0.9187
2026-08-05 21:28:07.688428: val_loss -0.7678
2026-08-05 21:28:07.688492: Pseudo dice [np.float32(0.7161), np.float32(0.9365), np.float32(0.9406)]
2026-08-05 21:28:07.688578: Epoch time: 40.87 s
2026-08-05 21:28:08.680630: 
2026-08-05 21:28:08.681082: Epoch 953
2026-08-05 21:28:08.681223: Current learning rate: 0.00064
2026-08-05 21:28:49.025311: train_loss -0.9224
2026-08-05 21:28:49.027236: val_loss -0.7627
2026-08-05 21:28:49.027303: Pseudo dice [np.float32(0.7115), np.float32(0.9352), np.float32(0.9366)]
2026-08-05 21:28:49.027379: Epoch time: 40.35 s
2026-08-05 21:28:50.037351: 
2026-08-05 21:28:50.037542: Epoch 954
2026-08-05 21:28:50.037696: Current learning rate: 0.00063
2026-08-05 21:29:30.854201: train_loss -0.922
2026-08-05 21:29:30.854707: val_loss -0.7576
2026-08-05 21:29:30.854929: Pseudo dice [np.float32(0.7039), np.float32(0.9317), np.float32(0.9383)]
2026-08-05 21:29:30.855079: Epoch time: 40.82 s
2026-08-05 21:29:31.781739: 
2026-08-05 21:29:31.782121: Epoch 955
2026-08-05 21:29:31.782240: Current learning rate: 0.00061
2026-08-05 21:30:12.854335: train_loss -0.921
2026-08-05 21:30:12.854601: val_loss -0.7743
2026-08-05 21:30:12.854658: Pseudo dice [np.float32(0.7191), np.float32(0.9346), np.float32(0.943)]
2026-08-05 21:30:12.854717: Epoch time: 41.08 s
2026-08-05 21:30:13.854228: 
2026-08-05 21:30:13.854813: Epoch 956
2026-08-05 21:30:13.855057: Current learning rate: 0.0006
2026-08-05 21:30:54.886768: train_loss -0.922
2026-08-05 21:30:54.887001: val_loss -0.7481
2026-08-05 21:30:54.887056: Pseudo dice [np.float32(0.6925), np.float32(0.9333), np.float32(0.9347)]
2026-08-05 21:30:54.887113: Epoch time: 41.04 s
2026-08-05 21:30:55.727885: 
2026-08-05 21:30:55.728119: Epoch 957
2026-08-05 21:30:55.728242: Current learning rate: 0.00059
2026-08-05 21:31:37.176641: train_loss -0.9214
2026-08-05 21:31:37.177198: val_loss -0.7659
2026-08-05 21:31:37.177269: Pseudo dice [np.float32(0.712), np.float32(0.9338), np.float32(0.9363)]
2026-08-05 21:31:37.177333: Epoch time: 41.45 s
2026-08-05 21:31:38.524751: 
2026-08-05 21:31:38.525179: Epoch 958
2026-08-05 21:31:38.525280: Current learning rate: 0.00058
2026-08-05 21:32:19.703297: train_loss -0.9213
2026-08-05 21:32:19.703641: val_loss -0.7549
2026-08-05 21:32:19.703712: Pseudo dice [np.float32(0.7011), np.float32(0.9326), np.float32(0.9335)]
2026-08-05 21:32:19.703797: Epoch time: 41.18 s
2026-08-05 21:32:21.211503: 
2026-08-05 21:32:21.212007: Epoch 959
2026-08-05 21:32:21.212113: Current learning rate: 0.00056
2026-08-05 21:33:02.096434: train_loss -0.9234
2026-08-05 21:33:02.096795: val_loss -0.7642
2026-08-05 21:33:02.096859: Pseudo dice [np.float32(0.7139), np.float32(0.9367), np.float32(0.9373)]
2026-08-05 21:33:02.096951: Epoch time: 40.89 s
2026-08-05 21:33:02.949445: 
2026-08-05 21:33:02.949832: Epoch 960
2026-08-05 21:33:02.949968: Current learning rate: 0.00055
2026-08-05 21:33:43.945970: train_loss -0.9211
2026-08-05 21:33:43.946467: val_loss -0.7557
2026-08-05 21:33:43.946525: Pseudo dice [np.float32(0.7094), np.float32(0.9333), np.float32(0.9359)]
2026-08-05 21:33:43.946609: Epoch time: 41.0 s
2026-08-05 21:33:44.950977: 
2026-08-05 21:33:44.951341: Epoch 961
2026-08-05 21:33:44.951507: Current learning rate: 0.00054
2026-08-05 21:34:26.068826: train_loss -0.9182
2026-08-05 21:34:26.069100: val_loss -0.7618
2026-08-05 21:34:26.069155: Pseudo dice [np.float32(0.7123), np.float32(0.9339), np.float32(0.9402)]
2026-08-05 21:34:26.069219: Epoch time: 41.12 s
2026-08-05 21:34:26.887372: 
2026-08-05 21:34:26.887809: Epoch 962
2026-08-05 21:34:26.887979: Current learning rate: 0.00053
2026-08-05 21:35:08.059885: train_loss -0.9238
2026-08-05 21:35:08.062818: val_loss -0.7456
2026-08-05 21:35:08.062879: Pseudo dice [np.float32(0.6969), np.float32(0.9322), np.float32(0.9328)]
2026-08-05 21:35:08.063024: Epoch time: 41.18 s
2026-08-05 21:35:08.891284: 
2026-08-05 21:35:08.891665: Epoch 963
2026-08-05 21:35:08.891777: Current learning rate: 0.00051
2026-08-05 21:35:50.023635: train_loss -0.9218
2026-08-05 21:35:50.023972: val_loss -0.7471
2026-08-05 21:35:50.024096: Pseudo dice [np.float32(0.6997), np.float32(0.931), np.float32(0.9359)]
2026-08-05 21:35:50.024362: Epoch time: 41.14 s
2026-08-05 21:35:50.948652: 
2026-08-05 21:35:50.949024: Epoch 964
2026-08-05 21:35:50.949141: Current learning rate: 0.0005
2026-08-05 21:36:31.849121: train_loss -0.9239
2026-08-05 21:36:31.849460: val_loss -0.7482
2026-08-05 21:36:31.849532: Pseudo dice [np.float32(0.7065), np.float32(0.9329), np.float32(0.9349)]
2026-08-05 21:36:31.849612: Epoch time: 40.9 s
2026-08-05 21:36:32.821200: 
2026-08-05 21:36:32.821567: Epoch 965
2026-08-05 21:36:32.821701: Current learning rate: 0.00049
2026-08-05 21:37:14.530380: train_loss -0.922
2026-08-05 21:37:14.530579: val_loss -0.7601
2026-08-05 21:37:14.530636: Pseudo dice [np.float32(0.7122), np.float32(0.9348), np.float32(0.9388)]
2026-08-05 21:37:14.530782: Epoch time: 41.71 s
2026-08-05 21:37:15.324384: 
2026-08-05 21:37:15.324764: Epoch 966
2026-08-05 21:37:15.324941: Current learning rate: 0.00048
2026-08-05 21:37:56.362939: train_loss -0.9219
2026-08-05 21:37:56.363348: val_loss -0.758
2026-08-05 21:37:56.363447: Pseudo dice [np.float32(0.7103), np.float32(0.9326), np.float32(0.939)]
2026-08-05 21:37:56.363548: Epoch time: 41.04 s
2026-08-05 21:37:57.235963: 
2026-08-05 21:37:57.236264: Epoch 967
2026-08-05 21:37:57.236435: Current learning rate: 0.00046
2026-08-05 21:38:37.897383: train_loss -0.9203
2026-08-05 21:38:37.897736: val_loss -0.7488
2026-08-05 21:38:37.897816: Pseudo dice [np.float32(0.6898), np.float32(0.9335), np.float32(0.9361)]
2026-08-05 21:38:37.897930: Epoch time: 40.66 s
2026-08-05 21:38:38.732198: 
2026-08-05 21:38:38.732511: Epoch 968
2026-08-05 21:38:38.732624: Current learning rate: 0.00045
2026-08-05 21:39:20.389617: train_loss -0.9234
2026-08-05 21:39:20.389972: val_loss -0.7493
2026-08-05 21:39:20.390033: Pseudo dice [np.float32(0.7052), np.float32(0.9353), np.float32(0.9384)]
2026-08-05 21:39:20.390097: Epoch time: 41.66 s
2026-08-05 21:39:21.336848: 
2026-08-05 21:39:21.337174: Epoch 969
2026-08-05 21:39:21.337368: Current learning rate: 0.00044
2026-08-05 21:40:02.505444: train_loss -0.9235
2026-08-05 21:40:02.505723: val_loss -0.76
2026-08-05 21:40:02.505779: Pseudo dice [np.float32(0.7079), np.float32(0.9362), np.float32(0.9377)]
2026-08-05 21:40:02.505856: Epoch time: 41.17 s
2026-08-05 21:40:03.397556: 
2026-08-05 21:40:03.398072: Epoch 970
2026-08-05 21:40:03.398241: Current learning rate: 0.00043
2026-08-05 21:40:44.468093: train_loss -0.9237
2026-08-05 21:40:44.468599: val_loss -0.7672
2026-08-05 21:40:44.468743: Pseudo dice [np.float32(0.7117), np.float32(0.9354), np.float32(0.939)]
2026-08-05 21:40:44.469061: Epoch time: 41.07 s
2026-08-05 21:40:45.353004: 
2026-08-05 21:40:45.353422: Epoch 971
2026-08-05 21:40:45.353575: Current learning rate: 0.00041
2026-08-05 21:41:26.483721: train_loss -0.925
2026-08-05 21:41:26.484283: val_loss -0.773
2026-08-05 21:41:26.484350: Pseudo dice [np.float32(0.7161), np.float32(0.9373), np.float32(0.9403)]
2026-08-05 21:41:26.484452: Epoch time: 41.13 s
2026-08-05 21:41:27.500546: 
2026-08-05 21:41:27.500873: Epoch 972
2026-08-05 21:41:27.500994: Current learning rate: 0.0004
2026-08-05 21:42:09.226583: train_loss -0.9236
2026-08-05 21:42:09.226864: val_loss -0.7578
2026-08-05 21:42:09.226942: Pseudo dice [np.float32(0.7073), np.float32(0.933), np.float32(0.9368)]
2026-08-05 21:42:09.227006: Epoch time: 41.73 s
2026-08-05 21:42:10.168082: 
2026-08-05 21:42:10.168502: Epoch 973
2026-08-05 21:42:10.168664: Current learning rate: 0.00039
2026-08-05 21:42:51.069197: train_loss -0.9225
2026-08-05 21:42:51.109552: val_loss -0.7512
2026-08-05 21:42:51.109683: Pseudo dice [np.float32(0.7018), np.float32(0.9349), np.float32(0.9378)]
2026-08-05 21:42:51.109759: Epoch time: 40.9 s
2026-08-05 21:42:52.105459: 
2026-08-05 21:42:52.105722: Epoch 974
2026-08-05 21:42:52.105877: Current learning rate: 0.00037
2026-08-05 21:43:33.075886: train_loss -0.9243
2026-08-05 21:43:33.076195: val_loss -0.7678
2026-08-05 21:43:33.076323: Pseudo dice [np.float32(0.7157), np.float32(0.9388), np.float32(0.9438)]
2026-08-05 21:43:33.076460: Epoch time: 40.97 s
2026-08-05 21:43:33.920268: 
2026-08-05 21:43:33.920577: Epoch 975
2026-08-05 21:43:33.920686: Current learning rate: 0.00036
2026-08-05 21:44:15.334391: train_loss -0.923
2026-08-05 21:44:15.334864: val_loss -0.7497
2026-08-05 21:44:15.335084: Pseudo dice [np.float32(0.7005), np.float32(0.9339), np.float32(0.9349)]
2026-08-05 21:44:15.335217: Epoch time: 41.42 s
2026-08-05 21:44:16.201097: 
2026-08-05 21:44:16.201480: Epoch 976
2026-08-05 21:44:16.201808: Current learning rate: 0.00035
2026-08-05 21:44:57.221051: train_loss -0.9249
2026-08-05 21:44:57.221509: val_loss -0.7582
2026-08-05 21:44:57.221589: Pseudo dice [np.float32(0.7053), np.float32(0.9329), np.float32(0.9398)]
2026-08-05 21:44:57.221678: Epoch time: 41.02 s
2026-08-05 21:44:58.068325: 
2026-08-05 21:44:58.068850: Epoch 977
2026-08-05 21:44:58.069004: Current learning rate: 0.00034
2026-08-05 21:45:39.213083: train_loss -0.9228
2026-08-05 21:45:39.213377: val_loss -0.7492
2026-08-05 21:45:39.213444: Pseudo dice [np.float32(0.7009), np.float32(0.9308), np.float32(0.9378)]
2026-08-05 21:45:39.213523: Epoch time: 41.15 s
2026-08-05 21:45:40.147289: 
2026-08-05 21:45:40.147787: Epoch 978
2026-08-05 21:45:40.147935: Current learning rate: 0.00032
2026-08-05 21:46:21.418596: train_loss -0.9255
2026-08-05 21:46:21.419046: val_loss -0.7703
2026-08-05 21:46:21.419110: Pseudo dice [np.float32(0.7202), np.float32(0.9344), np.float32(0.936)]
2026-08-05 21:46:21.419191: Epoch time: 41.28 s
2026-08-05 21:46:22.882571: 
2026-08-05 21:46:22.883219: Epoch 979
2026-08-05 21:46:22.883370: Current learning rate: 0.00031
2026-08-05 21:47:04.181997: train_loss -0.9251
2026-08-05 21:47:04.182292: val_loss -0.7626
2026-08-05 21:47:04.182374: Pseudo dice [np.float32(0.715), np.float32(0.9331), np.float32(0.9388)]
2026-08-05 21:47:04.182472: Epoch time: 41.3 s
2026-08-05 21:47:05.142836: 
2026-08-05 21:47:05.143285: Epoch 980
2026-08-05 21:47:05.143451: Current learning rate: 0.0003
2026-08-05 21:47:46.425139: train_loss -0.9236
2026-08-05 21:47:46.425380: val_loss -0.7634
2026-08-05 21:47:46.425438: Pseudo dice [np.float32(0.7126), np.float32(0.9348), np.float32(0.9416)]
2026-08-05 21:47:46.425511: Epoch time: 41.29 s
2026-08-05 21:47:47.286977: 
2026-08-05 21:47:47.287503: Epoch 981
2026-08-05 21:47:47.287639: Current learning rate: 0.00028
2026-08-05 21:48:28.683081: train_loss -0.9241
2026-08-05 21:48:28.714556: val_loss -0.762
2026-08-05 21:48:28.714730: Pseudo dice [np.float32(0.7149), np.float32(0.9373), np.float32(0.9333)]
2026-08-05 21:48:28.714984: Epoch time: 41.4 s
2026-08-05 21:48:29.557839: 
2026-08-05 21:48:29.558129: Epoch 982
2026-08-05 21:48:29.558422: Current learning rate: 0.00027
2026-08-05 21:49:10.286343: train_loss -0.925
2026-08-05 21:49:10.286704: val_loss -0.7604
2026-08-05 21:49:10.286910: Pseudo dice [np.float32(0.7149), np.float32(0.9353), np.float32(0.9385)]
2026-08-05 21:49:10.287435: Epoch time: 40.73 s
2026-08-05 21:49:11.193083: 
2026-08-05 21:49:11.193402: Epoch 983
2026-08-05 21:49:11.193652: Current learning rate: 0.00026
2026-08-05 21:49:52.047917: train_loss -0.923
2026-08-05 21:49:52.048203: val_loss -0.7688
2026-08-05 21:49:52.048255: Pseudo dice [np.float32(0.7169), np.float32(0.9384), np.float32(0.9424)]
2026-08-05 21:49:52.048326: Epoch time: 40.86 s
2026-08-05 21:49:52.869042: 
2026-08-05 21:49:52.869387: Epoch 984
2026-08-05 21:49:52.869524: Current learning rate: 0.00024
2026-08-05 21:50:33.785787: train_loss -0.9224
2026-08-05 21:50:33.786023: val_loss -0.7553
2026-08-05 21:50:33.786076: Pseudo dice [np.float32(0.7074), np.float32(0.9346), np.float32(0.9384)]
2026-08-05 21:50:33.786140: Epoch time: 40.92 s
2026-08-05 21:50:34.633585: 
2026-08-05 21:50:34.633946: Epoch 985
2026-08-05 21:50:34.634075: Current learning rate: 0.00023
2026-08-05 21:51:15.762350: train_loss -0.9253
2026-08-05 21:51:15.762548: val_loss -0.7559
2026-08-05 21:51:15.762603: Pseudo dice [np.float32(0.7015), np.float32(0.9354), np.float32(0.9399)]
2026-08-05 21:51:15.762665: Epoch time: 41.13 s
2026-08-05 21:51:17.301551: 
2026-08-05 21:51:17.301838: Epoch 986
2026-08-05 21:51:17.301977: Current learning rate: 0.00021
2026-08-05 21:51:58.524051: train_loss -0.9228
2026-08-05 21:51:58.524514: val_loss -0.7526
2026-08-05 21:51:58.524732: Pseudo dice [np.float32(0.7044), np.float32(0.9345), np.float32(0.9351)]
2026-08-05 21:51:58.524976: Epoch time: 41.23 s
2026-08-05 21:51:59.403628: 
2026-08-05 21:51:59.404032: Epoch 987
2026-08-05 21:51:59.404232: Current learning rate: 0.0002
2026-08-05 21:52:40.496766: train_loss -0.9248
2026-08-05 21:52:41.599811: val_loss -0.7662
2026-08-05 21:52:41.600200: Pseudo dice [np.float32(0.7168), np.float32(0.9355), np.float32(0.9384)]
2026-08-05 21:52:41.600303: Epoch time: 41.1 s
2026-08-05 21:52:42.488087: 
2026-08-05 21:52:42.488376: Epoch 988
2026-08-05 21:52:42.488498: Current learning rate: 0.00019
2026-08-05 21:53:23.680958: train_loss -0.9242
2026-08-05 21:53:23.701283: val_loss -0.7456
2026-08-05 21:53:23.701354: Pseudo dice [np.float32(0.696), np.float32(0.9311), np.float32(0.9352)]
2026-08-05 21:53:23.701420: Epoch time: 41.2 s
2026-08-05 21:53:24.464225: 
2026-08-05 21:53:24.464503: Epoch 989
2026-08-05 21:53:24.464704: Current learning rate: 0.00017
2026-08-05 21:54:05.412855: train_loss -0.9247
2026-08-05 21:54:05.437557: val_loss -0.7506
2026-08-05 21:54:05.437716: Pseudo dice [np.float32(0.7015), np.float32(0.9335), np.float32(0.9346)]
2026-08-05 21:54:05.437918: Epoch time: 40.95 s
2026-08-05 21:54:06.328831: 
2026-08-05 21:54:06.329147: Epoch 990
2026-08-05 21:54:06.329278: Current learning rate: 0.00016
2026-08-05 21:54:47.177806: train_loss -0.9231
2026-08-05 21:54:47.346731: val_loss -0.7515
2026-08-05 21:54:47.347077: Pseudo dice [np.float32(0.7057), np.float32(0.9329), np.float32(0.9363)]
2026-08-05 21:54:47.347337: Epoch time: 40.85 s
2026-08-05 21:54:48.406732: 
2026-08-05 21:54:48.407130: Epoch 991
2026-08-05 21:54:48.407374: Current learning rate: 0.00014
2026-08-05 21:55:29.065637: train_loss -0.928
2026-08-05 21:55:30.381486: val_loss -0.752
2026-08-05 21:55:30.381743: Pseudo dice [np.float32(0.7047), np.float32(0.9298), np.float32(0.9368)]
2026-08-05 21:55:30.381945: Epoch time: 40.66 s
2026-08-05 21:55:31.798923: 
2026-08-05 21:55:31.799256: Epoch 992
2026-08-05 21:55:31.799437: Current learning rate: 0.00013
2026-08-05 21:56:12.735243: train_loss -0.9257
2026-08-05 21:56:13.457812: val_loss -0.7506
2026-08-05 21:56:13.458049: Pseudo dice [np.float32(0.7047), np.float32(0.9298), np.float32(0.9357)]
2026-08-05 21:56:13.458145: Epoch time: 40.94 s
2026-08-05 21:56:14.843725: 
2026-08-05 21:56:14.844170: Epoch 993
2026-08-05 21:56:14.844289: Current learning rate: 0.00011
2026-08-05 21:56:55.925833: train_loss -0.928
2026-08-05 21:56:55.967597: val_loss -0.7434
2026-08-05 21:56:55.967744: Pseudo dice [np.float32(0.6926), np.float32(0.9315), np.float32(0.9398)]
2026-08-05 21:56:55.967989: Epoch time: 41.08 s
2026-08-05 21:56:56.843364: 
2026-08-05 21:56:56.843848: Epoch 994
2026-08-05 21:56:56.843984: Current learning rate: 0.0001
2026-08-05 21:57:37.906110: train_loss -0.9243
2026-08-05 21:57:38.335951: val_loss -0.746
2026-08-05 21:57:38.336200: Pseudo dice [np.float32(0.7031), np.float32(0.9314), np.float32(0.937)]
2026-08-05 21:57:38.336331: Epoch time: 41.07 s
2026-08-05 21:57:39.327936: 
2026-08-05 21:57:39.328275: Epoch 995
2026-08-05 21:57:39.328567: Current learning rate: 8e-05
2026-08-05 21:58:20.123633: train_loss -0.9221
2026-08-05 21:58:20.123866: val_loss -0.7499
2026-08-05 21:58:20.123944: Pseudo dice [np.float32(0.7106), np.float32(0.936), np.float32(0.9366)]
2026-08-05 21:58:20.124018: Epoch time: 40.8 s
2026-08-05 21:58:20.893342: 
2026-08-05 21:58:20.893606: Epoch 996
2026-08-05 21:58:20.893725: Current learning rate: 7e-05
2026-08-05 21:59:01.586914: train_loss -0.9277
2026-08-05 21:59:01.587295: val_loss -0.7645
2026-08-05 21:59:01.587399: Pseudo dice [np.float32(0.7124), np.float32(0.9367), np.float32(0.9375)]
2026-08-05 21:59:01.587513: Epoch time: 40.7 s
2026-08-05 21:59:02.347870: 
2026-08-05 21:59:02.348140: Epoch 997
2026-08-05 21:59:02.348258: Current learning rate: 5e-05
2026-08-05 21:59:43.435763: train_loss -0.9258
2026-08-05 21:59:43.436168: val_loss -0.7549
2026-08-05 21:59:43.436341: Pseudo dice [np.float32(0.7078), np.float32(0.9349), np.float32(0.9373)]
2026-08-05 21:59:43.436554: Epoch time: 41.09 s
2026-08-05 21:59:44.234037: 
2026-08-05 21:59:44.234264: Epoch 998
2026-08-05 21:59:44.234513: Current learning rate: 4e-05
2026-08-05 22:00:25.083345: train_loss -0.9256
2026-08-05 22:00:25.083887: val_loss -0.769
2026-08-05 22:00:25.084034: Pseudo dice [np.float32(0.7226), np.float32(0.9385), np.float32(0.9408)]
2026-08-05 22:00:25.084173: Epoch time: 40.85 s
2026-08-05 22:00:25.953031: 
2026-08-05 22:00:25.953284: Epoch 999
2026-08-05 22:00:25.953481: Current learning rate: 2e-05
2026-08-05 22:01:06.645153: train_loss -0.9258
2026-08-05 22:01:06.645471: val_loss -0.7591
2026-08-05 22:01:06.645617: Pseudo dice [np.float32(0.7113), np.float32(0.9394), np.float32(0.9391)]
2026-08-05 22:01:06.645849: Epoch time: 40.69 s
2026-08-05 22:01:10.532541: Training done.
2026-08-05 22:01:10.827760: Using splits from existing split file: /data1/youyou/workplace/nnUNet_quml/nnUNet_preprocessed/Dataset073_MBAS/splits_final.json
2026-08-05 22:01:10.944197: The split file contains 5 splits.
2026-08-05 22:01:10.944404: Desired fold for training: 2
2026-08-05 22:01:10.944484: This split has 56 training and 14 validation cases.
2026-08-05 22:01:10.944754: predicting MBAS_001
2026-08-05 22:01:11.020268: MBAS_001, shape torch.Size([1, 44, 638, 638]), rank 0
2026-08-05 22:01:28.051347: predicting MBAS_004
2026-08-05 22:01:28.125999: MBAS_004, shape torch.Size([1, 44, 638, 638]), rank 0
2026-08-05 22:01:38.787737: predicting MBAS_006
2026-08-05 22:01:38.845845: MBAS_006, shape torch.Size([1, 44, 574, 574]), rank 0
2026-08-05 22:01:49.508231: predicting MBAS_016
2026-08-05 22:01:50.133177: MBAS_016, shape torch.Size([1, 44, 638, 638]), rank 0
2026-08-05 22:02:00.826069: predicting MBAS_020
2026-08-05 22:02:00.891798: MBAS_020, shape torch.Size([1, 44, 574, 574]), rank 0
2026-08-05 22:02:11.512480: predicting MBAS_032
2026-08-05 22:02:11.561076: MBAS_032, shape torch.Size([1, 44, 574, 574]), rank 0
2026-08-05 22:02:22.214424: predicting MBAS_034
2026-08-05 22:02:22.293661: MBAS_034, shape torch.Size([1, 44, 568, 574]), rank 0
2026-08-05 22:02:32.943706: predicting MBAS_038
2026-08-05 22:02:33.022784: MBAS_038, shape torch.Size([1, 44, 638, 638]), rank 0
2026-08-05 22:02:43.691934: predicting MBAS_043
2026-08-05 22:02:43.750528: MBAS_043, shape torch.Size([1, 44, 574, 574]), rank 0
2026-08-05 22:02:54.378786: predicting MBAS_052
2026-08-05 22:02:54.449579: MBAS_052, shape torch.Size([1, 44, 638, 638]), rank 0
2026-08-05 22:03:05.118330: predicting MBAS_058
2026-08-05 22:03:05.181339: MBAS_058, shape torch.Size([1, 44, 574, 574]), rank 0
2026-08-05 22:03:15.850079: predicting MBAS_061
2026-08-05 22:03:15.982561: MBAS_061, shape torch.Size([1, 44, 574, 574]), rank 0
2026-08-05 22:03:26.687933: predicting MBAS_065
2026-08-05 22:03:30.684093: MBAS_065, shape torch.Size([1, 44, 638, 638]), rank 0
2026-08-05 22:03:41.415231: predicting MBAS_068
2026-08-05 22:03:41.482277: MBAS_068, shape torch.Size([1, 44, 574, 574]), rank 0
2026-08-05 22:04:24.338553: Validation complete
2026-08-05 22:04:24.338704: Mean Validation Dice:  0.8571741842695612
