Using device: cuda:0

#######################################################################
Please cite the following paper when using nnU-Net:
Isensee, F., Jaeger, P. F., Kohl, S. A., Petersen, J., & Maier-Hein, K. H. (2021). nnU-Net: a self-configuring method for deep learning-based biomedical image segmentation. Nature methods, 18(2), 203-211.
#######################################################################

2026-08-05 09:47:47.041887: Using torch.compile...
2026-08-05 09:47:47.684133: do_dummy_2d_data_aug: True
2026-08-05 09:47:47.684590: Creating new 5-fold cross-validation split...
2026-08-05 09:47:47.689429: Desired fold for training: 4
2026-08-05 09:47:47.689506: This split has 56 training and 14 validation cases.
using pin_memory on device 0
using pin_memory on device 0

This is the configuration used by this training:
Configuration name: 3d_fullres
 {'data_identifier': 'nnUNetPlans_3d_fullres', 'preprocessor_name': 'DefaultPreprocessor', 'batch_size': 2, 'patch_size': [20, 256, 256], 'median_image_size_in_voxels': [44.0, 592.5, 581.0], 'spacing': [2.5, 0.625, 0.625], 'normalization_schemes': ['ZScoreNormalization'], 'use_mask_for_norm': [False], 'resampling_fn_data': 'resample_data_or_seg_to_shape', 'resampling_fn_seg': 'resample_data_or_seg_to_shape', 'resampling_fn_data_kwargs': {'is_seg': False, 'order': 3, 'order_z': 0, 'force_separate_z': None}, 'resampling_fn_seg_kwargs': {'is_seg': True, 'order': 1, 'order_z': 0, 'force_separate_z': None}, 'resampling_fn_probabilities': 'resample_data_or_seg_to_shape', 'resampling_fn_probabilities_kwargs': {'is_seg': False, 'order': 1, 'order_z': 0, 'force_separate_z': None}, 'architecture': {'network_class_name': 'dynamic_network_architectures.architectures.unet.ResidualEncoderUNet', 'arch_kwargs': {'n_stages': 7, 'features_per_stage': [32, 64, 128, 256, 320, 320, 320], 'conv_op': 'torch.nn.modules.conv.Conv3d', 'kernel_sizes': [[1, 3, 3], [1, 3, 3], [3, 3, 3], [3, 3, 3], [3, 3, 3], [3, 3, 3], [3, 3, 3]], 'strides': [[1, 1, 1], [1, 2, 2], [1, 2, 2], [2, 2, 2], [2, 2, 2], [1, 2, 2], [1, 2, 2]], 'n_blocks_per_stage': [1, 3, 4, 6, 6, 6, 6], 'n_conv_per_stage_decoder': [1, 1, 1, 1, 1, 1], 'conv_bias': True, 'norm_op': 'torch.nn.modules.instancenorm.InstanceNorm3d', 'norm_op_kwargs': {'eps': 1e-05, 'affine': True}, 'dropout_op': None, 'dropout_op_kwargs': None, 'nonlin': 'torch.nn.LeakyReLU', 'nonlin_kwargs': {'inplace': True}}, '_kw_requires_import': ['conv_op', 'norm_op', 'dropout_op', 'nonlin']}, 'batch_dice': True} 

These are the global plan.json settings:
 {'dataset_name': 'Dataset073_MBAS', 'plans_name': 'nnUNetResEncUNetMPlans', 'original_median_spacing_after_transp': [2.5, 0.625, 0.625], 'original_median_shape_after_transp': [44, 592, 581], 'image_reader_writer': 'SimpleITKIO', 'transpose_forward': [0, 1, 2], 'transpose_backward': [0, 1, 2], 'experiment_planner_used': 'nnUNetPlannerResEncM', 'label_manager': 'LabelManager', 'foreground_intensity_properties_per_channel': {'0': {'max': 2101.0, 'mean': 362.0030822753906, 'median': 305.0, 'min': 0.0, 'percentile_00_5': 21.0, 'percentile_99_5': 1399.0, 'std': 260.2959289550781}}} 

2026-08-05 09:47:58.515138: Unable to plot network architecture: nnUNet_compile is enabled!
2026-08-05 09:47:58.547099: 
2026-08-05 09:47:58.547407: Epoch 0
2026-08-05 09:47:58.547803: Current learning rate: 0.01
2026-08-05 09:48:54.268104: train_loss 0.2653
2026-08-05 09:48:54.800785: val_loss 0.145
2026-08-05 09:48:54.800994: Pseudo dice [np.float32(0.0), np.float32(0.0), np.float32(0.2608)]
2026-08-05 09:48:54.801057: Epoch time: 55.73 s
2026-08-05 09:48:54.801097: Yayy! New best EMA pseudo Dice: 0.0869000032544136
2026-08-05 09:48:56.694477: 
2026-08-05 09:48:56.694721: Epoch 1
2026-08-05 09:48:56.694959: Current learning rate: 0.00999
2026-08-05 09:49:25.530047: train_loss 0.0056
2026-08-05 09:49:25.532872: val_loss -0.0158
2026-08-05 09:49:25.533616: Pseudo dice [np.float32(0.1048), np.float32(0.3227), np.float32(0.578)]
2026-08-05 09:49:25.533973: Epoch time: 28.84 s
2026-08-05 09:49:25.534443: Yayy! New best EMA pseudo Dice: 0.11180000007152557
2026-08-05 09:49:39.406067: 
2026-08-05 09:49:39.406596: Epoch 2
2026-08-05 09:49:39.406832: Current learning rate: 0.00998
2026-08-05 09:50:08.597878: train_loss -0.1718
2026-08-05 09:50:09.554152: val_loss -0.2665
2026-08-05 09:50:09.554420: Pseudo dice [np.float32(0.392), np.float32(0.6445), np.float32(0.6889)]
2026-08-05 09:50:09.554583: Epoch time: 29.2 s
2026-08-05 09:50:09.554680: Yayy! New best EMA pseudo Dice: 0.15809999406337738
2026-08-05 09:50:20.575617: 
2026-08-05 09:50:20.576049: Epoch 3
2026-08-05 09:50:20.576203: Current learning rate: 0.00997
2026-08-05 09:50:50.019927: train_loss -0.2818
2026-08-05 09:50:50.020860: val_loss -0.3636
2026-08-05 09:50:50.021058: Pseudo dice [np.float32(0.421), np.float32(0.6991), np.float32(0.7633)]
2026-08-05 09:50:50.021263: Epoch time: 29.45 s
2026-08-05 09:50:50.021362: Yayy! New best EMA pseudo Dice: 0.20509999990463257
2026-08-05 09:51:02.704426: 
2026-08-05 09:51:02.704850: Epoch 4
2026-08-05 09:51:02.704980: Current learning rate: 0.00996
2026-08-05 09:51:31.797407: train_loss -0.3577
2026-08-05 09:51:31.798584: val_loss -0.4262
2026-08-05 09:51:31.799074: Pseudo dice [np.float32(0.4767), np.float32(0.7141), np.float32(0.7837)]
2026-08-05 09:51:31.799225: Epoch time: 29.1 s
2026-08-05 09:51:31.799319: Yayy! New best EMA pseudo Dice: 0.25040000677108765
2026-08-05 09:51:36.456291: 
2026-08-05 09:51:36.456647: Epoch 5
2026-08-05 09:51:36.456779: Current learning rate: 0.00995
2026-08-05 09:52:05.226276: train_loss -0.3844
2026-08-05 09:52:05.226675: val_loss -0.4605
2026-08-05 09:52:05.229336: Pseudo dice [np.float32(0.4803), np.float32(0.7372), np.float32(0.8185)]
2026-08-05 09:52:05.229511: Epoch time: 28.77 s
2026-08-05 09:52:05.229605: Yayy! New best EMA pseudo Dice: 0.29319998621940613
2026-08-05 09:52:12.327104: 
2026-08-05 09:52:12.327511: Epoch 6
2026-08-05 09:52:12.327617: Current learning rate: 0.00995
2026-08-05 09:52:40.930193: train_loss -0.4687
2026-08-05 09:52:40.930588: val_loss -0.5183
2026-08-05 09:52:40.930922: Pseudo dice [np.float32(0.5185), np.float32(0.7716), np.float32(0.8558)]
2026-08-05 09:52:40.931279: Epoch time: 28.61 s
2026-08-05 09:52:40.931562: Yayy! New best EMA pseudo Dice: 0.3353999853134155
2026-08-05 09:52:54.594250: 
2026-08-05 09:52:54.594625: Epoch 7
2026-08-05 09:52:54.594748: Current learning rate: 0.00994
2026-08-05 09:53:23.441811: train_loss -0.4898
2026-08-05 09:53:23.444299: val_loss -0.5382
2026-08-05 09:53:23.444567: Pseudo dice [np.float32(0.5265), np.float32(0.8037), np.float32(0.8545)]
2026-08-05 09:53:23.444708: Epoch time: 28.85 s
2026-08-05 09:53:23.445381: Yayy! New best EMA pseudo Dice: 0.37470000982284546
2026-08-05 09:53:29.490837: 
2026-08-05 09:53:29.491143: Epoch 8
2026-08-05 09:53:29.491285: Current learning rate: 0.00993
2026-08-05 09:53:58.182524: train_loss -0.5297
2026-08-05 09:53:58.182999: val_loss -0.5196
2026-08-05 09:53:58.183180: Pseudo dice [np.float32(0.5326), np.float32(0.8057), np.float32(0.8201)]
2026-08-05 09:53:58.183330: Epoch time: 28.69 s
2026-08-05 09:53:58.183527: Yayy! New best EMA pseudo Dice: 0.4092000126838684
2026-08-05 09:54:05.004185: 
2026-08-05 09:54:05.004566: Epoch 9
2026-08-05 09:54:05.004672: Current learning rate: 0.00992
2026-08-05 09:54:33.624277: train_loss -0.5255
2026-08-05 09:54:33.625014: val_loss -0.5586
2026-08-05 09:54:33.625153: Pseudo dice [np.float32(0.5428), np.float32(0.8227), np.float32(0.8443)]
2026-08-05 09:54:33.625296: Epoch time: 28.62 s
2026-08-05 09:54:33.625385: Yayy! New best EMA pseudo Dice: 0.44190001487731934
2026-08-05 09:54:40.380683: 
2026-08-05 09:54:40.381034: Epoch 10
2026-08-05 09:54:40.381236: Current learning rate: 0.00991
2026-08-05 09:55:09.027081: train_loss -0.5491
2026-08-05 09:55:09.027505: val_loss -0.562
2026-08-05 09:55:09.027740: Pseudo dice [np.float32(0.5533), np.float32(0.8199), np.float32(0.8548)]
2026-08-05 09:55:09.027877: Epoch time: 28.65 s
2026-08-05 09:55:09.027992: Yayy! New best EMA pseudo Dice: 0.47200000286102295
2026-08-05 09:55:14.578316: 
2026-08-05 09:55:14.578717: Epoch 11
2026-08-05 09:55:14.578874: Current learning rate: 0.0099
2026-08-05 09:55:43.178335: train_loss -0.5587
2026-08-05 09:55:43.183090: val_loss -0.5758
2026-08-05 09:55:43.183372: Pseudo dice [np.float32(0.5722), np.float32(0.8129), np.float32(0.8666)]
2026-08-05 09:55:43.183507: Epoch time: 28.6 s
2026-08-05 09:55:43.183605: Yayy! New best EMA pseudo Dice: 0.4997999966144562
2026-08-05 09:55:48.993822: 
2026-08-05 09:55:48.994200: Epoch 12
2026-08-05 09:55:48.994307: Current learning rate: 0.00989
2026-08-05 09:56:17.467379: train_loss -0.5855
2026-08-05 09:56:18.214452: val_loss -0.627
2026-08-05 09:56:18.214745: Pseudo dice [np.float32(0.6047), np.float32(0.8585), np.float32(0.8738)]
2026-08-05 09:56:18.214978: Epoch time: 28.48 s
2026-08-05 09:56:18.215080: Yayy! New best EMA pseudo Dice: 0.5278000235557556
2026-08-05 09:56:40.416075: 
2026-08-05 09:56:40.580202: Epoch 13
2026-08-05 09:56:40.580440: Current learning rate: 0.00988
2026-08-05 09:57:09.592579: train_loss -0.6096
2026-08-05 09:57:09.593456: val_loss -0.6091
2026-08-05 09:57:09.593599: Pseudo dice [np.float32(0.5757), np.float32(0.8486), np.float32(0.8662)]
2026-08-05 09:57:09.593722: Epoch time: 29.18 s
2026-08-05 09:57:09.593812: Yayy! New best EMA pseudo Dice: 0.5512999892234802
2026-08-05 09:57:16.804033: 
2026-08-05 09:57:16.804416: Epoch 14
2026-08-05 09:57:16.804508: Current learning rate: 0.00987
2026-08-05 09:57:45.759526: train_loss -0.6044
2026-08-05 09:57:45.759922: val_loss -0.5764
2026-08-05 09:57:45.760226: Pseudo dice [np.float32(0.5678), np.float32(0.8216), np.float32(0.8474)]
2026-08-05 09:57:45.760563: Epoch time: 28.96 s
2026-08-05 09:57:45.761087: Yayy! New best EMA pseudo Dice: 0.5708000063896179
2026-08-05 09:58:05.764813: 
2026-08-05 09:58:05.765237: Epoch 15
2026-08-05 09:58:05.765372: Current learning rate: 0.00986
2026-08-05 09:58:34.461927: train_loss -0.6174
2026-08-05 09:58:38.037808: val_loss -0.6044
2026-08-05 09:58:38.038080: Pseudo dice [np.float32(0.6048), np.float32(0.8643), np.float32(0.8618)]
2026-08-05 09:58:38.038207: Epoch time: 28.7 s
2026-08-05 09:58:38.038299: Yayy! New best EMA pseudo Dice: 0.5914000272750854
2026-08-05 09:59:13.167776: 
2026-08-05 09:59:13.168106: Epoch 16
2026-08-05 09:59:13.168272: Current learning rate: 0.00986
2026-08-05 09:59:42.086716: train_loss -0.6287
2026-08-05 09:59:42.106279: val_loss -0.6553
2026-08-05 09:59:42.106761: Pseudo dice [np.float32(0.6166), np.float32(0.8833), np.float32(0.8869)]
2026-08-05 09:59:42.107015: Epoch time: 28.92 s
2026-08-05 09:59:42.107130: Yayy! New best EMA pseudo Dice: 0.6118000149726868
2026-08-05 10:00:26.298125: 
2026-08-05 10:00:26.431818: Epoch 17
2026-08-05 10:00:26.432032: Current learning rate: 0.00985
2026-08-05 10:00:56.221633: train_loss -0.6572
2026-08-05 10:00:56.222221: val_loss -0.6425
2026-08-05 10:00:56.222364: Pseudo dice [np.float32(0.6128), np.float32(0.8552), np.float32(0.8867)]
2026-08-05 10:00:56.222797: Epoch time: 29.93 s
2026-08-05 10:00:56.222926: Yayy! New best EMA pseudo Dice: 0.6291000247001648
2026-08-05 10:01:01.780833: 
2026-08-05 10:01:01.781167: Epoch 18
2026-08-05 10:01:01.781309: Current learning rate: 0.00984
2026-08-05 10:01:30.360310: train_loss -0.6436
2026-08-05 10:01:30.360748: val_loss -0.6595
2026-08-05 10:01:30.360879: Pseudo dice [np.float32(0.6107), np.float32(0.8767), np.float32(0.8901)]
2026-08-05 10:01:30.361033: Epoch time: 28.58 s
2026-08-05 10:01:30.361125: Yayy! New best EMA pseudo Dice: 0.6455000042915344
2026-08-05 10:01:50.392116: 
2026-08-05 10:01:50.392493: Epoch 19
2026-08-05 10:01:50.392644: Current learning rate: 0.00983
2026-08-05 10:02:19.350034: train_loss -0.6428
2026-08-05 10:02:19.350382: val_loss -0.6723
2026-08-05 10:02:19.350505: Pseudo dice [np.float32(0.6304), np.float32(0.8852), np.float32(0.8957)]
2026-08-05 10:02:19.350633: Epoch time: 28.96 s
2026-08-05 10:02:19.350724: Yayy! New best EMA pseudo Dice: 0.661300003528595
2026-08-05 10:02:46.538708: 
2026-08-05 10:02:46.539012: Epoch 20
2026-08-05 10:02:46.539124: Current learning rate: 0.00982
2026-08-05 10:03:15.737315: train_loss -0.6777
2026-08-05 10:03:15.738137: val_loss -0.6406
2026-08-05 10:03:15.738429: Pseudo dice [np.float32(0.6153), np.float32(0.8457), np.float32(0.8962)]
2026-08-05 10:03:15.738802: Epoch time: 29.2 s
2026-08-05 10:03:15.738997: Yayy! New best EMA pseudo Dice: 0.6736999750137329
2026-08-05 10:03:31.418922: 
2026-08-05 10:03:31.419385: Epoch 21
2026-08-05 10:03:31.419509: Current learning rate: 0.00981
2026-08-05 10:04:00.694378: train_loss -0.6848
2026-08-05 10:04:00.694836: val_loss -0.6649
2026-08-05 10:04:00.695051: Pseudo dice [np.float32(0.6163), np.float32(0.8683), np.float32(0.8948)]
2026-08-05 10:04:00.695280: Epoch time: 29.28 s
2026-08-05 10:04:00.695373: Yayy! New best EMA pseudo Dice: 0.685699999332428
2026-08-05 10:04:07.922854: 
2026-08-05 10:04:07.923325: Epoch 22
2026-08-05 10:04:07.923434: Current learning rate: 0.0098
2026-08-05 10:04:37.176026: train_loss -0.6964
2026-08-05 10:04:37.176524: val_loss -0.6724
2026-08-05 10:04:37.176652: Pseudo dice [np.float32(0.6362), np.float32(0.8676), np.float32(0.898)]
2026-08-05 10:04:37.176911: Epoch time: 29.26 s
2026-08-05 10:04:37.177011: Yayy! New best EMA pseudo Dice: 0.6972000002861023
2026-08-05 10:05:04.975758: 
2026-08-05 10:05:04.976216: Epoch 23
2026-08-05 10:05:04.976325: Current learning rate: 0.00979
2026-08-05 10:05:33.675213: train_loss -0.7029
2026-08-05 10:05:33.675638: val_loss -0.6862
2026-08-05 10:05:33.675811: Pseudo dice [np.float32(0.6379), np.float32(0.8933), np.float32(0.8978)]
2026-08-05 10:05:33.675970: Epoch time: 28.7 s
2026-08-05 10:05:33.676067: Yayy! New best EMA pseudo Dice: 0.7084000110626221
2026-08-05 10:05:57.767037: 
2026-08-05 10:05:57.767417: Epoch 24
2026-08-05 10:05:57.767553: Current learning rate: 0.00978
2026-08-05 10:06:26.631941: train_loss -0.6948
2026-08-05 10:06:26.632447: val_loss -0.6952
2026-08-05 10:06:26.632575: Pseudo dice [np.float32(0.6447), np.float32(0.8972), np.float32(0.9034)]
2026-08-05 10:06:26.632767: Epoch time: 28.87 s
2026-08-05 10:06:26.632957: Yayy! New best EMA pseudo Dice: 0.7190999984741211
2026-08-05 10:06:35.680608: 
2026-08-05 10:06:35.681097: Epoch 25
2026-08-05 10:06:35.681211: Current learning rate: 0.00977
2026-08-05 10:07:04.340335: train_loss -0.6907
2026-08-05 10:07:04.340830: val_loss -0.6982
2026-08-05 10:07:04.340985: Pseudo dice [np.float32(0.6463), np.float32(0.8977), np.float32(0.9042)]
2026-08-05 10:07:04.341113: Epoch time: 28.66 s
2026-08-05 10:07:04.341197: Yayy! New best EMA pseudo Dice: 0.7287999987602234
2026-08-05 10:07:21.670862: 
2026-08-05 10:07:21.671257: Epoch 26
2026-08-05 10:07:21.671361: Current learning rate: 0.00977
2026-08-05 10:07:50.642757: train_loss -0.6838
2026-08-05 10:07:50.643196: val_loss -0.6669
2026-08-05 10:07:50.643324: Pseudo dice [np.float32(0.629), np.float32(0.8566), np.float32(0.9027)]
2026-08-05 10:07:50.643448: Epoch time: 28.97 s
2026-08-05 10:07:50.643533: Yayy! New best EMA pseudo Dice: 0.7354999780654907
2026-08-05 10:08:01.993233: 
2026-08-05 10:08:01.993680: Epoch 27
2026-08-05 10:08:01.993787: Current learning rate: 0.00976
2026-08-05 10:08:31.136258: train_loss -0.6985
2026-08-05 10:08:31.136687: val_loss -0.6803
2026-08-05 10:08:31.136929: Pseudo dice [np.float32(0.6252), np.float32(0.8991), np.float32(0.9065)]
2026-08-05 10:08:31.137073: Epoch time: 29.15 s
2026-08-05 10:08:31.137305: Yayy! New best EMA pseudo Dice: 0.7429999709129333
2026-08-05 10:08:36.927697: 
2026-08-05 10:08:36.928112: Epoch 28
2026-08-05 10:08:36.928262: Current learning rate: 0.00975
2026-08-05 10:09:05.655835: train_loss -0.7095
2026-08-05 10:09:05.658774: val_loss -0.7009
2026-08-05 10:09:05.659057: Pseudo dice [np.float32(0.6449), np.float32(0.9001), np.float32(0.9074)]
2026-08-05 10:09:05.659854: Epoch time: 28.73 s
2026-08-05 10:09:05.659992: Yayy! New best EMA pseudo Dice: 0.7504000067710876
2026-08-05 10:09:17.489642: 
2026-08-05 10:09:17.490010: Epoch 29
2026-08-05 10:09:17.490168: Current learning rate: 0.00974
2026-08-05 10:09:46.345387: train_loss -0.7215
2026-08-05 10:09:46.345818: val_loss -0.6734
2026-08-05 10:09:46.345965: Pseudo dice [np.float32(0.6301), np.float32(0.8618), np.float32(0.9033)]
2026-08-05 10:09:46.346099: Epoch time: 28.86 s
2026-08-05 10:09:46.346269: Yayy! New best EMA pseudo Dice: 0.7552000284194946
2026-08-05 10:09:53.657381: 
2026-08-05 10:09:53.657799: Epoch 30
2026-08-05 10:09:53.657935: Current learning rate: 0.00973
2026-08-05 10:10:23.174355: train_loss -0.7094
2026-08-05 10:10:23.179241: val_loss -0.6956
2026-08-05 10:10:23.179476: Pseudo dice [np.float32(0.6538), np.float32(0.8943), np.float32(0.904)]
2026-08-05 10:10:23.179612: Epoch time: 29.52 s
2026-08-05 10:10:23.179703: Yayy! New best EMA pseudo Dice: 0.7613999843597412
2026-08-05 10:10:38.576267: 
2026-08-05 10:10:38.576579: Epoch 31
2026-08-05 10:10:38.576742: Current learning rate: 0.00972
2026-08-05 10:11:07.215495: train_loss -0.7199
2026-08-05 10:11:07.479697: val_loss -0.6957
2026-08-05 10:11:07.479987: Pseudo dice [np.float32(0.6617), np.float32(0.8835), np.float32(0.9011)]
2026-08-05 10:11:07.480153: Epoch time: 28.64 s
2026-08-05 10:11:07.480246: Yayy! New best EMA pseudo Dice: 0.7667999863624573
2026-08-05 10:11:14.915876: 
2026-08-05 10:11:14.916257: Epoch 32
2026-08-05 10:11:14.916394: Current learning rate: 0.00971
2026-08-05 10:11:43.645356: train_loss -0.7189
2026-08-05 10:11:43.645723: val_loss -0.7033
2026-08-05 10:11:43.645850: Pseudo dice [np.float32(0.6468), np.float32(0.9033), np.float32(0.9094)]
2026-08-05 10:11:43.645996: Epoch time: 28.73 s
2026-08-05 10:11:43.646206: Yayy! New best EMA pseudo Dice: 0.7720999717712402
2026-08-05 10:11:54.622304: 
2026-08-05 10:11:54.622695: Epoch 33
2026-08-05 10:11:54.622830: Current learning rate: 0.0097
2026-08-05 10:12:23.694134: train_loss -0.7212
2026-08-05 10:12:23.694685: val_loss -0.7025
2026-08-05 10:12:23.694820: Pseudo dice [np.float32(0.6553), np.float32(0.8977), np.float32(0.9056)]
2026-08-05 10:12:23.694977: Epoch time: 29.07 s
2026-08-05 10:12:23.695075: Yayy! New best EMA pseudo Dice: 0.7768999934196472
2026-08-05 10:12:32.121540: 
2026-08-05 10:12:32.121905: Epoch 34
2026-08-05 10:12:32.122280: Current learning rate: 0.00969
2026-08-05 10:13:00.851613: train_loss -0.7153
2026-08-05 10:13:00.852025: val_loss -0.6891
2026-08-05 10:13:00.852154: Pseudo dice [np.float32(0.6528), np.float32(0.8787), np.float32(0.9068)]
2026-08-05 10:13:00.852312: Epoch time: 28.73 s
2026-08-05 10:13:00.854502: Yayy! New best EMA pseudo Dice: 0.7804999947547913
2026-08-05 10:13:07.933116: 
2026-08-05 10:13:07.933463: Epoch 35
2026-08-05 10:13:07.933571: Current learning rate: 0.00968
2026-08-05 10:13:36.650936: train_loss -0.7223
2026-08-05 10:13:36.651307: val_loss -0.6645
2026-08-05 10:13:36.651437: Pseudo dice [np.float32(0.6294), np.float32(0.8796), np.float32(0.8805)]
2026-08-05 10:13:36.651558: Epoch time: 28.72 s
2026-08-05 10:13:36.651664: Yayy! New best EMA pseudo Dice: 0.7821000218391418
2026-08-05 10:13:43.683101: 
2026-08-05 10:13:43.683442: Epoch 36
2026-08-05 10:13:43.683565: Current learning rate: 0.00968
2026-08-05 10:14:12.378748: train_loss -0.723
2026-08-05 10:14:12.379096: val_loss -0.7025
2026-08-05 10:14:12.379222: Pseudo dice [np.float32(0.6546), np.float32(0.9094), np.float32(0.8931)]
2026-08-05 10:14:12.379336: Epoch time: 28.7 s
2026-08-05 10:14:12.379518: Yayy! New best EMA pseudo Dice: 0.7857999801635742
2026-08-05 10:14:20.425564: 
2026-08-05 10:14:20.425990: Epoch 37
2026-08-05 10:14:20.426146: Current learning rate: 0.00967
2026-08-05 10:14:50.446361: train_loss -0.7166
2026-08-05 10:14:50.446961: val_loss -0.7083
2026-08-05 10:14:50.447154: Pseudo dice [np.float32(0.6588), np.float32(0.9064), np.float32(0.9035)]
2026-08-05 10:14:50.447308: Epoch time: 30.02 s
2026-08-05 10:14:50.447397: Yayy! New best EMA pseudo Dice: 0.7894999980926514
2026-08-05 10:14:57.053113: 
2026-08-05 10:14:57.053496: Epoch 38
2026-08-05 10:14:57.053602: Current learning rate: 0.00966
2026-08-05 10:15:25.854634: train_loss -0.7432
2026-08-05 10:15:25.855100: val_loss -0.7198
2026-08-05 10:15:25.855230: Pseudo dice [np.float32(0.6517), np.float32(0.9022), np.float32(0.9072)]
2026-08-05 10:15:25.855373: Epoch time: 28.8 s
2026-08-05 10:15:25.855463: Yayy! New best EMA pseudo Dice: 0.7925999760627747
2026-08-05 10:15:37.886783: 
2026-08-05 10:15:38.021039: Epoch 39
2026-08-05 10:15:38.021339: Current learning rate: 0.00965
2026-08-05 10:16:06.884430: train_loss -0.7328
2026-08-05 10:16:07.177331: val_loss -0.6996
2026-08-05 10:16:07.177547: Pseudo dice [np.float32(0.6485), np.float32(0.8921), np.float32(0.9104)]
2026-08-05 10:16:07.177741: Epoch time: 29.0 s
2026-08-05 10:16:07.178039: Yayy! New best EMA pseudo Dice: 0.7950000166893005
2026-08-05 10:16:14.680390: 
2026-08-05 10:16:14.684798: Epoch 40
2026-08-05 10:16:14.684921: Current learning rate: 0.00964
2026-08-05 10:16:43.467921: train_loss -0.7085
2026-08-05 10:16:43.497618: val_loss -0.7225
2026-08-05 10:16:43.497786: Pseudo dice [np.float32(0.6473), np.float32(0.911), np.float32(0.9119)]
2026-08-05 10:16:43.498003: Epoch time: 28.79 s
2026-08-05 10:16:43.498107: Yayy! New best EMA pseudo Dice: 0.7979000210762024
2026-08-05 10:16:51.801919: 
2026-08-05 10:16:51.836170: Epoch 41
2026-08-05 10:16:51.836413: Current learning rate: 0.00963
2026-08-05 10:17:20.667438: train_loss -0.7263
2026-08-05 10:17:21.917342: val_loss -0.6852
2026-08-05 10:17:21.917598: Pseudo dice [np.float32(0.6272), np.float32(0.8921), np.float32(0.899)]
2026-08-05 10:17:21.917762: Epoch time: 28.87 s
2026-08-05 10:17:21.917865: Yayy! New best EMA pseudo Dice: 0.7986999750137329
2026-08-05 10:17:30.859333: 
2026-08-05 10:17:30.859677: Epoch 42
2026-08-05 10:17:30.859780: Current learning rate: 0.00962
2026-08-05 10:17:59.760088: train_loss -0.7429
2026-08-05 10:17:59.760691: val_loss -0.7025
2026-08-05 10:17:59.760858: Pseudo dice [np.float32(0.6606), np.float32(0.8883), np.float32(0.9066)]
2026-08-05 10:17:59.761028: Epoch time: 28.9 s
2026-08-05 10:17:59.761120: Yayy! New best EMA pseudo Dice: 0.8007000088691711
2026-08-05 10:18:06.216865: 
2026-08-05 10:18:06.217195: Epoch 43
2026-08-05 10:18:06.217312: Current learning rate: 0.00961
2026-08-05 10:18:34.973724: train_loss -0.7433
2026-08-05 10:18:34.974366: val_loss -0.7264
2026-08-05 10:18:34.974802: Pseudo dice [np.float32(0.6635), np.float32(0.9185), np.float32(0.914)]
2026-08-05 10:18:34.975090: Epoch time: 28.76 s
2026-08-05 10:18:34.975185: Yayy! New best EMA pseudo Dice: 0.8037999868392944
2026-08-05 10:18:41.124201: 
2026-08-05 10:18:41.124558: Epoch 44
2026-08-05 10:18:41.124667: Current learning rate: 0.0096
2026-08-05 10:19:09.848540: train_loss -0.7512
2026-08-05 10:19:09.848810: val_loss -0.7341
2026-08-05 10:19:09.848867: Pseudo dice [np.float32(0.6838), np.float32(0.9156), np.float32(0.9204)]
2026-08-05 10:19:09.848936: Epoch time: 28.73 s
2026-08-05 10:19:09.848977: Yayy! New best EMA pseudo Dice: 0.8073999881744385
2026-08-05 10:19:17.012979: 
2026-08-05 10:19:17.013402: Epoch 45
2026-08-05 10:19:17.013506: Current learning rate: 0.00959
2026-08-05 10:19:45.736357: train_loss -0.7613
2026-08-05 10:19:45.736858: val_loss -0.7315
2026-08-05 10:19:45.737308: Pseudo dice [np.float32(0.6656), np.float32(0.9094), np.float32(0.9118)]
2026-08-05 10:19:45.737554: Epoch time: 28.73 s
2026-08-05 10:19:45.738056: Yayy! New best EMA pseudo Dice: 0.8095999956130981
2026-08-05 10:19:57.268103: 
2026-08-05 10:19:57.268574: Epoch 46
2026-08-05 10:19:57.268731: Current learning rate: 0.00959
2026-08-05 10:20:26.302509: train_loss -0.7649
2026-08-05 10:20:26.334475: val_loss -0.7155
2026-08-05 10:20:26.334653: Pseudo dice [np.float32(0.6678), np.float32(0.9028), np.float32(0.9111)]
2026-08-05 10:20:26.334790: Epoch time: 29.04 s
2026-08-05 10:20:26.335009: Yayy! New best EMA pseudo Dice: 0.8112999796867371
2026-08-05 10:20:37.334919: 
2026-08-05 10:20:37.335296: Epoch 47
2026-08-05 10:20:37.335440: Current learning rate: 0.00958
2026-08-05 10:21:06.160025: train_loss -0.7395
2026-08-05 10:21:06.578766: val_loss -0.6781
2026-08-05 10:21:06.579020: Pseudo dice [np.float32(0.6355), np.float32(0.8873), np.float32(0.8987)]
2026-08-05 10:21:06.579173: Epoch time: 28.83 s
2026-08-05 10:21:07.451545: 
2026-08-05 10:21:07.451786: Epoch 48
2026-08-05 10:21:07.451931: Current learning rate: 0.00957
2026-08-05 10:21:36.092969: train_loss -0.7253
2026-08-05 10:21:36.094358: val_loss -0.7292
2026-08-05 10:21:36.094496: Pseudo dice [np.float32(0.6691), np.float32(0.9017), np.float32(0.9168)]
2026-08-05 10:21:36.094618: Epoch time: 28.64 s
2026-08-05 10:21:36.094708: Yayy! New best EMA pseudo Dice: 0.8126999735832214
2026-08-05 10:21:45.143826: 
2026-08-05 10:21:45.168452: Epoch 49
2026-08-05 10:21:45.168590: Current learning rate: 0.00956
2026-08-05 10:22:13.975554: train_loss -0.7254
2026-08-05 10:22:13.975929: val_loss -0.7052
2026-08-05 10:22:13.976066: Pseudo dice [np.float32(0.6552), np.float32(0.9027), np.float32(0.9012)]
2026-08-05 10:22:13.976192: Epoch time: 28.83 s
2026-08-05 10:22:15.333290: Yayy! New best EMA pseudo Dice: 0.8133999705314636
2026-08-05 10:22:22.304139: 
2026-08-05 10:22:22.304520: Epoch 50
2026-08-05 10:22:22.304629: Current learning rate: 0.00955
2026-08-05 10:22:51.045202: train_loss -0.7447
2026-08-05 10:22:51.045794: val_loss -0.728
2026-08-05 10:22:51.045997: Pseudo dice [np.float32(0.6708), np.float32(0.9141), np.float32(0.913)]
2026-08-05 10:22:51.046119: Epoch time: 28.74 s
2026-08-05 10:22:51.046206: Yayy! New best EMA pseudo Dice: 0.8154000043869019
2026-08-05 10:22:56.929883: 
2026-08-05 10:22:56.930277: Epoch 51
2026-08-05 10:22:56.930386: Current learning rate: 0.00954
2026-08-05 10:23:25.487560: train_loss -0.7444
2026-08-05 10:23:25.487998: val_loss -0.7255
2026-08-05 10:23:25.488130: Pseudo dice [np.float32(0.6688), np.float32(0.912), np.float32(0.9147)]
2026-08-05 10:23:25.488252: Epoch time: 28.56 s
2026-08-05 10:23:25.488337: Yayy! New best EMA pseudo Dice: 0.8169999718666077
2026-08-05 10:23:35.639450: 
2026-08-05 10:23:35.639818: Epoch 52
2026-08-05 10:23:35.639938: Current learning rate: 0.00953
2026-08-05 10:24:04.339644: train_loss -0.7429
2026-08-05 10:24:04.340195: val_loss -0.7349
2026-08-05 10:24:04.340328: Pseudo dice [np.float32(0.6747), np.float32(0.9135), np.float32(0.9241)]
2026-08-05 10:24:04.340459: Epoch time: 28.7 s
2026-08-05 10:24:04.340548: Yayy! New best EMA pseudo Dice: 0.8190000057220459
2026-08-05 10:24:11.122123: 
2026-08-05 10:24:11.122546: Epoch 53
2026-08-05 10:24:11.122646: Current learning rate: 0.00952
2026-08-05 10:24:39.826521: train_loss -0.7501
2026-08-05 10:24:39.826860: val_loss -0.7157
2026-08-05 10:24:39.827003: Pseudo dice [np.float32(0.6557), np.float32(0.8997), np.float32(0.9057)]
2026-08-05 10:24:39.827144: Epoch time: 28.71 s
2026-08-05 10:24:39.827235: Yayy! New best EMA pseudo Dice: 0.8191999793052673
2026-08-05 10:24:43.716960: 
2026-08-05 10:24:43.717314: Epoch 54
2026-08-05 10:24:43.717421: Current learning rate: 0.00951
2026-08-05 10:25:12.398096: train_loss -0.7495
2026-08-05 10:25:12.398700: val_loss -0.7497
2026-08-05 10:25:12.398839: Pseudo dice [np.float32(0.6789), np.float32(0.9193), np.float32(0.9259)]
2026-08-05 10:25:12.398989: Epoch time: 28.68 s
2026-08-05 10:25:12.399086: Yayy! New best EMA pseudo Dice: 0.821399986743927
2026-08-05 10:25:26.475455: 
2026-08-05 10:25:26.475898: Epoch 55
2026-08-05 10:25:26.476083: Current learning rate: 0.0095
2026-08-05 10:25:55.296060: train_loss -0.7353
2026-08-05 10:25:55.296522: val_loss -0.7132
2026-08-05 10:25:55.296650: Pseudo dice [np.float32(0.6573), np.float32(0.9138), np.float32(0.9161)]
2026-08-05 10:25:55.296786: Epoch time: 28.82 s
2026-08-05 10:25:55.296877: Yayy! New best EMA pseudo Dice: 0.8222000002861023
2026-08-05 10:26:00.399956: 
2026-08-05 10:26:00.400310: Epoch 56
2026-08-05 10:26:00.400529: Current learning rate: 0.00949
2026-08-05 10:26:29.120501: train_loss -0.7406
2026-08-05 10:26:29.120859: val_loss -0.7233
2026-08-05 10:26:29.121000: Pseudo dice [np.float32(0.6676), np.float32(0.907), np.float32(0.92)]
2026-08-05 10:26:29.121167: Epoch time: 28.72 s
2026-08-05 10:26:29.121255: Yayy! New best EMA pseudo Dice: 0.8230999708175659
2026-08-05 10:26:33.881679: 
2026-08-05 10:26:33.882126: Epoch 57
2026-08-05 10:26:33.882231: Current learning rate: 0.00949
2026-08-05 10:27:02.769432: train_loss -0.7498
2026-08-05 10:27:02.772045: val_loss -0.746
2026-08-05 10:27:02.772882: Pseudo dice [np.float32(0.6818), np.float32(0.9168), np.float32(0.9242)]
2026-08-05 10:27:02.773081: Epoch time: 28.89 s
2026-08-05 10:27:02.773225: Yayy! New best EMA pseudo Dice: 0.8248999714851379
2026-08-05 10:27:06.981939: 
2026-08-05 10:27:06.982313: Epoch 58
2026-08-05 10:27:06.982411: Current learning rate: 0.00948
2026-08-05 10:27:35.714167: train_loss -0.7571
2026-08-05 10:27:35.714888: val_loss -0.7059
2026-08-05 10:27:35.715054: Pseudo dice [np.float32(0.6713), np.float32(0.9023), np.float32(0.9024)]
2026-08-05 10:27:35.715217: Epoch time: 28.73 s
2026-08-05 10:27:35.715326: Yayy! New best EMA pseudo Dice: 0.8248999714851379
2026-08-05 10:27:39.961190: 
2026-08-05 10:27:39.961475: Epoch 59
2026-08-05 10:27:39.961590: Current learning rate: 0.00947
2026-08-05 10:28:08.706885: train_loss -0.7453
2026-08-05 10:28:08.707253: val_loss -0.7198
2026-08-05 10:28:08.707374: Pseudo dice [np.float32(0.6634), np.float32(0.9001), np.float32(0.9186)]
2026-08-05 10:28:08.707499: Epoch time: 28.75 s
2026-08-05 10:28:08.707587: Yayy! New best EMA pseudo Dice: 0.8252000212669373
2026-08-05 10:28:16.543774: 
2026-08-05 10:28:16.544127: Epoch 60
2026-08-05 10:28:16.544346: Current learning rate: 0.00946
2026-08-05 10:28:45.278942: train_loss -0.7471
2026-08-05 10:28:45.279511: val_loss -0.728
2026-08-05 10:28:45.280086: Pseudo dice [np.float32(0.6628), np.float32(0.9154), np.float32(0.9123)]
2026-08-05 10:28:45.280364: Epoch time: 28.74 s
2026-08-05 10:28:45.280588: Yayy! New best EMA pseudo Dice: 0.8256999850273132
2026-08-05 10:28:51.199817: 
2026-08-05 10:28:51.200171: Epoch 61
2026-08-05 10:28:51.200292: Current learning rate: 0.00945
2026-08-05 10:29:19.896862: train_loss -0.7528
2026-08-05 10:29:19.897461: val_loss -0.7198
2026-08-05 10:29:19.897592: Pseudo dice [np.float32(0.6653), np.float32(0.9046), np.float32(0.9116)]
2026-08-05 10:29:19.897717: Epoch time: 28.7 s
2026-08-05 10:29:19.897808: Yayy! New best EMA pseudo Dice: 0.8258000016212463
2026-08-05 10:29:31.195874: 
2026-08-05 10:29:31.196283: Epoch 62
2026-08-05 10:29:31.196460: Current learning rate: 0.00944
2026-08-05 10:29:59.753185: train_loss -0.7579
2026-08-05 10:29:59.753712: val_loss -0.733
2026-08-05 10:29:59.753835: Pseudo dice [np.float32(0.6778), np.float32(0.9084), np.float32(0.9155)]
2026-08-05 10:29:59.753971: Epoch time: 28.56 s
2026-08-05 10:29:59.754058: Yayy! New best EMA pseudo Dice: 0.8266000151634216
2026-08-05 10:30:09.870771: 
2026-08-05 10:30:09.871150: Epoch 63
2026-08-05 10:30:09.871303: Current learning rate: 0.00943
2026-08-05 10:30:38.849190: train_loss -0.7519
2026-08-05 10:30:38.849658: val_loss -0.7299
2026-08-05 10:30:38.849969: Pseudo dice [np.float32(0.6692), np.float32(0.9038), np.float32(0.9186)]
2026-08-05 10:30:38.850114: Epoch time: 28.98 s
2026-08-05 10:30:38.850206: Yayy! New best EMA pseudo Dice: 0.8270000219345093
2026-08-05 10:30:43.780994: 
2026-08-05 10:30:43.781274: Epoch 64
2026-08-05 10:30:43.781446: Current learning rate: 0.00942
2026-08-05 10:31:12.434360: train_loss -0.7638
2026-08-05 10:31:12.434742: val_loss -0.703
2026-08-05 10:31:12.434863: Pseudo dice [np.float32(0.6592), np.float32(0.8864), np.float32(0.916)]
2026-08-05 10:31:12.435031: Epoch time: 28.66 s
2026-08-05 10:31:13.285772: 
2026-08-05 10:31:13.286166: Epoch 65
2026-08-05 10:31:13.286316: Current learning rate: 0.00941
2026-08-05 10:31:41.769588: train_loss -0.7632
2026-08-05 10:31:41.769940: val_loss -0.7361
2026-08-05 10:31:41.770067: Pseudo dice [np.float32(0.6678), np.float32(0.9239), np.float32(0.9108)]
2026-08-05 10:31:41.770189: Epoch time: 28.49 s
2026-08-05 10:31:41.770408: Yayy! New best EMA pseudo Dice: 0.8270999789237976
2026-08-05 10:31:49.028961: 
2026-08-05 10:31:49.029379: Epoch 66
2026-08-05 10:31:49.029484: Current learning rate: 0.0094
2026-08-05 10:32:17.780231: train_loss -0.7628
2026-08-05 10:32:18.374098: val_loss -0.7419
2026-08-05 10:32:18.374324: Pseudo dice [np.float32(0.6738), np.float32(0.9189), np.float32(0.9218)]
2026-08-05 10:32:18.374462: Epoch time: 28.75 s
2026-08-05 10:32:18.374557: Yayy! New best EMA pseudo Dice: 0.8281999826431274
2026-08-05 10:32:53.641680: 
2026-08-05 10:32:53.642121: Epoch 67
2026-08-05 10:32:53.642254: Current learning rate: 0.00939
2026-08-05 10:33:22.297447: train_loss -0.7609
2026-08-05 10:33:22.297882: val_loss -0.7359
2026-08-05 10:33:22.300301: Pseudo dice [np.float32(0.6742), np.float32(0.9123), np.float32(0.9149)]
2026-08-05 10:33:22.300540: Epoch time: 28.66 s
2026-08-05 10:33:22.300648: Yayy! New best EMA pseudo Dice: 0.8288000226020813
2026-08-05 10:33:31.592519: 
2026-08-05 10:33:31.592912: Epoch 68
2026-08-05 10:33:31.593020: Current learning rate: 0.00939
2026-08-05 10:34:00.247351: train_loss -0.7673
2026-08-05 10:34:00.247838: val_loss -0.7343
2026-08-05 10:34:00.248076: Pseudo dice [np.float32(0.6653), np.float32(0.9076), np.float32(0.9125)]
2026-08-05 10:34:01.231375: Epoch time: 28.66 s
2026-08-05 10:34:02.118263: 
2026-08-05 10:34:02.118707: Epoch 69
2026-08-05 10:34:02.118868: Current learning rate: 0.00938
2026-08-05 10:34:31.038677: train_loss -0.7682
2026-08-05 10:34:31.039030: val_loss -0.7269
2026-08-05 10:34:31.039236: Pseudo dice [np.float32(0.6804), np.float32(0.9166), np.float32(0.9001)]
2026-08-05 10:34:31.039366: Epoch time: 28.92 s
2026-08-05 10:34:31.039457: Yayy! New best EMA pseudo Dice: 0.8291000127792358
2026-08-05 10:34:35.665843: 
2026-08-05 10:34:35.666296: Epoch 70
2026-08-05 10:34:35.666402: Current learning rate: 0.00937
2026-08-05 10:35:04.582460: train_loss -0.7603
2026-08-05 10:35:04.585155: val_loss -0.7183
2026-08-05 10:35:04.585436: Pseudo dice [np.float32(0.6761), np.float32(0.9112), np.float32(0.8963)]
2026-08-05 10:35:04.586208: Epoch time: 28.92 s
2026-08-05 10:35:05.470512: 
2026-08-05 10:35:05.470946: Epoch 71
2026-08-05 10:35:05.471053: Current learning rate: 0.00936
2026-08-05 10:35:34.119090: train_loss -0.7666
2026-08-05 10:35:34.119372: val_loss -0.7384
2026-08-05 10:35:34.119493: Pseudo dice [np.float32(0.6743), np.float32(0.9119), np.float32(0.9251)]
2026-08-05 10:35:34.119614: Epoch time: 28.65 s
2026-08-05 10:35:34.119703: Yayy! New best EMA pseudo Dice: 0.829800009727478
2026-08-05 10:35:44.331712: 
2026-08-05 10:35:44.331989: Epoch 72
2026-08-05 10:35:44.332205: Current learning rate: 0.00935
2026-08-05 10:36:13.079261: train_loss -0.7649
2026-08-05 10:36:13.081829: val_loss -0.7475
2026-08-05 10:36:13.082141: Pseudo dice [np.float32(0.6829), np.float32(0.9196), np.float32(0.9229)]
2026-08-05 10:36:13.082288: Epoch time: 28.75 s
2026-08-05 10:36:13.082381: Yayy! New best EMA pseudo Dice: 0.8309999704360962
2026-08-05 10:36:22.076232: 
2026-08-05 10:36:22.076607: Epoch 73
2026-08-05 10:36:22.076717: Current learning rate: 0.00934
2026-08-05 10:36:50.624266: train_loss -0.7758
2026-08-05 10:36:50.624867: val_loss -0.7477
2026-08-05 10:36:50.625018: Pseudo dice [np.float32(0.6886), np.float32(0.9224), np.float32(0.9201)]
2026-08-05 10:36:50.625165: Epoch time: 28.55 s
2026-08-05 10:36:50.625359: Yayy! New best EMA pseudo Dice: 0.8323000073432922
2026-08-05 10:36:59.112167: 
2026-08-05 10:36:59.112608: Epoch 74
2026-08-05 10:36:59.112784: Current learning rate: 0.00933
2026-08-05 10:37:27.677698: train_loss -0.7741
2026-08-05 10:37:27.678419: val_loss -0.743
2026-08-05 10:37:27.678559: Pseudo dice [np.float32(0.6703), np.float32(0.9071), np.float32(0.9254)]
2026-08-05 10:37:27.678703: Epoch time: 28.57 s
2026-08-05 10:37:27.678790: Yayy! New best EMA pseudo Dice: 0.8324999809265137
2026-08-05 10:37:32.523871: 
2026-08-05 10:37:32.524256: Epoch 75
2026-08-05 10:37:32.524389: Current learning rate: 0.00932
2026-08-05 10:38:01.369304: train_loss -0.7751
2026-08-05 10:38:01.369806: val_loss -0.7518
2026-08-05 10:38:01.369959: Pseudo dice [np.float32(0.6857), np.float32(0.9161), np.float32(0.9263)]
2026-08-05 10:38:01.370101: Epoch time: 28.85 s
2026-08-05 10:38:01.370187: Yayy! New best EMA pseudo Dice: 0.8335000276565552
2026-08-05 10:38:06.760921: 
2026-08-05 10:38:06.761298: Epoch 76
2026-08-05 10:38:06.761406: Current learning rate: 0.00931
2026-08-05 10:38:35.402138: train_loss -0.7755
2026-08-05 10:38:35.402682: val_loss -0.7416
2026-08-05 10:38:35.403033: Pseudo dice [np.float32(0.6757), np.float32(0.9175), np.float32(0.9242)]
2026-08-05 10:38:35.403329: Epoch time: 28.64 s
2026-08-05 10:38:35.403522: Yayy! New best EMA pseudo Dice: 0.8341000080108643
2026-08-05 10:38:41.568397: 
2026-08-05 10:38:41.568721: Epoch 77
2026-08-05 10:38:41.568824: Current learning rate: 0.0093
2026-08-05 10:39:10.401455: train_loss -0.7646
2026-08-05 10:39:10.402998: val_loss -0.724
2026-08-05 10:39:10.403432: Pseudo dice [np.float32(0.6587), np.float32(0.9065), np.float32(0.9189)]
2026-08-05 10:39:10.403573: Epoch time: 28.84 s
2026-08-05 10:39:11.267582: 
2026-08-05 10:39:11.267855: Epoch 78
2026-08-05 10:39:11.267989: Current learning rate: 0.0093
2026-08-05 10:39:39.908288: train_loss -0.7794
2026-08-05 10:39:39.908914: val_loss -0.7444
2026-08-05 10:39:39.909044: Pseudo dice [np.float32(0.6871), np.float32(0.9138), np.float32(0.9257)]
2026-08-05 10:39:39.909167: Epoch time: 28.64 s
2026-08-05 10:39:39.909260: Yayy! New best EMA pseudo Dice: 0.8342999815940857
2026-08-05 10:39:50.503474: 
2026-08-05 10:39:50.503829: Epoch 79
2026-08-05 10:39:50.503953: Current learning rate: 0.00929
2026-08-05 10:40:19.469394: train_loss -0.7786
2026-08-05 10:40:19.470049: val_loss -0.7266
2026-08-05 10:40:19.470336: Pseudo dice [np.float32(0.6753), np.float32(0.9072), np.float32(0.9195)]
2026-08-05 10:40:19.471064: Epoch time: 28.97 s
2026-08-05 10:40:20.492854: 
2026-08-05 10:40:20.493261: Epoch 80
2026-08-05 10:40:20.493371: Current learning rate: 0.00928
2026-08-05 10:40:49.632472: train_loss -0.7686
2026-08-05 10:40:49.632823: val_loss -0.7541
2026-08-05 10:40:49.633036: Pseudo dice [np.float32(0.6922), np.float32(0.923), np.float32(0.9217)]
2026-08-05 10:40:49.633163: Epoch time: 29.14 s
2026-08-05 10:40:49.633249: Yayy! New best EMA pseudo Dice: 0.8353999853134155
2026-08-05 10:40:54.593838: 
2026-08-05 10:40:54.594125: Epoch 81
2026-08-05 10:40:54.594361: Current learning rate: 0.00927
2026-08-05 10:41:23.743565: train_loss -0.7711
2026-08-05 10:41:23.744364: val_loss -0.7191
2026-08-05 10:41:23.744498: Pseudo dice [np.float32(0.6733), np.float32(0.9037), np.float32(0.9148)]
2026-08-05 10:41:23.744637: Epoch time: 29.15 s
2026-08-05 10:41:24.572161: 
2026-08-05 10:41:24.572441: Epoch 82
2026-08-05 10:41:24.572556: Current learning rate: 0.00926
2026-08-05 10:41:53.388448: train_loss -0.7834
2026-08-05 10:41:53.574935: val_loss -0.7457
2026-08-05 10:41:53.575305: Pseudo dice [np.float32(0.684), np.float32(0.9244), np.float32(0.9227)]
2026-08-05 10:41:53.575464: Epoch time: 28.82 s
2026-08-05 10:41:53.575566: Yayy! New best EMA pseudo Dice: 0.8357999920845032
2026-08-05 10:42:01.763673: 
2026-08-05 10:42:01.764149: Epoch 83
2026-08-05 10:42:01.764285: Current learning rate: 0.00925
2026-08-05 10:42:30.544888: train_loss -0.788
2026-08-05 10:42:30.550888: val_loss -0.7419
2026-08-05 10:42:30.551141: Pseudo dice [np.float32(0.674), np.float32(0.9175), np.float32(0.9225)]
2026-08-05 10:42:30.551290: Epoch time: 28.78 s
2026-08-05 10:42:30.551378: Yayy! New best EMA pseudo Dice: 0.8360000252723694
2026-08-05 10:42:43.482223: 
2026-08-05 10:42:43.482650: Epoch 84
2026-08-05 10:42:43.482882: Current learning rate: 0.00924
2026-08-05 10:43:11.719075: train_loss -0.7878
2026-08-05 10:43:11.719647: val_loss -0.7384
2026-08-05 10:43:11.719864: Pseudo dice [np.float32(0.6741), np.float32(0.9107), np.float32(0.9163)]
2026-08-05 10:43:11.720043: Epoch time: 28.24 s
2026-08-05 10:43:12.544977: 
2026-08-05 10:43:12.545398: Epoch 85
2026-08-05 10:43:12.545506: Current learning rate: 0.00923
2026-08-05 10:43:41.390032: train_loss -0.7828
2026-08-05 10:43:41.393097: val_loss -0.7253
2026-08-05 10:43:41.393307: Pseudo dice [np.float32(0.674), np.float32(0.9184), np.float32(0.9171)]
2026-08-05 10:43:41.393472: Epoch time: 28.85 s
2026-08-05 10:43:42.214734: 
2026-08-05 10:43:42.215171: Epoch 86
2026-08-05 10:43:42.215283: Current learning rate: 0.00922
2026-08-05 10:44:10.887859: train_loss -0.7855
2026-08-05 10:44:10.888446: val_loss -0.737
2026-08-05 10:44:10.888572: Pseudo dice [np.float32(0.6731), np.float32(0.9077), np.float32(0.9228)]
2026-08-05 10:44:10.888699: Epoch time: 28.68 s
2026-08-05 10:44:11.696125: 
2026-08-05 10:44:11.696428: Epoch 87
2026-08-05 10:44:11.696588: Current learning rate: 0.00921
2026-08-05 10:44:40.312664: train_loss -0.7842
2026-08-05 10:44:40.313239: val_loss -0.7466
2026-08-05 10:44:40.313758: Pseudo dice [np.float32(0.6823), np.float32(0.9115), np.float32(0.9211)]
2026-08-05 10:44:40.314116: Epoch time: 28.62 s
2026-08-05 10:44:41.659362: 
2026-08-05 10:44:41.659714: Epoch 88
2026-08-05 10:44:41.659881: Current learning rate: 0.0092
2026-08-05 10:45:10.380151: train_loss -0.7794
2026-08-05 10:45:10.384658: val_loss -0.7323
2026-08-05 10:45:10.384843: Pseudo dice [np.float32(0.6648), np.float32(0.9182), np.float32(0.9197)]
2026-08-05 10:45:10.439083: Epoch time: 28.72 s
2026-08-05 10:45:11.256559: 
2026-08-05 10:45:11.256868: Epoch 89
2026-08-05 10:45:11.257026: Current learning rate: 0.0092
2026-08-05 10:45:40.015448: train_loss -0.7406
2026-08-05 10:45:40.016435: val_loss -0.7114
2026-08-05 10:45:40.016850: Pseudo dice [np.float32(0.6714), np.float32(0.9048), np.float32(0.9125)]
2026-08-05 10:45:40.017135: Epoch time: 28.76 s
2026-08-05 10:45:40.839245: 
2026-08-05 10:45:40.839564: Epoch 90
2026-08-05 10:45:40.839693: Current learning rate: 0.00919
2026-08-05 10:46:09.401133: train_loss -0.7504
2026-08-05 10:46:09.422034: val_loss -0.7266
2026-08-05 10:46:09.422385: Pseudo dice [np.float32(0.6712), np.float32(0.903), np.float32(0.9141)]
2026-08-05 10:46:09.422513: Epoch time: 28.56 s
2026-08-05 10:46:10.370776: 
2026-08-05 10:46:10.371102: Epoch 91
2026-08-05 10:46:10.371277: Current learning rate: 0.00918
2026-08-05 10:46:39.158584: train_loss -0.7717
2026-08-05 10:46:39.158972: val_loss -0.7289
2026-08-05 10:46:39.159098: Pseudo dice [np.float32(0.6788), np.float32(0.9176), np.float32(0.9096)]
2026-08-05 10:46:39.159211: Epoch time: 28.79 s
2026-08-05 10:46:40.036060: 
2026-08-05 10:46:40.036449: Epoch 92
2026-08-05 10:46:40.036583: Current learning rate: 0.00917
2026-08-05 10:47:08.702467: train_loss -0.7764
2026-08-05 10:47:08.702800: val_loss -0.726
2026-08-05 10:47:08.702945: Pseudo dice [np.float32(0.6726), np.float32(0.9084), np.float32(0.9107)]
2026-08-05 10:47:08.703201: Epoch time: 28.67 s
2026-08-05 10:47:09.463004: 
2026-08-05 10:47:09.463339: Epoch 93
2026-08-05 10:47:09.463445: Current learning rate: 0.00916
2026-08-05 10:47:37.767125: train_loss -0.7767
2026-08-05 10:47:37.767489: val_loss -0.7383
2026-08-05 10:47:37.767620: Pseudo dice [np.float32(0.6812), np.float32(0.9178), np.float32(0.9176)]
2026-08-05 10:47:37.767746: Epoch time: 28.31 s
2026-08-05 10:47:38.578845: 
2026-08-05 10:47:38.579071: Epoch 94
2026-08-05 10:47:38.579419: Current learning rate: 0.00915
2026-08-05 10:48:07.007355: train_loss -0.7706
2026-08-05 10:48:07.007709: val_loss -0.7395
2026-08-05 10:48:07.007982: Pseudo dice [np.float32(0.6822), np.float32(0.9168), np.float32(0.9201)]
2026-08-05 10:48:07.008106: Epoch time: 28.43 s
2026-08-05 10:48:07.815856: 
2026-08-05 10:48:07.816185: Epoch 95
2026-08-05 10:48:07.816296: Current learning rate: 0.00914
2026-08-05 10:48:36.401103: train_loss -0.7777
2026-08-05 10:48:36.406163: val_loss -0.7163
2026-08-05 10:48:36.406363: Pseudo dice [np.float32(0.6647), np.float32(0.9044), np.float32(0.9153)]
2026-08-05 10:48:36.406490: Epoch time: 28.59 s
2026-08-05 10:48:37.546788: 
2026-08-05 10:48:37.547084: Epoch 96
2026-08-05 10:48:37.547208: Current learning rate: 0.00913
2026-08-05 10:49:06.449587: train_loss -0.7882
2026-08-05 10:49:06.662684: val_loss -0.7499
2026-08-05 10:49:06.662908: Pseudo dice [np.float32(0.6879), np.float32(0.9235), np.float32(0.9174)]
2026-08-05 10:49:06.663055: Epoch time: 28.91 s
2026-08-05 10:49:07.546328: 
2026-08-05 10:49:07.546727: Epoch 97
2026-08-05 10:49:07.546970: Current learning rate: 0.00912
2026-08-05 10:49:36.174652: train_loss -0.7775
2026-08-05 10:49:36.376986: val_loss -0.7557
2026-08-05 10:49:36.377258: Pseudo dice [np.float32(0.6964), np.float32(0.9206), np.float32(0.9243)]
2026-08-05 10:49:36.377405: Epoch time: 28.63 s
2026-08-05 10:49:36.377497: Yayy! New best EMA pseudo Dice: 0.8364999890327454
2026-08-05 10:49:41.123674: 
2026-08-05 10:49:41.123946: Epoch 98
2026-08-05 10:49:41.124137: Current learning rate: 0.00911
2026-08-05 10:50:14.354127: train_loss -0.7891
2026-08-05 10:50:14.354797: val_loss -0.7296
2026-08-05 10:50:14.354956: Pseudo dice [np.float32(0.6618), np.float32(0.9039), np.float32(0.9122)]
2026-08-05 10:50:14.355093: Epoch time: 33.23 s
2026-08-05 10:50:15.309856: 
2026-08-05 10:50:15.310223: Epoch 99
2026-08-05 10:50:15.310441: Current learning rate: 0.0091
2026-08-05 10:50:47.255585: train_loss -0.786
2026-08-05 10:50:47.256105: val_loss -0.7189
2026-08-05 10:50:47.256382: Pseudo dice [np.float32(0.6665), np.float32(0.9161), np.float32(0.9114)]
2026-08-05 10:50:47.256883: Epoch time: 31.95 s
2026-08-05 10:50:53.366396: 
2026-08-05 10:50:53.366813: Epoch 100
2026-08-05 10:50:53.366936: Current learning rate: 0.0091
2026-08-05 10:51:22.025071: train_loss -0.7814
2026-08-05 10:51:22.026097: val_loss -0.732
2026-08-05 10:51:22.026794: Pseudo dice [np.float32(0.6778), np.float32(0.9106), np.float32(0.91)]
2026-08-05 10:51:22.027248: Epoch time: 28.66 s
2026-08-05 10:51:22.852619: 
2026-08-05 10:51:22.852940: Epoch 101
2026-08-05 10:51:22.853160: Current learning rate: 0.00909
2026-08-05 10:51:51.715441: train_loss -0.7826
2026-08-05 10:51:51.715802: val_loss -0.7401
2026-08-05 10:51:51.715964: Pseudo dice [np.float32(0.6804), np.float32(0.9054), np.float32(0.9219)]
2026-08-05 10:51:51.716277: Epoch time: 28.87 s
2026-08-05 10:51:52.535369: 
2026-08-05 10:51:52.535704: Epoch 102
2026-08-05 10:51:52.535817: Current learning rate: 0.00908
2026-08-05 10:52:21.296600: train_loss -0.7645
2026-08-05 10:52:21.296866: val_loss -0.6969
2026-08-05 10:52:21.297005: Pseudo dice [np.float32(0.6577), np.float32(0.8906), np.float32(0.9043)]
2026-08-05 10:52:21.299605: Epoch time: 28.76 s
2026-08-05 10:52:22.453300: 
2026-08-05 10:52:22.453711: Epoch 103
2026-08-05 10:52:22.453824: Current learning rate: 0.00907
2026-08-05 10:52:51.179551: train_loss -0.7694
2026-08-05 10:52:51.180029: val_loss -0.7231
2026-08-05 10:52:51.180250: Pseudo dice [np.float32(0.6809), np.float32(0.8919), np.float32(0.9159)]
2026-08-05 10:52:51.180391: Epoch time: 28.73 s
2026-08-05 10:52:51.981949: 
2026-08-05 10:52:51.982218: Epoch 104
2026-08-05 10:52:51.982404: Current learning rate: 0.00906
2026-08-05 10:53:20.569571: train_loss -0.7434
2026-08-05 10:53:20.596233: val_loss -0.7339
2026-08-05 10:53:20.596385: Pseudo dice [np.float32(0.682), np.float32(0.9094), np.float32(0.9096)]
2026-08-05 10:53:20.596519: Epoch time: 28.59 s
2026-08-05 10:53:21.456898: 
2026-08-05 10:53:21.457209: Epoch 105
2026-08-05 10:53:21.457308: Current learning rate: 0.00905
2026-08-05 10:53:49.978526: train_loss -0.7524
2026-08-05 10:53:50.135694: val_loss -0.7111
2026-08-05 10:53:50.135932: Pseudo dice [np.float32(0.6658), np.float32(0.8928), np.float32(0.9168)]
2026-08-05 10:53:50.136076: Epoch time: 28.52 s
2026-08-05 10:53:50.993851: 
2026-08-05 10:53:50.994262: Epoch 106
2026-08-05 10:53:50.994368: Current learning rate: 0.00904
2026-08-05 10:54:19.785686: train_loss -0.7777
2026-08-05 10:54:19.786026: val_loss -0.7318
2026-08-05 10:54:19.786154: Pseudo dice [np.float32(0.6664), np.float32(0.9139), np.float32(0.9214)]
2026-08-05 10:54:19.786380: Epoch time: 28.79 s
2026-08-05 10:54:20.616703: 
2026-08-05 10:54:20.617075: Epoch 107
2026-08-05 10:54:20.617306: Current learning rate: 0.00903
2026-08-05 10:54:49.439275: train_loss -0.7853
2026-08-05 10:54:49.439810: val_loss -0.7223
2026-08-05 10:54:49.439968: Pseudo dice [np.float32(0.6643), np.float32(0.9154), np.float32(0.9111)]
2026-08-05 10:54:49.440092: Epoch time: 28.83 s
2026-08-05 10:54:50.250446: 
2026-08-05 10:54:50.250844: Epoch 108
2026-08-05 10:54:50.250955: Current learning rate: 0.00902
2026-08-05 10:55:18.993171: train_loss -0.7829
2026-08-05 10:55:21.485565: val_loss -0.7387
2026-08-05 10:55:21.485854: Pseudo dice [np.float32(0.6789), np.float32(0.9167), np.float32(0.9226)]
2026-08-05 10:55:21.486086: Epoch time: 28.75 s
2026-08-05 10:55:22.461444: 
2026-08-05 10:55:22.461868: Epoch 109
2026-08-05 10:55:22.461982: Current learning rate: 0.00901
2026-08-05 10:55:51.292799: train_loss -0.7884
2026-08-05 10:55:51.293518: val_loss -0.7609
2026-08-05 10:55:51.294120: Pseudo dice [np.float32(0.6957), np.float32(0.9189), np.float32(0.9287)]
2026-08-05 10:55:51.294465: Epoch time: 28.83 s
2026-08-05 10:55:52.134774: 
2026-08-05 10:55:52.135085: Epoch 110
2026-08-05 10:55:52.135197: Current learning rate: 0.009
2026-08-05 10:56:21.395791: train_loss -0.7913
2026-08-05 10:56:21.401340: val_loss -0.7499
2026-08-05 10:56:21.401509: Pseudo dice [np.float32(0.6847), np.float32(0.9245), np.float32(0.9211)]
2026-08-05 10:56:21.447037: Epoch time: 29.26 s
2026-08-05 10:56:22.267454: 
2026-08-05 10:56:22.267852: Epoch 111
2026-08-05 10:56:22.267967: Current learning rate: 0.009
2026-08-05 10:56:51.132396: train_loss -0.7926
2026-08-05 10:56:51.161975: val_loss -0.736
2026-08-05 10:56:51.162151: Pseudo dice [np.float32(0.6812), np.float32(0.8963), np.float32(0.9158)]
2026-08-05 10:56:51.162403: Epoch time: 28.87 s
2026-08-05 10:56:52.036784: 
2026-08-05 10:56:52.037200: Epoch 112
2026-08-05 10:56:52.037363: Current learning rate: 0.00899
2026-08-05 10:57:20.827464: train_loss -0.7935
2026-08-05 10:57:21.001498: val_loss -0.73
2026-08-05 10:57:21.001698: Pseudo dice [np.float32(0.6845), np.float32(0.8916), np.float32(0.928)]
2026-08-05 10:57:21.001836: Epoch time: 28.79 s
2026-08-05 10:57:21.844230: 
2026-08-05 10:57:21.844585: Epoch 113
2026-08-05 10:57:21.844686: Current learning rate: 0.00898
2026-08-05 10:57:50.604421: train_loss -0.7521
2026-08-05 10:57:50.604959: val_loss -0.7087
2026-08-05 10:57:50.605221: Pseudo dice [np.float32(0.6581), np.float32(0.9023), np.float32(0.9086)]
2026-08-05 10:57:50.605806: Epoch time: 28.76 s
2026-08-05 10:57:51.453771: 
2026-08-05 10:57:51.454014: Epoch 114
2026-08-05 10:57:51.454262: Current learning rate: 0.00897
2026-08-05 10:58:20.014237: train_loss -0.7684
2026-08-05 10:58:20.014713: val_loss -0.7349
2026-08-05 10:58:20.014842: Pseudo dice [np.float32(0.6831), np.float32(0.9126), np.float32(0.9106)]
2026-08-05 10:58:20.015052: Epoch time: 28.56 s
2026-08-05 10:58:20.817449: 
2026-08-05 10:58:20.817708: Epoch 115
2026-08-05 10:58:20.817976: Current learning rate: 0.00896
2026-08-05 10:58:49.419266: train_loss -0.7775
2026-08-05 10:58:49.420543: val_loss -0.7221
2026-08-05 10:58:49.421160: Pseudo dice [np.float32(0.6578), np.float32(0.9105), np.float32(0.9116)]
2026-08-05 10:58:49.421594: Epoch time: 28.6 s
2026-08-05 10:58:50.224201: 
2026-08-05 10:58:50.224638: Epoch 116
2026-08-05 10:58:50.224778: Current learning rate: 0.00895
2026-08-05 10:59:18.936702: train_loss -0.7695
2026-08-05 10:59:18.937144: val_loss -0.7423
2026-08-05 10:59:18.937270: Pseudo dice [np.float32(0.6944), np.float32(0.9123), np.float32(0.921)]
2026-08-05 10:59:18.937391: Epoch time: 28.72 s
2026-08-05 10:59:19.763885: 
2026-08-05 10:59:19.764291: Epoch 117
2026-08-05 10:59:19.764409: Current learning rate: 0.00894
2026-08-05 10:59:48.950777: train_loss -0.7829
2026-08-05 10:59:48.951287: val_loss -0.7509
2026-08-05 10:59:48.951420: Pseudo dice [np.float32(0.6836), np.float32(0.9192), np.float32(0.9257)]
2026-08-05 10:59:48.951682: Epoch time: 29.19 s
2026-08-05 10:59:50.158322: 
2026-08-05 10:59:50.158618: Epoch 118
2026-08-05 10:59:50.158924: Current learning rate: 0.00893
2026-08-05 11:00:18.928650: train_loss -0.7828
2026-08-05 11:00:19.280227: val_loss -0.7242
2026-08-05 11:00:19.280593: Pseudo dice [np.float32(0.6658), np.float32(0.9119), np.float32(0.9082)]
2026-08-05 11:00:19.280742: Epoch time: 28.77 s
2026-08-05 11:00:20.274454: 
2026-08-05 11:00:20.274832: Epoch 119
2026-08-05 11:00:20.274935: Current learning rate: 0.00892
2026-08-05 11:00:49.102010: train_loss -0.7846
2026-08-05 11:00:49.102374: val_loss -0.7564
2026-08-05 11:00:49.102622: Pseudo dice [np.float32(0.6877), np.float32(0.9283), np.float32(0.9144)]
2026-08-05 11:00:49.102809: Epoch time: 28.83 s
2026-08-05 11:00:49.891791: 
2026-08-05 11:00:49.892131: Epoch 120
2026-08-05 11:00:49.892335: Current learning rate: 0.00891
2026-08-05 11:01:18.506232: train_loss -0.7969
2026-08-05 11:01:18.725310: val_loss -0.7343
2026-08-05 11:01:18.725610: Pseudo dice [np.float32(0.6868), np.float32(0.9124), np.float32(0.9154)]
2026-08-05 11:01:18.725823: Epoch time: 28.62 s
2026-08-05 11:01:19.587047: 
2026-08-05 11:01:19.587392: Epoch 121
2026-08-05 11:01:19.587528: Current learning rate: 0.0089
2026-08-05 11:01:48.244147: train_loss -0.7857
2026-08-05 11:01:48.244558: val_loss -0.7374
2026-08-05 11:01:48.244871: Pseudo dice [np.float32(0.6807), np.float32(0.9085), np.float32(0.9141)]
2026-08-05 11:01:48.245135: Epoch time: 28.66 s
2026-08-05 11:01:49.124717: 
2026-08-05 11:01:49.125164: Epoch 122
2026-08-05 11:01:49.125319: Current learning rate: 0.00889
2026-08-05 11:02:17.653511: train_loss -0.7913
2026-08-05 11:02:17.953888: val_loss -0.7434
2026-08-05 11:02:17.954159: Pseudo dice [np.float32(0.6779), np.float32(0.9184), np.float32(0.9219)]
2026-08-05 11:02:17.954301: Epoch time: 28.53 s
2026-08-05 11:02:18.878554: 
2026-08-05 11:02:18.878978: Epoch 123
2026-08-05 11:02:18.879086: Current learning rate: 0.00889
2026-08-05 11:02:47.328422: train_loss -0.7966
2026-08-05 11:02:47.551593: val_loss -0.7511
2026-08-05 11:02:47.551801: Pseudo dice [np.float32(0.6943), np.float32(0.9194), np.float32(0.921)]
2026-08-05 11:02:47.552084: Epoch time: 28.45 s
2026-08-05 11:02:47.552188: Yayy! New best EMA pseudo Dice: 0.8367000222206116
2026-08-05 11:02:58.391752: 
2026-08-05 11:02:58.392047: Epoch 124
2026-08-05 11:02:58.392199: Current learning rate: 0.00888
2026-08-05 11:03:26.866651: train_loss -0.7978
2026-08-05 11:03:27.220661: val_loss -0.7505
2026-08-05 11:03:27.220874: Pseudo dice [np.float32(0.6937), np.float32(0.9219), np.float32(0.9179)]
2026-08-05 11:03:27.221030: Epoch time: 28.48 s
2026-08-05 11:03:27.221122: Yayy! New best EMA pseudo Dice: 0.8374999761581421
2026-08-05 11:03:34.733382: 
2026-08-05 11:03:34.733737: Epoch 125
2026-08-05 11:03:34.733845: Current learning rate: 0.00887
2026-08-05 11:04:03.391278: train_loss -0.7759
2026-08-05 11:04:03.499065: val_loss -0.7599
2026-08-05 11:04:03.499346: Pseudo dice [np.float32(0.6893), np.float32(0.9272), np.float32(0.9265)]
2026-08-05 11:04:03.499504: Epoch time: 28.66 s
2026-08-05 11:04:03.499597: Yayy! New best EMA pseudo Dice: 0.8385000228881836
2026-08-05 11:04:07.866322: 
2026-08-05 11:04:07.866746: Epoch 126
2026-08-05 11:04:07.866856: Current learning rate: 0.00886
2026-08-05 11:04:36.444173: train_loss -0.7759
2026-08-05 11:04:36.444567: val_loss -0.7169
2026-08-05 11:04:36.444762: Pseudo dice [np.float32(0.6715), np.float32(0.8966), np.float32(0.9201)]
2026-08-05 11:04:36.445009: Epoch time: 28.58 s
2026-08-05 11:04:37.291070: 
2026-08-05 11:04:37.291469: Epoch 127
2026-08-05 11:04:37.291584: Current learning rate: 0.00885
2026-08-05 11:05:05.776339: train_loss -0.7884
2026-08-05 11:05:05.909885: val_loss -0.7496
2026-08-05 11:05:05.910097: Pseudo dice [np.float32(0.6961), np.float32(0.9216), np.float32(0.9275)]
2026-08-05 11:05:05.910229: Epoch time: 28.49 s
2026-08-05 11:05:05.910326: Yayy! New best EMA pseudo Dice: 0.838699996471405
2026-08-05 11:05:13.667676: 
2026-08-05 11:05:13.668936: Epoch 128
2026-08-05 11:05:13.669095: Current learning rate: 0.00884
2026-08-05 11:05:42.543075: train_loss -0.7951
2026-08-05 11:05:42.735408: val_loss -0.7708
2026-08-05 11:05:42.735612: Pseudo dice [np.float32(0.6967), np.float32(0.9313), np.float32(0.9381)]
2026-08-05 11:05:42.735756: Epoch time: 28.88 s
2026-08-05 11:05:42.735847: Yayy! New best EMA pseudo Dice: 0.8403000235557556
2026-08-05 11:05:46.557551: 
2026-08-05 11:05:46.758842: Epoch 129
2026-08-05 11:05:46.759030: Current learning rate: 0.00883
2026-08-05 11:06:15.510728: train_loss -0.7964
2026-08-05 11:06:15.599228: val_loss -0.7605
2026-08-05 11:06:15.599422: Pseudo dice [np.float32(0.6959), np.float32(0.9167), np.float32(0.9308)]
2026-08-05 11:06:15.599567: Epoch time: 28.96 s
2026-08-05 11:06:15.599676: Yayy! New best EMA pseudo Dice: 0.8410999774932861
2026-08-05 11:06:21.517708: 
2026-08-05 11:06:21.888622: Epoch 130
2026-08-05 11:06:21.888800: Current learning rate: 0.00882
2026-08-05 11:06:50.857510: train_loss -0.7951
2026-08-05 11:06:50.858135: val_loss -0.7561
2026-08-05 11:06:50.858320: Pseudo dice [np.float32(0.6989), np.float32(0.9254), np.float32(0.9225)]
2026-08-05 11:06:50.858540: Epoch time: 29.34 s
2026-08-05 11:06:50.858634: Yayy! New best EMA pseudo Dice: 0.8418999910354614
2026-08-05 11:06:55.566190: 
2026-08-05 11:06:55.569476: Epoch 131
2026-08-05 11:06:55.569591: Current learning rate: 0.00881
2026-08-05 11:07:24.638221: train_loss -0.7993
2026-08-05 11:07:24.767342: val_loss -0.7478
2026-08-05 11:07:24.785338: Pseudo dice [np.float32(0.6871), np.float32(0.9114), np.float32(0.9224)]
2026-08-05 11:07:24.785630: Epoch time: 29.08 s
2026-08-05 11:07:25.664536: 
2026-08-05 11:07:25.664772: Epoch 132
2026-08-05 11:07:25.664904: Current learning rate: 0.0088
2026-08-05 11:07:54.393636: train_loss -0.7951
2026-08-05 11:07:54.582253: val_loss -0.7424
2026-08-05 11:07:54.582519: Pseudo dice [np.float32(0.7038), np.float32(0.9124), np.float32(0.9241)]
2026-08-05 11:07:54.582886: Epoch time: 28.73 s
2026-08-05 11:07:54.583119: Yayy! New best EMA pseudo Dice: 0.842199981212616
2026-08-05 11:07:59.631743: 
2026-08-05 11:07:59.663677: Epoch 133
2026-08-05 11:07:59.663883: Current learning rate: 0.00879
2026-08-05 11:08:28.386001: train_loss -0.7986
2026-08-05 11:08:28.386322: val_loss -0.7619
2026-08-05 11:08:28.386453: Pseudo dice [np.float32(0.6986), np.float32(0.9248), np.float32(0.9258)]
2026-08-05 11:08:28.386635: Epoch time: 28.76 s
2026-08-05 11:08:28.386863: Yayy! New best EMA pseudo Dice: 0.8429999947547913
2026-08-05 11:08:33.568585: 
2026-08-05 11:08:33.569054: Epoch 134
2026-08-05 11:08:33.569162: Current learning rate: 0.00879
2026-08-05 11:09:02.216846: train_loss -0.7967
2026-08-05 11:09:02.317595: val_loss -0.7446
2026-08-05 11:09:02.317873: Pseudo dice [np.float32(0.6979), np.float32(0.9085), np.float32(0.9214)]
2026-08-05 11:09:02.318085: Epoch time: 28.65 s
2026-08-05 11:09:03.179824: 
2026-08-05 11:09:03.180221: Epoch 135
2026-08-05 11:09:03.180324: Current learning rate: 0.00878
2026-08-05 11:09:32.062186: train_loss -0.7941
2026-08-05 11:09:32.062996: val_loss -0.7207
2026-08-05 11:09:32.063143: Pseudo dice [np.float32(0.6574), np.float32(0.8922), np.float32(0.9163)]
2026-08-05 11:09:32.063265: Epoch time: 28.89 s
2026-08-05 11:09:32.949737: 
2026-08-05 11:09:32.949936: Epoch 136
2026-08-05 11:09:32.950138: Current learning rate: 0.00877
2026-08-05 11:10:01.763055: train_loss -0.7866
2026-08-05 11:10:02.097243: val_loss -0.7369
2026-08-05 11:10:02.097446: Pseudo dice [np.float32(0.6861), np.float32(0.9165), np.float32(0.9154)]
2026-08-05 11:10:02.097570: Epoch time: 28.82 s
2026-08-05 11:10:03.058304: 
2026-08-05 11:10:03.058717: Epoch 137
2026-08-05 11:10:03.058830: Current learning rate: 0.00876
2026-08-05 11:10:31.272826: train_loss -0.7791
2026-08-05 11:10:31.273124: val_loss -0.7426
2026-08-05 11:10:31.273343: Pseudo dice [np.float32(0.6869), np.float32(0.913), np.float32(0.9218)]
2026-08-05 11:10:31.273718: Epoch time: 28.22 s
2026-08-05 11:10:32.454207: 
2026-08-05 11:10:32.454659: Epoch 138
2026-08-05 11:10:32.454772: Current learning rate: 0.00875
2026-08-05 11:11:00.854021: train_loss -0.7946
2026-08-05 11:11:00.896447: val_loss -0.7552
2026-08-05 11:11:00.896702: Pseudo dice [np.float32(0.6959), np.float32(0.9272), np.float32(0.9195)]
2026-08-05 11:11:00.896822: Epoch time: 28.4 s
2026-08-05 11:11:01.752478: 
2026-08-05 11:11:01.752813: Epoch 139
2026-08-05 11:11:01.753060: Current learning rate: 0.00874
2026-08-05 11:11:30.491145: train_loss -0.7979
2026-08-05 11:11:30.491862: val_loss -0.7481
2026-08-05 11:11:30.492022: Pseudo dice [np.float32(0.688), np.float32(0.9187), np.float32(0.9205)]
2026-08-05 11:11:30.492155: Epoch time: 28.74 s
2026-08-05 11:11:31.270375: 
2026-08-05 11:11:31.270810: Epoch 140
2026-08-05 11:11:31.270918: Current learning rate: 0.00873
2026-08-05 11:12:00.214887: train_loss -0.7864
2026-08-05 11:12:00.242206: val_loss -0.7314
2026-08-05 11:12:00.242451: Pseudo dice [np.float32(0.6771), np.float32(0.9173), np.float32(0.9099)]
2026-08-05 11:12:00.242621: Epoch time: 28.95 s
2026-08-05 11:12:01.102814: 
2026-08-05 11:12:01.103422: Epoch 141
2026-08-05 11:12:01.103553: Current learning rate: 0.00872
2026-08-05 11:12:29.697505: train_loss -0.7937
2026-08-05 11:12:29.940175: val_loss -0.7423
2026-08-05 11:12:29.940383: Pseudo dice [np.float32(0.6862), np.float32(0.9151), np.float32(0.9307)]
2026-08-05 11:12:29.940524: Epoch time: 28.6 s
2026-08-05 11:12:30.893179: 
2026-08-05 11:12:30.893480: Epoch 142
2026-08-05 11:12:30.893708: Current learning rate: 0.00871
2026-08-05 11:12:59.617289: train_loss -0.8013
2026-08-05 11:12:59.671334: val_loss -0.7442
2026-08-05 11:12:59.671502: Pseudo dice [np.float32(0.6924), np.float32(0.9156), np.float32(0.9262)]
2026-08-05 11:12:59.671639: Epoch time: 28.73 s
2026-08-05 11:13:00.507493: 
2026-08-05 11:13:00.507864: Epoch 143
2026-08-05 11:13:00.508076: Current learning rate: 0.0087
2026-08-05 11:13:29.210761: train_loss -0.8025
2026-08-05 11:13:29.213531: val_loss -0.7283
2026-08-05 11:13:29.213822: Pseudo dice [np.float32(0.6676), np.float32(0.9133), np.float32(0.9141)]
2026-08-05 11:13:29.214009: Epoch time: 28.71 s
2026-08-05 11:13:30.021819: 
2026-08-05 11:13:30.022226: Epoch 144
2026-08-05 11:13:30.022409: Current learning rate: 0.00869
2026-08-05 11:13:58.388501: train_loss -0.799
2026-08-05 11:13:58.550793: val_loss -0.7424
2026-08-05 11:13:58.551058: Pseudo dice [np.float32(0.6839), np.float32(0.9196), np.float32(0.9136)]
2026-08-05 11:13:58.551198: Epoch time: 28.37 s
2026-08-05 11:13:59.779705: 
2026-08-05 11:13:59.780117: Epoch 145
2026-08-05 11:13:59.780221: Current learning rate: 0.00868
2026-08-05 11:14:28.360826: train_loss -0.7946
2026-08-05 11:14:28.385398: val_loss -0.7341
2026-08-05 11:14:28.385639: Pseudo dice [np.float32(0.6625), np.float32(0.9163), np.float32(0.9169)]
2026-08-05 11:14:28.385781: Epoch time: 28.58 s
2026-08-05 11:14:29.226464: 
2026-08-05 11:14:29.226694: Epoch 146
2026-08-05 11:14:29.226826: Current learning rate: 0.00868
2026-08-05 11:14:58.118964: train_loss -0.7946
2026-08-05 11:14:58.119454: val_loss -0.745
2026-08-05 11:14:58.119583: Pseudo dice [np.float32(0.6831), np.float32(0.9235), np.float32(0.9103)]
2026-08-05 11:14:58.119703: Epoch time: 28.9 s
2026-08-05 11:14:58.927761: 
2026-08-05 11:14:58.928086: Epoch 147
2026-08-05 11:14:58.928231: Current learning rate: 0.00867
2026-08-05 11:15:27.601387: train_loss -0.7988
2026-08-05 11:15:27.601989: val_loss -0.7499
2026-08-05 11:15:27.602123: Pseudo dice [np.float32(0.6854), np.float32(0.9227), np.float32(0.9262)]
2026-08-05 11:15:27.602241: Epoch time: 28.68 s
2026-08-05 11:15:28.379696: 
2026-08-05 11:15:28.380002: Epoch 148
2026-08-05 11:15:28.380140: Current learning rate: 0.00866
2026-08-05 11:15:57.095416: train_loss -0.795
2026-08-05 11:15:57.095973: val_loss -0.74
2026-08-05 11:15:57.096124: Pseudo dice [np.float32(0.6879), np.float32(0.9192), np.float32(0.9179)]
2026-08-05 11:15:57.096313: Epoch time: 28.72 s
2026-08-05 11:15:57.899101: 
2026-08-05 11:15:57.899514: Epoch 149
2026-08-05 11:15:57.899622: Current learning rate: 0.00865
2026-08-05 11:16:26.369334: train_loss -0.7892
2026-08-05 11:16:26.369646: val_loss -0.7168
2026-08-05 11:16:26.369766: Pseudo dice [np.float32(0.633), np.float32(0.9043), np.float32(0.9101)]
2026-08-05 11:16:26.370039: Epoch time: 28.47 s
2026-08-05 11:16:32.698915: 
2026-08-05 11:16:32.699239: Epoch 150
2026-08-05 11:16:32.699345: Current learning rate: 0.00864
2026-08-05 11:17:01.267726: train_loss -0.7632
2026-08-05 11:17:01.268090: val_loss -0.7449
2026-08-05 11:17:01.268217: Pseudo dice [np.float32(0.684), np.float32(0.9236), np.float32(0.9158)]
2026-08-05 11:17:01.268329: Epoch time: 28.57 s
2026-08-05 11:17:02.078224: 
2026-08-05 11:17:02.078517: Epoch 151
2026-08-05 11:17:02.078633: Current learning rate: 0.00863
2026-08-05 11:17:30.463012: train_loss -0.7852
2026-08-05 11:17:30.465687: val_loss -0.7464
2026-08-05 11:17:30.465814: Pseudo dice [np.float32(0.6825), np.float32(0.9137), np.float32(0.9154)]
2026-08-05 11:17:30.465947: Epoch time: 28.39 s
2026-08-05 11:17:31.618608: 
2026-08-05 11:17:31.618951: Epoch 152
2026-08-05 11:17:31.619120: Current learning rate: 0.00862
2026-08-05 11:18:00.274484: train_loss -0.7798
2026-08-05 11:18:00.274924: val_loss -0.7515
2026-08-05 11:18:00.275059: Pseudo dice [np.float32(0.6945), np.float32(0.9265), np.float32(0.9118)]
2026-08-05 11:18:00.275171: Epoch time: 28.66 s
2026-08-05 11:18:01.144953: 
2026-08-05 11:18:01.145389: Epoch 153
2026-08-05 11:18:01.145494: Current learning rate: 0.00861
2026-08-05 11:18:29.475327: train_loss -0.787
2026-08-05 11:18:29.475602: val_loss -0.7171
2026-08-05 11:18:29.534797: Pseudo dice [np.float32(0.6554), np.float32(0.913), np.float32(0.9121)]
2026-08-05 11:18:29.534997: Epoch time: 28.33 s
2026-08-05 11:18:30.414555: 
2026-08-05 11:18:30.414782: Epoch 154
2026-08-05 11:18:30.415018: Current learning rate: 0.0086
2026-08-05 11:18:58.817456: train_loss -0.7913
2026-08-05 11:18:58.817795: val_loss -0.754
2026-08-05 11:18:58.817981: Pseudo dice [np.float32(0.6956), np.float32(0.9227), np.float32(0.9188)]
2026-08-05 11:18:58.818110: Epoch time: 28.41 s
2026-08-05 11:18:59.618032: 
2026-08-05 11:18:59.618448: Epoch 155
2026-08-05 11:18:59.618555: Current learning rate: 0.00859
2026-08-05 11:19:28.407733: train_loss -0.7968
2026-08-05 11:19:28.408005: val_loss -0.7629
2026-08-05 11:19:28.408121: Pseudo dice [np.float32(0.6963), np.float32(0.9234), np.float32(0.9317)]
2026-08-05 11:19:28.408292: Epoch time: 28.79 s
2026-08-05 11:19:29.212484: 
2026-08-05 11:19:29.212711: Epoch 156
2026-08-05 11:19:29.212909: Current learning rate: 0.00858
2026-08-05 11:19:57.558320: train_loss -0.7993
2026-08-05 11:19:57.558495: val_loss -0.7478
2026-08-05 11:19:57.558545: Pseudo dice [np.float32(0.6817), np.float32(0.9199), np.float32(0.9148)]
2026-08-05 11:19:57.558599: Epoch time: 28.35 s
2026-08-05 11:19:58.283852: 
2026-08-05 11:19:58.284206: Epoch 157
2026-08-05 11:19:58.284326: Current learning rate: 0.00858
2026-08-05 11:20:26.996879: train_loss -0.7928
2026-08-05 11:20:27.001197: val_loss -0.7439
2026-08-05 11:20:27.001337: Pseudo dice [np.float32(0.6915), np.float32(0.9265), np.float32(0.924)]
2026-08-05 11:20:27.001568: Epoch time: 28.72 s
2026-08-05 11:20:27.854797: 
2026-08-05 11:20:27.855209: Epoch 158
2026-08-05 11:20:27.855326: Current learning rate: 0.00857
2026-08-05 11:20:56.443522: train_loss -0.7959
2026-08-05 11:20:56.444004: val_loss -0.7244
2026-08-05 11:20:56.444136: Pseudo dice [np.float32(0.6853), np.float32(0.9136), np.float32(0.9203)]
2026-08-05 11:20:56.444249: Epoch time: 28.59 s
2026-08-05 11:20:57.252604: 
2026-08-05 11:20:57.252936: Epoch 159
2026-08-05 11:20:57.253135: Current learning rate: 0.00856
2026-08-05 11:21:26.285815: train_loss -0.7805
2026-08-05 11:21:26.286101: val_loss -0.7397
2026-08-05 11:21:26.286229: Pseudo dice [np.float32(0.6793), np.float32(0.9196), np.float32(0.9067)]
2026-08-05 11:21:26.286391: Epoch time: 29.04 s
2026-08-05 11:21:27.111768: 
2026-08-05 11:21:27.112137: Epoch 160
2026-08-05 11:21:27.112223: Current learning rate: 0.00855
2026-08-05 11:21:55.638959: train_loss -0.7963
2026-08-05 11:21:55.639234: val_loss -0.7425
2026-08-05 11:21:55.639460: Pseudo dice [np.float32(0.6822), np.float32(0.9185), np.float32(0.9195)]
2026-08-05 11:21:55.639600: Epoch time: 28.53 s
2026-08-05 11:21:56.445636: 
2026-08-05 11:21:56.445952: Epoch 161
2026-08-05 11:21:56.446059: Current learning rate: 0.00854
2026-08-05 11:22:25.069916: train_loss -0.805
2026-08-05 11:22:25.070192: val_loss -0.7593
2026-08-05 11:22:25.070310: Pseudo dice [np.float32(0.6934), np.float32(0.9253), np.float32(0.9207)]
2026-08-05 11:22:25.070429: Epoch time: 28.63 s
2026-08-05 11:22:25.876963: 
2026-08-05 11:22:25.877311: Epoch 162
2026-08-05 11:22:25.877447: Current learning rate: 0.00853
2026-08-05 11:22:54.425049: train_loss -0.8064
2026-08-05 11:22:55.648638: val_loss -0.7474
2026-08-05 11:22:55.649055: Pseudo dice [np.float32(0.6918), np.float32(0.9224), np.float32(0.925)]
2026-08-05 11:22:55.649260: Epoch time: 28.55 s
2026-08-05 11:22:56.525387: 
2026-08-05 11:22:56.525735: Epoch 163
2026-08-05 11:22:56.525948: Current learning rate: 0.00852
2026-08-05 11:23:25.239917: train_loss -0.8037
2026-08-05 11:23:25.240464: val_loss -0.7605
2026-08-05 11:23:25.240651: Pseudo dice [np.float32(0.6966), np.float32(0.9229), np.float32(0.9292)]
2026-08-05 11:23:25.240777: Epoch time: 28.72 s
2026-08-05 11:23:26.046251: 
2026-08-05 11:23:26.046482: Epoch 164
2026-08-05 11:23:26.046598: Current learning rate: 0.00851
2026-08-05 11:23:54.639863: train_loss -0.7883
2026-08-05 11:23:54.640703: val_loss -0.7517
2026-08-05 11:23:54.640837: Pseudo dice [np.float32(0.6896), np.float32(0.9176), np.float32(0.9225)]
2026-08-05 11:23:54.640975: Epoch time: 28.6 s
2026-08-05 11:23:55.425079: 
2026-08-05 11:23:55.425394: Epoch 165
2026-08-05 11:23:55.425676: Current learning rate: 0.0085
2026-08-05 11:24:24.121877: train_loss -0.8014
2026-08-05 11:24:24.122480: val_loss -0.7504
2026-08-05 11:24:24.122613: Pseudo dice [np.float32(0.6913), np.float32(0.9246), np.float32(0.9241)]
2026-08-05 11:24:24.122758: Epoch time: 28.7 s
2026-08-05 11:24:25.033728: 
2026-08-05 11:24:25.034101: Epoch 166
2026-08-05 11:24:25.034242: Current learning rate: 0.00849
2026-08-05 11:24:53.921570: train_loss -0.8098
2026-08-05 11:24:53.922253: val_loss -0.7386
2026-08-05 11:24:53.922416: Pseudo dice [np.float32(0.6823), np.float32(0.9175), np.float32(0.9157)]
2026-08-05 11:24:53.922549: Epoch time: 28.89 s
2026-08-05 11:24:54.705215: 
2026-08-05 11:24:54.705636: Epoch 167
2026-08-05 11:24:54.705742: Current learning rate: 0.00848
2026-08-05 11:25:23.363318: train_loss -0.8115
2026-08-05 11:25:23.363824: val_loss -0.7642
2026-08-05 11:25:23.363995: Pseudo dice [np.float32(0.6977), np.float32(0.9289), np.float32(0.921)]
2026-08-05 11:25:23.364128: Epoch time: 28.66 s
2026-08-05 11:25:24.300865: 
2026-08-05 11:25:24.301229: Epoch 168
2026-08-05 11:25:24.448306: Current learning rate: 0.00847
2026-08-05 11:25:53.303688: train_loss -0.8126
2026-08-05 11:25:53.411172: val_loss -0.7579
2026-08-05 11:25:53.411370: Pseudo dice [np.float32(0.6968), np.float32(0.9195), np.float32(0.9256)]
2026-08-05 11:25:53.411513: Epoch time: 29.01 s
2026-08-05 11:25:53.411710: Yayy! New best EMA pseudo Dice: 0.8432000279426575
2026-08-05 11:26:05.703588: 
2026-08-05 11:26:05.704000: Epoch 169
2026-08-05 11:26:05.704103: Current learning rate: 0.00847
2026-08-05 11:26:34.159117: train_loss -0.7987
2026-08-05 11:26:34.159562: val_loss -0.7498
2026-08-05 11:26:34.159690: Pseudo dice [np.float32(0.6931), np.float32(0.9141), np.float32(0.9204)]
2026-08-05 11:26:34.159807: Epoch time: 28.46 s
2026-08-05 11:26:34.960327: 
2026-08-05 11:26:34.960718: Epoch 170
2026-08-05 11:26:34.960823: Current learning rate: 0.00846
2026-08-05 11:27:03.581026: train_loss -0.8113
2026-08-05 11:27:03.581524: val_loss -0.7496
2026-08-05 11:27:03.581866: Pseudo dice [np.float32(0.6883), np.float32(0.9136), np.float32(0.9273)]
2026-08-05 11:27:03.582435: Epoch time: 28.62 s
2026-08-05 11:27:04.423135: 
2026-08-05 11:27:04.423506: Epoch 171
2026-08-05 11:27:04.423612: Current learning rate: 0.00845
2026-08-05 11:27:32.901795: train_loss -0.799
2026-08-05 11:27:32.907235: val_loss -0.7506
2026-08-05 11:27:32.907436: Pseudo dice [np.float32(0.6902), np.float32(0.9154), np.float32(0.9209)]
2026-08-05 11:27:32.907562: Epoch time: 28.48 s
2026-08-05 11:27:33.707391: 
2026-08-05 11:27:33.707618: Epoch 172
2026-08-05 11:27:33.707876: Current learning rate: 0.00844
2026-08-05 11:28:02.458437: train_loss -0.8137
2026-08-05 11:28:02.750740: val_loss -0.7534
2026-08-05 11:28:02.750974: Pseudo dice [np.float32(0.6936), np.float32(0.9224), np.float32(0.9206)]
2026-08-05 11:28:02.751127: Epoch time: 28.75 s
2026-08-05 11:28:02.751221: Yayy! New best EMA pseudo Dice: 0.8432999849319458
2026-08-05 11:28:22.429284: 
2026-08-05 11:28:22.429711: Epoch 173
2026-08-05 11:28:22.429915: Current learning rate: 0.00843
2026-08-05 11:28:50.878568: train_loss -0.8127
2026-08-05 11:28:51.067046: val_loss -0.752
2026-08-05 11:28:51.067370: Pseudo dice [np.float32(0.6866), np.float32(0.9135), np.float32(0.9142)]
2026-08-05 11:28:51.067522: Epoch time: 28.45 s
2026-08-05 11:28:51.948513: 
2026-08-05 11:28:51.948752: Epoch 174
2026-08-05 11:28:51.948908: Current learning rate: 0.00842
2026-08-05 11:29:20.545725: train_loss -0.8053
2026-08-05 11:29:20.731675: val_loss -0.7598
2026-08-05 11:29:20.731881: Pseudo dice [np.float32(0.7031), np.float32(0.9275), np.float32(0.9294)]
2026-08-05 11:29:20.732047: Epoch time: 28.6 s
2026-08-05 11:29:20.732228: Yayy! New best EMA pseudo Dice: 0.8438000082969666
2026-08-05 11:29:39.772073: 
2026-08-05 11:29:39.991439: Epoch 175
2026-08-05 11:29:40.181718: Current learning rate: 0.00841
2026-08-05 11:30:08.914944: train_loss -0.7865
2026-08-05 11:30:08.989912: val_loss -0.7264
2026-08-05 11:30:08.990197: Pseudo dice [np.float32(0.6758), np.float32(0.9143), np.float32(0.9122)]
2026-08-05 11:30:08.990357: Epoch time: 29.15 s
2026-08-05 11:30:09.971081: 
2026-08-05 11:30:09.971396: Epoch 176
2026-08-05 11:30:09.971549: Current learning rate: 0.0084
2026-08-05 11:30:39.457059: train_loss -0.7903
2026-08-05 11:30:39.629854: val_loss -0.7487
2026-08-05 11:30:39.630234: Pseudo dice [np.float32(0.6907), np.float32(0.9224), np.float32(0.9191)]
2026-08-05 11:30:39.630412: Epoch time: 29.49 s
2026-08-05 11:30:41.065279: 
2026-08-05 11:30:41.065527: Epoch 177
2026-08-05 11:30:41.065788: Current learning rate: 0.00839
2026-08-05 11:31:10.351115: train_loss -0.7996
2026-08-05 11:31:10.362547: val_loss -0.739
2026-08-05 11:31:10.362738: Pseudo dice [np.float32(0.6971), np.float32(0.9106), np.float32(0.9214)]
2026-08-05 11:31:10.362875: Epoch time: 29.29 s
2026-08-05 11:31:11.279564: 
2026-08-05 11:31:11.279807: Epoch 178
2026-08-05 11:31:11.279957: Current learning rate: 0.00838
2026-08-05 11:31:40.508490: train_loss -0.8029
2026-08-05 11:31:40.551239: val_loss -0.7465
2026-08-05 11:31:40.551556: Pseudo dice [np.float32(0.6927), np.float32(0.9201), np.float32(0.9229)]
2026-08-05 11:31:40.551708: Epoch time: 29.23 s
2026-08-05 11:31:41.691195: 
2026-08-05 11:31:41.691555: Epoch 179
2026-08-05 11:31:41.691665: Current learning rate: 0.00837
2026-08-05 11:32:11.352821: train_loss -0.8011
2026-08-05 11:32:11.882501: val_loss -0.7499
2026-08-05 11:32:11.882720: Pseudo dice [np.float32(0.691), np.float32(0.9151), np.float32(0.9213)]
2026-08-05 11:32:11.882969: Epoch time: 29.66 s
2026-08-05 11:32:12.775653: 
2026-08-05 11:32:12.776249: Epoch 180
2026-08-05 11:32:12.776356: Current learning rate: 0.00836
2026-08-05 11:32:41.772677: train_loss -0.7891
2026-08-05 11:32:41.855819: val_loss -0.7462
2026-08-05 11:32:41.856210: Pseudo dice [np.float32(0.6794), np.float32(0.9249), np.float32(0.9211)]
2026-08-05 11:32:41.856365: Epoch time: 29.0 s
2026-08-05 11:32:42.910205: 
2026-08-05 11:32:42.910544: Epoch 181
2026-08-05 11:32:42.910683: Current learning rate: 0.00836
2026-08-05 11:33:12.217156: train_loss -0.797
2026-08-05 11:33:12.320662: val_loss -0.7388
2026-08-05 11:33:12.321062: Pseudo dice [np.float32(0.6889), np.float32(0.9133), np.float32(0.9199)]
2026-08-05 11:33:12.321336: Epoch time: 29.31 s
2026-08-05 11:33:13.333667: 
2026-08-05 11:33:13.334246: Epoch 182
2026-08-05 11:33:13.334375: Current learning rate: 0.00835
2026-08-05 11:33:42.270182: train_loss -0.8116
2026-08-05 11:33:42.272950: val_loss -0.7599
2026-08-05 11:33:42.273168: Pseudo dice [np.float32(0.6934), np.float32(0.9258), np.float32(0.9296)]
2026-08-05 11:33:42.273337: Epoch time: 28.94 s
2026-08-05 11:33:43.109113: 
2026-08-05 11:33:43.109457: Epoch 183
2026-08-05 11:33:43.109592: Current learning rate: 0.00834
2026-08-05 11:34:12.121854: train_loss -0.7984
2026-08-05 11:34:12.122216: val_loss -0.7291
2026-08-05 11:34:12.122409: Pseudo dice [np.float32(0.6862), np.float32(0.9208), np.float32(0.9087)]
2026-08-05 11:34:12.122631: Epoch time: 29.02 s
2026-08-05 11:34:12.893649: 
2026-08-05 11:34:12.893930: Epoch 184
2026-08-05 11:34:12.894203: Current learning rate: 0.00833
2026-08-05 11:34:41.734720: train_loss -0.7813
2026-08-05 11:34:41.734989: val_loss -0.7321
2026-08-05 11:34:41.735110: Pseudo dice [np.float32(0.6846), np.float32(0.9217), np.float32(0.9083)]
2026-08-05 11:34:41.735220: Epoch time: 28.84 s
2026-08-05 11:34:42.649056: 
2026-08-05 11:34:42.649314: Epoch 185
2026-08-05 11:34:42.649500: Current learning rate: 0.00832
2026-08-05 11:35:12.442857: train_loss -0.7958
2026-08-05 11:35:12.443224: val_loss -0.7483
2026-08-05 11:35:12.443354: Pseudo dice [np.float32(0.6838), np.float32(0.9231), np.float32(0.9132)]
2026-08-05 11:35:12.443470: Epoch time: 29.8 s
2026-08-05 11:35:13.375943: 
2026-08-05 11:35:13.376246: Epoch 186
2026-08-05 11:35:13.376397: Current learning rate: 0.00831
2026-08-05 11:35:42.759138: train_loss -0.8006
2026-08-05 11:35:42.759568: val_loss -0.7649
2026-08-05 11:35:42.759691: Pseudo dice [np.float32(0.7), np.float32(0.9227), np.float32(0.932)]
2026-08-05 11:35:42.759801: Epoch time: 29.39 s
2026-08-05 11:35:43.541290: 
2026-08-05 11:35:43.541527: Epoch 187
2026-08-05 11:35:43.541850: Current learning rate: 0.0083
2026-08-05 11:36:12.441551: train_loss -0.8098
2026-08-05 11:36:12.441825: val_loss -0.7542
2026-08-05 11:36:12.441960: Pseudo dice [np.float32(0.6888), np.float32(0.9233), np.float32(0.9211)]
2026-08-05 11:36:12.442075: Epoch time: 28.9 s
2026-08-05 11:36:13.275351: 
2026-08-05 11:36:13.275743: Epoch 188
2026-08-05 11:36:13.275851: Current learning rate: 0.00829
2026-08-05 11:36:42.274774: train_loss -0.8177
2026-08-05 11:36:42.275069: val_loss -0.7424
2026-08-05 11:36:42.277729: Pseudo dice [np.float32(0.6804), np.float32(0.9249), np.float32(0.9119)]
2026-08-05 11:36:42.278028: Epoch time: 29.0 s
2026-08-05 11:36:43.082227: 
2026-08-05 11:36:43.082690: Epoch 189
2026-08-05 11:36:43.082844: Current learning rate: 0.00828
2026-08-05 11:37:12.203701: train_loss -0.8188
2026-08-05 11:37:12.204175: val_loss -0.755
2026-08-05 11:37:12.204444: Pseudo dice [np.float32(0.6988), np.float32(0.9293), np.float32(0.9197)]
2026-08-05 11:37:12.204849: Epoch time: 29.12 s
2026-08-05 11:37:13.063205: 
2026-08-05 11:37:13.063554: Epoch 190
2026-08-05 11:37:13.063696: Current learning rate: 0.00827
2026-08-05 11:37:42.170954: train_loss -0.8153
2026-08-05 11:37:42.172159: val_loss -0.7551
2026-08-05 11:37:42.172572: Pseudo dice [np.float32(0.6878), np.float32(0.9191), np.float32(0.9184)]
2026-08-05 11:37:42.172749: Epoch time: 29.11 s
2026-08-05 11:37:43.002962: 
2026-08-05 11:37:43.003270: Epoch 191
2026-08-05 11:37:43.003419: Current learning rate: 0.00826
2026-08-05 11:38:12.240572: train_loss -0.8173
2026-08-05 11:38:12.240973: val_loss -0.7615
2026-08-05 11:38:12.241098: Pseudo dice [np.float32(0.6974), np.float32(0.9262), np.float32(0.9229)]
2026-08-05 11:38:12.241229: Epoch time: 29.24 s
2026-08-05 11:38:12.247712: Yayy! New best EMA pseudo Dice: 0.8439000248908997
2026-08-05 11:38:19.220576: 
2026-08-05 11:38:19.221033: Epoch 192
2026-08-05 11:38:19.221142: Current learning rate: 0.00825
2026-08-05 11:38:48.267304: train_loss -0.8164
2026-08-05 11:38:48.339952: val_loss -0.7511
2026-08-05 11:38:48.340158: Pseudo dice [np.float32(0.6819), np.float32(0.9159), np.float32(0.9266)]
2026-08-05 11:38:48.340310: Epoch time: 29.05 s
2026-08-05 11:38:49.436770: 
2026-08-05 11:38:49.437227: Epoch 193
2026-08-05 11:38:49.437337: Current learning rate: 0.00824
2026-08-05 11:39:20.048534: train_loss -0.8206
2026-08-05 11:39:20.212345: val_loss -0.7648
2026-08-05 11:39:20.212543: Pseudo dice [np.float32(0.706), np.float32(0.9247), np.float32(0.935)]
2026-08-05 11:39:20.212703: Epoch time: 30.61 s
2026-08-05 11:39:20.212791: Yayy! New best EMA pseudo Dice: 0.8447999954223633
2026-08-05 11:39:24.365116: 
2026-08-05 11:39:24.365549: Epoch 194
2026-08-05 11:39:24.365720: Current learning rate: 0.00824
2026-08-05 11:39:53.591831: train_loss -0.8231
2026-08-05 11:39:53.592164: val_loss -0.7621
2026-08-05 11:39:53.592283: Pseudo dice [np.float32(0.7122), np.float32(0.9223), np.float32(0.9254)]
2026-08-05 11:39:53.592413: Epoch time: 29.23 s
2026-08-05 11:39:53.592500: Yayy! New best EMA pseudo Dice: 0.8457000255584717
2026-08-05 11:39:57.720421: 
2026-08-05 11:39:57.720818: Epoch 195
2026-08-05 11:39:57.720933: Current learning rate: 0.00823
2026-08-05 11:40:26.188190: train_loss -0.8112
2026-08-05 11:40:26.188803: val_loss -0.7439
2026-08-05 11:40:26.188954: Pseudo dice [np.float32(0.6911), np.float32(0.923), np.float32(0.9199)]
2026-08-05 11:40:26.189079: Epoch time: 28.47 s
2026-08-05 11:40:27.177597: 
2026-08-05 11:40:27.178235: Epoch 196
2026-08-05 11:40:27.178411: Current learning rate: 0.00822
2026-08-05 11:40:56.082196: train_loss -0.8253
2026-08-05 11:40:56.082686: val_loss -0.7696
2026-08-05 11:40:56.083157: Pseudo dice [np.float32(0.6988), np.float32(0.9311), np.float32(0.9238)]
2026-08-05 11:40:56.083301: Epoch time: 28.91 s
2026-08-05 11:40:56.084449: Yayy! New best EMA pseudo Dice: 0.8460999727249146
2026-08-05 11:41:00.231026: 
2026-08-05 11:41:00.231344: Epoch 197
2026-08-05 11:41:00.231454: Current learning rate: 0.00821
2026-08-05 11:41:29.190982: train_loss -0.8243
2026-08-05 11:41:29.191425: val_loss -0.7477
2026-08-05 11:41:29.191553: Pseudo dice [np.float32(0.6918), np.float32(0.9168), np.float32(0.9145)]
2026-08-05 11:41:29.191753: Epoch time: 28.96 s
2026-08-05 11:41:30.025146: 
2026-08-05 11:41:30.025524: Epoch 198
2026-08-05 11:41:30.025626: Current learning rate: 0.0082
2026-08-05 11:41:58.668288: train_loss -0.8272
2026-08-05 11:41:58.670848: val_loss -0.7571
2026-08-05 11:41:58.670999: Pseudo dice [np.float32(0.7061), np.float32(0.9251), np.float32(0.929)]
2026-08-05 11:41:58.671723: Epoch time: 28.65 s
2026-08-05 11:41:58.672099: Yayy! New best EMA pseudo Dice: 0.8464000225067139
2026-08-05 11:42:04.076504: 
2026-08-05 11:42:04.076846: Epoch 199
2026-08-05 11:42:04.076966: Current learning rate: 0.00819
2026-08-05 11:42:32.980506: train_loss -0.8132
2026-08-05 11:42:32.983086: val_loss -0.7362
2026-08-05 11:42:32.983388: Pseudo dice [np.float32(0.6816), np.float32(0.9107), np.float32(0.9212)]
2026-08-05 11:42:32.983531: Epoch time: 28.91 s
2026-08-05 11:42:39.230680: 
2026-08-05 11:42:39.230956: Epoch 200
2026-08-05 11:42:39.231093: Current learning rate: 0.00818
2026-08-05 11:43:07.994102: train_loss -0.8069
2026-08-05 11:43:07.994472: val_loss -0.7573
2026-08-05 11:43:07.994757: Pseudo dice [np.float32(0.6815), np.float32(0.9264), np.float32(0.9294)]
2026-08-05 11:43:07.994935: Epoch time: 28.77 s
2026-08-05 11:43:08.819301: 
2026-08-05 11:43:08.819837: Epoch 201
2026-08-05 11:43:08.819953: Current learning rate: 0.00817
2026-08-05 11:43:37.473634: train_loss -0.8145
2026-08-05 11:43:37.498944: val_loss -0.7583
2026-08-05 11:43:37.499134: Pseudo dice [np.float32(0.6915), np.float32(0.9271), np.float32(0.9262)]
2026-08-05 11:43:37.499270: Epoch time: 28.66 s
2026-08-05 11:43:38.401210: 
2026-08-05 11:43:38.401711: Epoch 202
2026-08-05 11:43:38.401823: Current learning rate: 0.00816
2026-08-05 11:44:07.548333: train_loss -0.8148
2026-08-05 11:44:07.555465: val_loss -0.7477
2026-08-05 11:44:07.555706: Pseudo dice [np.float32(0.6803), np.float32(0.9205), np.float32(0.9189)]
2026-08-05 11:44:07.555879: Epoch time: 29.15 s
2026-08-05 11:44:08.445070: 
2026-08-05 11:44:08.445337: Epoch 203
2026-08-05 11:44:08.445480: Current learning rate: 0.00815
2026-08-05 11:44:37.407606: train_loss -0.8184
2026-08-05 11:44:37.407974: val_loss -0.7623
2026-08-05 11:44:37.408101: Pseudo dice [np.float32(0.7028), np.float32(0.9242), np.float32(0.927)]
2026-08-05 11:44:37.408217: Epoch time: 28.97 s
2026-08-05 11:44:38.243124: 
2026-08-05 11:44:38.243385: Epoch 204
2026-08-05 11:44:38.243520: Current learning rate: 0.00814
2026-08-05 11:45:07.044413: train_loss -0.8058
2026-08-05 11:45:07.044675: val_loss -0.7472
2026-08-05 11:45:07.044803: Pseudo dice [np.float32(0.6955), np.float32(0.9217), np.float32(0.9221)]
2026-08-05 11:45:07.045027: Epoch time: 28.8 s
2026-08-05 11:45:07.850971: 
2026-08-05 11:45:07.851306: Epoch 205
2026-08-05 11:45:07.851429: Current learning rate: 0.00813
2026-08-05 11:45:36.469198: train_loss -0.8124
2026-08-05 11:45:36.469462: val_loss -0.7562
2026-08-05 11:45:36.469684: Pseudo dice [np.float32(0.6916), np.float32(0.9236), np.float32(0.9239)]
2026-08-05 11:45:36.469804: Epoch time: 28.62 s
2026-08-05 11:45:37.675122: 
2026-08-05 11:45:37.675411: Epoch 206
2026-08-05 11:45:37.675585: Current learning rate: 0.00813
2026-08-05 11:46:06.680175: train_loss -0.8179
2026-08-05 11:46:06.680607: val_loss -0.7575
2026-08-05 11:46:06.680729: Pseudo dice [np.float32(0.6963), np.float32(0.9238), np.float32(0.9281)]
2026-08-05 11:46:06.680931: Epoch time: 29.01 s
2026-08-05 11:46:07.503286: 
2026-08-05 11:46:07.503659: Epoch 207
2026-08-05 11:46:07.503818: Current learning rate: 0.00812
2026-08-05 11:46:36.541173: train_loss -0.8256
2026-08-05 11:46:36.546165: val_loss -0.7577
2026-08-05 11:46:36.546361: Pseudo dice [np.float32(0.6958), np.float32(0.9225), np.float32(0.935)]
2026-08-05 11:46:36.546501: Epoch time: 29.04 s
2026-08-05 11:46:36.546589: Yayy! New best EMA pseudo Dice: 0.8468000292778015
2026-08-05 11:46:42.603190: 
2026-08-05 11:46:42.603499: Epoch 208
2026-08-05 11:46:42.603597: Current learning rate: 0.00811
2026-08-05 11:47:11.773973: train_loss -0.8266
2026-08-05 11:47:11.774326: val_loss -0.7561
2026-08-05 11:47:11.774444: Pseudo dice [np.float32(0.6915), np.float32(0.9265), np.float32(0.9286)]
2026-08-05 11:47:11.774569: Epoch time: 29.17 s
2026-08-05 11:47:11.776812: Yayy! New best EMA pseudo Dice: 0.847000002861023
2026-08-05 11:47:24.450687: 
2026-08-05 11:47:24.451095: Epoch 209
2026-08-05 11:47:24.451246: Current learning rate: 0.0081
2026-08-05 11:47:53.103339: train_loss -0.827
2026-08-05 11:47:53.103866: val_loss -0.7415
2026-08-05 11:47:53.104124: Pseudo dice [np.float32(0.6894), np.float32(0.9193), np.float32(0.9172)]
2026-08-05 11:47:53.104263: Epoch time: 28.66 s
2026-08-05 11:47:53.915122: 
2026-08-05 11:47:53.915464: Epoch 210
2026-08-05 11:47:53.915551: Current learning rate: 0.00809
2026-08-05 11:48:22.849248: train_loss -0.8314
2026-08-05 11:48:22.854110: val_loss -0.7643
2026-08-05 11:48:22.854249: Pseudo dice [np.float32(0.7048), np.float32(0.9251), np.float32(0.9276)]
2026-08-05 11:48:22.854379: Epoch time: 28.94 s
2026-08-05 11:48:22.854466: Yayy! New best EMA pseudo Dice: 0.847100019454956
2026-08-05 11:48:28.805204: 
2026-08-05 11:48:28.805629: Epoch 211
2026-08-05 11:48:28.805733: Current learning rate: 0.00808
2026-08-05 11:48:57.819774: train_loss -0.8292
2026-08-05 11:48:57.820493: val_loss -0.7694
2026-08-05 11:48:57.820750: Pseudo dice [np.float32(0.7098), np.float32(0.9277), np.float32(0.9344)]
2026-08-05 11:48:57.820879: Epoch time: 29.02 s
2026-08-05 11:48:57.821048: Yayy! New best EMA pseudo Dice: 0.8481000065803528
2026-08-05 11:49:02.158716: 
2026-08-05 11:49:02.159104: Epoch 212
2026-08-05 11:49:02.159212: Current learning rate: 0.00807
2026-08-05 11:49:31.520521: train_loss -0.8248
2026-08-05 11:49:31.520856: val_loss -0.758
2026-08-05 11:49:31.520997: Pseudo dice [np.float32(0.7014), np.float32(0.922), np.float32(0.9212)]
2026-08-05 11:49:31.521113: Epoch time: 29.36 s
2026-08-05 11:49:31.521198: Yayy! New best EMA pseudo Dice: 0.8481000065803528
2026-08-05 11:49:38.860599: 
2026-08-05 11:49:38.860978: Epoch 213
2026-08-05 11:49:38.861084: Current learning rate: 0.00806
2026-08-05 11:50:07.657532: train_loss -0.8292
2026-08-05 11:50:07.657957: val_loss -0.7572
2026-08-05 11:50:07.660438: Pseudo dice [np.float32(0.6947), np.float32(0.925), np.float32(0.9232)]
2026-08-05 11:50:07.660761: Epoch time: 28.8 s
2026-08-05 11:50:08.507451: 
2026-08-05 11:50:08.507789: Epoch 214
2026-08-05 11:50:08.507913: Current learning rate: 0.00805
2026-08-05 11:50:45.735351: train_loss -0.831
2026-08-05 11:50:45.735640: val_loss -0.7469
2026-08-05 11:50:45.735760: Pseudo dice [np.float32(0.6916), np.float32(0.909), np.float32(0.9248)]
2026-08-05 11:50:45.735878: Epoch time: 37.23 s
2026-08-05 11:50:46.523367: 
2026-08-05 11:50:46.523746: Epoch 215
2026-08-05 11:50:46.523849: Current learning rate: 0.00804
2026-08-05 11:51:15.962907: train_loss -0.826
2026-08-05 11:51:15.967476: val_loss -0.7788
2026-08-05 11:51:15.967661: Pseudo dice [np.float32(0.7134), np.float32(0.9321), np.float32(0.9382)]
2026-08-05 11:51:15.967803: Epoch time: 29.44 s
2026-08-05 11:51:15.967913: Yayy! New best EMA pseudo Dice: 0.848800003528595
2026-08-05 11:51:21.006624: 
2026-08-05 11:51:21.006996: Epoch 216
2026-08-05 11:51:21.007142: Current learning rate: 0.00803
2026-08-05 11:51:49.628483: train_loss -0.779
2026-08-05 11:51:49.628792: val_loss -0.7316
2026-08-05 11:51:49.628929: Pseudo dice [np.float32(0.6737), np.float32(0.9199), np.float32(0.9146)]
2026-08-05 11:51:49.629043: Epoch time: 28.62 s
2026-08-05 11:51:50.443734: 
2026-08-05 11:51:50.444106: Epoch 217
2026-08-05 11:51:50.444209: Current learning rate: 0.00802
2026-08-05 11:52:22.169572: train_loss -0.7902
2026-08-05 11:52:22.169945: val_loss -0.7508
2026-08-05 11:52:22.181906: Pseudo dice [np.float32(0.689), np.float32(0.9211), np.float32(0.9294)]
2026-08-05 11:52:22.182180: Epoch time: 31.73 s
2026-08-05 11:52:23.164525: 
2026-08-05 11:52:23.164773: Epoch 218
2026-08-05 11:52:23.164918: Current learning rate: 0.00801
2026-08-05 11:52:52.909760: train_loss -0.7588
2026-08-05 11:52:52.910137: val_loss -0.7274
2026-08-05 11:52:52.910265: Pseudo dice [np.float32(0.6743), np.float32(0.909), np.float32(0.9108)]
2026-08-05 11:52:52.910382: Epoch time: 29.75 s
2026-08-05 11:52:54.134759: 
2026-08-05 11:52:54.135087: Epoch 219
2026-08-05 11:52:54.135234: Current learning rate: 0.00801
2026-08-05 11:53:23.330537: train_loss -0.7706
2026-08-05 11:53:23.331014: val_loss -0.7175
2026-08-05 11:53:23.331147: Pseudo dice [np.float32(0.6696), np.float32(0.9185), np.float32(0.9037)]
2026-08-05 11:53:23.331271: Epoch time: 29.2 s
2026-08-05 11:53:24.155645: 
2026-08-05 11:53:24.156025: Epoch 220
2026-08-05 11:53:24.156160: Current learning rate: 0.008
2026-08-05 11:53:53.013431: train_loss -0.7848
2026-08-05 11:53:53.013849: val_loss -0.7409
2026-08-05 11:53:53.014055: Pseudo dice [np.float32(0.6864), np.float32(0.9207), np.float32(0.9141)]
2026-08-05 11:53:53.014184: Epoch time: 28.86 s
2026-08-05 11:53:53.847187: 
2026-08-05 11:53:53.847533: Epoch 221
2026-08-05 11:53:53.847644: Current learning rate: 0.00799
2026-08-05 11:54:22.674330: train_loss -0.7882
2026-08-05 11:54:22.674598: val_loss -0.7254
2026-08-05 11:54:22.674715: Pseudo dice [np.float32(0.6747), np.float32(0.9121), np.float32(0.9143)]
2026-08-05 11:54:22.674845: Epoch time: 28.83 s
2026-08-05 11:54:24.599832: 
2026-08-05 11:54:24.600328: Epoch 222
2026-08-05 11:54:24.600503: Current learning rate: 0.00798
2026-08-05 11:54:53.735845: train_loss -0.7771
2026-08-05 11:54:53.736171: val_loss -0.7156
2026-08-05 11:54:53.736335: Pseudo dice [np.float32(0.6745), np.float32(0.8879), np.float32(0.9197)]
2026-08-05 11:54:53.736535: Epoch time: 29.14 s
2026-08-05 11:54:54.479065: 
2026-08-05 11:54:54.479438: Epoch 223
2026-08-05 11:54:54.479578: Current learning rate: 0.00797
2026-08-05 11:55:23.524769: train_loss -0.7772
2026-08-05 11:55:23.525427: val_loss -0.7461
2026-08-05 11:55:23.525552: Pseudo dice [np.float32(0.6839), np.float32(0.9129), np.float32(0.9289)]
2026-08-05 11:55:23.525673: Epoch time: 29.05 s
2026-08-05 11:55:24.349428: 
2026-08-05 11:55:24.349784: Epoch 224
2026-08-05 11:55:24.349974: Current learning rate: 0.00796
2026-08-05 11:55:53.237549: train_loss -0.7872
2026-08-05 11:55:53.238099: val_loss -0.7445
2026-08-05 11:55:53.238226: Pseudo dice [np.float32(0.6835), np.float32(0.925), np.float32(0.9195)]
2026-08-05 11:55:53.238443: Epoch time: 28.89 s
2026-08-05 11:55:54.246235: 
2026-08-05 11:55:54.246572: Epoch 225
2026-08-05 11:55:54.246692: Current learning rate: 0.00795
2026-08-05 11:56:23.556806: train_loss -0.7779
2026-08-05 11:56:23.557407: val_loss -0.6983
2026-08-05 11:56:23.557542: Pseudo dice [np.float32(0.6652), np.float32(0.8735), np.float32(0.8998)]
2026-08-05 11:56:23.557696: Epoch time: 29.31 s
2026-08-05 11:56:24.406409: 
2026-08-05 11:56:24.406642: Epoch 226
2026-08-05 11:56:24.406906: Current learning rate: 0.00794
2026-08-05 11:56:54.016930: train_loss -0.7693
2026-08-05 11:56:54.017405: val_loss -0.7327
2026-08-05 11:56:54.017536: Pseudo dice [np.float32(0.6899), np.float32(0.9098), np.float32(0.9182)]
2026-08-05 11:56:54.017678: Epoch time: 29.61 s
2026-08-05 11:56:54.830601: 
2026-08-05 11:56:54.830905: Epoch 227
2026-08-05 11:56:54.831079: Current learning rate: 0.00793
2026-08-05 11:57:24.095604: train_loss -0.7907
2026-08-05 11:57:24.095987: val_loss -0.7317
2026-08-05 11:57:24.096204: Pseudo dice [np.float32(0.675), np.float32(0.9119), np.float32(0.9194)]
2026-08-05 11:57:24.096325: Epoch time: 29.27 s
2026-08-05 11:57:24.917861: 
2026-08-05 11:57:24.918264: Epoch 228
2026-08-05 11:57:24.918376: Current learning rate: 0.00792
2026-08-05 11:57:53.864950: train_loss -0.7949
2026-08-05 11:57:53.865528: val_loss -0.7417
2026-08-05 11:57:53.865869: Pseudo dice [np.float32(0.6805), np.float32(0.9142), np.float32(0.9152)]
2026-08-05 11:57:53.866046: Epoch time: 28.95 s
2026-08-05 11:57:54.687665: 
2026-08-05 11:57:54.688077: Epoch 229
2026-08-05 11:57:54.688292: Current learning rate: 0.00791
2026-08-05 11:58:23.987694: train_loss -0.7875
2026-08-05 11:58:23.988155: val_loss -0.7373
2026-08-05 11:58:23.988280: Pseudo dice [np.float32(0.6896), np.float32(0.902), np.float32(0.9193)]
2026-08-05 11:58:23.988424: Epoch time: 29.3 s
2026-08-05 11:58:24.822385: 
2026-08-05 11:58:24.822690: Epoch 230
2026-08-05 11:58:24.822846: Current learning rate: 0.0079
2026-08-05 11:58:53.940718: train_loss -0.7705
2026-08-05 11:58:53.941164: val_loss -0.7282
2026-08-05 11:58:53.941338: Pseudo dice [np.float32(0.6794), np.float32(0.9174), np.float32(0.9163)]
2026-08-05 11:58:53.941479: Epoch time: 29.12 s
2026-08-05 11:58:54.784367: 
2026-08-05 11:58:54.784718: Epoch 231
2026-08-05 11:58:54.784832: Current learning rate: 0.00789
2026-08-05 11:59:23.472541: train_loss -0.7809
2026-08-05 11:59:23.473037: val_loss -0.7393
2026-08-05 11:59:23.473164: Pseudo dice [np.float32(0.6819), np.float32(0.9096), np.float32(0.9245)]
2026-08-05 11:59:23.473281: Epoch time: 28.69 s
2026-08-05 11:59:24.284401: 
2026-08-05 11:59:24.284673: Epoch 232
2026-08-05 11:59:24.284949: Current learning rate: 0.00789
2026-08-05 11:59:53.299277: train_loss -0.7917
2026-08-05 11:59:53.300807: val_loss -0.7352
2026-08-05 11:59:53.301175: Pseudo dice [np.float32(0.6893), np.float32(0.9218), np.float32(0.9136)]
2026-08-05 11:59:53.301401: Epoch time: 29.02 s
2026-08-05 11:59:54.058040: 
2026-08-05 11:59:54.058394: Epoch 233
2026-08-05 11:59:54.058521: Current learning rate: 0.00788
2026-08-05 12:00:24.881839: train_loss -0.8004
2026-08-05 12:00:24.882181: val_loss -0.7612
2026-08-05 12:00:24.882350: Pseudo dice [np.float32(0.6994), np.float32(0.9244), np.float32(0.9273)]
2026-08-05 12:00:24.882493: Epoch time: 30.83 s
2026-08-05 12:00:26.219512: 
2026-08-05 12:00:26.219843: Epoch 234
2026-08-05 12:00:26.219973: Current learning rate: 0.00787
2026-08-05 12:01:05.794864: train_loss -0.8165
2026-08-05 12:01:05.933089: val_loss -0.7671
2026-08-05 12:01:05.933566: Pseudo dice [np.float32(0.7086), np.float32(0.9259), np.float32(0.9269)]
2026-08-05 12:01:05.934466: Epoch time: 39.58 s
2026-08-05 12:01:06.915982: 
2026-08-05 12:01:06.916443: Epoch 235
2026-08-05 12:01:06.916581: Current learning rate: 0.00786
2026-08-05 12:01:36.467680: train_loss -0.8107
2026-08-05 12:01:36.468184: val_loss -0.753
2026-08-05 12:01:36.468249: Pseudo dice [np.float32(0.7006), np.float32(0.9287), np.float32(0.9205)]
2026-08-05 12:01:36.468326: Epoch time: 29.55 s
2026-08-05 12:01:37.397244: 
2026-08-05 12:01:37.397646: Epoch 236
2026-08-05 12:01:37.397823: Current learning rate: 0.00785
2026-08-05 12:02:05.708932: train_loss -0.8067
2026-08-05 12:02:05.728586: val_loss -0.7616
2026-08-05 12:02:05.728781: Pseudo dice [np.float32(0.6927), np.float32(0.9254), np.float32(0.9255)]
2026-08-05 12:02:05.728937: Epoch time: 28.32 s
2026-08-05 12:02:06.564431: 
2026-08-05 12:02:06.564779: Epoch 237
2026-08-05 12:02:06.564872: Current learning rate: 0.00784
2026-08-05 12:02:35.630882: train_loss -0.8179
2026-08-05 12:02:35.631280: val_loss -0.7498
2026-08-05 12:02:35.631420: Pseudo dice [np.float32(0.6988), np.float32(0.9177), np.float32(0.9241)]
2026-08-05 12:02:35.631495: Epoch time: 29.07 s
2026-08-05 12:02:36.548899: 
2026-08-05 12:02:36.549242: Epoch 238
2026-08-05 12:02:36.549349: Current learning rate: 0.00783
2026-08-05 12:03:04.937383: train_loss -0.8263
2026-08-05 12:03:04.938569: val_loss -0.7669
2026-08-05 12:03:04.939018: Pseudo dice [np.float32(0.7036), np.float32(0.9225), np.float32(0.9294)]
2026-08-05 12:03:04.939158: Epoch time: 28.39 s
2026-08-05 12:03:05.709952: 
2026-08-05 12:03:05.710355: Epoch 239
2026-08-05 12:03:05.710459: Current learning rate: 0.00782
2026-08-05 12:03:34.390729: train_loss -0.816
2026-08-05 12:03:34.391760: val_loss -0.7547
2026-08-05 12:03:34.392086: Pseudo dice [np.float32(0.6913), np.float32(0.9206), np.float32(0.9234)]
2026-08-05 12:03:34.455644: Epoch time: 28.68 s
2026-08-05 12:03:35.314169: 
2026-08-05 12:03:35.314456: Epoch 240
2026-08-05 12:03:35.314599: Current learning rate: 0.00781
2026-08-05 12:04:03.665030: train_loss -0.8212
2026-08-05 12:04:03.670149: val_loss -0.7326
2026-08-05 12:04:03.670290: Pseudo dice [np.float32(0.6829), np.float32(0.9175), np.float32(0.9211)]
2026-08-05 12:04:03.670419: Epoch time: 28.35 s
2026-08-05 12:04:04.949401: 
2026-08-05 12:04:04.949772: Epoch 241
2026-08-05 12:04:04.949936: Current learning rate: 0.0078
2026-08-05 12:04:33.417151: train_loss -0.8202
2026-08-05 12:04:33.417545: val_loss -0.7564
2026-08-05 12:04:33.417729: Pseudo dice [np.float32(0.6951), np.float32(0.9211), np.float32(0.9304)]
2026-08-05 12:04:33.417976: Epoch time: 28.47 s
2026-08-05 12:04:34.139104: 
2026-08-05 12:04:34.139495: Epoch 242
2026-08-05 12:04:34.139600: Current learning rate: 0.00779
2026-08-05 12:05:02.440706: train_loss -0.8197
2026-08-05 12:05:02.441006: val_loss -0.7346
2026-08-05 12:05:02.441067: Pseudo dice [np.float32(0.6841), np.float32(0.9039), np.float32(0.9309)]
2026-08-05 12:05:02.441135: Epoch time: 28.3 s
2026-08-05 12:05:03.155614: 
2026-08-05 12:05:03.155934: Epoch 243
2026-08-05 12:05:03.156108: Current learning rate: 0.00778
2026-08-05 12:05:31.553031: train_loss -0.8077
2026-08-05 12:05:31.553355: val_loss -0.7405
2026-08-05 12:05:31.553483: Pseudo dice [np.float32(0.6783), np.float32(0.9162), np.float32(0.922)]
2026-08-05 12:05:31.556083: Epoch time: 28.4 s
2026-08-05 12:05:32.373980: 
2026-08-05 12:05:32.374237: Epoch 244
2026-08-05 12:05:32.374375: Current learning rate: 0.00777
2026-08-05 12:06:00.952321: train_loss -0.8156
2026-08-05 12:06:00.952768: val_loss -0.7453
2026-08-05 12:06:00.952923: Pseudo dice [np.float32(0.6942), np.float32(0.9246), np.float32(0.9133)]
2026-08-05 12:06:00.953052: Epoch time: 28.58 s
2026-08-05 12:06:02.195409: 
2026-08-05 12:06:02.195740: Epoch 245
2026-08-05 12:06:02.195825: Current learning rate: 0.00777
2026-08-05 12:06:31.042600: train_loss -0.8187
2026-08-05 12:06:31.045664: val_loss -0.7375
2026-08-05 12:06:31.045845: Pseudo dice [np.float32(0.6934), np.float32(0.9021), np.float32(0.9259)]
2026-08-05 12:06:31.046554: Epoch time: 28.85 s
2026-08-05 12:06:32.078104: 
2026-08-05 12:06:32.078601: Epoch 246
2026-08-05 12:06:32.078856: Current learning rate: 0.00776
2026-08-05 12:07:00.953197: train_loss -0.821
2026-08-05 12:07:00.959288: val_loss -0.7647
2026-08-05 12:07:00.959522: Pseudo dice [np.float32(0.7021), np.float32(0.9275), np.float32(0.9245)]
2026-08-05 12:07:00.959675: Epoch time: 28.88 s
2026-08-05 12:07:02.118191: 
2026-08-05 12:07:02.118544: Epoch 247
2026-08-05 12:07:02.118657: Current learning rate: 0.00775
2026-08-05 12:07:31.096245: train_loss -0.8226
2026-08-05 12:07:31.096560: val_loss -0.7449
2026-08-05 12:07:31.096781: Pseudo dice [np.float32(0.6841), np.float32(0.9182), np.float32(0.9176)]
2026-08-05 12:07:31.096917: Epoch time: 28.98 s
2026-08-05 12:07:32.234020: 
2026-08-05 12:07:32.234324: Epoch 248
2026-08-05 12:07:32.234441: Current learning rate: 0.00774
2026-08-05 12:08:00.860536: train_loss -0.8294
2026-08-05 12:08:00.860866: val_loss -0.7616
2026-08-05 12:08:00.861244: Pseudo dice [np.float32(0.7031), np.float32(0.923), np.float32(0.9289)]
2026-08-05 12:08:00.861454: Epoch time: 28.63 s
2026-08-05 12:08:01.634637: 
2026-08-05 12:08:01.634907: Epoch 249
2026-08-05 12:08:01.635055: Current learning rate: 0.00773
2026-08-05 12:08:30.312474: train_loss -0.8222
2026-08-05 12:08:31.027290: val_loss -0.7635
2026-08-05 12:08:31.027510: Pseudo dice [np.float32(0.6942), np.float32(0.9228), np.float32(0.9297)]
2026-08-05 12:08:31.027656: Epoch time: 28.68 s
2026-08-05 12:08:36.814639: 
2026-08-05 12:08:36.815041: Epoch 250
2026-08-05 12:08:36.815157: Current learning rate: 0.00772
2026-08-05 12:09:05.578279: train_loss -0.826
2026-08-05 12:09:05.578661: val_loss -0.7482
2026-08-05 12:09:05.578981: Pseudo dice [np.float32(0.7037), np.float32(0.927), np.float32(0.9215)]
2026-08-05 12:09:05.579124: Epoch time: 28.77 s
2026-08-05 12:09:06.412060: 
2026-08-05 12:09:06.412378: Epoch 251
2026-08-05 12:09:06.412480: Current learning rate: 0.00771
2026-08-05 12:09:35.022237: train_loss -0.8308
2026-08-05 12:09:35.022546: val_loss -0.7796
2026-08-05 12:09:35.022798: Pseudo dice [np.float32(0.7178), np.float32(0.9317), np.float32(0.9349)]
2026-08-05 12:09:35.022985: Epoch time: 28.61 s
2026-08-05 12:09:35.850599: 
2026-08-05 12:09:35.850887: Epoch 252
2026-08-05 12:09:35.851000: Current learning rate: 0.0077
2026-08-05 12:10:04.068078: train_loss -0.8323
2026-08-05 12:10:04.068269: val_loss -0.7715
2026-08-05 12:10:04.068331: Pseudo dice [np.float32(0.7052), np.float32(0.9285), np.float32(0.9339)]
2026-08-05 12:10:04.068396: Epoch time: 28.22 s
2026-08-05 12:10:05.000936: 
2026-08-05 12:10:05.001209: Epoch 253
2026-08-05 12:10:05.001335: Current learning rate: 0.00769
2026-08-05 12:10:33.385461: train_loss -0.8353
2026-08-05 12:10:33.386185: val_loss -0.748
2026-08-05 12:10:33.386263: Pseudo dice [np.float32(0.6931), np.float32(0.9221), np.float32(0.9265)]
2026-08-05 12:10:33.386324: Epoch time: 28.39 s
2026-08-05 12:10:34.107008: 
2026-08-05 12:10:34.107332: Epoch 254
2026-08-05 12:10:34.107425: Current learning rate: 0.00768
2026-08-05 12:11:03.294088: train_loss -0.8307
2026-08-05 12:11:03.294396: val_loss -0.753
2026-08-05 12:11:03.294612: Pseudo dice [np.float32(0.7008), np.float32(0.9228), np.float32(0.9289)]
2026-08-05 12:11:03.294807: Epoch time: 29.19 s
2026-08-05 12:11:04.110595: 
2026-08-05 12:11:04.110855: Epoch 255
2026-08-05 12:11:04.110985: Current learning rate: 0.00767
2026-08-05 12:11:32.865297: train_loss -0.8273
2026-08-05 12:11:32.877136: val_loss -0.7593
2026-08-05 12:11:32.877288: Pseudo dice [np.float32(0.6997), np.float32(0.9252), np.float32(0.921)]
2026-08-05 12:11:32.877403: Epoch time: 28.76 s
2026-08-05 12:11:35.341183: 
2026-08-05 12:11:35.341593: Epoch 256
2026-08-05 12:11:35.341742: Current learning rate: 0.00766
2026-08-05 12:12:04.572712: train_loss -0.8216
2026-08-05 12:12:04.573126: val_loss -0.7555
2026-08-05 12:12:04.573257: Pseudo dice [np.float32(0.6979), np.float32(0.9196), np.float32(0.9314)]
2026-08-05 12:12:04.573369: Epoch time: 29.23 s
2026-08-05 12:12:05.537507: 
2026-08-05 12:12:05.537941: Epoch 257
2026-08-05 12:12:05.538033: Current learning rate: 0.00765
2026-08-05 12:12:35.718064: train_loss -0.8155
2026-08-05 12:12:35.802332: val_loss -0.7296
2026-08-05 12:12:35.802615: Pseudo dice [np.float32(0.6831), np.float32(0.9216), np.float32(0.915)]
2026-08-05 12:12:35.802755: Epoch time: 30.18 s
2026-08-05 12:12:36.785568: 
2026-08-05 12:12:36.785998: Epoch 258
2026-08-05 12:12:36.786168: Current learning rate: 0.00764
2026-08-05 12:13:05.697269: train_loss -0.8112
2026-08-05 12:13:05.697911: val_loss -0.7332
2026-08-05 12:13:05.698004: Pseudo dice [np.float32(0.6814), np.float32(0.9139), np.float32(0.9129)]
2026-08-05 12:13:05.698080: Epoch time: 28.91 s
2026-08-05 12:13:06.414451: 
2026-08-05 12:13:06.414836: Epoch 259
2026-08-05 12:13:06.415055: Current learning rate: 0.00764
2026-08-05 12:13:34.978825: train_loss -0.8038
2026-08-05 12:13:34.981203: val_loss -0.7251
2026-08-05 12:13:34.981745: Pseudo dice [np.float32(0.6678), np.float32(0.9033), np.float32(0.9106)]
2026-08-05 12:13:34.982472: Epoch time: 28.57 s
2026-08-05 12:13:35.833720: 
2026-08-05 12:13:35.834044: Epoch 260
2026-08-05 12:13:35.834150: Current learning rate: 0.00763
2026-08-05 12:14:04.763937: train_loss -0.8129
2026-08-05 12:14:04.805696: val_loss -0.7242
2026-08-05 12:14:04.805961: Pseudo dice [np.float32(0.6695), np.float32(0.9066), np.float32(0.9203)]
2026-08-05 12:14:04.806099: Epoch time: 28.93 s
2026-08-05 12:14:05.675759: 
2026-08-05 12:14:05.676112: Epoch 261
2026-08-05 12:14:05.676217: Current learning rate: 0.00762
2026-08-05 12:14:34.061020: train_loss -0.8254
2026-08-05 12:14:34.061234: val_loss -0.7589
2026-08-05 12:14:34.061291: Pseudo dice [np.float32(0.696), np.float32(0.9287), np.float32(0.9282)]
2026-08-05 12:14:34.061348: Epoch time: 28.39 s
2026-08-05 12:14:34.795351: 
2026-08-05 12:14:34.860860: Epoch 262
2026-08-05 12:14:34.861054: Current learning rate: 0.00761
2026-08-05 12:15:04.101114: train_loss -0.8321
2026-08-05 12:15:04.160598: val_loss -0.7642
2026-08-05 12:15:04.160699: Pseudo dice [np.float32(0.6997), np.float32(0.9305), np.float32(0.9277)]
2026-08-05 12:15:04.160768: Epoch time: 29.31 s
2026-08-05 12:15:04.882621: 
2026-08-05 12:15:04.883066: Epoch 263
2026-08-05 12:15:04.883177: Current learning rate: 0.0076
2026-08-05 12:15:33.566265: train_loss -0.8345
2026-08-05 12:15:33.592380: val_loss -0.7704
2026-08-05 12:15:33.592549: Pseudo dice [np.float32(0.7009), np.float32(0.9292), np.float32(0.9328)]
2026-08-05 12:15:33.592635: Epoch time: 28.69 s
2026-08-05 12:15:34.571359: 
2026-08-05 12:15:34.571720: Epoch 264
2026-08-05 12:15:34.571856: Current learning rate: 0.00759
2026-08-05 12:16:03.124152: train_loss -0.8356
2026-08-05 12:16:03.124773: val_loss -0.7485
2026-08-05 12:16:03.125180: Pseudo dice [np.float32(0.6885), np.float32(0.9249), np.float32(0.9225)]
2026-08-05 12:16:03.125337: Epoch time: 28.56 s
2026-08-05 12:16:04.105950: 
2026-08-05 12:16:04.106384: Epoch 265
2026-08-05 12:16:04.106498: Current learning rate: 0.00758
2026-08-05 12:16:33.224400: train_loss -0.8386
2026-08-05 12:16:33.224777: val_loss -0.7468
2026-08-05 12:16:33.224930: Pseudo dice [np.float32(0.6819), np.float32(0.9165), np.float32(0.9283)]
2026-08-05 12:16:33.225066: Epoch time: 29.12 s
2026-08-05 12:16:34.075757: 
2026-08-05 12:16:34.076045: Epoch 266
2026-08-05 12:16:34.076194: Current learning rate: 0.00757
2026-08-05 12:17:03.800022: train_loss -0.8349
2026-08-05 12:17:03.800724: val_loss -0.7655
2026-08-05 12:17:03.801275: Pseudo dice [np.float32(0.7092), np.float32(0.9276), np.float32(0.9309)]
2026-08-05 12:17:03.801404: Epoch time: 29.73 s
2026-08-05 12:17:04.635656: 
2026-08-05 12:17:04.635954: Epoch 267
2026-08-05 12:17:04.636125: Current learning rate: 0.00756
2026-08-05 12:17:33.425270: train_loss -0.833
2026-08-05 12:17:33.560163: val_loss -0.7395
2026-08-05 12:17:33.560385: Pseudo dice [np.float32(0.6803), np.float32(0.9196), np.float32(0.9183)]
2026-08-05 12:17:33.560525: Epoch time: 28.79 s
2026-08-05 12:17:34.557074: 
2026-08-05 12:17:34.557442: Epoch 268
2026-08-05 12:17:34.557556: Current learning rate: 0.00755
2026-08-05 12:18:03.543369: train_loss -0.8162
2026-08-05 12:18:03.543685: val_loss -0.7382
2026-08-05 12:18:03.543808: Pseudo dice [np.float32(0.6796), np.float32(0.915), np.float32(0.9258)]
2026-08-05 12:18:03.544065: Epoch time: 28.99 s
2026-08-05 12:18:04.689122: 
2026-08-05 12:18:04.689497: Epoch 269
2026-08-05 12:18:04.689643: Current learning rate: 0.00754
2026-08-05 12:18:34.140103: train_loss -0.8078
2026-08-05 12:18:34.140397: val_loss -0.7322
2026-08-05 12:18:34.140536: Pseudo dice [np.float32(0.6816), np.float32(0.9188), np.float32(0.9136)]
2026-08-05 12:18:34.140664: Epoch time: 29.45 s
2026-08-05 12:18:34.980555: 
2026-08-05 12:18:34.980807: Epoch 270
2026-08-05 12:18:34.980910: Current learning rate: 0.00753
2026-08-05 12:19:04.602145: train_loss -0.8183
2026-08-05 12:19:04.602710: val_loss -0.752
2026-08-05 12:19:04.602845: Pseudo dice [np.float32(0.693), np.float32(0.9226), np.float32(0.9226)]
2026-08-05 12:19:04.603000: Epoch time: 29.62 s
2026-08-05 12:19:05.506288: 
2026-08-05 12:19:05.506599: Epoch 271
2026-08-05 12:19:05.506711: Current learning rate: 0.00752
2026-08-05 12:19:34.895826: train_loss -0.8243
2026-08-05 12:19:34.896485: val_loss -0.7267
2026-08-05 12:19:34.896563: Pseudo dice [np.float32(0.6734), np.float32(0.9135), np.float32(0.9194)]
2026-08-05 12:19:34.896642: Epoch time: 29.39 s
2026-08-05 12:19:35.689489: 
2026-08-05 12:19:35.689722: Epoch 272
2026-08-05 12:19:35.689881: Current learning rate: 0.00751
2026-08-05 12:20:04.402575: train_loss -0.8077
2026-08-05 12:20:04.403025: val_loss -0.7369
2026-08-05 12:20:04.403112: Pseudo dice [np.float32(0.6765), np.float32(0.9129), np.float32(0.9199)]
2026-08-05 12:20:04.403187: Epoch time: 28.72 s
2026-08-05 12:20:05.357158: 
2026-08-05 12:20:05.357653: Epoch 273
2026-08-05 12:20:05.357779: Current learning rate: 0.00751
2026-08-05 12:20:34.585205: train_loss -0.7929
2026-08-05 12:20:34.585681: val_loss -0.7203
2026-08-05 12:20:34.585806: Pseudo dice [np.float32(0.6707), np.float32(0.9136), np.float32(0.8942)]
2026-08-05 12:20:34.585947: Epoch time: 29.23 s
2026-08-05 12:20:35.486640: 
2026-08-05 12:20:35.487066: Epoch 274
2026-08-05 12:20:35.487303: Current learning rate: 0.0075
2026-08-05 12:21:04.709330: train_loss -0.8005
2026-08-05 12:21:04.796435: val_loss -0.72
2026-08-05 12:21:04.796634: Pseudo dice [np.float32(0.6747), np.float32(0.9106), np.float32(0.9219)]
2026-08-05 12:21:04.796764: Epoch time: 29.23 s
2026-08-05 12:21:05.676546: 
2026-08-05 12:21:05.676855: Epoch 275
2026-08-05 12:21:05.677132: Current learning rate: 0.00749
2026-08-05 12:21:48.566590: train_loss -0.8139
2026-08-05 12:21:49.406265: val_loss -0.7647
2026-08-05 12:21:49.406492: Pseudo dice [np.float32(0.7014), np.float32(0.9249), np.float32(0.9337)]
2026-08-05 12:21:49.406620: Epoch time: 42.89 s
2026-08-05 12:21:50.804006: 
2026-08-05 12:21:50.804411: Epoch 276
2026-08-05 12:21:50.804518: Current learning rate: 0.00748
2026-08-05 12:22:37.024343: train_loss -0.8221
2026-08-05 12:22:37.164857: val_loss -0.7679
2026-08-05 12:22:37.164984: Pseudo dice [np.float32(0.6993), np.float32(0.9248), np.float32(0.9297)]
2026-08-05 12:22:37.165170: Epoch time: 46.22 s
2026-08-05 12:22:38.091767: 
2026-08-05 12:22:38.092102: Epoch 277
2026-08-05 12:22:38.092282: Current learning rate: 0.00747
2026-08-05 12:23:08.594275: train_loss -0.8254
2026-08-05 12:23:08.594926: val_loss -0.758
2026-08-05 12:23:08.595007: Pseudo dice [np.float32(0.7001), np.float32(0.9243), np.float32(0.9297)]
2026-08-05 12:23:08.595094: Epoch time: 30.51 s
2026-08-05 12:23:09.598660: 
2026-08-05 12:23:09.598977: Epoch 278
2026-08-05 12:23:09.599091: Current learning rate: 0.00746
2026-08-05 12:23:39.000243: train_loss -0.8303
2026-08-05 12:23:39.297616: val_loss -0.7566
2026-08-05 12:23:39.297905: Pseudo dice [np.float32(0.6969), np.float32(0.911), np.float32(0.9209)]
2026-08-05 12:23:39.298062: Epoch time: 29.4 s
2026-08-05 12:23:40.178334: 
2026-08-05 12:23:40.178556: Epoch 279
2026-08-05 12:23:40.178786: Current learning rate: 0.00745
2026-08-05 12:24:09.750262: train_loss -0.8334
2026-08-05 12:24:09.904150: val_loss -0.7529
2026-08-05 12:24:09.904348: Pseudo dice [np.float32(0.7035), np.float32(0.9136), np.float32(0.9302)]
2026-08-05 12:24:09.904476: Epoch time: 29.57 s
2026-08-05 12:24:10.712650: 
2026-08-05 12:24:10.712915: Epoch 280
2026-08-05 12:24:10.713123: Current learning rate: 0.00744
2026-08-05 12:24:39.810119: train_loss -0.8255
2026-08-05 12:24:39.810445: val_loss -0.7518
2026-08-05 12:24:39.810570: Pseudo dice [np.float32(0.694), np.float32(0.9262), np.float32(0.9282)]
2026-08-05 12:24:39.810679: Epoch time: 29.1 s
2026-08-05 12:24:40.643414: 
2026-08-05 12:24:40.643731: Epoch 281
2026-08-05 12:24:40.643963: Current learning rate: 0.00743
2026-08-05 12:25:09.792036: train_loss -0.8188
2026-08-05 12:25:10.075948: val_loss -0.7448
2026-08-05 12:25:10.076164: Pseudo dice [np.float32(0.6863), np.float32(0.9095), np.float32(0.922)]
2026-08-05 12:25:10.076291: Epoch time: 29.15 s
2026-08-05 12:25:11.300020: 
2026-08-05 12:25:11.300398: Epoch 282
2026-08-05 12:25:11.300544: Current learning rate: 0.00742
2026-08-05 12:25:39.282750: train_loss -0.8201
2026-08-05 12:25:39.282937: val_loss -0.7498
2026-08-05 12:25:39.282986: Pseudo dice [np.float32(0.6848), np.float32(0.9218), np.float32(0.9213)]
2026-08-05 12:25:39.283046: Epoch time: 27.99 s
2026-08-05 12:25:40.246769: 
2026-08-05 12:25:40.247043: Epoch 283
2026-08-05 12:25:40.247149: Current learning rate: 0.00741
2026-08-05 12:26:10.102880: train_loss -0.8256
2026-08-05 12:26:10.103328: val_loss -0.7304
2026-08-05 12:26:10.103466: Pseudo dice [np.float32(0.6842), np.float32(0.8947), np.float32(0.9159)]
2026-08-05 12:26:10.103580: Epoch time: 29.87 s
2026-08-05 12:26:11.008964: 
2026-08-05 12:26:11.009276: Epoch 284
2026-08-05 12:26:11.009388: Current learning rate: 0.0074
2026-08-05 12:26:40.107689: train_loss -0.8214
2026-08-05 12:26:40.338788: val_loss -0.7566
2026-08-05 12:26:40.339028: Pseudo dice [np.float32(0.6894), np.float32(0.922), np.float32(0.9298)]
2026-08-05 12:26:40.339170: Epoch time: 29.1 s
2026-08-05 12:26:41.326044: 
2026-08-05 12:26:41.326365: Epoch 285
2026-08-05 12:26:41.326474: Current learning rate: 0.00739
2026-08-05 12:27:10.662728: train_loss -0.8304
2026-08-05 12:27:10.665517: val_loss -0.7497
2026-08-05 12:27:10.665762: Pseudo dice [np.float32(0.6873), np.float32(0.9219), np.float32(0.9194)]
2026-08-05 12:27:10.666616: Epoch time: 29.34 s
2026-08-05 12:27:11.559963: 
2026-08-05 12:27:11.560261: Epoch 286
2026-08-05 12:27:11.560364: Current learning rate: 0.00738
2026-08-05 12:27:40.665786: train_loss -0.8068
2026-08-05 12:27:40.666639: val_loss -0.7497
2026-08-05 12:27:40.667128: Pseudo dice [np.float32(0.6823), np.float32(0.9235), np.float32(0.9235)]
2026-08-05 12:27:40.667258: Epoch time: 29.11 s
2026-08-05 12:27:41.744202: 
2026-08-05 12:27:41.744590: Epoch 287
2026-08-05 12:27:41.744703: Current learning rate: 0.00738
2026-08-05 12:28:10.977350: train_loss -0.8155
2026-08-05 12:28:10.977592: val_loss -0.7693
2026-08-05 12:28:10.977713: Pseudo dice [np.float32(0.709), np.float32(0.9221), np.float32(0.9293)]
2026-08-05 12:28:10.977828: Epoch time: 29.24 s
2026-08-05 12:28:11.948481: 
2026-08-05 12:28:11.948823: Epoch 288
2026-08-05 12:28:11.948941: Current learning rate: 0.00737
2026-08-05 12:28:42.022835: train_loss -0.8042
2026-08-05 12:28:42.077024: val_loss -0.7347
2026-08-05 12:28:42.077512: Pseudo dice [np.float32(0.6741), np.float32(0.9116), np.float32(0.9207)]
2026-08-05 12:28:42.077838: Epoch time: 30.08 s
2026-08-05 12:28:43.094664: 
2026-08-05 12:28:43.095019: Epoch 289
2026-08-05 12:28:43.095132: Current learning rate: 0.00736
2026-08-05 12:29:12.370514: train_loss -0.8187
2026-08-05 12:29:12.383431: val_loss -0.7616
2026-08-05 12:29:12.383663: Pseudo dice [np.float32(0.6941), np.float32(0.9226), np.float32(0.9267)]
2026-08-05 12:29:12.383846: Epoch time: 29.28 s
2026-08-05 12:29:13.184611: 
2026-08-05 12:29:13.184884: Epoch 290
2026-08-05 12:29:13.185060: Current learning rate: 0.00735
2026-08-05 12:29:44.077032: train_loss -0.8169
2026-08-05 12:29:44.132035: val_loss -0.7577
2026-08-05 12:29:44.132264: Pseudo dice [np.float32(0.6977), np.float32(0.9262), np.float32(0.9185)]
2026-08-05 12:29:44.132400: Epoch time: 30.9 s
2026-08-05 12:29:45.046051: 
2026-08-05 12:29:45.046395: Epoch 291
2026-08-05 12:29:45.046504: Current learning rate: 0.00734
2026-08-05 12:30:13.696926: train_loss -0.8214
2026-08-05 12:30:13.711158: val_loss -0.751
2026-08-05 12:30:13.711248: Pseudo dice [np.float32(0.6889), np.float32(0.9188), np.float32(0.9273)]
2026-08-05 12:30:13.711316: Epoch time: 28.65 s
2026-08-05 12:30:14.715171: 
2026-08-05 12:30:14.715486: Epoch 292
2026-08-05 12:30:14.715738: Current learning rate: 0.00733
2026-08-05 12:30:43.878827: train_loss -0.8331
2026-08-05 12:30:43.911268: val_loss -0.7722
2026-08-05 12:30:43.911368: Pseudo dice [np.float32(0.7094), np.float32(0.9326), np.float32(0.9349)]
2026-08-05 12:30:43.911442: Epoch time: 29.17 s
2026-08-05 12:30:44.920434: 
2026-08-05 12:30:44.920760: Epoch 293
2026-08-05 12:30:44.920900: Current learning rate: 0.00732
2026-08-05 12:31:12.655516: train_loss -0.8371
2026-08-05 12:31:12.676796: val_loss -0.76
2026-08-05 12:31:12.676985: Pseudo dice [np.float32(0.6936), np.float32(0.9282), np.float32(0.9261)]
2026-08-05 12:31:12.677103: Epoch time: 27.74 s
2026-08-05 12:31:13.540823: 
2026-08-05 12:31:13.541114: Epoch 294
2026-08-05 12:31:13.541224: Current learning rate: 0.00731
2026-08-05 12:31:41.557824: train_loss -0.8373
2026-08-05 12:31:41.558090: val_loss -0.7617
2026-08-05 12:31:41.558148: Pseudo dice [np.float32(0.7042), np.float32(0.9262), np.float32(0.9296)]
2026-08-05 12:31:41.558209: Epoch time: 28.02 s
2026-08-05 12:31:42.512032: 
2026-08-05 12:31:42.512269: Epoch 295
2026-08-05 12:31:42.512509: Current learning rate: 0.0073
2026-08-05 12:32:10.877356: train_loss -0.8394
2026-08-05 12:32:10.877696: val_loss -0.7428
2026-08-05 12:32:10.877819: Pseudo dice [np.float32(0.693), np.float32(0.921), np.float32(0.9228)]
2026-08-05 12:32:10.877968: Epoch time: 28.37 s
2026-08-05 12:32:12.169713: 
2026-08-05 12:32:12.170097: Epoch 296
2026-08-05 12:32:12.170335: Current learning rate: 0.00729
2026-08-05 12:32:40.078002: train_loss -0.8414
2026-08-05 12:32:40.078354: val_loss -0.7441
2026-08-05 12:32:40.078412: Pseudo dice [np.float32(0.6937), np.float32(0.9152), np.float32(0.9215)]
2026-08-05 12:32:40.078474: Epoch time: 27.91 s
2026-08-05 12:32:44.348546: 
2026-08-05 12:32:44.348915: Epoch 297
2026-08-05 12:32:44.349069: Current learning rate: 0.00728
2026-08-05 12:33:13.111822: train_loss -0.8279
2026-08-05 12:33:13.112093: val_loss -0.738
2026-08-05 12:33:13.112153: Pseudo dice [np.float32(0.6959), np.float32(0.9221), np.float32(0.9191)]
2026-08-05 12:33:13.112227: Epoch time: 28.77 s
2026-08-05 12:33:14.136434: 
2026-08-05 12:33:14.136854: Epoch 298
2026-08-05 12:33:14.136979: Current learning rate: 0.00727
2026-08-05 12:33:43.417530: train_loss -0.8266
2026-08-05 12:33:43.418029: val_loss -0.7417
2026-08-05 12:33:43.418153: Pseudo dice [np.float32(0.6861), np.float32(0.9189), np.float32(0.9221)]
2026-08-05 12:33:43.418317: Epoch time: 29.29 s
2026-08-05 12:33:44.283931: 
2026-08-05 12:33:44.284274: Epoch 299
2026-08-05 12:33:44.284398: Current learning rate: 0.00726
2026-08-05 12:34:15.819676: train_loss -0.8297
2026-08-05 12:34:16.074187: val_loss -0.7542
2026-08-05 12:34:16.074401: Pseudo dice [np.float32(0.6861), np.float32(0.9275), np.float32(0.9189)]
2026-08-05 12:34:16.074533: Epoch time: 31.54 s
2026-08-05 12:34:22.702114: 
2026-08-05 12:34:22.846827: Epoch 300
2026-08-05 12:34:22.847139: Current learning rate: 0.00725
2026-08-05 12:34:52.104994: train_loss -0.8288
2026-08-05 12:34:52.136805: val_loss -0.7495
2026-08-05 12:34:52.137012: Pseudo dice [np.float32(0.6938), np.float32(0.9214), np.float32(0.9142)]
2026-08-05 12:34:52.137097: Epoch time: 29.41 s
2026-08-05 12:34:53.645267: 
2026-08-05 12:34:53.669789: Epoch 301
2026-08-05 12:34:53.669955: Current learning rate: 0.00724
2026-08-05 12:35:24.416692: train_loss -0.8365
2026-08-05 12:35:24.518080: val_loss -0.7464
2026-08-05 12:35:24.518312: Pseudo dice [np.float32(0.6896), np.float32(0.9195), np.float32(0.9259)]
2026-08-05 12:35:24.518440: Epoch time: 30.78 s
2026-08-05 12:35:26.025328: 
2026-08-05 12:35:26.166129: Epoch 302
2026-08-05 12:35:26.166393: Current learning rate: 0.00724
2026-08-05 12:35:55.774184: train_loss -0.8359
2026-08-05 12:35:55.776928: val_loss -0.7609
2026-08-05 12:35:55.776997: Pseudo dice [np.float32(0.6929), np.float32(0.9259), np.float32(0.9257)]
2026-08-05 12:35:55.777065: Epoch time: 29.75 s
2026-08-05 12:35:56.637563: 
2026-08-05 12:35:56.637974: Epoch 303
2026-08-05 12:35:56.638090: Current learning rate: 0.00723
2026-08-05 12:36:26.568138: train_loss -0.8435
2026-08-05 12:36:26.568457: val_loss -0.756
2026-08-05 12:36:26.568578: Pseudo dice [np.float32(0.7072), np.float32(0.9269), np.float32(0.9307)]
2026-08-05 12:36:26.568692: Epoch time: 29.93 s
2026-08-05 12:36:32.368105: 
2026-08-05 12:36:32.368362: Epoch 304
2026-08-05 12:36:32.368469: Current learning rate: 0.00722
2026-08-05 12:37:08.506170: train_loss -0.8466
2026-08-05 12:37:08.506516: val_loss -0.7697
2026-08-05 12:37:08.506636: Pseudo dice [np.float32(0.7071), np.float32(0.9261), np.float32(0.9348)]
2026-08-05 12:37:08.506756: Epoch time: 36.14 s
2026-08-05 12:37:09.508794: 
2026-08-05 12:37:09.509237: Epoch 305
2026-08-05 12:37:09.509356: Current learning rate: 0.00721
2026-08-05 12:37:38.646719: train_loss -0.8409
2026-08-05 12:37:38.646947: val_loss -0.7384
2026-08-05 12:37:38.647010: Pseudo dice [np.float32(0.6902), np.float32(0.9117), np.float32(0.926)]
2026-08-05 12:37:38.647072: Epoch time: 29.14 s
2026-08-05 12:37:39.672688: 
2026-08-05 12:37:39.673148: Epoch 306
2026-08-05 12:37:39.673261: Current learning rate: 0.0072
2026-08-05 12:38:09.160625: train_loss -0.8365
2026-08-05 12:38:09.161470: val_loss -0.7488
2026-08-05 12:38:09.162029: Pseudo dice [np.float32(0.7003), np.float32(0.9185), np.float32(0.9261)]
2026-08-05 12:38:09.209880: Epoch time: 29.49 s
2026-08-05 12:38:10.227595: 
2026-08-05 12:38:10.227939: Epoch 307
2026-08-05 12:38:10.228047: Current learning rate: 0.00719
2026-08-05 12:38:39.503594: train_loss -0.8344
2026-08-05 12:38:39.504174: val_loss -0.74
2026-08-05 12:38:39.504427: Pseudo dice [np.float32(0.6931), np.float32(0.9063), np.float32(0.9214)]
2026-08-05 12:38:39.504562: Epoch time: 29.28 s
2026-08-05 12:38:41.310943: 
2026-08-05 12:38:41.311345: Epoch 308
2026-08-05 12:38:41.311444: Current learning rate: 0.00718
2026-08-05 12:39:11.711241: train_loss -0.8403
2026-08-05 12:39:11.716097: val_loss -0.7649
2026-08-05 12:39:11.716243: Pseudo dice [np.float32(0.7012), np.float32(0.9289), np.float32(0.9281)]
2026-08-05 12:39:11.716372: Epoch time: 30.4 s
2026-08-05 12:39:13.452667: 
2026-08-05 12:39:13.453133: Epoch 309
2026-08-05 12:39:13.453246: Current learning rate: 0.00717
2026-08-05 12:39:43.369072: train_loss -0.837
2026-08-05 12:39:43.369339: val_loss -0.7492
2026-08-05 12:39:43.369502: Pseudo dice [np.float32(0.6864), np.float32(0.9145), np.float32(0.9201)]
2026-08-05 12:39:43.369618: Epoch time: 29.92 s
2026-08-05 12:39:44.374094: 
2026-08-05 12:39:44.374448: Epoch 310
2026-08-05 12:39:44.374550: Current learning rate: 0.00716
2026-08-05 12:40:13.678411: train_loss -0.8256
2026-08-05 12:40:13.870463: val_loss -0.748
2026-08-05 12:40:13.870672: Pseudo dice [np.float32(0.6934), np.float32(0.9197), np.float32(0.9236)]
2026-08-05 12:40:13.870798: Epoch time: 29.31 s
2026-08-05 12:40:14.658979: 
2026-08-05 12:40:14.659150: Epoch 311
2026-08-05 12:40:14.659428: Current learning rate: 0.00715
2026-08-05 12:40:46.393541: train_loss -0.816
2026-08-05 12:40:46.393882: val_loss -0.7354
2026-08-05 12:40:46.394439: Pseudo dice [np.float32(0.6833), np.float32(0.9131), np.float32(0.9232)]
2026-08-05 12:40:46.394641: Epoch time: 31.74 s
2026-08-05 12:40:47.278639: 
2026-08-05 12:40:47.278955: Epoch 312
2026-08-05 12:40:47.279173: Current learning rate: 0.00714
2026-08-05 12:41:16.260736: train_loss -0.8038
2026-08-05 12:41:16.261232: val_loss -0.7484
2026-08-05 12:41:16.261408: Pseudo dice [np.float32(0.6954), np.float32(0.9134), np.float32(0.9232)]
2026-08-05 12:41:16.261529: Epoch time: 28.98 s
2026-08-05 12:41:17.153578: 
2026-08-05 12:41:17.153927: Epoch 313
2026-08-05 12:41:17.154071: Current learning rate: 0.00713
2026-08-05 12:41:46.347880: train_loss -0.7758
2026-08-05 12:41:46.348353: val_loss -0.7441
2026-08-05 12:41:46.348542: Pseudo dice [np.float32(0.682), np.float32(0.9179), np.float32(0.9125)]
2026-08-05 12:41:46.348706: Epoch time: 29.2 s
2026-08-05 12:41:47.212878: 
2026-08-05 12:41:47.213297: Epoch 314
2026-08-05 12:41:47.213403: Current learning rate: 0.00712
2026-08-05 12:42:17.517916: train_loss -0.7984
2026-08-05 12:42:17.520861: val_loss -0.7606
2026-08-05 12:42:17.521032: Pseudo dice [np.float32(0.6968), np.float32(0.9149), np.float32(0.9242)]
2026-08-05 12:42:17.521180: Epoch time: 30.31 s
2026-08-05 12:42:18.408571: 
2026-08-05 12:42:18.408934: Epoch 315
2026-08-05 12:42:18.409046: Current learning rate: 0.00711
2026-08-05 12:42:47.579686: train_loss -0.7899
2026-08-05 12:42:47.580333: val_loss -0.7555
2026-08-05 12:42:47.580603: Pseudo dice [np.float32(0.6905), np.float32(0.9211), np.float32(0.9258)]
2026-08-05 12:42:47.580730: Epoch time: 29.17 s
2026-08-05 12:42:48.640833: 
2026-08-05 12:42:48.641187: Epoch 316
2026-08-05 12:42:48.641321: Current learning rate: 0.0071
2026-08-05 12:43:17.420135: train_loss -0.7903
2026-08-05 12:43:17.420857: val_loss -0.7399
2026-08-05 12:43:17.420959: Pseudo dice [np.float32(0.683), np.float32(0.9032), np.float32(0.9194)]
2026-08-05 12:43:17.421150: Epoch time: 28.78 s
2026-08-05 12:43:18.698807: 
2026-08-05 12:43:18.699166: Epoch 317
2026-08-05 12:43:18.699266: Current learning rate: 0.0071
2026-08-05 12:43:46.221279: train_loss -0.762
2026-08-05 12:43:46.221466: val_loss -0.7257
2026-08-05 12:43:46.221517: Pseudo dice [np.float32(0.669), np.float32(0.9098), np.float32(0.9248)]
2026-08-05 12:43:46.221571: Epoch time: 27.53 s
2026-08-05 12:43:47.833490: 
2026-08-05 12:43:47.833846: Epoch 318
2026-08-05 12:43:47.833948: Current learning rate: 0.00709
2026-08-05 12:44:20.887074: train_loss -0.7828
2026-08-05 12:44:20.887515: val_loss -0.7515
2026-08-05 12:44:20.887653: Pseudo dice [np.float32(0.6805), np.float32(0.9213), np.float32(0.9224)]
2026-08-05 12:44:20.887793: Epoch time: 33.06 s
2026-08-05 12:44:21.950141: 
2026-08-05 12:44:21.950489: Epoch 319
2026-08-05 12:44:21.950595: Current learning rate: 0.00708
2026-08-05 12:44:51.444848: train_loss -0.8027
2026-08-05 12:44:51.450804: val_loss -0.742
2026-08-05 12:44:51.451021: Pseudo dice [np.float32(0.6856), np.float32(0.9102), np.float32(0.9224)]
2026-08-05 12:44:51.451173: Epoch time: 29.5 s
2026-08-05 12:44:52.558652: 
2026-08-05 12:44:52.559056: Epoch 320
2026-08-05 12:44:52.559176: Current learning rate: 0.00707
2026-08-05 12:45:22.421420: train_loss -0.8141
2026-08-05 12:45:22.421944: val_loss -0.7478
2026-08-05 12:45:22.422173: Pseudo dice [np.float32(0.6834), np.float32(0.9171), np.float32(0.9166)]
2026-08-05 12:45:22.422301: Epoch time: 29.87 s
2026-08-05 12:45:23.388279: 
2026-08-05 12:45:23.388613: Epoch 321
2026-08-05 12:45:23.388723: Current learning rate: 0.00706
2026-08-05 12:45:52.133673: train_loss -0.8121
2026-08-05 12:45:52.134427: val_loss -0.7329
2026-08-05 12:45:52.134507: Pseudo dice [np.float32(0.6718), np.float32(0.9154), np.float32(0.9201)]
2026-08-05 12:45:52.134580: Epoch time: 28.75 s
2026-08-05 12:45:53.150917: 
2026-08-05 12:45:53.151266: Epoch 322
2026-08-05 12:45:53.151496: Current learning rate: 0.00705
2026-08-05 12:46:22.149694: train_loss -0.7974
2026-08-05 12:46:22.149976: val_loss -0.7439
2026-08-05 12:46:22.150105: Pseudo dice [np.float32(0.6841), np.float32(0.9181), np.float32(0.9257)]
2026-08-05 12:46:22.150228: Epoch time: 29.0 s
2026-08-05 12:46:23.273741: 
2026-08-05 12:46:23.274060: Epoch 323
2026-08-05 12:46:23.274167: Current learning rate: 0.00704
2026-08-05 12:46:51.962162: train_loss -0.7936
2026-08-05 12:46:51.962627: val_loss -0.7494
2026-08-05 12:46:51.962754: Pseudo dice [np.float32(0.6814), np.float32(0.9159), np.float32(0.9218)]
2026-08-05 12:46:51.962912: Epoch time: 28.69 s
2026-08-05 12:46:53.013265: 
2026-08-05 12:46:53.013696: Epoch 324
2026-08-05 12:46:53.013861: Current learning rate: 0.00703
2026-08-05 12:47:22.912206: train_loss -0.8093
2026-08-05 12:47:22.912519: val_loss -0.7603
2026-08-05 12:47:22.912586: Pseudo dice [np.float32(0.6959), np.float32(0.9252), np.float32(0.9272)]
2026-08-05 12:47:22.912672: Epoch time: 29.9 s
2026-08-05 12:47:27.415075: 
2026-08-05 12:47:27.415380: Epoch 325
2026-08-05 12:47:27.415491: Current learning rate: 0.00702
2026-08-05 12:47:56.220554: train_loss -0.817
2026-08-05 12:47:56.225831: val_loss -0.7403
2026-08-05 12:47:56.226022: Pseudo dice [np.float32(0.6925), np.float32(0.9162), np.float32(0.9255)]
2026-08-05 12:47:56.226170: Epoch time: 28.81 s
2026-08-05 12:47:57.117518: 
2026-08-05 12:47:57.117837: Epoch 326
2026-08-05 12:47:57.117957: Current learning rate: 0.00701
2026-08-05 12:48:26.855804: train_loss -0.8183
2026-08-05 12:48:26.858596: val_loss -0.7567
2026-08-05 12:48:26.858806: Pseudo dice [np.float32(0.7005), np.float32(0.9185), np.float32(0.9315)]
2026-08-05 12:48:26.858959: Epoch time: 29.74 s
2026-08-05 12:48:27.715001: 
2026-08-05 12:48:27.715324: Epoch 327
2026-08-05 12:48:27.715436: Current learning rate: 0.007
2026-08-05 12:48:56.959998: train_loss -0.8307
2026-08-05 12:48:56.960217: val_loss -0.7435
2026-08-05 12:48:56.960292: Pseudo dice [np.float32(0.6924), np.float32(0.9164), np.float32(0.9192)]
2026-08-05 12:48:56.960371: Epoch time: 29.25 s
2026-08-05 12:48:57.755243: 
2026-08-05 12:48:57.755568: Epoch 328
2026-08-05 12:48:57.755717: Current learning rate: 0.00699
2026-08-05 12:49:26.627675: train_loss -0.8348
2026-08-05 12:49:26.627986: val_loss -0.768
2026-08-05 12:49:26.628106: Pseudo dice [np.float32(0.7069), np.float32(0.9321), np.float32(0.9314)]
2026-08-05 12:49:26.628225: Epoch time: 28.88 s
2026-08-05 12:49:27.564848: 
2026-08-05 12:49:27.565198: Epoch 329
2026-08-05 12:49:27.582378: Current learning rate: 0.00698
2026-08-05 12:49:56.919442: train_loss -0.8287
2026-08-05 12:49:56.921985: val_loss -0.7607
2026-08-05 12:49:56.922204: Pseudo dice [np.float32(0.704), np.float32(0.9217), np.float32(0.9285)]
2026-08-05 12:49:56.922354: Epoch time: 29.36 s
2026-08-05 12:49:57.928970: 
2026-08-05 12:49:57.929334: Epoch 330
2026-08-05 12:49:57.929424: Current learning rate: 0.00697
2026-08-05 12:50:27.474232: train_loss -0.8301
2026-08-05 12:50:27.474747: val_loss -0.7627
2026-08-05 12:50:27.474920: Pseudo dice [np.float32(0.6909), np.float32(0.9282), np.float32(0.9217)]
2026-08-05 12:50:27.475069: Epoch time: 29.55 s
2026-08-05 12:50:28.809670: 
2026-08-05 12:50:28.810017: Epoch 331
2026-08-05 12:50:28.810135: Current learning rate: 0.00696
2026-08-05 12:50:58.253162: train_loss -0.8373
2026-08-05 12:50:58.253595: val_loss -0.7538
2026-08-05 12:50:58.253730: Pseudo dice [np.float32(0.7059), np.float32(0.9242), np.float32(0.9311)]
2026-08-05 12:50:58.253857: Epoch time: 29.45 s
2026-08-05 12:51:01.514464: 
2026-08-05 12:51:01.514839: Epoch 332
2026-08-05 12:51:01.514955: Current learning rate: 0.00696
2026-08-05 12:51:30.717437: train_loss -0.8367
2026-08-05 12:51:30.717781: val_loss -0.7407
2026-08-05 12:51:30.717838: Pseudo dice [np.float32(0.6831), np.float32(0.9231), np.float32(0.9193)]
2026-08-05 12:51:30.717908: Epoch time: 29.21 s
2026-08-05 12:51:31.481709: 
2026-08-05 12:51:31.482055: Epoch 333
2026-08-05 12:51:31.482161: Current learning rate: 0.00695
2026-08-05 12:52:00.603451: train_loss -0.8419
2026-08-05 12:52:00.604030: val_loss -0.7366
2026-08-05 12:52:00.604171: Pseudo dice [np.float32(0.6833), np.float32(0.8953), np.float32(0.9232)]
2026-08-05 12:52:00.604286: Epoch time: 29.12 s
2026-08-05 12:52:01.558296: 
2026-08-05 12:52:01.558594: Epoch 334
2026-08-05 12:52:01.558737: Current learning rate: 0.00694
2026-08-05 12:52:30.616358: train_loss -0.8085
2026-08-05 12:52:30.616799: val_loss -0.7482
2026-08-05 12:52:30.616958: Pseudo dice [np.float32(0.6894), np.float32(0.9244), np.float32(0.9167)]
2026-08-05 12:52:30.617074: Epoch time: 29.06 s
2026-08-05 12:52:31.426629: 
2026-08-05 12:52:31.426808: Epoch 335
2026-08-05 12:52:31.427025: Current learning rate: 0.00693
2026-08-05 12:53:00.852479: train_loss -0.8095
2026-08-05 12:53:00.862865: val_loss -0.747
2026-08-05 12:53:00.863157: Pseudo dice [np.float32(0.6921), np.float32(0.9184), np.float32(0.9163)]
2026-08-05 12:53:00.863317: Epoch time: 29.43 s
2026-08-05 12:53:01.702232: 
2026-08-05 12:53:01.702495: Epoch 336
2026-08-05 12:53:01.702621: Current learning rate: 0.00692
2026-08-05 12:53:30.615652: train_loss -0.7926
2026-08-05 12:53:30.727260: val_loss -0.7012
2026-08-05 12:53:30.727462: Pseudo dice [np.float32(0.6543), np.float32(0.9077), np.float32(0.9002)]
2026-08-05 12:53:30.727586: Epoch time: 28.92 s
2026-08-05 12:53:32.499719: 
2026-08-05 12:53:32.502808: Epoch 337
2026-08-05 12:53:32.502936: Current learning rate: 0.00691
2026-08-05 12:54:01.821094: train_loss -0.7682
2026-08-05 12:54:01.821338: val_loss -0.7217
2026-08-05 12:54:01.821458: Pseudo dice [np.float32(0.6757), np.float32(0.91), np.float32(0.9178)]
2026-08-05 12:54:01.825112: Epoch time: 29.32 s
2026-08-05 12:54:04.606608: 
2026-08-05 12:54:04.606936: Epoch 338
2026-08-05 12:54:04.607194: Current learning rate: 0.0069
2026-08-05 12:54:33.264949: train_loss -0.7902
2026-08-05 12:54:33.266469: val_loss -0.7299
2026-08-05 12:54:33.266539: Pseudo dice [np.float32(0.6732), np.float32(0.9026), np.float32(0.918)]
2026-08-05 12:54:33.266594: Epoch time: 28.66 s
2026-08-05 12:54:35.063408: 
2026-08-05 12:54:35.063690: Epoch 339
2026-08-05 12:54:35.063804: Current learning rate: 0.00689
2026-08-05 12:55:06.682458: train_loss -0.7914
2026-08-05 12:55:06.682987: val_loss -0.7579
2026-08-05 12:55:06.683155: Pseudo dice [np.float32(0.7059), np.float32(0.9277), np.float32(0.9211)]
2026-08-05 12:55:06.683299: Epoch time: 31.62 s
2026-08-05 12:55:08.213060: 
2026-08-05 12:55:08.213426: Epoch 340
2026-08-05 12:55:08.213532: Current learning rate: 0.00688
2026-08-05 12:55:36.352966: train_loss -0.7969
2026-08-05 12:55:36.432617: val_loss -0.7645
2026-08-05 12:55:36.432723: Pseudo dice [np.float32(0.6987), np.float32(0.9254), np.float32(0.9308)]
2026-08-05 12:55:36.432789: Epoch time: 28.14 s
2026-08-05 12:55:37.483160: 
2026-08-05 12:55:37.483470: Epoch 341
2026-08-05 12:55:37.483596: Current learning rate: 0.00687
2026-08-05 12:56:05.090550: train_loss -0.8022
2026-08-05 12:56:05.251226: val_loss -0.7421
2026-08-05 12:56:05.251462: Pseudo dice [np.float32(0.6752), np.float32(0.9167), np.float32(0.9154)]
2026-08-05 12:56:05.251602: Epoch time: 27.61 s
2026-08-05 12:56:07.658005: 
2026-08-05 12:56:07.658284: Epoch 342
2026-08-05 12:56:07.658438: Current learning rate: 0.00686
2026-08-05 12:56:34.999627: train_loss -0.8168
2026-08-05 12:56:34.999854: val_loss -0.7502
2026-08-05 12:56:34.999921: Pseudo dice [np.float32(0.6839), np.float32(0.9187), np.float32(0.9119)]
2026-08-05 12:56:34.999987: Epoch time: 27.34 s
2026-08-05 12:56:35.955609: 
2026-08-05 12:56:35.955879: Epoch 343
2026-08-05 12:56:35.956009: Current learning rate: 0.00685
2026-08-05 12:57:03.979626: train_loss -0.8271
2026-08-05 12:57:03.984439: val_loss -0.7564
2026-08-05 12:57:03.984587: Pseudo dice [np.float32(0.6943), np.float32(0.9242), np.float32(0.9241)]
2026-08-05 12:57:03.984708: Epoch time: 28.03 s
2026-08-05 12:57:04.835159: 
2026-08-05 12:57:04.835481: Epoch 344
2026-08-05 12:57:04.835588: Current learning rate: 0.00684
2026-08-05 12:57:32.797997: train_loss -0.8329
2026-08-05 12:57:32.798242: val_loss -0.7503
2026-08-05 12:57:32.798295: Pseudo dice [np.float32(0.6891), np.float32(0.9101), np.float32(0.9312)]
2026-08-05 12:57:32.798351: Epoch time: 27.97 s
2026-08-05 12:57:33.538449: 
2026-08-05 12:57:33.538828: Epoch 345
2026-08-05 12:57:33.539027: Current learning rate: 0.00683
2026-08-05 12:58:02.037805: train_loss -0.8331
2026-08-05 12:58:02.038112: val_loss -0.7461
2026-08-05 12:58:02.038237: Pseudo dice [np.float32(0.6851), np.float32(0.921), np.float32(0.9262)]
2026-08-05 12:58:02.038350: Epoch time: 28.5 s
2026-08-05 12:58:03.186465: 
2026-08-05 12:58:03.186749: Epoch 346
2026-08-05 12:58:03.186992: Current learning rate: 0.00682
2026-08-05 12:58:31.502227: train_loss -0.8214
2026-08-05 12:58:31.503041: val_loss -0.7232
2026-08-05 12:58:31.503108: Pseudo dice [np.float32(0.6844), np.float32(0.9103), np.float32(0.9077)]
2026-08-05 12:58:31.503169: Epoch time: 28.32 s
2026-08-05 12:58:32.244445: 
2026-08-05 12:58:32.244824: Epoch 347
2026-08-05 12:58:32.245029: Current learning rate: 0.00681
2026-08-05 12:59:01.323612: train_loss -0.8127
2026-08-05 12:59:01.324094: val_loss -0.7599
2026-08-05 12:59:01.324453: Pseudo dice [np.float32(0.704), np.float32(0.9241), np.float32(0.9254)]
2026-08-05 12:59:01.324666: Epoch time: 29.08 s
2026-08-05 12:59:02.260592: 
2026-08-05 12:59:02.260952: Epoch 348
2026-08-05 12:59:02.261058: Current learning rate: 0.0068
2026-08-05 12:59:47.606786: train_loss -0.81
2026-08-05 12:59:47.673620: val_loss -0.7357
2026-08-05 12:59:47.673810: Pseudo dice [np.float32(0.6772), np.float32(0.9174), np.float32(0.9191)]
2026-08-05 12:59:47.673959: Epoch time: 45.35 s
2026-08-05 12:59:48.611856: 
2026-08-05 12:59:48.612200: Epoch 349
2026-08-05 12:59:48.612349: Current learning rate: 0.0068
2026-08-05 13:00:17.221422: train_loss -0.7922
2026-08-05 13:00:17.221699: val_loss -0.6997
2026-08-05 13:00:17.221754: Pseudo dice [np.float32(0.6737), np.float32(0.8794), np.float32(0.9121)]
2026-08-05 13:00:17.221818: Epoch time: 28.61 s
2026-08-05 13:00:23.150871: 
2026-08-05 13:00:23.151227: Epoch 350
2026-08-05 13:00:23.151415: Current learning rate: 0.00679
2026-08-05 13:00:51.645099: train_loss -0.7725
2026-08-05 13:00:51.645472: val_loss -0.7392
2026-08-05 13:00:51.645608: Pseudo dice [np.float32(0.6912), np.float32(0.9091), np.float32(0.9127)]
2026-08-05 13:00:51.645755: Epoch time: 28.5 s
2026-08-05 13:00:52.554151: 
2026-08-05 13:00:52.554443: Epoch 351
2026-08-05 13:00:52.554543: Current learning rate: 0.00678
2026-08-05 13:01:21.050750: train_loss -0.7957
2026-08-05 13:01:21.178205: val_loss -0.7514
2026-08-05 13:01:21.178411: Pseudo dice [np.float32(0.6959), np.float32(0.9198), np.float32(0.9242)]
2026-08-05 13:01:21.178536: Epoch time: 28.5 s
2026-08-05 13:01:22.355022: 
2026-08-05 13:01:22.355451: Epoch 352
2026-08-05 13:01:22.355603: Current learning rate: 0.00677
2026-08-05 13:01:51.924666: train_loss -0.8101
2026-08-05 13:01:51.924862: val_loss -0.7463
2026-08-05 13:01:51.924929: Pseudo dice [np.float32(0.6949), np.float32(0.9199), np.float32(0.9173)]
2026-08-05 13:01:51.924991: Epoch time: 29.57 s
2026-08-05 13:01:53.306631: 
2026-08-05 13:01:53.306933: Epoch 353
2026-08-05 13:01:53.307046: Current learning rate: 0.00676
2026-08-05 13:02:21.777911: train_loss -0.8185
2026-08-05 13:02:21.778184: val_loss -0.7607
2026-08-05 13:02:21.778424: Pseudo dice [np.float32(0.6943), np.float32(0.9281), np.float32(0.9291)]
2026-08-05 13:02:21.778550: Epoch time: 28.47 s
2026-08-05 13:02:22.891501: 
2026-08-05 13:02:22.891868: Epoch 354
2026-08-05 13:02:22.891994: Current learning rate: 0.00675
2026-08-05 13:02:52.430516: train_loss -0.8285
2026-08-05 13:02:52.430731: val_loss -0.7493
2026-08-05 13:02:52.430785: Pseudo dice [np.float32(0.6857), np.float32(0.9158), np.float32(0.923)]
2026-08-05 13:02:52.430848: Epoch time: 29.54 s
2026-08-05 13:02:53.409663: 
2026-08-05 13:02:53.410001: Epoch 355
2026-08-05 13:02:53.410130: Current learning rate: 0.00674
2026-08-05 13:03:22.640329: train_loss -0.8332
2026-08-05 13:03:22.640807: val_loss -0.7356
2026-08-05 13:03:22.641103: Pseudo dice [np.float32(0.6846), np.float32(0.913), np.float32(0.9248)]
2026-08-05 13:03:22.641240: Epoch time: 29.23 s
2026-08-05 13:03:23.559218: 
2026-08-05 13:03:23.559624: Epoch 356
2026-08-05 13:03:23.559759: Current learning rate: 0.00673
2026-08-05 13:03:52.372940: train_loss -0.8325
2026-08-05 13:03:52.373286: val_loss -0.7611
2026-08-05 13:03:52.373507: Pseudo dice [np.float32(0.6931), np.float32(0.9284), np.float32(0.925)]
2026-08-05 13:03:52.373633: Epoch time: 28.82 s
2026-08-05 13:03:53.270436: 
2026-08-05 13:03:53.270998: Epoch 357
2026-08-05 13:03:53.271218: Current learning rate: 0.00672
2026-08-05 13:04:22.112220: train_loss -0.8322
2026-08-05 13:04:22.134900: val_loss -0.7672
2026-08-05 13:04:22.134992: Pseudo dice [np.float32(0.6972), np.float32(0.9285), np.float32(0.93)]
2026-08-05 13:04:22.135078: Epoch time: 28.85 s
2026-08-05 13:04:23.171423: 
2026-08-05 13:04:23.171695: Epoch 358
2026-08-05 13:04:23.171856: Current learning rate: 0.00671
2026-08-05 13:04:52.529509: train_loss -0.8334
2026-08-05 13:04:52.699196: val_loss -0.7584
2026-08-05 13:04:52.699451: Pseudo dice [np.float32(0.694), np.float32(0.9208), np.float32(0.9291)]
2026-08-05 13:04:52.699588: Epoch time: 29.36 s
2026-08-05 13:04:54.918751: 
2026-08-05 13:04:54.918981: Epoch 359
2026-08-05 13:04:54.919152: Current learning rate: 0.0067
2026-08-05 13:05:25.121388: train_loss -0.8392
2026-08-05 13:05:25.195974: val_loss -0.7331
2026-08-05 13:05:25.196168: Pseudo dice [np.float32(0.6957), np.float32(0.9209), np.float32(0.9203)]
2026-08-05 13:05:25.196299: Epoch time: 30.21 s
2026-08-05 13:05:26.111104: 
2026-08-05 13:05:26.111716: Epoch 360
2026-08-05 13:05:26.111833: Current learning rate: 0.00669
2026-08-05 13:05:55.514127: train_loss -0.8441
2026-08-05 13:05:55.515084: val_loss -0.7456
2026-08-05 13:05:55.515264: Pseudo dice [np.float32(0.6907), np.float32(0.9232), np.float32(0.918)]
2026-08-05 13:05:55.515427: Epoch time: 29.41 s
2026-08-05 13:05:56.612879: 
2026-08-05 13:05:56.613197: Epoch 361
2026-08-05 13:05:56.613299: Current learning rate: 0.00668
2026-08-05 13:06:26.404018: train_loss -0.8429
2026-08-05 13:06:26.616121: val_loss -0.7668
2026-08-05 13:06:26.616407: Pseudo dice [np.float32(0.7023), np.float32(0.9266), np.float32(0.929)]
2026-08-05 13:06:26.616575: Epoch time: 29.79 s
2026-08-05 13:06:27.601475: 
2026-08-05 13:06:27.602596: Epoch 362
2026-08-05 13:06:27.602703: Current learning rate: 0.00667
2026-08-05 13:06:57.565987: train_loss -0.8471
2026-08-05 13:06:57.579800: val_loss -0.7604
2026-08-05 13:06:57.580076: Pseudo dice [np.float32(0.7041), np.float32(0.9241), np.float32(0.9293)]
2026-08-05 13:06:57.580242: Epoch time: 29.97 s
2026-08-05 13:06:58.859176: 
2026-08-05 13:06:58.859573: Epoch 363
2026-08-05 13:06:58.859687: Current learning rate: 0.00666
2026-08-05 13:07:28.389789: train_loss -0.8483
2026-08-05 13:07:28.560640: val_loss -0.7446
2026-08-05 13:07:28.560884: Pseudo dice [np.float32(0.6902), np.float32(0.9234), np.float32(0.9178)]
2026-08-05 13:07:28.561043: Epoch time: 29.53 s
2026-08-05 13:07:30.037666: 
2026-08-05 13:07:30.038075: Epoch 364
2026-08-05 13:07:30.038184: Current learning rate: 0.00665
2026-08-05 13:08:00.079181: train_loss -0.844
2026-08-05 13:08:00.249355: val_loss -0.741
2026-08-05 13:08:00.249573: Pseudo dice [np.float32(0.6849), np.float32(0.9199), np.float32(0.9223)]
2026-08-05 13:08:00.249781: Epoch time: 30.04 s
2026-08-05 13:08:02.045027: 
2026-08-05 13:08:02.045302: Epoch 365
2026-08-05 13:08:02.045467: Current learning rate: 0.00665
2026-08-05 13:08:32.224385: train_loss -0.8476
2026-08-05 13:08:32.419166: val_loss -0.7469
2026-08-05 13:08:32.419573: Pseudo dice [np.float32(0.6874), np.float32(0.9264), np.float32(0.9216)]
2026-08-05 13:08:32.419794: Epoch time: 30.18 s
2026-08-05 13:08:41.003370: 
2026-08-05 13:08:41.003975: Epoch 366
2026-08-05 13:08:41.004274: Current learning rate: 0.00664
2026-08-05 13:09:11.342678: train_loss -0.8452
2026-08-05 13:09:11.343378: val_loss -0.7573
2026-08-05 13:09:11.343515: Pseudo dice [np.float32(0.6992), np.float32(0.9232), np.float32(0.9314)]
2026-08-05 13:09:11.343640: Epoch time: 30.34 s
2026-08-05 13:09:12.336380: 
2026-08-05 13:09:12.336691: Epoch 367
2026-08-05 13:09:12.336857: Current learning rate: 0.00663
2026-08-05 13:09:40.993435: train_loss -0.8465
2026-08-05 13:09:41.003070: val_loss -0.7513
2026-08-05 13:09:41.003143: Pseudo dice [np.float32(0.7036), np.float32(0.9255), np.float32(0.9272)]
2026-08-05 13:09:41.003218: Epoch time: 28.66 s
2026-08-05 13:09:42.016180: 
2026-08-05 13:09:42.016427: Epoch 368
2026-08-05 13:09:42.016547: Current learning rate: 0.00662
2026-08-05 13:10:09.922079: train_loss -0.8454
2026-08-05 13:10:09.922293: val_loss -0.7534
2026-08-05 13:10:09.922358: Pseudo dice [np.float32(0.6947), np.float32(0.9241), np.float32(0.9316)]
2026-08-05 13:10:09.922494: Epoch time: 27.91 s
2026-08-05 13:10:11.069796: 
2026-08-05 13:10:11.070086: Epoch 369
2026-08-05 13:10:11.070194: Current learning rate: 0.00661
2026-08-05 13:10:38.854426: train_loss -0.8467
2026-08-05 13:10:38.854709: val_loss -0.755
2026-08-05 13:10:38.854769: Pseudo dice [np.float32(0.7057), np.float32(0.9213), np.float32(0.931)]
2026-08-05 13:10:38.854837: Epoch time: 27.79 s
2026-08-05 13:10:40.505936: 
2026-08-05 13:10:40.506227: Epoch 370
2026-08-05 13:10:40.506339: Current learning rate: 0.0066
2026-08-05 13:11:09.452277: train_loss -0.8403
2026-08-05 13:11:09.471902: val_loss -0.7682
2026-08-05 13:11:09.472131: Pseudo dice [np.float32(0.7102), np.float32(0.9268), np.float32(0.9348)]
2026-08-05 13:11:09.472268: Epoch time: 28.96 s
2026-08-05 13:11:10.397658: 
2026-08-05 13:11:10.398022: Epoch 371
2026-08-05 13:11:10.398251: Current learning rate: 0.00659
2026-08-05 13:11:59.463656: train_loss -0.85
2026-08-05 13:11:59.463851: val_loss -0.751
2026-08-05 13:11:59.463920: Pseudo dice [np.float32(0.7015), np.float32(0.9302), np.float32(0.9118)]
2026-08-05 13:11:59.463985: Epoch time: 49.07 s
2026-08-05 13:12:00.882278: 
2026-08-05 13:12:00.882552: Epoch 372
2026-08-05 13:12:00.882705: Current learning rate: 0.00658
2026-08-05 13:12:30.191225: train_loss -0.8424
2026-08-05 13:12:30.191647: val_loss -0.7583
2026-08-05 13:12:30.194521: Pseudo dice [np.float32(0.7018), np.float32(0.9252), np.float32(0.9258)]
2026-08-05 13:12:30.194868: Epoch time: 29.31 s
2026-08-05 13:12:36.666640: 
2026-08-05 13:12:36.666956: Epoch 373
2026-08-05 13:12:36.667068: Current learning rate: 0.00657
2026-08-05 13:13:04.614954: train_loss -0.8445
2026-08-05 13:13:04.615208: val_loss -0.7543
2026-08-05 13:13:04.615266: Pseudo dice [np.float32(0.6949), np.float32(0.9218), np.float32(0.9272)]
2026-08-05 13:13:05.016341: Epoch time: 27.95 s
2026-08-05 13:13:06.086900: 
2026-08-05 13:13:06.087166: Epoch 374
2026-08-05 13:13:06.087295: Current learning rate: 0.00656
2026-08-05 13:13:33.661883: train_loss -0.8396
2026-08-05 13:13:33.662362: val_loss -0.7488
2026-08-05 13:13:33.662426: Pseudo dice [np.float32(0.7035), np.float32(0.9211), np.float32(0.9191)]
2026-08-05 13:13:33.662488: Epoch time: 27.58 s
2026-08-05 13:13:34.641644: 
2026-08-05 13:13:34.641980: Epoch 375
2026-08-05 13:13:34.642252: Current learning rate: 0.00655
2026-08-05 13:14:02.366827: train_loss -0.8297
2026-08-05 13:14:02.398985: val_loss -0.7485
2026-08-05 13:14:02.399139: Pseudo dice [np.float32(0.6854), np.float32(0.9123), np.float32(0.929)]
2026-08-05 13:14:02.399284: Epoch time: 27.73 s
2026-08-05 13:14:03.571975: 
2026-08-05 13:14:03.572538: Epoch 376
2026-08-05 13:14:03.572746: Current learning rate: 0.00654
2026-08-05 13:14:33.384547: train_loss -0.8302
2026-08-05 13:14:33.544266: val_loss -0.7373
2026-08-05 13:14:33.544629: Pseudo dice [np.float32(0.6966), np.float32(0.9231), np.float32(0.9159)]
2026-08-05 13:14:33.544765: Epoch time: 29.82 s
2026-08-05 13:14:34.651171: 
2026-08-05 13:14:34.651596: Epoch 377
2026-08-05 13:14:34.651700: Current learning rate: 0.00653
2026-08-05 13:15:04.448080: train_loss -0.8408
2026-08-05 13:15:04.450769: val_loss -0.7584
2026-08-05 13:15:04.450842: Pseudo dice [np.float32(0.6916), np.float32(0.9226), np.float32(0.9231)]
2026-08-05 13:15:04.450922: Epoch time: 29.8 s
2026-08-05 13:15:05.720124: 
2026-08-05 13:15:05.722239: Epoch 378
2026-08-05 13:15:05.722367: Current learning rate: 0.00652
2026-08-05 13:15:34.690288: train_loss -0.8193
2026-08-05 13:15:34.690887: val_loss -0.7557
2026-08-05 13:15:34.691074: Pseudo dice [np.float32(0.6939), np.float32(0.9232), np.float32(0.9279)]
2026-08-05 13:15:34.691205: Epoch time: 28.97 s
2026-08-05 13:15:36.558141: 
2026-08-05 13:15:36.558471: Epoch 379
2026-08-05 13:15:36.558579: Current learning rate: 0.00651
2026-08-05 13:16:11.716003: train_loss -0.8265
2026-08-05 13:16:11.716383: val_loss -0.7414
2026-08-05 13:16:11.716476: Pseudo dice [np.float32(0.6799), np.float32(0.9139), np.float32(0.9176)]
2026-08-05 13:16:11.716585: Epoch time: 35.16 s
2026-08-05 13:16:12.741445: 
2026-08-05 13:16:12.742360: Epoch 380
2026-08-05 13:16:12.742574: Current learning rate: 0.0065
2026-08-05 13:16:41.879478: train_loss -0.8409
2026-08-05 13:16:41.879819: val_loss -0.7575
2026-08-05 13:16:41.879971: Pseudo dice [np.float32(0.6993), np.float32(0.9265), np.float32(0.9282)]
2026-08-05 13:16:41.880096: Epoch time: 29.14 s
2026-08-05 13:16:42.799228: 
2026-08-05 13:16:42.799591: Epoch 381
2026-08-05 13:16:42.799696: Current learning rate: 0.00649
2026-08-05 13:17:14.013103: train_loss -0.8457
2026-08-05 13:17:14.013643: val_loss -0.7543
2026-08-05 13:17:14.013815: Pseudo dice [np.float32(0.6935), np.float32(0.9249), np.float32(0.9247)]
2026-08-05 13:17:14.013964: Epoch time: 31.22 s
2026-08-05 13:17:14.856344: 
2026-08-05 13:17:14.856839: Epoch 382
2026-08-05 13:17:14.856986: Current learning rate: 0.00648
2026-08-05 13:17:42.917120: train_loss -0.8485
2026-08-05 13:17:42.917468: val_loss -0.7466
2026-08-05 13:17:42.917630: Pseudo dice [np.float32(0.6948), np.float32(0.9236), np.float32(0.9259)]
2026-08-05 13:17:42.917809: Epoch time: 28.06 s
2026-08-05 13:17:43.767721: 
2026-08-05 13:17:43.768020: Epoch 383
2026-08-05 13:17:43.768132: Current learning rate: 0.00648
2026-08-05 13:18:13.213399: train_loss -0.8516
2026-08-05 13:18:13.213821: val_loss -0.7598
2026-08-05 13:18:13.214258: Pseudo dice [np.float32(0.701), np.float32(0.9222), np.float32(0.9318)]
2026-08-05 13:18:13.214707: Epoch time: 29.45 s
2026-08-05 13:18:14.430663: 
2026-08-05 13:18:14.431014: Epoch 384
2026-08-05 13:18:14.431121: Current learning rate: 0.00647
2026-08-05 13:18:45.006959: train_loss -0.8469
2026-08-05 13:18:45.012818: val_loss -0.7534
2026-08-05 13:18:45.012973: Pseudo dice [np.float32(0.6987), np.float32(0.9251), np.float32(0.9254)]
2026-08-05 13:18:45.013107: Epoch time: 30.58 s
2026-08-05 13:18:46.601930: 
2026-08-05 13:18:46.602158: Epoch 385
2026-08-05 13:18:46.602388: Current learning rate: 0.00646
2026-08-05 13:19:16.499054: train_loss -0.8492
2026-08-05 13:19:16.500155: val_loss -0.7535
2026-08-05 13:19:16.500322: Pseudo dice [np.float32(0.7015), np.float32(0.9221), np.float32(0.926)]
2026-08-05 13:19:16.500652: Epoch time: 29.9 s
2026-08-05 13:19:17.340734: 
2026-08-05 13:19:17.341223: Epoch 386
2026-08-05 13:19:17.341376: Current learning rate: 0.00645
2026-08-05 13:19:49.076563: train_loss -0.8378
2026-08-05 13:19:49.077584: val_loss -0.7557
2026-08-05 13:19:49.077732: Pseudo dice [np.float32(0.6974), np.float32(0.9254), np.float32(0.9291)]
2026-08-05 13:19:49.077855: Epoch time: 31.74 s
2026-08-05 13:19:50.164160: 
2026-08-05 13:19:50.164444: Epoch 387
2026-08-05 13:19:50.164611: Current learning rate: 0.00644
2026-08-05 13:20:19.147858: train_loss -0.8475
2026-08-05 13:20:19.150278: val_loss -0.7646
2026-08-05 13:20:19.150446: Pseudo dice [np.float32(0.6992), np.float32(0.9251), np.float32(0.9303)]
2026-08-05 13:20:19.150566: Epoch time: 28.99 s
2026-08-05 13:20:20.036870: 
2026-08-05 13:20:20.037170: Epoch 388
2026-08-05 13:20:20.037260: Current learning rate: 0.00643
2026-08-05 13:20:49.343838: train_loss -0.8519
2026-08-05 13:20:49.344264: val_loss -0.7634
2026-08-05 13:20:49.344440: Pseudo dice [np.float32(0.7019), np.float32(0.9221), np.float32(0.9285)]
2026-08-05 13:20:49.344598: Epoch time: 29.31 s
2026-08-05 13:20:50.291323: 
2026-08-05 13:20:50.291576: Epoch 389
2026-08-05 13:20:50.291715: Current learning rate: 0.00642
2026-08-05 13:21:17.981105: train_loss -0.8492
2026-08-05 13:21:17.981282: val_loss -0.7521
2026-08-05 13:21:17.981338: Pseudo dice [np.float32(0.6924), np.float32(0.9265), np.float32(0.9239)]
2026-08-05 13:21:17.981395: Epoch time: 27.69 s
2026-08-05 13:21:18.753349: 
2026-08-05 13:21:18.753639: Epoch 390
2026-08-05 13:21:18.753879: Current learning rate: 0.00641
2026-08-05 13:21:47.346851: train_loss -0.8437
2026-08-05 13:21:47.347049: val_loss -0.7371
2026-08-05 13:21:47.347119: Pseudo dice [np.float32(0.6957), np.float32(0.9216), np.float32(0.9191)]
2026-08-05 13:21:47.347188: Epoch time: 28.6 s
2026-08-05 13:21:48.120161: 
2026-08-05 13:21:48.120486: Epoch 391
2026-08-05 13:21:48.120589: Current learning rate: 0.0064
2026-08-05 13:22:17.158937: train_loss -0.8467
2026-08-05 13:22:17.159620: val_loss -0.761
2026-08-05 13:22:17.159779: Pseudo dice [np.float32(0.7016), np.float32(0.925), np.float32(0.9277)]
2026-08-05 13:22:17.159937: Epoch time: 29.04 s
2026-08-05 13:22:18.067521: 
2026-08-05 13:22:18.067944: Epoch 392
2026-08-05 13:22:18.068055: Current learning rate: 0.00639
2026-08-05 13:22:47.357370: train_loss -0.8502
2026-08-05 13:22:47.358146: val_loss -0.7395
2026-08-05 13:22:47.358482: Pseudo dice [np.float32(0.6957), np.float32(0.9191), np.float32(0.9098)]
2026-08-05 13:22:47.358755: Epoch time: 29.29 s
2026-08-05 13:22:48.780671: 
2026-08-05 13:22:48.781029: Epoch 393
2026-08-05 13:22:48.781122: Current learning rate: 0.00638
2026-08-05 13:23:17.928353: train_loss -0.8443
2026-08-05 13:23:17.928802: val_loss -0.7607
2026-08-05 13:23:17.928994: Pseudo dice [np.float32(0.7017), np.float32(0.9305), np.float32(0.9269)]
2026-08-05 13:23:17.929139: Epoch time: 29.15 s
2026-08-05 13:23:18.789155: 
2026-08-05 13:23:18.789464: Epoch 394
2026-08-05 13:23:18.789636: Current learning rate: 0.00637
2026-08-05 13:23:46.766644: train_loss -0.8443
2026-08-05 13:23:47.158076: val_loss -0.757
2026-08-05 13:23:47.158311: Pseudo dice [np.float32(0.6963), np.float32(0.9181), np.float32(0.9331)]
2026-08-05 13:23:47.158463: Epoch time: 27.98 s
2026-08-05 13:23:48.044418: 
2026-08-05 13:23:48.044781: Epoch 395
2026-08-05 13:23:48.044907: Current learning rate: 0.00636
2026-08-05 13:24:17.193573: train_loss -0.8441
2026-08-05 13:24:17.455861: val_loss -0.7481
2026-08-05 13:24:17.456178: Pseudo dice [np.float32(0.6903), np.float32(0.9207), np.float32(0.9202)]
2026-08-05 13:24:17.456327: Epoch time: 29.15 s
2026-08-05 13:24:18.343217: 
2026-08-05 13:24:18.352082: Epoch 396
2026-08-05 13:24:18.352313: Current learning rate: 0.00635
2026-08-05 13:24:47.974205: train_loss -0.8434
2026-08-05 13:24:48.245239: val_loss -0.7548
2026-08-05 13:24:48.245632: Pseudo dice [np.float32(0.6997), np.float32(0.9175), np.float32(0.9236)]
2026-08-05 13:24:48.245853: Epoch time: 29.63 s
2026-08-05 13:24:49.390290: 
2026-08-05 13:24:49.390733: Epoch 397
2026-08-05 13:24:49.390842: Current learning rate: 0.00634
2026-08-05 13:25:19.377664: train_loss -0.8536
2026-08-05 13:25:19.392633: val_loss -0.7475
2026-08-05 13:25:19.393021: Pseudo dice [np.float32(0.6897), np.float32(0.915), np.float32(0.9281)]
2026-08-05 13:25:19.393398: Epoch time: 29.99 s
2026-08-05 13:25:20.324082: 
2026-08-05 13:25:20.324484: Epoch 398
2026-08-05 13:25:20.324628: Current learning rate: 0.00633
2026-08-05 13:25:49.329643: train_loss -0.8554
2026-08-05 13:25:49.465590: val_loss -0.741
2026-08-05 13:25:49.465701: Pseudo dice [np.float32(0.6944), np.float32(0.9098), np.float32(0.9267)]
2026-08-05 13:25:49.465778: Epoch time: 29.01 s
2026-08-05 13:25:50.485476: 
2026-08-05 13:25:50.485859: Epoch 399
2026-08-05 13:25:50.485998: Current learning rate: 0.00632
2026-08-05 13:26:20.097803: train_loss -0.8506
2026-08-05 13:26:20.098207: val_loss -0.7552
2026-08-05 13:26:20.098332: Pseudo dice [np.float32(0.6991), np.float32(0.9261), np.float32(0.9298)]
2026-08-05 13:26:20.098442: Epoch time: 29.61 s
2026-08-05 13:26:40.546196: 
2026-08-05 13:26:40.546578: Epoch 400
2026-08-05 13:26:40.546677: Current learning rate: 0.00631
2026-08-05 13:27:09.404687: train_loss -0.8451
2026-08-05 13:27:09.407841: val_loss -0.7583
2026-08-05 13:27:09.409174: Pseudo dice [np.float32(0.7057), np.float32(0.9306), np.float32(0.9257)]
2026-08-05 13:27:09.409855: Epoch time: 28.86 s
2026-08-05 13:27:10.536045: 
2026-08-05 13:27:10.536549: Epoch 401
2026-08-05 13:27:10.536727: Current learning rate: 0.0063
2026-08-05 13:27:40.528754: train_loss -0.8294
2026-08-05 13:27:40.529247: val_loss -0.7353
2026-08-05 13:27:40.529449: Pseudo dice [np.float32(0.687), np.float32(0.916), np.float32(0.9139)]
2026-08-05 13:27:40.529885: Epoch time: 30.0 s
2026-08-05 13:27:41.477738: 
2026-08-05 13:27:41.478111: Epoch 402
2026-08-05 13:27:41.478258: Current learning rate: 0.0063
2026-08-05 13:28:09.770322: train_loss -0.8222
2026-08-05 13:28:09.770679: val_loss -0.7653
2026-08-05 13:28:09.770766: Pseudo dice [np.float32(0.7104), np.float32(0.9317), np.float32(0.9267)]
2026-08-05 13:28:09.770869: Epoch time: 28.3 s
2026-08-05 13:28:10.554095: 
2026-08-05 13:28:10.554439: Epoch 403
2026-08-05 13:28:10.554537: Current learning rate: 0.00629
2026-08-05 13:28:39.053072: train_loss -0.8434
2026-08-05 13:28:39.053365: val_loss -0.7611
2026-08-05 13:28:39.053487: Pseudo dice [np.float32(0.6956), np.float32(0.9254), np.float32(0.9272)]
2026-08-05 13:28:39.053734: Epoch time: 28.5 s
2026-08-05 13:28:39.953233: 
2026-08-05 13:28:39.953542: Epoch 404
2026-08-05 13:28:39.953654: Current learning rate: 0.00628
2026-08-05 13:29:12.363004: train_loss -0.8453
2026-08-05 13:29:12.366179: val_loss -0.7569
2026-08-05 13:29:12.366354: Pseudo dice [np.float32(0.6973), np.float32(0.9239), np.float32(0.9312)]
2026-08-05 13:29:12.366525: Epoch time: 32.41 s
2026-08-05 13:29:13.708733: 
2026-08-05 13:29:13.709045: Epoch 405
2026-08-05 13:29:13.709177: Current learning rate: 0.00627
2026-08-05 13:29:43.105460: train_loss -0.8497
2026-08-05 13:29:43.105852: val_loss -0.7368
2026-08-05 13:29:43.105998: Pseudo dice [np.float32(0.6823), np.float32(0.9148), np.float32(0.9164)]
2026-08-05 13:29:43.106111: Epoch time: 29.4 s
2026-08-05 13:29:44.580377: 
2026-08-05 13:29:44.580647: Epoch 406
2026-08-05 13:29:44.580733: Current learning rate: 0.00626
2026-08-05 13:30:13.537727: train_loss -0.7822
2026-08-05 13:30:13.537994: val_loss -0.7278
2026-08-05 13:30:13.538062: Pseudo dice [np.float32(0.6683), np.float32(0.9076), np.float32(0.922)]
2026-08-05 13:30:13.538143: Epoch time: 28.96 s
2026-08-05 13:30:14.604298: 
2026-08-05 13:30:14.604563: Epoch 407
2026-08-05 13:30:14.604739: Current learning rate: 0.00625
2026-08-05 13:30:42.783410: train_loss -0.7817
2026-08-05 13:30:42.783625: val_loss -0.7272
2026-08-05 13:30:42.783680: Pseudo dice [np.float32(0.6728), np.float32(0.9236), np.float32(0.907)]
2026-08-05 13:30:42.783745: Epoch time: 28.18 s
2026-08-05 13:30:43.548484: 
2026-08-05 13:30:43.549062: Epoch 408
2026-08-05 13:30:43.549206: Current learning rate: 0.00624
2026-08-05 13:31:12.861361: train_loss -0.8087
2026-08-05 13:31:12.861745: val_loss -0.7529
2026-08-05 13:31:12.861801: Pseudo dice [np.float32(0.7047), np.float32(0.9262), np.float32(0.9249)]
2026-08-05 13:31:12.861853: Epoch time: 29.32 s
2026-08-05 13:31:13.779717: 
2026-08-05 13:31:13.780003: Epoch 409
2026-08-05 13:31:13.780252: Current learning rate: 0.00623
2026-08-05 13:31:43.046559: train_loss -0.8098
2026-08-05 13:31:43.142874: val_loss -0.7396
2026-08-05 13:31:43.143038: Pseudo dice [np.float32(0.6808), np.float32(0.9237), np.float32(0.9181)]
2026-08-05 13:31:43.143126: Epoch time: 29.27 s
2026-08-05 13:31:44.002398: 
2026-08-05 13:31:44.002680: Epoch 410
2026-08-05 13:31:44.002885: Current learning rate: 0.00622
2026-08-05 13:32:12.799311: train_loss -0.8094
2026-08-05 13:32:12.816005: val_loss -0.7338
2026-08-05 13:32:12.816161: Pseudo dice [np.float32(0.6865), np.float32(0.9162), np.float32(0.9217)]
2026-08-05 13:32:12.816278: Epoch time: 28.8 s
2026-08-05 13:32:13.701128: 
2026-08-05 13:32:13.701510: Epoch 411
2026-08-05 13:32:13.701621: Current learning rate: 0.00621
2026-08-05 13:32:42.579422: train_loss -0.8285
2026-08-05 13:32:42.630851: val_loss -0.7463
2026-08-05 13:32:42.631060: Pseudo dice [np.float32(0.6864), np.float32(0.9174), np.float32(0.9208)]
2026-08-05 13:32:42.631181: Epoch time: 28.88 s
2026-08-05 13:32:43.712741: 
2026-08-05 13:32:43.713089: Epoch 412
2026-08-05 13:32:43.713173: Current learning rate: 0.0062
2026-08-05 13:33:12.993407: train_loss -0.8134
2026-08-05 13:33:12.994097: val_loss -0.7183
2026-08-05 13:33:12.994157: Pseudo dice [np.float32(0.6638), np.float32(0.9024), np.float32(0.9158)]
2026-08-05 13:33:12.994219: Epoch time: 29.28 s
2026-08-05 13:33:14.762187: 
2026-08-05 13:33:14.762580: Epoch 413
2026-08-05 13:33:14.762721: Current learning rate: 0.00619
2026-08-05 13:33:43.432615: train_loss -0.8164
2026-08-05 13:33:43.432823: val_loss -0.7489
2026-08-05 13:33:43.432881: Pseudo dice [np.float32(0.6934), np.float32(0.92), np.float32(0.9197)]
2026-08-05 13:33:43.432953: Epoch time: 28.67 s
2026-08-05 13:33:44.536337: 
2026-08-05 13:33:44.536593: Epoch 414
2026-08-05 13:33:44.536713: Current learning rate: 0.00618
2026-08-05 13:34:12.855322: train_loss -0.8348
2026-08-05 13:34:12.855503: val_loss -0.7589
2026-08-05 13:34:12.855557: Pseudo dice [np.float32(0.7088), np.float32(0.9236), np.float32(0.9279)]
2026-08-05 13:34:12.855618: Epoch time: 28.32 s
2026-08-05 13:34:13.906549: 
2026-08-05 13:34:13.906794: Epoch 415
2026-08-05 13:34:13.906920: Current learning rate: 0.00617
2026-08-05 13:34:42.107137: train_loss -0.841
2026-08-05 13:34:42.107930: val_loss -0.746
2026-08-05 13:34:42.108139: Pseudo dice [np.float32(0.6948), np.float32(0.9227), np.float32(0.9233)]
2026-08-05 13:34:42.108390: Epoch time: 28.2 s
2026-08-05 13:34:42.944419: 
2026-08-05 13:34:42.944711: Epoch 416
2026-08-05 13:34:42.944813: Current learning rate: 0.00616
2026-08-05 13:35:12.428142: train_loss -0.8492
2026-08-05 13:35:12.434796: val_loss -0.7419
2026-08-05 13:35:12.434919: Pseudo dice [np.float32(0.6919), np.float32(0.9146), np.float32(0.9261)]
2026-08-05 13:35:12.435003: Epoch time: 29.49 s
2026-08-05 13:35:13.246059: 
2026-08-05 13:35:13.246544: Epoch 417
2026-08-05 13:35:13.246700: Current learning rate: 0.00615
2026-08-05 13:35:43.472409: train_loss -0.8304
2026-08-05 13:35:43.472677: val_loss -0.7292
2026-08-05 13:35:43.472783: Pseudo dice [np.float32(0.6776), np.float32(0.9084), np.float32(0.9209)]
2026-08-05 13:35:43.472991: Epoch time: 30.23 s
2026-08-05 13:35:44.282979: 
2026-08-05 13:35:44.283348: Epoch 418
2026-08-05 13:35:44.283465: Current learning rate: 0.00614
2026-08-05 13:36:13.288964: train_loss -0.7655
2026-08-05 13:36:13.340101: val_loss -0.7058
2026-08-05 13:36:13.340248: Pseudo dice [np.float32(0.6623), np.float32(0.8811), np.float32(0.9079)]
2026-08-05 13:36:13.340325: Epoch time: 29.01 s
2026-08-05 13:36:14.467933: 
2026-08-05 13:36:14.468193: Epoch 419
2026-08-05 13:36:14.468512: Current learning rate: 0.00613
2026-08-05 13:36:43.692954: train_loss -0.7816
2026-08-05 13:36:43.693138: val_loss -0.7524
2026-08-05 13:36:43.693192: Pseudo dice [np.float32(0.6983), np.float32(0.9149), np.float32(0.9245)]
2026-08-05 13:36:43.693252: Epoch time: 29.23 s
2026-08-05 13:36:45.494856: 
2026-08-05 13:36:45.495189: Epoch 420
2026-08-05 13:36:45.495380: Current learning rate: 0.00612
2026-08-05 13:37:13.544180: train_loss -0.8155
2026-08-05 13:37:13.621709: val_loss -0.7547
2026-08-05 13:37:13.621849: Pseudo dice [np.float32(0.691), np.float32(0.9208), np.float32(0.9254)]
2026-08-05 13:37:13.621934: Epoch time: 28.05 s
2026-08-05 13:37:14.601384: 
2026-08-05 13:37:14.601760: Epoch 421
2026-08-05 13:37:14.602021: Current learning rate: 0.00612
2026-08-05 13:37:42.652490: train_loss -0.8281
2026-08-05 13:37:42.820097: val_loss -0.7466
2026-08-05 13:37:42.820338: Pseudo dice [np.float32(0.6826), np.float32(0.9175), np.float32(0.9219)]
2026-08-05 13:37:42.820423: Epoch time: 28.06 s
2026-08-05 13:37:44.121078: 
2026-08-05 13:37:44.121446: Epoch 422
2026-08-05 13:37:44.121611: Current learning rate: 0.00611
2026-08-05 13:38:12.401718: train_loss -0.8275
2026-08-05 13:38:12.402008: val_loss -0.7198
2026-08-05 13:38:12.402061: Pseudo dice [np.float32(0.689), np.float32(0.8896), np.float32(0.9233)]
2026-08-05 13:38:12.402126: Epoch time: 28.28 s
2026-08-05 13:38:13.183037: 
2026-08-05 13:38:13.183631: Epoch 423
2026-08-05 13:38:13.183878: Current learning rate: 0.0061
2026-08-05 13:38:42.640526: train_loss -0.8182
2026-08-05 13:38:42.641087: val_loss -0.7274
2026-08-05 13:38:42.641223: Pseudo dice [np.float32(0.6855), np.float32(0.9142), np.float32(0.9188)]
2026-08-05 13:38:42.641362: Epoch time: 29.46 s
2026-08-05 13:38:43.525441: 
2026-08-05 13:38:43.525848: Epoch 424
2026-08-05 13:38:43.525991: Current learning rate: 0.00609
2026-08-05 13:39:12.989276: train_loss -0.7977
2026-08-05 13:39:12.989742: val_loss -0.7253
2026-08-05 13:39:12.989943: Pseudo dice [np.float32(0.6787), np.float32(0.9068), np.float32(0.9132)]
2026-08-05 13:39:12.990104: Epoch time: 29.47 s
2026-08-05 13:39:13.820307: 
2026-08-05 13:39:13.820801: Epoch 425
2026-08-05 13:39:13.820967: Current learning rate: 0.00608
2026-08-05 13:39:42.911586: train_loss -0.8097
2026-08-05 13:39:42.916393: val_loss -0.7629
2026-08-05 13:39:42.916717: Pseudo dice [np.float32(0.697), np.float32(0.9246), np.float32(0.9318)]
2026-08-05 13:39:42.916997: Epoch time: 29.09 s
2026-08-05 13:39:43.741863: 
2026-08-05 13:39:43.742288: Epoch 426
2026-08-05 13:39:43.742381: Current learning rate: 0.00607
2026-08-05 13:40:13.042965: train_loss -0.8228
2026-08-05 13:40:13.043437: val_loss -0.7512
2026-08-05 13:40:13.043567: Pseudo dice [np.float32(0.6868), np.float32(0.9287), np.float32(0.9293)]
2026-08-05 13:40:13.043689: Epoch time: 29.3 s
2026-08-05 13:40:13.875391: 
2026-08-05 13:40:13.875626: Epoch 427
2026-08-05 13:40:13.875735: Current learning rate: 0.00606
2026-08-05 13:40:42.973832: train_loss -0.8348
2026-08-05 13:40:42.974099: val_loss -0.7721
2026-08-05 13:40:42.974162: Pseudo dice [np.float32(0.7091), np.float32(0.9348), np.float32(0.9355)]
2026-08-05 13:40:42.974221: Epoch time: 29.1 s
2026-08-05 13:40:43.910909: 
2026-08-05 13:40:43.911177: Epoch 428
2026-08-05 13:40:43.911305: Current learning rate: 0.00605
2026-08-05 13:41:12.588556: train_loss -0.8404
2026-08-05 13:41:12.588982: val_loss -0.7579
2026-08-05 13:41:12.589165: Pseudo dice [np.float32(0.6978), np.float32(0.9304), np.float32(0.9289)]
2026-08-05 13:41:12.589297: Epoch time: 28.68 s
2026-08-05 13:41:13.482598: 
2026-08-05 13:41:13.482881: Epoch 429
2026-08-05 13:41:13.483010: Current learning rate: 0.00604
2026-08-05 13:41:42.080826: train_loss -0.8439
2026-08-05 13:41:42.207480: val_loss -0.7422
2026-08-05 13:41:42.207694: Pseudo dice [np.float32(0.6855), np.float32(0.9166), np.float32(0.9162)]
2026-08-05 13:41:42.207819: Epoch time: 28.6 s
2026-08-05 13:41:43.385915: 
2026-08-05 13:41:43.386315: Epoch 430
2026-08-05 13:41:43.386419: Current learning rate: 0.00603
2026-08-05 13:42:12.653701: train_loss -0.8442
2026-08-05 13:42:12.655216: val_loss -0.7547
2026-08-05 13:42:12.655722: Pseudo dice [np.float32(0.6926), np.float32(0.9242), np.float32(0.9334)]
2026-08-05 13:42:12.656029: Epoch time: 29.27 s
2026-08-05 13:42:13.511528: 
2026-08-05 13:42:13.511847: Epoch 431
2026-08-05 13:42:13.512018: Current learning rate: 0.00602
2026-08-05 13:42:42.373495: train_loss -0.8443
2026-08-05 13:42:42.543144: val_loss -0.7557
2026-08-05 13:42:42.543276: Pseudo dice [np.float32(0.6921), np.float32(0.9174), np.float32(0.9296)]
2026-08-05 13:42:42.543350: Epoch time: 28.86 s
2026-08-05 13:42:43.451639: 
2026-08-05 13:42:43.451960: Epoch 432
2026-08-05 13:42:43.452080: Current learning rate: 0.00601
2026-08-05 13:43:13.982413: train_loss -0.8456
2026-08-05 13:43:14.232421: val_loss -0.7442
2026-08-05 13:43:14.232636: Pseudo dice [np.float32(0.6886), np.float32(0.9209), np.float32(0.9196)]
2026-08-05 13:43:14.232825: Epoch time: 30.53 s
2026-08-05 13:43:15.115803: 
2026-08-05 13:43:15.116115: Epoch 433
2026-08-05 13:43:15.116238: Current learning rate: 0.006
2026-08-05 13:43:44.461522: train_loss -0.8459
2026-08-05 13:43:44.513774: val_loss -0.7599
2026-08-05 13:43:44.514012: Pseudo dice [np.float32(0.7072), np.float32(0.9228), np.float32(0.932)]
2026-08-05 13:43:44.514166: Epoch time: 29.35 s
2026-08-05 13:43:45.518468: 
2026-08-05 13:43:45.518841: Epoch 434
2026-08-05 13:43:45.518953: Current learning rate: 0.00599
2026-08-05 13:44:14.964766: train_loss -0.8517
2026-08-05 13:44:14.965836: val_loss -0.7561
2026-08-05 13:44:14.966330: Pseudo dice [np.float32(0.7058), np.float32(0.9254), np.float32(0.9245)]
2026-08-05 13:44:14.966452: Epoch time: 29.45 s
2026-08-05 13:44:15.824733: 
2026-08-05 13:44:15.825039: Epoch 435
2026-08-05 13:44:15.825131: Current learning rate: 0.00598
2026-08-05 13:44:44.942175: train_loss -0.8505
2026-08-05 13:44:44.942792: val_loss -0.7568
2026-08-05 13:44:44.943277: Pseudo dice [np.float32(0.7047), np.float32(0.9237), np.float32(0.9312)]
2026-08-05 13:44:44.943616: Epoch time: 29.12 s
2026-08-05 13:44:45.801242: 
2026-08-05 13:44:45.801558: Epoch 436
2026-08-05 13:44:45.801661: Current learning rate: 0.00597
2026-08-05 13:45:14.746722: train_loss -0.8547
2026-08-05 13:45:14.747063: val_loss -0.7585
2026-08-05 13:45:14.747185: Pseudo dice [np.float32(0.697), np.float32(0.9255), np.float32(0.9254)]
2026-08-05 13:45:14.747297: Epoch time: 28.95 s
2026-08-05 13:45:15.602407: 
2026-08-05 13:45:15.602674: Epoch 437
2026-08-05 13:45:15.602795: Current learning rate: 0.00596
2026-08-05 13:45:44.802071: train_loss -0.8504
2026-08-05 13:45:44.802492: val_loss -0.7612
2026-08-05 13:45:44.802643: Pseudo dice [np.float32(0.6958), np.float32(0.9193), np.float32(0.9288)]
2026-08-05 13:45:44.802786: Epoch time: 29.2 s
2026-08-05 13:45:45.601030: 
2026-08-05 13:45:45.601367: Epoch 438
2026-08-05 13:45:45.601537: Current learning rate: 0.00595
2026-08-05 13:46:14.770085: train_loss -0.8488
2026-08-05 13:46:14.770381: val_loss -0.7595
2026-08-05 13:46:14.770539: Pseudo dice [np.float32(0.7055), np.float32(0.928), np.float32(0.9278)]
2026-08-05 13:46:14.770660: Epoch time: 29.17 s
2026-08-05 13:46:15.646652: 
2026-08-05 13:46:15.646927: Epoch 439
2026-08-05 13:46:15.647015: Current learning rate: 0.00594
2026-08-05 13:46:45.088256: train_loss -0.8506
2026-08-05 13:46:45.093618: val_loss -0.7522
2026-08-05 13:46:45.093768: Pseudo dice [np.float32(0.6982), np.float32(0.9241), np.float32(0.9281)]
2026-08-05 13:46:45.093921: Epoch time: 29.44 s
2026-08-05 13:46:45.965955: 
2026-08-05 13:46:45.966376: Epoch 440
2026-08-05 13:46:45.966489: Current learning rate: 0.00593
2026-08-05 13:47:14.926178: train_loss -0.8551
2026-08-05 13:47:14.926590: val_loss -0.7619
2026-08-05 13:47:14.926713: Pseudo dice [np.float32(0.6993), np.float32(0.926), np.float32(0.9275)]
2026-08-05 13:47:15.216300: Epoch time: 28.96 s
2026-08-05 13:47:16.209665: 
2026-08-05 13:47:16.210024: Epoch 441
2026-08-05 13:47:16.210178: Current learning rate: 0.00592
2026-08-05 13:47:46.052823: train_loss -0.8548
2026-08-05 13:47:46.053213: val_loss -0.7371
2026-08-05 13:47:46.053348: Pseudo dice [np.float32(0.6935), np.float32(0.915), np.float32(0.9201)]
2026-08-05 13:47:46.053476: Epoch time: 29.85 s
2026-08-05 13:47:46.980994: 
2026-08-05 13:47:46.981377: Epoch 442
2026-08-05 13:47:46.981551: Current learning rate: 0.00592
2026-08-05 13:48:15.584918: train_loss -0.8365
2026-08-05 13:48:15.585301: val_loss -0.7698
2026-08-05 13:48:15.585428: Pseudo dice [np.float32(0.7136), np.float32(0.9255), np.float32(0.9283)]
2026-08-05 13:48:15.585576: Epoch time: 28.61 s
2026-08-05 13:48:16.490137: 
2026-08-05 13:48:16.490426: Epoch 443
2026-08-05 13:48:16.490534: Current learning rate: 0.00591
2026-08-05 13:48:45.666984: train_loss -0.834
2026-08-05 13:48:45.667297: val_loss -0.7479
2026-08-05 13:48:45.667425: Pseudo dice [np.float32(0.6932), np.float32(0.9199), np.float32(0.9219)]
2026-08-05 13:48:45.667538: Epoch time: 29.18 s
2026-08-05 13:48:46.494874: 
2026-08-05 13:48:46.495263: Epoch 444
2026-08-05 13:48:46.495372: Current learning rate: 0.0059
2026-08-05 13:49:15.160685: train_loss -0.8405
2026-08-05 13:49:15.161099: val_loss -0.7337
2026-08-05 13:49:15.161231: Pseudo dice [np.float32(0.6851), np.float32(0.9189), np.float32(0.921)]
2026-08-05 13:49:15.161356: Epoch time: 28.67 s
2026-08-05 13:49:16.020805: 
2026-08-05 13:49:16.021097: Epoch 445
2026-08-05 13:49:16.021207: Current learning rate: 0.00589
2026-08-05 13:49:45.445278: train_loss -0.8483
2026-08-05 13:49:45.445541: val_loss -0.7456
2026-08-05 13:49:45.445660: Pseudo dice [np.float32(0.6812), np.float32(0.9217), np.float32(0.919)]
2026-08-05 13:49:45.445910: Epoch time: 29.43 s
2026-08-05 13:49:46.224887: 
2026-08-05 13:49:46.225221: Epoch 446
2026-08-05 13:49:46.225331: Current learning rate: 0.00588
2026-08-05 13:50:15.898906: train_loss -0.852
2026-08-05 13:50:15.901575: val_loss -0.7575
2026-08-05 13:50:15.901751: Pseudo dice [np.float32(0.6976), np.float32(0.924), np.float32(0.9177)]
2026-08-05 13:50:15.902497: Epoch time: 29.68 s
2026-08-05 13:50:16.910268: 
2026-08-05 13:50:16.910643: Epoch 447
2026-08-05 13:50:16.910750: Current learning rate: 0.00587
2026-08-05 13:50:45.279294: train_loss -0.8521
2026-08-05 13:50:45.279677: val_loss -0.7378
2026-08-05 13:50:45.279833: Pseudo dice [np.float32(0.6818), np.float32(0.9159), np.float32(0.9228)]
2026-08-05 13:50:45.280040: Epoch time: 28.37 s
2026-08-05 13:50:46.141377: 
2026-08-05 13:50:46.141654: Epoch 448
2026-08-05 13:50:46.141857: Current learning rate: 0.00586
2026-08-05 13:51:16.861937: train_loss -0.8552
2026-08-05 13:51:16.862437: val_loss -0.7463
2026-08-05 13:51:16.862589: Pseudo dice [np.float32(0.6852), np.float32(0.9183), np.float32(0.925)]
2026-08-05 13:51:16.862719: Epoch time: 30.72 s
2026-08-05 13:51:17.864936: 
2026-08-05 13:51:17.865262: Epoch 449
2026-08-05 13:51:17.865376: Current learning rate: 0.00585
2026-08-05 13:51:47.229554: train_loss -0.8554
2026-08-05 13:51:47.230022: val_loss -0.7563
2026-08-05 13:51:47.230231: Pseudo dice [np.float32(0.6874), np.float32(0.9226), np.float32(0.9347)]
2026-08-05 13:51:47.230359: Epoch time: 29.37 s
2026-08-05 13:51:59.046071: 
2026-08-05 13:51:59.046598: Epoch 450
2026-08-05 13:51:59.046691: Current learning rate: 0.00584
2026-08-05 13:52:27.920536: train_loss -0.8552
2026-08-05 13:52:27.920790: val_loss -0.7663
2026-08-05 13:52:27.920856: Pseudo dice [np.float32(0.7013), np.float32(0.9305), np.float32(0.9321)]
2026-08-05 13:52:27.920940: Epoch time: 28.88 s
2026-08-05 13:52:28.878809: 
2026-08-05 13:52:28.879240: Epoch 451
2026-08-05 13:52:28.879344: Current learning rate: 0.00583
2026-08-05 13:52:56.663701: train_loss -0.8539
2026-08-05 13:52:56.686200: val_loss -0.7541
2026-08-05 13:52:56.686275: Pseudo dice [np.float32(0.703), np.float32(0.9252), np.float32(0.9279)]
2026-08-05 13:52:56.686339: Epoch time: 27.79 s
2026-08-05 13:52:57.665206: 
2026-08-05 13:52:57.665447: Epoch 452
2026-08-05 13:52:57.665565: Current learning rate: 0.00582
2026-08-05 13:53:25.041346: train_loss -0.8539
2026-08-05 13:53:25.041821: val_loss -0.7338
2026-08-05 13:53:25.041883: Pseudo dice [np.float32(0.6891), np.float32(0.9171), np.float32(0.9166)]
2026-08-05 13:53:25.041954: Epoch time: 27.38 s
2026-08-05 13:53:25.988451: 
2026-08-05 13:53:25.988723: Epoch 453
2026-08-05 13:53:25.988839: Current learning rate: 0.00581
2026-08-05 13:53:53.975466: train_loss -0.856
2026-08-05 13:53:53.975816: val_loss -0.7649
2026-08-05 13:53:53.975966: Pseudo dice [np.float32(0.704), np.float32(0.924), np.float32(0.9293)]
2026-08-05 13:53:53.976090: Epoch time: 27.99 s
2026-08-05 13:53:54.838127: 
2026-08-05 13:53:54.838387: Epoch 454
2026-08-05 13:53:54.838494: Current learning rate: 0.0058
2026-08-05 13:54:23.461390: train_loss -0.858
2026-08-05 13:54:23.466270: val_loss -0.7537
2026-08-05 13:54:23.466534: Pseudo dice [np.float32(0.6965), np.float32(0.9259), np.float32(0.931)]
2026-08-05 13:54:23.466681: Epoch time: 28.63 s
2026-08-05 13:54:24.311778: 
2026-08-05 13:54:24.312100: Epoch 455
2026-08-05 13:54:24.312223: Current learning rate: 0.00579
2026-08-05 13:54:53.888525: train_loss -0.8606
2026-08-05 13:54:53.895110: val_loss -0.7362
2026-08-05 13:54:53.895269: Pseudo dice [np.float32(0.6962), np.float32(0.9219), np.float32(0.9261)]
2026-08-05 13:54:53.895411: Epoch time: 29.58 s
2026-08-05 13:54:54.828577: 
2026-08-05 13:54:54.828874: Epoch 456
2026-08-05 13:54:54.829022: Current learning rate: 0.00578
2026-08-05 13:55:23.617393: train_loss -0.8616
2026-08-05 13:55:23.617938: val_loss -0.7687
2026-08-05 13:55:23.618073: Pseudo dice [np.float32(0.698), np.float32(0.9271), np.float32(0.929)]
2026-08-05 13:55:23.618200: Epoch time: 28.79 s
2026-08-05 13:55:24.549375: 
2026-08-05 13:55:24.549680: Epoch 457
2026-08-05 13:55:24.549767: Current learning rate: 0.00577
2026-08-05 13:55:53.697831: train_loss -0.8626
2026-08-05 13:55:54.124102: val_loss -0.7289
2026-08-05 13:55:54.124356: Pseudo dice [np.float32(0.6819), np.float32(0.9192), np.float32(0.9264)]
2026-08-05 13:55:54.124500: Epoch time: 29.15 s
2026-08-05 13:55:55.104789: 
2026-08-05 13:55:55.105360: Epoch 458
2026-08-05 13:55:55.105489: Current learning rate: 0.00576
2026-08-05 13:56:24.381637: train_loss -0.8604
2026-08-05 13:56:24.382276: val_loss -0.7544
2026-08-05 13:56:24.382829: Pseudo dice [np.float32(0.6951), np.float32(0.9285), np.float32(0.9255)]
2026-08-05 13:56:24.383193: Epoch time: 29.28 s
2026-08-05 13:56:25.256136: 
2026-08-05 13:56:25.256378: Epoch 459
2026-08-05 13:56:25.256619: Current learning rate: 0.00575
2026-08-05 13:56:56.354952: train_loss -0.8636
2026-08-05 13:56:56.355394: val_loss -0.741
2026-08-05 13:56:56.355495: Pseudo dice [np.float32(0.6847), np.float32(0.9196), np.float32(0.9235)]
2026-08-05 13:56:56.355605: Epoch time: 31.1 s
2026-08-05 13:56:57.156199: 
2026-08-05 13:56:57.156523: Epoch 460
2026-08-05 13:56:57.156626: Current learning rate: 0.00574
2026-08-05 13:57:26.486749: train_loss -0.8624
2026-08-05 13:57:26.486944: val_loss -0.7502
2026-08-05 13:57:26.486998: Pseudo dice [np.float32(0.6969), np.float32(0.9292), np.float32(0.9241)]
2026-08-05 13:57:26.487051: Epoch time: 29.33 s
2026-08-05 13:57:27.258413: 
2026-08-05 13:57:27.258795: Epoch 461
2026-08-05 13:57:27.258913: Current learning rate: 0.00573
2026-08-05 13:57:56.856784: train_loss -0.866
2026-08-05 13:57:56.857273: val_loss -0.7514
2026-08-05 13:57:56.857430: Pseudo dice [np.float32(0.6857), np.float32(0.9282), np.float32(0.9258)]
2026-08-05 13:57:56.857597: Epoch time: 29.6 s
2026-08-05 13:57:57.909233: 
2026-08-05 13:57:57.909607: Epoch 462
2026-08-05 13:57:57.909712: Current learning rate: 0.00572
2026-08-05 13:58:27.974123: train_loss -0.8585
2026-08-05 13:58:27.974303: val_loss -0.7647
2026-08-05 13:58:27.974354: Pseudo dice [np.float32(0.7051), np.float32(0.9272), np.float32(0.93)]
2026-08-05 13:58:27.974410: Epoch time: 30.07 s
2026-08-05 13:58:28.708041: 
2026-08-05 13:58:28.708327: Epoch 463
2026-08-05 13:58:28.719317: Current learning rate: 0.00571
2026-08-05 13:58:56.860678: train_loss -0.8581
2026-08-05 13:58:56.861033: val_loss -0.7708
2026-08-05 13:58:56.861173: Pseudo dice [np.float32(0.7062), np.float32(0.9267), np.float32(0.9377)]
2026-08-05 13:58:56.861300: Epoch time: 28.16 s
2026-08-05 13:58:56.861614: Yayy! New best EMA pseudo Dice: 0.8489999771118164
2026-08-05 13:59:02.788736: 
2026-08-05 13:59:02.965813: Epoch 464
2026-08-05 13:59:02.966158: Current learning rate: 0.0057
2026-08-05 13:59:32.699083: train_loss -0.8593
2026-08-05 13:59:32.930310: val_loss -0.7576
2026-08-05 13:59:32.930538: Pseudo dice [np.float32(0.7061), np.float32(0.9325), np.float32(0.9342)]
2026-08-05 13:59:32.930674: Epoch time: 29.91 s
2026-08-05 13:59:32.930773: Yayy! New best EMA pseudo Dice: 0.8497999906539917
2026-08-05 13:59:37.086247: 
2026-08-05 13:59:37.086577: Epoch 465
2026-08-05 13:59:37.086685: Current learning rate: 0.0057
2026-08-05 14:00:07.079118: train_loss -0.8624
2026-08-05 14:00:07.079298: val_loss -0.7428
2026-08-05 14:00:07.079350: Pseudo dice [np.float32(0.6899), np.float32(0.9193), np.float32(0.9277)]
2026-08-05 14:00:07.079405: Epoch time: 30.0 s
2026-08-05 14:00:07.873678: 
2026-08-05 14:00:07.873979: Epoch 466
2026-08-05 14:00:07.874235: Current learning rate: 0.00569
2026-08-05 14:00:37.702946: train_loss -0.8632
2026-08-05 14:00:37.703214: val_loss -0.754
2026-08-05 14:00:37.703336: Pseudo dice [np.float32(0.6865), np.float32(0.9166), np.float32(0.9246)]
2026-08-05 14:00:37.703458: Epoch time: 29.83 s
2026-08-05 14:00:38.712028: 
2026-08-05 14:00:38.712372: Epoch 467
2026-08-05 14:00:38.712494: Current learning rate: 0.00568
2026-08-05 14:01:08.545358: train_loss -0.8632
2026-08-05 14:01:08.545933: val_loss -0.7566
2026-08-05 14:01:08.546112: Pseudo dice [np.float32(0.694), np.float32(0.9215), np.float32(0.9206)]
2026-08-05 14:01:08.546257: Epoch time: 29.84 s
2026-08-05 14:01:09.539240: 
2026-08-05 14:01:09.539564: Epoch 468
2026-08-05 14:01:09.539675: Current learning rate: 0.00567
2026-08-05 14:01:38.708702: train_loss -0.8679
2026-08-05 14:01:38.709228: val_loss -0.7505
2026-08-05 14:01:38.709358: Pseudo dice [np.float32(0.6881), np.float32(0.9252), np.float32(0.9193)]
2026-08-05 14:01:38.710697: Epoch time: 29.17 s
2026-08-05 14:01:43.075116: 
2026-08-05 14:01:43.075415: Epoch 469
2026-08-05 14:01:43.075655: Current learning rate: 0.00566
2026-08-05 14:02:13.566417: train_loss -0.8665
2026-08-05 14:02:13.566790: val_loss -0.7484
2026-08-05 14:02:13.569547: Pseudo dice [np.float32(0.6974), np.float32(0.9266), np.float32(0.9249)]
2026-08-05 14:02:13.569761: Epoch time: 30.49 s
2026-08-05 14:02:14.570460: 
2026-08-05 14:02:14.570706: Epoch 470
2026-08-05 14:02:14.570869: Current learning rate: 0.00565
2026-08-05 14:02:44.282616: train_loss -0.8679
2026-08-05 14:02:44.283810: val_loss -0.7409
2026-08-05 14:02:44.284261: Pseudo dice [np.float32(0.6975), np.float32(0.9311), np.float32(0.9269)]
2026-08-05 14:02:44.284396: Epoch time: 29.71 s
2026-08-05 14:02:45.238348: 
2026-08-05 14:02:45.238656: Epoch 471
2026-08-05 14:02:45.238748: Current learning rate: 0.00564
2026-08-05 14:03:15.440135: train_loss -0.862
2026-08-05 14:03:15.440638: val_loss -0.7479
2026-08-05 14:03:15.440808: Pseudo dice [np.float32(0.6922), np.float32(0.9265), np.float32(0.9288)]
2026-08-05 14:03:15.440953: Epoch time: 30.2 s
2026-08-05 14:03:16.318640: 
2026-08-05 14:03:16.318933: Epoch 472
2026-08-05 14:03:16.319045: Current learning rate: 0.00563
2026-08-05 14:03:45.138942: train_loss -0.8613
2026-08-05 14:03:45.139440: val_loss -0.7413
2026-08-05 14:03:45.139683: Pseudo dice [np.float32(0.6941), np.float32(0.9248), np.float32(0.9218)]
2026-08-05 14:03:45.140460: Epoch time: 28.82 s
2026-08-05 14:03:46.425437: 
2026-08-05 14:03:46.425815: Epoch 473
2026-08-05 14:03:46.425947: Current learning rate: 0.00562
2026-08-05 14:04:15.846350: train_loss -0.8528
2026-08-05 14:04:15.846575: val_loss -0.7353
2026-08-05 14:04:15.846629: Pseudo dice [np.float32(0.6757), np.float32(0.9103), np.float32(0.9183)]
2026-08-05 14:04:15.846724: Epoch time: 29.42 s
2026-08-05 14:04:16.963995: 
2026-08-05 14:04:16.964362: Epoch 474
2026-08-05 14:04:16.964489: Current learning rate: 0.00561
2026-08-05 14:04:46.158385: train_loss -0.8567
2026-08-05 14:04:46.158641: val_loss -0.746
2026-08-05 14:04:46.158691: Pseudo dice [np.float32(0.6881), np.float32(0.9227), np.float32(0.9239)]
2026-08-05 14:04:46.158744: Epoch time: 29.2 s
2026-08-05 14:04:47.435748: 
2026-08-05 14:04:47.436123: Epoch 475
2026-08-05 14:04:47.436226: Current learning rate: 0.0056
2026-08-05 14:05:17.001318: train_loss -0.8598
2026-08-05 14:05:17.217103: val_loss -0.7498
2026-08-05 14:05:17.217316: Pseudo dice [np.float32(0.6994), np.float32(0.926), np.float32(0.9274)]
2026-08-05 14:05:17.217439: Epoch time: 29.57 s
2026-08-05 14:05:18.473546: 
2026-08-05 14:05:18.473911: Epoch 476
2026-08-05 14:05:18.474017: Current learning rate: 0.00559
2026-08-05 14:05:50.117457: train_loss -0.8633
2026-08-05 14:05:50.146364: val_loss -0.7504
2026-08-05 14:05:50.146486: Pseudo dice [np.float32(0.6924), np.float32(0.9234), np.float32(0.9237)]
2026-08-05 14:05:50.146563: Epoch time: 31.65 s
2026-08-05 14:05:51.210901: 
2026-08-05 14:05:51.211422: Epoch 477
2026-08-05 14:05:51.211544: Current learning rate: 0.00558
2026-08-05 14:06:18.696523: train_loss -0.864
2026-08-05 14:06:19.069274: val_loss -0.7529
2026-08-05 14:06:19.069422: Pseudo dice [np.float32(0.7005), np.float32(0.9281), np.float32(0.9272)]
2026-08-05 14:06:19.069495: Epoch time: 27.49 s
2026-08-05 14:06:20.040016: 
2026-08-05 14:06:20.040572: Epoch 478
2026-08-05 14:06:20.040710: Current learning rate: 0.00557
2026-08-05 14:06:48.643028: train_loss -0.8682
2026-08-05 14:06:48.643421: val_loss -0.7635
2026-08-05 14:06:48.643805: Pseudo dice [np.float32(0.7096), np.float32(0.9305), np.float32(0.9347)]
2026-08-05 14:06:48.643992: Epoch time: 28.61 s
2026-08-05 14:06:49.521354: 
2026-08-05 14:06:49.521768: Epoch 479
2026-08-05 14:06:49.521866: Current learning rate: 0.00556
2026-08-05 14:07:18.622480: train_loss -0.864
2026-08-05 14:07:18.622762: val_loss -0.7559
2026-08-05 14:07:18.623050: Pseudo dice [np.float32(0.6997), np.float32(0.9256), np.float32(0.9271)]
2026-08-05 14:07:18.623231: Epoch time: 29.1 s
2026-08-05 14:07:19.601429: 
2026-08-05 14:07:19.601838: Epoch 480
2026-08-05 14:07:19.601957: Current learning rate: 0.00555
2026-08-05 14:07:47.637546: train_loss -0.8662
2026-08-05 14:07:47.637707: val_loss -0.749
2026-08-05 14:07:47.637758: Pseudo dice [np.float32(0.6914), np.float32(0.9255), np.float32(0.9264)]
2026-08-05 14:07:47.637810: Epoch time: 28.04 s
2026-08-05 14:07:48.456908: 
2026-08-05 14:07:48.457229: Epoch 481
2026-08-05 14:07:48.457486: Current learning rate: 0.00554
2026-08-05 14:08:16.809117: train_loss -0.8632
2026-08-05 14:08:16.809552: val_loss -0.7462
2026-08-05 14:08:16.809745: Pseudo dice [np.float32(0.6958), np.float32(0.9164), np.float32(0.9317)]
2026-08-05 14:08:16.809927: Epoch time: 28.36 s
2026-08-05 14:08:18.018159: 
2026-08-05 14:08:18.018591: Epoch 482
2026-08-05 14:08:18.018775: Current learning rate: 0.00553
2026-08-05 14:08:46.377901: train_loss -0.8613
2026-08-05 14:08:46.378117: val_loss -0.7691
2026-08-05 14:08:46.378185: Pseudo dice [np.float32(0.705), np.float32(0.932), np.float32(0.9358)]
2026-08-05 14:08:46.378255: Epoch time: 28.36 s
2026-08-05 14:08:49.595621: 
2026-08-05 14:08:49.596045: Epoch 483
2026-08-05 14:08:49.596175: Current learning rate: 0.00552
2026-08-05 14:09:17.939770: train_loss -0.8373
2026-08-05 14:09:17.943438: val_loss -0.7337
2026-08-05 14:09:17.944222: Pseudo dice [np.float32(0.6745), np.float32(0.9099), np.float32(0.9198)]
2026-08-05 14:09:17.944864: Epoch time: 28.35 s
2026-08-05 14:09:18.814584: 
2026-08-05 14:09:18.814950: Epoch 484
2026-08-05 14:09:18.815106: Current learning rate: 0.00551
2026-08-05 14:09:48.317770: train_loss -0.8408
2026-08-05 14:09:48.318021: val_loss -0.7536
2026-08-05 14:09:48.318092: Pseudo dice [np.float32(0.6927), np.float32(0.9275), np.float32(0.9223)]
2026-08-05 14:09:48.318167: Epoch time: 29.51 s
2026-08-05 14:09:49.301055: 
2026-08-05 14:09:49.308003: Epoch 485
2026-08-05 14:09:49.308136: Current learning rate: 0.0055
2026-08-05 14:10:18.108446: train_loss -0.827
2026-08-05 14:10:18.108736: val_loss -0.7008
2026-08-05 14:10:18.108858: Pseudo dice [np.float32(0.6647), np.float32(0.8923), np.float32(0.9096)]
2026-08-05 14:10:18.108988: Epoch time: 28.81 s
2026-08-05 14:10:19.097699: 
2026-08-05 14:10:19.098063: Epoch 486
2026-08-05 14:10:19.098184: Current learning rate: 0.00549
2026-08-05 14:10:48.075375: train_loss -0.7675
2026-08-05 14:10:48.075565: val_loss -0.7378
2026-08-05 14:10:48.075620: Pseudo dice [np.float32(0.6706), np.float32(0.9137), np.float32(0.915)]
2026-08-05 14:10:48.075676: Epoch time: 28.98 s
2026-08-05 14:10:48.803780: 
2026-08-05 14:10:48.804147: Epoch 487
2026-08-05 14:10:48.804291: Current learning rate: 0.00548
2026-08-05 14:11:16.866271: train_loss -0.7932
2026-08-05 14:11:16.866580: val_loss -0.7421
2026-08-05 14:11:16.866647: Pseudo dice [np.float32(0.6937), np.float32(0.9096), np.float32(0.9228)]
2026-08-05 14:11:16.866718: Epoch time: 28.07 s
2026-08-05 14:11:18.083433: 
2026-08-05 14:11:18.083834: Epoch 488
2026-08-05 14:11:18.083967: Current learning rate: 0.00547
2026-08-05 14:11:47.234794: train_loss -0.8135
2026-08-05 14:11:47.235210: val_loss -0.7452
2026-08-05 14:11:47.235358: Pseudo dice [np.float32(0.6894), np.float32(0.9136), np.float32(0.9262)]
2026-08-05 14:11:47.235476: Epoch time: 29.16 s
2026-08-05 14:11:48.370159: 
2026-08-05 14:11:48.370453: Epoch 489
2026-08-05 14:11:48.370592: Current learning rate: 0.00546
2026-08-05 14:12:17.862566: train_loss -0.8279
2026-08-05 14:12:17.862961: val_loss -0.7314
2026-08-05 14:12:17.863103: Pseudo dice [np.float32(0.6743), np.float32(0.9108), np.float32(0.9173)]
2026-08-05 14:12:17.863231: Epoch time: 29.5 s
2026-08-05 14:12:21.494564: 
2026-08-05 14:12:21.494995: Epoch 490
2026-08-05 14:12:21.495153: Current learning rate: 0.00546
2026-08-05 14:12:51.805964: train_loss -0.8262
2026-08-05 14:12:51.806576: val_loss -0.7477
2026-08-05 14:12:51.806758: Pseudo dice [np.float32(0.688), np.float32(0.9071), np.float32(0.9256)]
2026-08-05 14:12:51.806915: Epoch time: 30.32 s
2026-08-05 14:12:52.672037: 
2026-08-05 14:12:52.672379: Epoch 491
2026-08-05 14:12:52.672503: Current learning rate: 0.00545
2026-08-05 14:13:21.980289: train_loss -0.8324
2026-08-05 14:13:21.981382: val_loss -0.7526
2026-08-05 14:13:21.981448: Pseudo dice [np.float32(0.696), np.float32(0.9179), np.float32(0.9253)]
2026-08-05 14:13:21.981857: Epoch time: 29.31 s
2026-08-05 14:13:22.728510: 
2026-08-05 14:13:22.728830: Epoch 492
2026-08-05 14:13:22.728951: Current learning rate: 0.00544
2026-08-05 14:13:52.276211: train_loss -0.8456
2026-08-05 14:13:52.276703: val_loss -0.7595
2026-08-05 14:13:52.276846: Pseudo dice [np.float32(0.6956), np.float32(0.9227), np.float32(0.9279)]
2026-08-05 14:13:52.276994: Epoch time: 29.55 s
2026-08-05 14:13:53.417536: 
2026-08-05 14:13:53.417943: Epoch 493
2026-08-05 14:13:53.418100: Current learning rate: 0.00543
2026-08-05 14:14:22.938576: train_loss -0.8502
2026-08-05 14:14:22.938840: val_loss -0.7474
2026-08-05 14:14:22.938975: Pseudo dice [np.float32(0.6989), np.float32(0.9211), np.float32(0.9224)]
2026-08-05 14:14:22.939040: Epoch time: 29.52 s
2026-08-05 14:14:23.767791: 
2026-08-05 14:14:23.768202: Epoch 494
2026-08-05 14:14:23.768322: Current learning rate: 0.00542
2026-08-05 14:14:53.364677: train_loss -0.8418
2026-08-05 14:14:53.365733: val_loss -0.7564
2026-08-05 14:14:53.366208: Pseudo dice [np.float32(0.6982), np.float32(0.9271), np.float32(0.9235)]
2026-08-05 14:14:53.366347: Epoch time: 29.6 s
2026-08-05 14:14:54.359869: 
2026-08-05 14:14:54.360141: Epoch 495
2026-08-05 14:14:54.360270: Current learning rate: 0.00541
2026-08-05 14:15:23.337734: train_loss -0.8479
2026-08-05 14:15:23.338160: val_loss -0.7596
2026-08-05 14:15:23.338302: Pseudo dice [np.float32(0.7049), np.float32(0.9181), np.float32(0.9222)]
2026-08-05 14:15:23.338443: Epoch time: 28.98 s
2026-08-05 14:15:24.443206: 
2026-08-05 14:15:24.443576: Epoch 496
2026-08-05 14:15:24.443685: Current learning rate: 0.0054
2026-08-05 14:15:53.753511: train_loss -0.8493
2026-08-05 14:15:53.754230: val_loss -0.7644
2026-08-05 14:15:53.754357: Pseudo dice [np.float32(0.6989), np.float32(0.9184), np.float32(0.9306)]
2026-08-05 14:15:53.754468: Epoch time: 29.31 s
2026-08-05 14:15:54.732166: 
2026-08-05 14:15:54.732437: Epoch 497
2026-08-05 14:15:54.732576: Current learning rate: 0.00539
2026-08-05 14:16:25.271994: train_loss -0.8528
2026-08-05 14:16:25.300607: val_loss -0.7439
2026-08-05 14:16:25.300738: Pseudo dice [np.float32(0.6949), np.float32(0.9227), np.float32(0.9293)]
2026-08-05 14:16:25.300806: Epoch time: 30.54 s
2026-08-05 14:16:26.296313: 
2026-08-05 14:16:26.296691: Epoch 498
2026-08-05 14:16:26.296832: Current learning rate: 0.00538
2026-08-05 14:16:54.806947: train_loss -0.8495
2026-08-05 14:16:54.831715: val_loss -0.7432
2026-08-05 14:16:54.831847: Pseudo dice [np.float32(0.695), np.float32(0.9173), np.float32(0.925)]
2026-08-05 14:16:54.831926: Epoch time: 28.51 s
2026-08-05 14:16:55.835255: 
2026-08-05 14:16:55.835609: Epoch 499
2026-08-05 14:16:55.835739: Current learning rate: 0.00537
2026-08-05 14:17:23.700759: train_loss -0.8491
2026-08-05 14:17:23.701034: val_loss -0.7575
2026-08-05 14:17:23.701102: Pseudo dice [np.float32(0.7005), np.float32(0.9288), np.float32(0.9298)]
2026-08-05 14:17:23.701194: Epoch time: 27.87 s
2026-08-05 14:17:31.855989: 
2026-08-05 14:17:31.856326: Epoch 500
2026-08-05 14:17:31.856433: Current learning rate: 0.00536
2026-08-05 14:18:00.752522: train_loss -0.8548
2026-08-05 14:18:00.755177: val_loss -0.7517
2026-08-05 14:18:00.755363: Pseudo dice [np.float32(0.6969), np.float32(0.9241), np.float32(0.926)]
2026-08-05 14:18:00.755497: Epoch time: 28.9 s
2026-08-05 14:18:01.604079: 
2026-08-05 14:18:01.604367: Epoch 501
2026-08-05 14:18:01.604505: Current learning rate: 0.00535
2026-08-05 14:18:30.520016: train_loss -0.8399
2026-08-05 14:18:30.520516: val_loss -0.7407
2026-08-05 14:18:30.520643: Pseudo dice [np.float32(0.6924), np.float32(0.9062), np.float32(0.9261)]
2026-08-05 14:18:30.520772: Epoch time: 28.92 s
2026-08-05 14:18:31.385722: 
2026-08-05 14:18:31.385992: Epoch 502
2026-08-05 14:18:31.386177: Current learning rate: 0.00534
2026-08-05 14:19:00.764478: train_loss -0.8127
2026-08-05 14:19:00.767139: val_loss -0.7416
2026-08-05 14:19:00.767950: Pseudo dice [np.float32(0.6668), np.float32(0.9159), np.float32(0.9192)]
2026-08-05 14:19:00.768447: Epoch time: 29.38 s
2026-08-05 14:19:01.608472: 
2026-08-05 14:19:01.608950: Epoch 503
2026-08-05 14:19:01.609052: Current learning rate: 0.00533
2026-08-05 14:19:30.896741: train_loss -0.7995
2026-08-05 14:19:30.897414: val_loss -0.745
2026-08-05 14:19:30.897642: Pseudo dice [np.float32(0.6805), np.float32(0.9178), np.float32(0.9219)]
2026-08-05 14:19:30.897802: Epoch time: 29.29 s
2026-08-05 14:19:32.394052: 
2026-08-05 14:19:32.394416: Epoch 504
2026-08-05 14:19:32.394526: Current learning rate: 0.00532
2026-08-05 14:20:01.777394: train_loss -0.7945
2026-08-05 14:20:01.782981: val_loss -0.7389
2026-08-05 14:20:01.783227: Pseudo dice [np.float32(0.6892), np.float32(0.915), np.float32(0.9132)]
2026-08-05 14:20:01.783410: Epoch time: 29.39 s
2026-08-05 14:20:02.683008: 
2026-08-05 14:20:02.683374: Epoch 505
2026-08-05 14:20:02.683522: Current learning rate: 0.00531
2026-08-05 14:20:32.585546: train_loss -0.8269
2026-08-05 14:20:32.585943: val_loss -0.7439
2026-08-05 14:20:32.586073: Pseudo dice [np.float32(0.6777), np.float32(0.9127), np.float32(0.9268)]
2026-08-05 14:20:32.586184: Epoch time: 29.91 s
2026-08-05 14:20:33.454150: 
2026-08-05 14:20:33.454466: Epoch 506
2026-08-05 14:20:33.454724: Current learning rate: 0.0053
2026-08-05 14:21:01.632704: train_loss -0.8055
2026-08-05 14:21:01.633168: val_loss -0.7494
2026-08-05 14:21:01.633256: Pseudo dice [np.float32(0.6858), np.float32(0.9186), np.float32(0.924)]
2026-08-05 14:21:01.633325: Epoch time: 28.18 s
2026-08-05 14:21:02.373628: 
2026-08-05 14:21:02.374100: Epoch 507
2026-08-05 14:21:02.374215: Current learning rate: 0.00529
2026-08-05 14:21:32.888348: train_loss -0.7964
2026-08-05 14:21:32.901887: val_loss -0.7398
2026-08-05 14:21:32.902093: Pseudo dice [np.float32(0.6769), np.float32(0.9176), np.float32(0.9146)]
2026-08-05 14:21:32.902170: Epoch time: 30.52 s
2026-08-05 14:21:33.672749: 
2026-08-05 14:21:33.673408: Epoch 508
2026-08-05 14:21:33.673659: Current learning rate: 0.00528
2026-08-05 14:22:03.720232: train_loss -0.797
2026-08-05 14:22:03.720425: val_loss -0.7289
2026-08-05 14:22:03.720525: Pseudo dice [np.float32(0.6766), np.float32(0.9078), np.float32(0.9146)]
2026-08-05 14:22:03.720617: Epoch time: 30.05 s
2026-08-05 14:22:04.441465: 
2026-08-05 14:22:04.441737: Epoch 509
2026-08-05 14:22:04.441912: Current learning rate: 0.00527
2026-08-05 14:22:33.569965: train_loss -0.8207
2026-08-05 14:22:33.570252: val_loss -0.745
2026-08-05 14:22:33.570307: Pseudo dice [np.float32(0.7013), np.float32(0.9101), np.float32(0.9222)]
2026-08-05 14:22:33.570359: Epoch time: 29.13 s
2026-08-05 14:22:34.298407: 
2026-08-05 14:22:34.298728: Epoch 510
2026-08-05 14:22:34.298881: Current learning rate: 0.00526
2026-08-05 14:23:03.138310: train_loss -0.8323
2026-08-05 14:23:03.138526: val_loss -0.7208
2026-08-05 14:23:03.138579: Pseudo dice [np.float32(0.6887), np.float32(0.8892), np.float32(0.9181)]
2026-08-05 14:23:03.138640: Epoch time: 28.84 s
2026-08-05 14:23:04.088826: 
2026-08-05 14:23:04.089206: Epoch 511
2026-08-05 14:23:04.089353: Current learning rate: 0.00525
2026-08-05 14:23:33.486586: train_loss -0.8265
2026-08-05 14:23:33.487035: val_loss -0.7438
2026-08-05 14:23:33.487185: Pseudo dice [np.float32(0.6936), np.float32(0.9243), np.float32(0.9233)]
2026-08-05 14:23:33.487316: Epoch time: 29.4 s
2026-08-05 14:23:34.357716: 
2026-08-05 14:23:34.358073: Epoch 512
2026-08-05 14:23:34.358172: Current learning rate: 0.00524
2026-08-05 14:24:03.403924: train_loss -0.8396
2026-08-05 14:24:03.406438: val_loss -0.721
2026-08-05 14:24:03.406704: Pseudo dice [np.float32(0.6809), np.float32(0.91), np.float32(0.9092)]
2026-08-05 14:24:03.406836: Epoch time: 29.05 s
2026-08-05 14:24:04.217175: 
2026-08-05 14:24:04.217417: Epoch 513
2026-08-05 14:24:04.217571: Current learning rate: 0.00523
2026-08-05 14:24:33.261181: train_loss -0.8372
2026-08-05 14:24:34.051865: val_loss -0.7233
2026-08-05 14:24:34.052032: Pseudo dice [np.float32(0.6902), np.float32(0.8908), np.float32(0.9311)]
2026-08-05 14:24:34.052109: Epoch time: 29.05 s
2026-08-05 14:24:34.924766: 
2026-08-05 14:24:34.925098: Epoch 514
2026-08-05 14:24:34.925215: Current learning rate: 0.00522
2026-08-05 14:25:04.257427: train_loss -0.8346
2026-08-05 14:25:04.257645: val_loss -0.7496
2026-08-05 14:25:04.257699: Pseudo dice [np.float32(0.6995), np.float32(0.9248), np.float32(0.9221)]
2026-08-05 14:25:04.257760: Epoch time: 29.34 s
2026-08-05 14:25:05.140922: 
2026-08-05 14:25:05.141272: Epoch 515
2026-08-05 14:25:05.141402: Current learning rate: 0.00521
2026-08-05 14:25:33.807738: train_loss -0.8387
2026-08-05 14:25:33.807989: val_loss -0.7425
2026-08-05 14:25:33.808141: Pseudo dice [np.float32(0.7018), np.float32(0.9238), np.float32(0.9201)]
2026-08-05 14:25:33.808239: Epoch time: 28.67 s
2026-08-05 14:25:34.555044: 
2026-08-05 14:25:34.555431: Epoch 516
2026-08-05 14:25:34.555552: Current learning rate: 0.0052
2026-08-05 14:26:03.504048: train_loss -0.8459
2026-08-05 14:26:03.504373: val_loss -0.7558
2026-08-05 14:26:03.504499: Pseudo dice [np.float32(0.69), np.float32(0.9279), np.float32(0.9295)]
2026-08-05 14:26:03.504612: Epoch time: 28.95 s
2026-08-05 14:26:04.386772: 
2026-08-05 14:26:04.387152: Epoch 517
2026-08-05 14:26:04.387271: Current learning rate: 0.00519
2026-08-05 14:26:32.804210: train_loss -0.85
2026-08-05 14:26:32.804520: val_loss -0.7637
2026-08-05 14:26:32.804647: Pseudo dice [np.float32(0.697), np.float32(0.9232), np.float32(0.9273)]
2026-08-05 14:26:32.804768: Epoch time: 28.42 s
2026-08-05 14:26:33.647932: 
2026-08-05 14:26:33.648316: Epoch 518
2026-08-05 14:26:33.648455: Current learning rate: 0.00518
2026-08-05 14:27:02.923388: train_loss -0.8549
2026-08-05 14:27:02.923806: val_loss -0.7335
2026-08-05 14:27:02.923986: Pseudo dice [np.float32(0.6771), np.float32(0.9141), np.float32(0.9164)]
2026-08-05 14:27:02.924115: Epoch time: 29.28 s
2026-08-05 14:27:03.764453: 
2026-08-05 14:27:03.764752: Epoch 519
2026-08-05 14:27:03.764864: Current learning rate: 0.00518
2026-08-05 14:27:32.714302: train_loss -0.855
2026-08-05 14:27:32.714715: val_loss -0.7449
2026-08-05 14:27:32.714840: Pseudo dice [np.float32(0.6901), np.float32(0.9273), np.float32(0.923)]
2026-08-05 14:27:32.714976: Epoch time: 28.95 s
2026-08-05 14:27:33.764057: 
2026-08-05 14:27:33.764534: Epoch 520
2026-08-05 14:27:33.764724: Current learning rate: 0.00517
2026-08-05 14:28:02.844333: train_loss -0.8598
2026-08-05 14:28:02.845365: val_loss -0.7624
2026-08-05 14:28:02.845940: Pseudo dice [np.float32(0.7052), np.float32(0.9301), np.float32(0.9329)]
2026-08-05 14:28:02.846157: Epoch time: 29.08 s
2026-08-05 14:28:03.675703: 
2026-08-05 14:28:03.676116: Epoch 521
2026-08-05 14:28:03.676261: Current learning rate: 0.00516
2026-08-05 14:28:32.999222: train_loss -0.8609
2026-08-05 14:28:32.999608: val_loss -0.767
2026-08-05 14:28:32.999741: Pseudo dice [np.float32(0.7095), np.float32(0.9251), np.float32(0.9339)]
2026-08-05 14:28:32.999855: Epoch time: 29.33 s
2026-08-05 14:28:33.998745: 
2026-08-05 14:28:33.999183: Epoch 522
2026-08-05 14:28:33.999298: Current learning rate: 0.00515
2026-08-05 14:29:03.480205: train_loss -0.8485
2026-08-05 14:29:03.480720: val_loss -0.7632
2026-08-05 14:29:03.480956: Pseudo dice [np.float32(0.6971), np.float32(0.9229), np.float32(0.93)]
2026-08-05 14:29:03.481088: Epoch time: 29.48 s
2026-08-05 14:29:04.330016: 
2026-08-05 14:29:04.330344: Epoch 523
2026-08-05 14:29:04.330434: Current learning rate: 0.00514
2026-08-05 14:29:32.348253: train_loss -0.8559
2026-08-05 14:29:32.348529: val_loss -0.7408
2026-08-05 14:29:32.348629: Pseudo dice [np.float32(0.6918), np.float32(0.9197), np.float32(0.9241)]
2026-08-05 14:29:32.348703: Epoch time: 28.02 s
2026-08-05 14:29:33.307804: 
2026-08-05 14:29:33.308054: Epoch 524
2026-08-05 14:29:33.308221: Current learning rate: 0.00513
2026-08-05 14:30:02.234987: train_loss -0.8534
2026-08-05 14:30:02.235231: val_loss -0.746
2026-08-05 14:30:02.235286: Pseudo dice [np.float32(0.6867), np.float32(0.9186), np.float32(0.9241)]
2026-08-05 14:30:02.235355: Epoch time: 28.93 s
2026-08-05 14:30:02.997441: 
2026-08-05 14:30:02.997822: Epoch 525
2026-08-05 14:30:02.997940: Current learning rate: 0.00512
2026-08-05 14:30:32.050042: train_loss -0.8557
2026-08-05 14:30:32.050262: val_loss -0.7396
2026-08-05 14:30:32.050327: Pseudo dice [np.float32(0.6852), np.float32(0.919), np.float32(0.9286)]
2026-08-05 14:30:32.050400: Epoch time: 29.06 s
2026-08-05 14:30:33.014476: 
2026-08-05 14:30:33.014899: Epoch 526
2026-08-05 14:30:33.015022: Current learning rate: 0.00511
2026-08-05 14:31:02.148826: train_loss -0.8431
2026-08-05 14:31:02.154326: val_loss -0.7486
2026-08-05 14:31:02.154552: Pseudo dice [np.float32(0.6816), np.float32(0.9168), np.float32(0.9219)]
2026-08-05 14:31:02.154679: Epoch time: 29.14 s
2026-08-05 14:31:03.011635: 
2026-08-05 14:31:03.011964: Epoch 527
2026-08-05 14:31:03.012085: Current learning rate: 0.0051
2026-08-05 14:31:31.771132: train_loss -0.8516
2026-08-05 14:31:31.771452: val_loss -0.7594
2026-08-05 14:31:31.771573: Pseudo dice [np.float32(0.7084), np.float32(0.9269), np.float32(0.9305)]
2026-08-05 14:31:31.771682: Epoch time: 28.76 s
2026-08-05 14:31:32.614516: 
2026-08-05 14:31:32.614922: Epoch 528
2026-08-05 14:31:32.615034: Current learning rate: 0.00509
2026-08-05 14:32:01.332058: train_loss -0.8572
2026-08-05 14:32:01.332708: val_loss -0.7534
2026-08-05 14:32:01.332770: Pseudo dice [np.float32(0.7001), np.float32(0.9235), np.float32(0.9298)]
2026-08-05 14:32:01.332832: Epoch time: 28.72 s
2026-08-05 14:32:02.322647: 
2026-08-05 14:32:02.323112: Epoch 529
2026-08-05 14:32:02.323272: Current learning rate: 0.00508
2026-08-05 14:32:29.971292: train_loss -0.8512
2026-08-05 14:32:29.971733: val_loss -0.7088
2026-08-05 14:32:29.971951: Pseudo dice [np.float32(0.668), np.float32(0.9203), np.float32(0.89)]
2026-08-05 14:32:30.015541: Epoch time: 27.65 s
2026-08-05 14:32:30.938488: 
2026-08-05 14:32:30.939077: Epoch 530
2026-08-05 14:32:30.939209: Current learning rate: 0.00507
2026-08-05 14:33:05.667584: train_loss -0.83
2026-08-05 14:33:05.667993: val_loss -0.744
2026-08-05 14:33:05.668234: Pseudo dice [np.float32(0.692), np.float32(0.9218), np.float32(0.9187)]
2026-08-05 14:33:05.668309: Epoch time: 34.73 s
2026-08-05 14:33:06.470024: 
2026-08-05 14:33:06.470343: Epoch 531
2026-08-05 14:33:06.470484: Current learning rate: 0.00506
2026-08-05 14:33:36.413349: train_loss -0.8485
2026-08-05 14:33:36.414064: val_loss -0.7361
2026-08-05 14:33:36.414121: Pseudo dice [np.float32(0.6901), np.float32(0.9174), np.float32(0.9187)]
2026-08-05 14:33:36.414354: Epoch time: 29.95 s
2026-08-05 14:33:37.182366: 
2026-08-05 14:33:37.182770: Epoch 532
2026-08-05 14:33:37.182866: Current learning rate: 0.00505
2026-08-05 14:34:08.718278: train_loss -0.853
2026-08-05 14:34:08.718625: val_loss -0.7538
2026-08-05 14:34:08.718754: Pseudo dice [np.float32(0.7064), np.float32(0.9262), np.float32(0.929)]
2026-08-05 14:34:08.718874: Epoch time: 31.54 s
2026-08-05 14:34:10.082563: 
2026-08-05 14:34:10.082876: Epoch 533
2026-08-05 14:34:10.082991: Current learning rate: 0.00504
2026-08-05 14:34:39.670229: train_loss -0.845
2026-08-05 14:34:39.673517: val_loss -0.7235
2026-08-05 14:34:39.673653: Pseudo dice [np.float32(0.6855), np.float32(0.8909), np.float32(0.9229)]
2026-08-05 14:34:39.673729: Epoch time: 29.59 s
2026-08-05 14:34:40.711609: 
2026-08-05 14:34:40.712140: Epoch 534
2026-08-05 14:34:40.712275: Current learning rate: 0.00503
2026-08-05 14:35:10.621934: train_loss -0.8329
2026-08-05 14:35:10.622146: val_loss -0.7426
2026-08-05 14:35:10.622208: Pseudo dice [np.float32(0.6771), np.float32(0.9195), np.float32(0.9255)]
2026-08-05 14:35:10.622282: Epoch time: 29.91 s
2026-08-05 14:35:11.392484: 
2026-08-05 14:35:11.392930: Epoch 535
2026-08-05 14:35:11.393028: Current learning rate: 0.00502
2026-08-05 14:35:40.972513: train_loss -0.8512
2026-08-05 14:35:40.972795: val_loss -0.7645
2026-08-05 14:35:40.972950: Pseudo dice [np.float32(0.7071), np.float32(0.9283), np.float32(0.9299)]
2026-08-05 14:35:40.973075: Epoch time: 29.58 s
2026-08-05 14:35:41.847315: 
2026-08-05 14:35:41.847810: Epoch 536
2026-08-05 14:35:41.847986: Current learning rate: 0.00501
2026-08-05 14:36:11.017503: train_loss -0.855
2026-08-05 14:36:11.017765: val_loss -0.7467
2026-08-05 14:36:11.018066: Pseudo dice [np.float32(0.6894), np.float32(0.9195), np.float32(0.9262)]
2026-08-05 14:36:11.018254: Epoch time: 29.17 s
2026-08-05 14:36:11.981683: 
2026-08-05 14:36:11.982051: Epoch 537
2026-08-05 14:36:11.982260: Current learning rate: 0.005
2026-08-05 14:36:41.296010: train_loss -0.86
2026-08-05 14:36:41.296326: val_loss -0.7567
2026-08-05 14:36:41.296496: Pseudo dice [np.float32(0.7006), np.float32(0.9263), np.float32(0.9328)]
2026-08-05 14:36:41.296617: Epoch time: 29.32 s
2026-08-05 14:36:42.312792: 
2026-08-05 14:36:42.313342: Epoch 538
2026-08-05 14:36:42.313513: Current learning rate: 0.00499
2026-08-05 14:37:11.562660: train_loss -0.8491
2026-08-05 14:37:11.562828: val_loss -0.7522
2026-08-05 14:37:11.562879: Pseudo dice [np.float32(0.703), np.float32(0.9222), np.float32(0.9253)]
2026-08-05 14:37:11.562943: Epoch time: 29.25 s
2026-08-05 14:37:12.334462: 
2026-08-05 14:37:12.334792: Epoch 539
2026-08-05 14:37:12.334939: Current learning rate: 0.00498
2026-08-05 14:37:42.721537: train_loss -0.8443
2026-08-05 14:37:42.721798: val_loss -0.7621
2026-08-05 14:37:42.721941: Pseudo dice [np.float32(0.6909), np.float32(0.9241), np.float32(0.9309)]
2026-08-05 14:37:42.724961: Epoch time: 30.39 s
2026-08-05 14:37:43.599322: 
2026-08-05 14:37:43.599764: Epoch 540
2026-08-05 14:37:43.599916: Current learning rate: 0.00497
2026-08-05 14:38:12.832379: train_loss -0.8575
2026-08-05 14:38:12.881608: val_loss -0.7477
2026-08-05 14:38:12.881925: Pseudo dice [np.float32(0.7025), np.float32(0.9201), np.float32(0.9228)]
2026-08-05 14:38:12.882067: Epoch time: 29.24 s
2026-08-05 14:38:13.778571: 
2026-08-05 14:38:13.780198: Epoch 541
2026-08-05 14:38:13.780312: Current learning rate: 0.00496
2026-08-05 14:38:43.568177: train_loss -0.8615
2026-08-05 14:38:43.979663: val_loss -0.7664
2026-08-05 14:38:43.979889: Pseudo dice [np.float32(0.7066), np.float32(0.928), np.float32(0.9339)]
2026-08-05 14:38:43.980160: Epoch time: 29.79 s
2026-08-05 14:38:45.055181: 
2026-08-05 14:38:45.055562: Epoch 542
2026-08-05 14:38:45.055672: Current learning rate: 0.00495
2026-08-05 14:39:14.686640: train_loss -0.8632
2026-08-05 14:39:14.687030: val_loss -0.7458
2026-08-05 14:39:14.687169: Pseudo dice [np.float32(0.6956), np.float32(0.9183), np.float32(0.926)]
2026-08-05 14:39:14.687290: Epoch time: 29.63 s
2026-08-05 14:39:15.527364: 
2026-08-05 14:39:15.527713: Epoch 543
2026-08-05 14:39:15.527823: Current learning rate: 0.00494
2026-08-05 14:39:44.998544: train_loss -0.8608
2026-08-05 14:39:44.999030: val_loss -0.742
2026-08-05 14:39:44.999200: Pseudo dice [np.float32(0.6864), np.float32(0.9195), np.float32(0.9206)]
2026-08-05 14:39:44.999427: Epoch time: 29.47 s
2026-08-05 14:39:46.056082: 
2026-08-05 14:39:46.056608: Epoch 544
2026-08-05 14:39:46.056742: Current learning rate: 0.00493
2026-08-05 14:40:15.615527: train_loss -0.8624
2026-08-05 14:40:15.615999: val_loss -0.7463
2026-08-05 14:40:15.616176: Pseudo dice [np.float32(0.6903), np.float32(0.9215), np.float32(0.9172)]
2026-08-05 14:40:15.616307: Epoch time: 29.56 s
2026-08-05 14:40:17.233794: 
2026-08-05 14:40:17.234075: Epoch 545
2026-08-05 14:40:17.234181: Current learning rate: 0.00492
2026-08-05 14:40:47.666111: train_loss -0.8664
2026-08-05 14:40:47.666464: val_loss -0.7542
2026-08-05 14:40:47.666771: Pseudo dice [np.float32(0.7029), np.float32(0.9248), np.float32(0.9285)]
2026-08-05 14:40:47.666943: Epoch time: 30.43 s
2026-08-05 14:40:48.580634: 
2026-08-05 14:40:48.580839: Epoch 546
2026-08-05 14:40:48.581270: Current learning rate: 0.00491
2026-08-05 14:41:18.153575: train_loss -0.8605
2026-08-05 14:41:18.154154: val_loss -0.7495
2026-08-05 14:41:18.154319: Pseudo dice [np.float32(0.7048), np.float32(0.923), np.float32(0.9286)]
2026-08-05 14:41:18.154471: Epoch time: 29.58 s
2026-08-05 14:41:21.464837: 
2026-08-05 14:41:21.465178: Epoch 547
2026-08-05 14:41:21.465283: Current learning rate: 0.0049
2026-08-05 14:41:50.714466: train_loss -0.8693
2026-08-05 14:41:50.714771: val_loss -0.7682
2026-08-05 14:41:50.714830: Pseudo dice [np.float32(0.7123), np.float32(0.9326), np.float32(0.9307)]
2026-08-05 14:41:50.714907: Epoch time: 29.25 s
2026-08-05 14:41:51.692949: 
2026-08-05 14:41:51.693446: Epoch 548
2026-08-05 14:41:51.693725: Current learning rate: 0.00489
2026-08-05 14:42:19.794607: train_loss -0.8689
2026-08-05 14:42:19.794945: val_loss -0.7628
2026-08-05 14:42:19.795017: Pseudo dice [np.float32(0.7109), np.float32(0.9306), np.float32(0.9319)]
2026-08-05 14:42:19.795089: Epoch time: 28.11 s
2026-08-05 14:42:20.917825: 
2026-08-05 14:42:20.918261: Epoch 549
2026-08-05 14:42:20.918386: Current learning rate: 0.00488
2026-08-05 14:42:55.824831: train_loss -0.8665
2026-08-05 14:42:55.825256: val_loss -0.7593
2026-08-05 14:42:55.831943: Pseudo dice [np.float32(0.7063), np.float32(0.9273), np.float32(0.9329)]
2026-08-05 14:42:55.832119: Epoch time: 34.91 s
2026-08-05 14:43:08.018152: Yayy! New best EMA pseudo Dice: 0.8501999974250793
2026-08-05 14:43:23.548263: 
2026-08-05 14:43:23.548622: Epoch 550
2026-08-05 14:43:23.548773: Current learning rate: 0.00487
2026-08-05 14:43:52.459112: train_loss -0.8692
2026-08-05 14:43:52.461588: val_loss -0.7568
2026-08-05 14:43:52.461859: Pseudo dice [np.float32(0.7076), np.float32(0.9269), np.float32(0.9285)]
2026-08-05 14:43:52.462002: Epoch time: 28.91 s
2026-08-05 14:43:52.462089: Yayy! New best EMA pseudo Dice: 0.850600004196167
2026-08-05 14:44:14.471241: 
2026-08-05 14:44:14.652695: Epoch 551
2026-08-05 14:44:14.652956: Current learning rate: 0.00486
2026-08-05 14:44:42.756695: train_loss -0.8689
2026-08-05 14:44:42.756912: val_loss -0.7403
2026-08-05 14:44:42.756982: Pseudo dice [np.float32(0.6862), np.float32(0.9206), np.float32(0.9243)]
2026-08-05 14:44:43.180180: Epoch time: 28.29 s
2026-08-05 14:44:44.391846: 
2026-08-05 14:44:44.392131: Epoch 552
2026-08-05 14:44:44.392320: Current learning rate: 0.00485
2026-08-05 14:45:14.997973: train_loss -0.8705
2026-08-05 14:45:15.003004: val_loss -0.7612
2026-08-05 14:45:15.003162: Pseudo dice [np.float32(0.7026), np.float32(0.9312), np.float32(0.9272)]
2026-08-05 14:45:15.003287: Epoch time: 30.61 s
2026-08-05 14:45:15.987773: 
2026-08-05 14:45:15.988158: Epoch 553
2026-08-05 14:45:15.988278: Current learning rate: 0.00484
2026-08-05 14:45:45.645163: train_loss -0.8719
2026-08-05 14:45:45.645748: val_loss -0.7512
2026-08-05 14:45:45.645880: Pseudo dice [np.float32(0.7052), np.float32(0.9245), np.float32(0.9261)]
2026-08-05 14:45:45.646187: Epoch time: 29.66 s
2026-08-05 14:45:47.031360: 
2026-08-05 14:45:47.031688: Epoch 554
2026-08-05 14:45:47.031795: Current learning rate: 0.00484
2026-08-05 14:46:16.557504: train_loss -0.8624
2026-08-05 14:46:16.560033: val_loss -0.758
2026-08-05 14:46:16.560282: Pseudo dice [np.float32(0.7016), np.float32(0.9271), np.float32(0.9352)]
2026-08-05 14:46:16.560950: Epoch time: 29.53 s
2026-08-05 14:46:16.561279: Yayy! New best EMA pseudo Dice: 0.8508999943733215
2026-08-05 14:46:40.106036: 
2026-08-05 14:46:40.106452: Epoch 555
2026-08-05 14:46:40.106619: Current learning rate: 0.00483
2026-08-05 14:47:09.363414: train_loss -0.8665
2026-08-05 14:47:09.363785: val_loss -0.746
2026-08-05 14:47:09.366487: Pseudo dice [np.float32(0.6949), np.float32(0.9267), np.float32(0.9264)]
2026-08-05 14:47:09.367613: Epoch time: 29.26 s
2026-08-05 14:47:11.177477: 
2026-08-05 14:47:11.177864: Epoch 556
2026-08-05 14:47:11.177981: Current learning rate: 0.00482
2026-08-05 14:47:39.881447: train_loss -0.8656
2026-08-05 14:47:39.881783: val_loss -0.7597
2026-08-05 14:47:39.881874: Pseudo dice [np.float32(0.6968), np.float32(0.9258), np.float32(0.9299)]
2026-08-05 14:47:39.881957: Epoch time: 28.71 s
2026-08-05 14:47:40.645001: 
2026-08-05 14:47:40.645349: Epoch 557
2026-08-05 14:47:40.645457: Current learning rate: 0.00481
2026-08-05 14:48:09.548445: train_loss -0.8636
2026-08-05 14:48:09.548820: val_loss -0.7392
2026-08-05 14:48:09.548995: Pseudo dice [np.float32(0.683), np.float32(0.9213), np.float32(0.9199)]
2026-08-05 14:48:09.549134: Epoch time: 28.91 s
2026-08-05 14:48:10.417024: 
2026-08-05 14:48:10.417405: Epoch 558
2026-08-05 14:48:10.417506: Current learning rate: 0.0048
2026-08-05 14:48:39.504509: train_loss -0.8699
2026-08-05 14:48:39.505194: val_loss -0.7489
2026-08-05 14:48:39.505919: Pseudo dice [np.float32(0.6937), np.float32(0.921), np.float32(0.9357)]
2026-08-05 14:48:39.506311: Epoch time: 29.09 s
2026-08-05 14:48:40.623070: 
2026-08-05 14:48:40.623397: Epoch 559
2026-08-05 14:48:40.623506: Current learning rate: 0.00479
2026-08-05 14:49:11.904646: train_loss -0.8637
2026-08-05 14:49:11.905389: val_loss -0.7366
2026-08-05 14:49:11.905588: Pseudo dice [np.float32(0.689), np.float32(0.921), np.float32(0.9204)]
2026-08-05 14:49:11.905707: Epoch time: 31.28 s
2026-08-05 14:49:12.738761: 
2026-08-05 14:49:12.739202: Epoch 560
2026-08-05 14:49:12.739351: Current learning rate: 0.00478
2026-08-05 14:49:41.873122: train_loss -0.8678
2026-08-05 14:49:41.873482: val_loss -0.7611
2026-08-05 14:49:41.873651: Pseudo dice [np.float32(0.7012), np.float32(0.9292), np.float32(0.9293)]
2026-08-05 14:49:41.873785: Epoch time: 29.14 s
2026-08-05 14:49:42.779473: 
2026-08-05 14:49:42.779806: Epoch 561
2026-08-05 14:49:42.779960: Current learning rate: 0.00477
2026-08-05 14:50:11.597301: train_loss -0.8745
2026-08-05 14:50:11.597768: val_loss -0.7586
2026-08-05 14:50:11.598017: Pseudo dice [np.float32(0.7023), np.float32(0.9227), np.float32(0.9301)]
2026-08-05 14:50:11.598189: Epoch time: 28.82 s
2026-08-05 14:50:12.444571: 
2026-08-05 14:50:12.444789: Epoch 562
2026-08-05 14:50:12.444930: Current learning rate: 0.00476
2026-08-05 14:50:41.560410: train_loss -0.8722
2026-08-05 14:50:41.560796: val_loss -0.7429
2026-08-05 14:50:41.560972: Pseudo dice [np.float32(0.6868), np.float32(0.9225), np.float32(0.9201)]
2026-08-05 14:50:41.561089: Epoch time: 29.12 s
2026-08-05 14:50:42.425800: 
2026-08-05 14:50:42.426163: Epoch 563
2026-08-05 14:50:42.426298: Current learning rate: 0.00475
2026-08-05 14:51:12.582316: train_loss -0.8685
2026-08-05 14:51:12.695740: val_loss -0.7398
2026-08-05 14:51:12.696111: Pseudo dice [np.float32(0.687), np.float32(0.9248), np.float32(0.9227)]
2026-08-05 14:51:12.696387: Epoch time: 30.16 s
2026-08-05 14:51:13.719721: 
2026-08-05 14:51:13.720085: Epoch 564
2026-08-05 14:51:13.720188: Current learning rate: 0.00474
2026-08-05 14:51:42.951128: train_loss -0.875
2026-08-05 14:51:42.968281: val_loss -0.7499
2026-08-05 14:51:42.968457: Pseudo dice [np.float32(0.6921), np.float32(0.9263), np.float32(0.9303)]
2026-08-05 14:51:42.968617: Epoch time: 29.23 s
2026-08-05 14:51:43.841767: 
2026-08-05 14:51:43.841989: Epoch 565
2026-08-05 14:51:43.842185: Current learning rate: 0.00473
2026-08-05 14:52:12.985372: train_loss -0.8708
2026-08-05 14:52:13.024300: val_loss -0.761
2026-08-05 14:52:13.024492: Pseudo dice [np.float32(0.6923), np.float32(0.9324), np.float32(0.9318)]
2026-08-05 14:52:13.024620: Epoch time: 29.15 s
2026-08-05 14:52:14.169310: 
2026-08-05 14:52:14.169532: Epoch 566
2026-08-05 14:52:14.169630: Current learning rate: 0.00472
2026-08-05 14:52:46.541661: train_loss -0.8738
2026-08-05 14:52:46.854161: val_loss -0.7498
2026-08-05 14:52:46.854383: Pseudo dice [np.float32(0.6973), np.float32(0.92), np.float32(0.9199)]
2026-08-05 14:52:46.854527: Epoch time: 32.38 s
2026-08-05 14:52:47.783506: 
2026-08-05 14:52:47.783951: Epoch 567
2026-08-05 14:52:47.784081: Current learning rate: 0.00471
2026-08-05 14:53:17.443374: train_loss -0.8712
2026-08-05 14:53:17.476421: val_loss -0.7555
2026-08-05 14:53:17.476554: Pseudo dice [np.float32(0.7077), np.float32(0.9269), np.float32(0.9301)]
2026-08-05 14:53:17.476623: Epoch time: 29.66 s
2026-08-05 14:53:18.274832: 
2026-08-05 14:53:18.275299: Epoch 568
2026-08-05 14:53:18.275470: Current learning rate: 0.0047
2026-08-05 14:53:46.665210: train_loss -0.8713
2026-08-05 14:53:46.916010: val_loss -0.743
2026-08-05 14:53:46.916185: Pseudo dice [np.float32(0.6996), np.float32(0.9181), np.float32(0.9284)]
2026-08-05 14:53:46.916270: Epoch time: 28.39 s
2026-08-05 14:53:47.763993: 
2026-08-05 14:53:47.764420: Epoch 569
2026-08-05 14:53:47.764769: Current learning rate: 0.00469
2026-08-05 14:54:16.826978: train_loss -0.8749
2026-08-05 14:54:16.988730: val_loss -0.7465
2026-08-05 14:54:16.988993: Pseudo dice [np.float32(0.6944), np.float32(0.9246), np.float32(0.9269)]
2026-08-05 14:54:16.989140: Epoch time: 29.07 s
2026-08-05 14:54:17.984897: 
2026-08-05 14:54:17.985233: Epoch 570
2026-08-05 14:54:17.985373: Current learning rate: 0.00468
2026-08-05 14:54:47.707295: train_loss -0.8711
2026-08-05 14:54:47.756914: val_loss -0.755
2026-08-05 14:54:47.757230: Pseudo dice [np.float32(0.6973), np.float32(0.9287), np.float32(0.9286)]
2026-08-05 14:54:47.757372: Epoch time: 29.73 s
2026-08-05 14:54:48.851980: 
2026-08-05 14:54:48.852403: Epoch 571
2026-08-05 14:54:48.852509: Current learning rate: 0.00467
2026-08-05 14:55:18.385592: train_loss -0.8712
2026-08-05 14:55:18.477288: val_loss -0.7583
2026-08-05 14:55:18.477754: Pseudo dice [np.float32(0.6983), np.float32(0.926), np.float32(0.928)]
2026-08-05 14:55:18.477950: Epoch time: 29.54 s
2026-08-05 14:55:19.292969: 
2026-08-05 14:55:19.293299: Epoch 572
2026-08-05 14:55:19.293449: Current learning rate: 0.00466
2026-08-05 14:55:48.235255: train_loss -0.8722
2026-08-05 14:55:48.242804: val_loss -0.7273
2026-08-05 14:55:48.242873: Pseudo dice [np.float32(0.6826), np.float32(0.9194), np.float32(0.9186)]
2026-08-05 14:55:48.242952: Epoch time: 28.94 s
2026-08-05 14:55:49.054240: 
2026-08-05 14:55:49.054559: Epoch 573
2026-08-05 14:55:49.054708: Current learning rate: 0.00465
2026-08-05 14:56:20.349191: train_loss -0.876
2026-08-05 14:56:20.433426: val_loss -0.7759
2026-08-05 14:56:20.433563: Pseudo dice [np.float32(0.7167), np.float32(0.9333), np.float32(0.9326)]
2026-08-05 14:56:20.627206: Epoch time: 31.3 s
2026-08-05 14:56:21.720153: 
2026-08-05 14:56:21.721363: Epoch 574
2026-08-05 14:56:21.721476: Current learning rate: 0.00464
2026-08-05 14:56:51.300839: train_loss -0.873
2026-08-05 14:56:51.340784: val_loss -0.7492
2026-08-05 14:56:51.341028: Pseudo dice [np.float32(0.6961), np.float32(0.9237), np.float32(0.9313)]
2026-08-05 14:56:51.341160: Epoch time: 29.58 s
2026-08-05 14:56:52.400623: 
2026-08-05 14:56:52.401067: Epoch 575
2026-08-05 14:56:52.401182: Current learning rate: 0.00463
2026-08-05 14:57:22.127446: train_loss -0.8745
2026-08-05 14:57:22.164833: val_loss -0.7633
2026-08-05 14:57:22.165182: Pseudo dice [np.float32(0.7087), np.float32(0.9251), np.float32(0.9316)]
2026-08-05 14:57:22.165341: Epoch time: 29.73 s
2026-08-05 14:57:23.100822: 
2026-08-05 14:57:23.101072: Epoch 576
2026-08-05 14:57:23.101220: Current learning rate: 0.00462
2026-08-05 14:57:53.270735: train_loss -0.8671
2026-08-05 14:57:53.272326: val_loss -0.7425
2026-08-05 14:57:53.272461: Pseudo dice [np.float32(0.6933), np.float32(0.9162), np.float32(0.9247)]
2026-08-05 14:57:53.272572: Epoch time: 30.17 s
2026-08-05 14:57:54.292650: 
2026-08-05 14:57:54.293060: Epoch 577
2026-08-05 14:57:54.293171: Current learning rate: 0.00461
2026-08-05 14:58:25.118887: train_loss -0.8711
2026-08-05 14:58:25.119696: val_loss -0.7576
2026-08-05 14:58:25.119856: Pseudo dice [np.float32(0.697), np.float32(0.9246), np.float32(0.9278)]
2026-08-05 14:58:25.120005: Epoch time: 30.83 s
2026-08-05 14:58:26.638848: 
2026-08-05 14:58:26.639335: Epoch 578
2026-08-05 14:58:26.639429: Current learning rate: 0.0046
2026-08-05 14:58:57.515219: train_loss -0.862
2026-08-05 14:58:57.585178: val_loss -0.743
2026-08-05 14:58:57.585397: Pseudo dice [np.float32(0.6934), np.float32(0.9244), np.float32(0.9265)]
2026-08-05 14:58:57.585530: Epoch time: 30.88 s
2026-08-05 14:58:59.530876: 
2026-08-05 14:58:59.531911: Epoch 579
2026-08-05 14:58:59.532031: Current learning rate: 0.00459
2026-08-05 14:59:30.299687: train_loss -0.8469
2026-08-05 14:59:30.300325: val_loss -0.7541
2026-08-05 14:59:30.300544: Pseudo dice [np.float32(0.7032), np.float32(0.9275), np.float32(0.9294)]
2026-08-05 14:59:30.300710: Epoch time: 30.77 s
2026-08-05 14:59:31.429700: 
2026-08-05 14:59:31.430006: Epoch 580
2026-08-05 14:59:31.430142: Current learning rate: 0.00458
2026-08-05 15:00:04.638267: train_loss -0.8566
2026-08-05 15:00:04.638603: val_loss -0.7433
2026-08-05 15:00:04.638685: Pseudo dice [np.float32(0.6881), np.float32(0.9247), np.float32(0.9213)]
2026-08-05 15:00:04.638758: Epoch time: 33.21 s
2026-08-05 15:00:05.680495: 
2026-08-05 15:00:05.680856: Epoch 581
2026-08-05 15:00:05.680994: Current learning rate: 0.00457
2026-08-05 15:00:33.400653: train_loss -0.8605
2026-08-05 15:00:33.400846: val_loss -0.7555
2026-08-05 15:00:33.400913: Pseudo dice [np.float32(0.6984), np.float32(0.929), np.float32(0.9241)]
2026-08-05 15:00:33.400977: Epoch time: 27.72 s
2026-08-05 15:00:34.450009: 
2026-08-05 15:00:34.450269: Epoch 582
2026-08-05 15:00:34.450461: Current learning rate: 0.00456
2026-08-05 15:01:18.055126: train_loss -0.8687
2026-08-05 15:01:18.055401: val_loss -0.738
2026-08-05 15:01:18.055465: Pseudo dice [np.float32(0.6835), np.float32(0.9144), np.float32(0.9205)]
2026-08-05 15:01:18.055536: Epoch time: 43.61 s
2026-08-05 15:01:19.094769: 
2026-08-05 15:01:19.095183: Epoch 583
2026-08-05 15:01:19.095304: Current learning rate: 0.00455
2026-08-05 15:01:47.889222: train_loss -0.8706
2026-08-05 15:01:47.894879: val_loss -0.738
2026-08-05 15:01:47.895088: Pseudo dice [np.float32(0.6873), np.float32(0.9205), np.float32(0.919)]
2026-08-05 15:01:47.895214: Epoch time: 28.8 s
2026-08-05 15:01:48.840570: 
2026-08-05 15:01:48.840936: Epoch 584
2026-08-05 15:01:48.841045: Current learning rate: 0.00454
2026-08-05 15:02:17.243098: train_loss -0.8716
2026-08-05 15:02:17.243532: val_loss -0.7395
2026-08-05 15:02:17.243618: Pseudo dice [np.float32(0.6865), np.float32(0.9193), np.float32(0.921)]
2026-08-05 15:02:17.243756: Epoch time: 28.41 s
2026-08-05 15:02:19.183281: 
2026-08-05 15:02:19.183650: Epoch 585
2026-08-05 15:02:19.183807: Current learning rate: 0.00453
2026-08-05 15:02:48.904226: train_loss -0.8731
2026-08-05 15:02:48.904554: val_loss -0.7611
2026-08-05 15:02:48.904703: Pseudo dice [np.float32(0.6919), np.float32(0.9248), np.float32(0.9356)]
2026-08-05 15:02:48.904830: Epoch time: 29.74 s
2026-08-05 15:02:50.107780: 
2026-08-05 15:02:50.108076: Epoch 586
2026-08-05 15:02:50.108185: Current learning rate: 0.00452
2026-08-05 15:03:19.787105: train_loss -0.8774
2026-08-05 15:03:19.909381: val_loss -0.7363
2026-08-05 15:03:19.909662: Pseudo dice [np.float32(0.6866), np.float32(0.9255), np.float32(0.9204)]
2026-08-05 15:03:19.909799: Epoch time: 29.68 s
2026-08-05 15:03:22.403718: 
2026-08-05 15:03:22.404022: Epoch 587
2026-08-05 15:03:22.404163: Current learning rate: 0.00451
2026-08-05 15:03:52.987810: train_loss -0.8745
2026-08-05 15:03:52.988975: val_loss -0.7404
2026-08-05 15:03:52.989263: Pseudo dice [np.float32(0.6972), np.float32(0.9193), np.float32(0.9223)]
2026-08-05 15:03:52.989614: Epoch time: 30.59 s
2026-08-05 15:03:54.079808: 
2026-08-05 15:03:54.080183: Epoch 588
2026-08-05 15:03:54.080275: Current learning rate: 0.0045
2026-08-05 15:04:23.545449: train_loss -0.8761
2026-08-05 15:04:23.545648: val_loss -0.755
2026-08-05 15:04:23.545710: Pseudo dice [np.float32(0.6966), np.float32(0.9261), np.float32(0.9253)]
2026-08-05 15:04:23.545777: Epoch time: 29.47 s
2026-08-05 15:04:24.592826: 
2026-08-05 15:04:24.593148: Epoch 589
2026-08-05 15:04:24.593330: Current learning rate: 0.00449
2026-08-05 15:04:53.481636: train_loss -0.8786
2026-08-05 15:04:53.481831: val_loss -0.7443
2026-08-05 15:04:53.481886: Pseudo dice [np.float32(0.7011), np.float32(0.9283), np.float32(0.9228)]
2026-08-05 15:04:53.481962: Epoch time: 28.89 s
2026-08-05 15:04:54.455903: 
2026-08-05 15:04:54.456110: Epoch 590
2026-08-05 15:04:54.456234: Current learning rate: 0.00448
2026-08-05 15:05:21.999600: train_loss -0.8796
2026-08-05 15:05:21.999900: val_loss -0.752
2026-08-05 15:05:21.999972: Pseudo dice [np.float32(0.6983), np.float32(0.9257), np.float32(0.9351)]
2026-08-05 15:05:22.000041: Epoch time: 27.55 s
2026-08-05 15:05:22.994321: 
2026-08-05 15:05:22.994684: Epoch 591
2026-08-05 15:05:22.994796: Current learning rate: 0.00447
2026-08-05 15:05:52.382680: train_loss -0.8781
2026-08-05 15:05:52.383162: val_loss -0.7464
2026-08-05 15:05:52.383296: Pseudo dice [np.float32(0.6985), np.float32(0.9295), np.float32(0.9295)]
2026-08-05 15:05:52.383414: Epoch time: 29.39 s
2026-08-05 15:05:53.228953: 
2026-08-05 15:05:53.229246: Epoch 592
2026-08-05 15:05:53.229386: Current learning rate: 0.00446
2026-08-05 15:06:21.820096: train_loss -0.879
2026-08-05 15:06:21.820345: val_loss -0.7415
2026-08-05 15:06:21.820467: Pseudo dice [np.float32(0.6941), np.float32(0.9226), np.float32(0.925)]
2026-08-05 15:06:21.820578: Epoch time: 28.59 s
2026-08-05 15:06:22.685588: 
2026-08-05 15:06:22.686039: Epoch 593
2026-08-05 15:06:22.686158: Current learning rate: 0.00445
2026-08-05 15:06:51.971027: train_loss -0.8719
2026-08-05 15:06:52.053086: val_loss -0.7503
2026-08-05 15:06:52.053281: Pseudo dice [np.float32(0.6991), np.float32(0.9229), np.float32(0.9221)]
2026-08-05 15:06:52.053412: Epoch time: 29.29 s
2026-08-05 15:06:53.398169: 
2026-08-05 15:06:53.398534: Epoch 594
2026-08-05 15:06:53.398652: Current learning rate: 0.00444
2026-08-05 15:07:23.239700: train_loss -0.8734
2026-08-05 15:07:23.240528: val_loss -0.7626
2026-08-05 15:07:23.240610: Pseudo dice [np.float32(0.7117), np.float32(0.9271), np.float32(0.9364)]
2026-08-05 15:07:23.240680: Epoch time: 29.84 s
2026-08-05 15:07:24.035023: 
2026-08-05 15:07:24.035337: Epoch 595
2026-08-05 15:07:24.035431: Current learning rate: 0.00443
2026-08-05 15:07:53.881133: train_loss -0.876
2026-08-05 15:07:53.883385: val_loss -0.7483
2026-08-05 15:07:53.883526: Pseudo dice [np.float32(0.6889), np.float32(0.9245), np.float32(0.9302)]
2026-08-05 15:07:53.883729: Epoch time: 29.85 s
2026-08-05 15:07:54.759565: 
2026-08-05 15:07:54.834807: Epoch 596
2026-08-05 15:07:54.835046: Current learning rate: 0.00442
2026-08-05 15:08:24.041216: train_loss -0.8744
2026-08-05 15:08:24.041999: val_loss -0.7329
2026-08-05 15:08:24.042130: Pseudo dice [np.float32(0.6873), np.float32(0.917), np.float32(0.9226)]
2026-08-05 15:08:24.042240: Epoch time: 29.28 s
2026-08-05 15:08:25.115035: 
2026-08-05 15:08:25.115375: Epoch 597
2026-08-05 15:08:25.115562: Current learning rate: 0.00441
2026-08-05 15:08:53.267362: train_loss -0.864
2026-08-05 15:08:53.268370: val_loss -0.7312
2026-08-05 15:08:53.268858: Pseudo dice [np.float32(0.688), np.float32(0.9187), np.float32(0.9205)]
2026-08-05 15:08:53.269003: Epoch time: 28.16 s
2026-08-05 15:08:54.126745: 
2026-08-05 15:08:54.127060: Epoch 598
2026-08-05 15:08:54.127191: Current learning rate: 0.0044
2026-08-05 15:09:23.191282: train_loss -0.8627
2026-08-05 15:09:23.191781: val_loss -0.7453
2026-08-05 15:09:23.191859: Pseudo dice [np.float32(0.6958), np.float32(0.9148), np.float32(0.9306)]
2026-08-05 15:09:23.194129: Epoch time: 29.07 s
2026-08-05 15:09:23.986798: 
2026-08-05 15:09:23.987090: Epoch 599
2026-08-05 15:09:23.987252: Current learning rate: 0.00439
2026-08-05 15:09:52.387259: train_loss -0.8635
2026-08-05 15:09:52.388065: val_loss -0.749
2026-08-05 15:09:52.388139: Pseudo dice [np.float32(0.6957), np.float32(0.9225), np.float32(0.9304)]
2026-08-05 15:09:52.388211: Epoch time: 28.4 s
2026-08-05 15:09:57.154409: 
2026-08-05 15:09:57.155902: Epoch 600
2026-08-05 15:09:57.156036: Current learning rate: 0.00438
2026-08-05 15:10:25.615652: train_loss -0.8593
2026-08-05 15:10:25.700465: val_loss -0.7438
2026-08-05 15:10:25.700669: Pseudo dice [np.float32(0.6972), np.float32(0.9228), np.float32(0.9228)]
2026-08-05 15:10:25.700904: Epoch time: 28.46 s
2026-08-05 15:10:26.938106: 
2026-08-05 15:10:26.938454: Epoch 601
2026-08-05 15:10:26.938556: Current learning rate: 0.00437
2026-08-05 15:10:55.949094: train_loss -0.851
2026-08-05 15:10:55.949542: val_loss -0.762
2026-08-05 15:10:55.949936: Pseudo dice [np.float32(0.7126), np.float32(0.9305), np.float32(0.9235)]
2026-08-05 15:10:55.950436: Epoch time: 29.01 s
2026-08-05 15:10:56.839287: 
2026-08-05 15:10:56.839631: Epoch 602
2026-08-05 15:10:56.839765: Current learning rate: 0.00436
2026-08-05 15:11:26.495163: train_loss -0.8656
2026-08-05 15:11:26.495753: val_loss -0.7429
2026-08-05 15:11:26.495881: Pseudo dice [np.float32(0.6896), np.float32(0.9224), np.float32(0.9237)]
2026-08-05 15:11:26.496017: Epoch time: 29.66 s
2026-08-05 15:11:27.392078: 
2026-08-05 15:11:27.392427: Epoch 603
2026-08-05 15:11:27.392532: Current learning rate: 0.00435
2026-08-05 15:11:56.299857: train_loss -0.8653
2026-08-05 15:11:56.300091: val_loss -0.74
2026-08-05 15:11:56.300259: Pseudo dice [np.float32(0.6878), np.float32(0.9218), np.float32(0.9291)]
2026-08-05 15:11:56.300335: Epoch time: 28.91 s
2026-08-05 15:11:57.261921: 
2026-08-05 15:11:57.262215: Epoch 604
2026-08-05 15:11:57.262340: Current learning rate: 0.00434
2026-08-05 15:12:24.611739: train_loss -0.8691
2026-08-05 15:12:24.611972: val_loss -0.7374
2026-08-05 15:12:24.612032: Pseudo dice [np.float32(0.6948), np.float32(0.92), np.float32(0.9273)]
2026-08-05 15:12:24.612100: Epoch time: 27.35 s
2026-08-05 15:12:25.577082: 
2026-08-05 15:12:25.577425: Epoch 605
2026-08-05 15:12:25.577545: Current learning rate: 0.00433
2026-08-05 15:12:53.757431: train_loss -0.8737
2026-08-05 15:12:53.757715: val_loss -0.7624
2026-08-05 15:12:53.757923: Pseudo dice [np.float32(0.7114), np.float32(0.9288), np.float32(0.9344)]
2026-08-05 15:12:53.758228: Epoch time: 28.18 s
2026-08-05 15:12:54.635783: 
2026-08-05 15:12:54.636071: Epoch 606
2026-08-05 15:12:54.636211: Current learning rate: 0.00432
2026-08-05 15:13:24.052876: train_loss -0.8539
2026-08-05 15:13:24.056607: val_loss -0.7313
2026-08-05 15:13:24.056744: Pseudo dice [np.float32(0.6773), np.float32(0.9138), np.float32(0.9123)]
2026-08-05 15:13:24.056857: Epoch time: 29.42 s
2026-08-05 15:13:24.902842: 
2026-08-05 15:13:24.903182: Epoch 607
2026-08-05 15:13:24.903284: Current learning rate: 0.00431
2026-08-05 15:13:53.777629: train_loss -0.8682
2026-08-05 15:13:53.795072: val_loss -0.7447
2026-08-05 15:13:53.795312: Pseudo dice [np.float32(0.6906), np.float32(0.9215), np.float32(0.9241)]
2026-08-05 15:13:53.795471: Epoch time: 28.88 s
2026-08-05 15:13:56.270108: 
2026-08-05 15:13:56.270499: Epoch 608
2026-08-05 15:13:56.270592: Current learning rate: 0.0043
2026-08-05 15:14:24.880248: train_loss -0.8691
2026-08-05 15:14:24.889734: val_loss -0.767
2026-08-05 15:14:24.889965: Pseudo dice [np.float32(0.7136), np.float32(0.9264), np.float32(0.9385)]
2026-08-05 15:14:24.890096: Epoch time: 28.61 s
2026-08-05 15:14:25.765154: 
2026-08-05 15:14:25.765424: Epoch 609
2026-08-05 15:14:25.765568: Current learning rate: 0.00429
2026-08-05 15:14:55.166678: train_loss -0.8741
2026-08-05 15:14:55.166963: val_loss -0.7479
2026-08-05 15:14:55.167084: Pseudo dice [np.float32(0.6932), np.float32(0.9309), np.float32(0.9235)]
2026-08-05 15:14:55.167198: Epoch time: 29.4 s
2026-08-05 15:14:56.020050: 
2026-08-05 15:14:56.020351: Epoch 610
2026-08-05 15:14:56.020483: Current learning rate: 0.00429
2026-08-05 15:15:25.001647: train_loss -0.8643
2026-08-05 15:15:25.001886: val_loss -0.7405
2026-08-05 15:15:25.001955: Pseudo dice [np.float32(0.6997), np.float32(0.9288), np.float32(0.9244)]
2026-08-05 15:15:25.002011: Epoch time: 28.98 s
2026-08-05 15:15:25.734461: 
2026-08-05 15:15:25.734750: Epoch 611
2026-08-05 15:15:25.734883: Current learning rate: 0.00428
2026-08-05 15:15:54.777669: train_loss -0.8732
2026-08-05 15:15:54.778038: val_loss -0.7228
2026-08-05 15:15:54.778177: Pseudo dice [np.float32(0.6853), np.float32(0.9003), np.float32(0.9085)]
2026-08-05 15:15:54.778299: Epoch time: 29.05 s
2026-08-05 15:15:55.615233: 
2026-08-05 15:15:55.615572: Epoch 612
2026-08-05 15:15:55.615694: Current learning rate: 0.00427
2026-08-05 15:16:25.083266: train_loss -0.8169
2026-08-05 15:16:25.083531: val_loss -0.7364
2026-08-05 15:16:25.083649: Pseudo dice [np.float32(0.6741), np.float32(0.9191), np.float32(0.9178)]
2026-08-05 15:16:25.083761: Epoch time: 29.47 s
2026-08-05 15:16:25.979878: 
2026-08-05 15:16:25.980174: Epoch 613
2026-08-05 15:16:25.980278: Current learning rate: 0.00426
2026-08-05 15:16:55.013115: train_loss -0.7945
2026-08-05 15:16:55.013418: val_loss -0.737
2026-08-05 15:16:55.013575: Pseudo dice [np.float32(0.674), np.float32(0.9189), np.float32(0.9191)]
2026-08-05 15:16:55.013716: Epoch time: 29.04 s
2026-08-05 15:16:55.918545: 
2026-08-05 15:16:55.918946: Epoch 614
2026-08-05 15:16:55.919046: Current learning rate: 0.00425
2026-08-05 15:17:24.050818: train_loss -0.8229
2026-08-05 15:17:24.051152: val_loss -0.739
2026-08-05 15:17:24.051333: Pseudo dice [np.float32(0.6861), np.float32(0.9144), np.float32(0.9205)]
2026-08-05 15:17:24.051489: Epoch time: 28.13 s
2026-08-05 15:17:24.940660: 
2026-08-05 15:17:24.940945: Epoch 615
2026-08-05 15:17:24.941053: Current learning rate: 0.00424
2026-08-05 15:17:53.128339: train_loss -0.8419
2026-08-05 15:17:53.128544: val_loss -0.7577
2026-08-05 15:17:53.128607: Pseudo dice [np.float32(0.7031), np.float32(0.9244), np.float32(0.9244)]
2026-08-05 15:17:53.128676: Epoch time: 28.19 s
2026-08-05 15:17:54.100979: 
2026-08-05 15:17:54.101330: Epoch 616
2026-08-05 15:17:54.101449: Current learning rate: 0.00423
2026-08-05 15:18:22.100702: train_loss -0.8366
2026-08-05 15:18:22.100945: val_loss -0.7484
2026-08-05 15:18:22.101016: Pseudo dice [np.float32(0.6926), np.float32(0.9177), np.float32(0.9293)]
2026-08-05 15:18:22.101074: Epoch time: 28.0 s
2026-08-05 15:18:22.843650: 
2026-08-05 15:18:22.844082: Epoch 617
2026-08-05 15:18:22.844169: Current learning rate: 0.00422
2026-08-05 15:18:51.128573: train_loss -0.8281
2026-08-05 15:18:51.128861: val_loss -0.7376
2026-08-05 15:18:51.129080: Pseudo dice [np.float32(0.6851), np.float32(0.9107), np.float32(0.92)]
2026-08-05 15:18:51.129219: Epoch time: 28.29 s
2026-08-05 15:18:51.911566: 
2026-08-05 15:18:51.911883: Epoch 618
2026-08-05 15:18:51.911986: Current learning rate: 0.00421
2026-08-05 15:19:20.092294: train_loss -0.8368
2026-08-05 15:19:20.093230: val_loss -0.7572
2026-08-05 15:19:20.093687: Pseudo dice [np.float32(0.6994), np.float32(0.9223), np.float32(0.929)]
2026-08-05 15:19:20.093813: Epoch time: 28.18 s
2026-08-05 15:19:21.001112: 
2026-08-05 15:19:21.001435: Epoch 619
2026-08-05 15:19:21.001561: Current learning rate: 0.0042
2026-08-05 15:19:50.378879: train_loss -0.8428
2026-08-05 15:19:50.379266: val_loss -0.7416
2026-08-05 15:19:50.379392: Pseudo dice [np.float32(0.6807), np.float32(0.9168), np.float32(0.9214)]
2026-08-05 15:19:50.379508: Epoch time: 29.38 s
2026-08-05 15:19:51.165785: 
2026-08-05 15:19:51.166080: Epoch 620
2026-08-05 15:19:51.166183: Current learning rate: 0.00419
2026-08-05 15:20:19.822454: train_loss -0.8528
2026-08-05 15:20:19.822773: val_loss -0.7353
2026-08-05 15:20:19.822932: Pseudo dice [np.float32(0.6852), np.float32(0.915), np.float32(0.9255)]
2026-08-05 15:20:19.823063: Epoch time: 28.66 s
2026-08-05 15:20:21.039189: 
2026-08-05 15:20:21.039568: Epoch 621
2026-08-05 15:20:21.039665: Current learning rate: 0.00418
2026-08-05 15:20:50.080821: train_loss -0.8495
2026-08-05 15:20:50.083355: val_loss -0.7521
2026-08-05 15:20:50.083653: Pseudo dice [np.float32(0.7073), np.float32(0.9291), np.float32(0.9246)]
2026-08-05 15:20:50.083786: Epoch time: 29.04 s
2026-08-05 15:20:51.517320: 
2026-08-05 15:20:51.517622: Epoch 622
2026-08-05 15:20:51.517809: Current learning rate: 0.00417
2026-08-05 15:21:20.627198: train_loss -0.8629
2026-08-05 15:21:20.725868: val_loss -0.7522
2026-08-05 15:21:20.726084: Pseudo dice [np.float32(0.7022), np.float32(0.9229), np.float32(0.9276)]
2026-08-05 15:21:20.726215: Epoch time: 29.11 s
2026-08-05 15:21:21.854431: 
2026-08-05 15:21:21.854806: Epoch 623
2026-08-05 15:21:21.854923: Current learning rate: 0.00416
2026-08-05 15:21:50.977547: train_loss -0.865
2026-08-05 15:21:51.115362: val_loss -0.7446
2026-08-05 15:21:51.115535: Pseudo dice [np.float32(0.697), np.float32(0.921), np.float32(0.9256)]
2026-08-05 15:21:51.115736: Epoch time: 29.13 s
2026-08-05 15:21:52.134639: 
2026-08-05 15:21:52.134920: Epoch 624
2026-08-05 15:21:52.135048: Current learning rate: 0.00415
2026-08-05 15:22:21.010039: train_loss -0.867
2026-08-05 15:22:21.010568: val_loss -0.7496
2026-08-05 15:22:21.010707: Pseudo dice [np.float32(0.6979), np.float32(0.9198), np.float32(0.9197)]
2026-08-05 15:22:21.010824: Epoch time: 28.88 s
2026-08-05 15:22:22.134248: 
2026-08-05 15:22:22.134491: Epoch 625
2026-08-05 15:22:22.134672: Current learning rate: 0.00414
2026-08-05 15:22:50.735619: train_loss -0.8704
2026-08-05 15:22:50.735885: val_loss -0.7607
2026-08-05 15:22:50.736081: Pseudo dice [np.float32(0.7032), np.float32(0.9237), np.float32(0.9316)]
2026-08-05 15:22:50.736230: Epoch time: 28.6 s
2026-08-05 15:22:51.773960: 
2026-08-05 15:22:51.774182: Epoch 626
2026-08-05 15:22:51.774318: Current learning rate: 0.00413
2026-08-05 15:23:20.766001: train_loss -0.8733
2026-08-05 15:23:20.766366: val_loss -0.756
2026-08-05 15:23:20.766494: Pseudo dice [np.float32(0.7082), np.float32(0.9209), np.float32(0.9301)]
2026-08-05 15:23:20.766604: Epoch time: 28.99 s
2026-08-05 15:23:21.774479: 
2026-08-05 15:23:21.774712: Epoch 627
2026-08-05 15:23:21.774997: Current learning rate: 0.00412
2026-08-05 15:23:50.251068: train_loss -0.8757
2026-08-05 15:23:50.251427: val_loss -0.734
2026-08-05 15:23:50.251491: Pseudo dice [np.float32(0.6913), np.float32(0.9187), np.float32(0.9261)]
2026-08-05 15:23:50.251545: Epoch time: 28.48 s
2026-08-05 15:23:51.027092: 
2026-08-05 15:23:51.027403: Epoch 628
2026-08-05 15:23:51.027571: Current learning rate: 0.00411
2026-08-05 15:24:19.365104: train_loss -0.877
2026-08-05 15:24:19.365369: val_loss -0.7383
2026-08-05 15:24:19.365435: Pseudo dice [np.float32(0.6884), np.float32(0.9242), np.float32(0.9232)]
2026-08-05 15:24:19.365510: Epoch time: 28.34 s
2026-08-05 15:24:22.025818: 
2026-08-05 15:24:22.026183: Epoch 629
2026-08-05 15:24:22.026303: Current learning rate: 0.0041
2026-08-05 15:24:49.392403: train_loss -0.8742
2026-08-05 15:24:49.397182: val_loss -0.7425
2026-08-05 15:24:49.397274: Pseudo dice [np.float32(0.7024), np.float32(0.9208), np.float32(0.9269)]
2026-08-05 15:24:49.397352: Epoch time: 27.37 s
2026-08-05 15:24:50.191404: 
2026-08-05 15:24:50.191736: Epoch 630
2026-08-05 15:24:50.191901: Current learning rate: 0.00409
2026-08-05 15:25:19.741055: train_loss -0.8765
2026-08-05 15:25:19.741385: val_loss -0.7479
2026-08-05 15:25:19.741594: Pseudo dice [np.float32(0.698), np.float32(0.9213), np.float32(0.9291)]
2026-08-05 15:25:19.741715: Epoch time: 29.55 s
2026-08-05 15:25:20.590394: 
2026-08-05 15:25:20.590720: Epoch 631
2026-08-05 15:25:20.590816: Current learning rate: 0.00408
2026-08-05 15:25:49.170977: train_loss -0.8766
2026-08-05 15:25:49.171304: val_loss -0.7387
2026-08-05 15:25:49.171423: Pseudo dice [np.float32(0.6937), np.float32(0.9198), np.float32(0.9206)]
2026-08-05 15:25:49.171544: Epoch time: 28.58 s
2026-08-05 15:25:50.155897: 
2026-08-05 15:25:50.156199: Epoch 632
2026-08-05 15:25:50.156310: Current learning rate: 0.00407
2026-08-05 15:26:18.319917: train_loss -0.8733
2026-08-05 15:26:18.320230: val_loss -0.7696
2026-08-05 15:26:18.322764: Pseudo dice [np.float32(0.7165), np.float32(0.9282), np.float32(0.9321)]
2026-08-05 15:26:18.322962: Epoch time: 28.17 s
2026-08-05 15:26:19.199117: 
2026-08-05 15:26:19.199394: Epoch 633
2026-08-05 15:26:19.199557: Current learning rate: 0.00406
2026-08-05 15:26:47.795552: train_loss -0.8735
2026-08-05 15:26:47.795856: val_loss -0.7335
2026-08-05 15:26:47.796015: Pseudo dice [np.float32(0.687), np.float32(0.9193), np.float32(0.9167)]
2026-08-05 15:26:47.796140: Epoch time: 28.6 s
2026-08-05 15:26:48.831448: 
2026-08-05 15:26:48.831791: Epoch 634
2026-08-05 15:26:48.831909: Current learning rate: 0.00405
2026-08-05 15:27:17.925289: train_loss -0.877
2026-08-05 15:27:17.925660: val_loss -0.7451
2026-08-05 15:27:17.925797: Pseudo dice [np.float32(0.6871), np.float32(0.9234), np.float32(0.9268)]
2026-08-05 15:27:17.926075: Epoch time: 29.1 s
2026-08-05 15:27:18.777566: 
2026-08-05 15:27:18.777792: Epoch 635
2026-08-05 15:27:18.777964: Current learning rate: 0.00404
2026-08-05 15:27:47.499380: train_loss -0.8787
2026-08-05 15:27:47.499610: val_loss -0.7581
2026-08-05 15:27:47.499666: Pseudo dice [np.float32(0.7079), np.float32(0.9312), np.float32(0.9347)]
2026-08-05 15:27:47.499730: Epoch time: 28.72 s
2026-08-05 15:27:49.351227: 
2026-08-05 15:27:49.351540: Epoch 636
2026-08-05 15:27:49.351649: Current learning rate: 0.00403
2026-08-05 15:28:17.836066: train_loss -0.8822
2026-08-05 15:28:17.836319: val_loss -0.7621
2026-08-05 15:28:17.836437: Pseudo dice [np.float32(0.7031), np.float32(0.9269), np.float32(0.9355)]
2026-08-05 15:28:17.836547: Epoch time: 28.49 s
2026-08-05 15:28:18.635583: 
2026-08-05 15:28:18.635902: Epoch 637
2026-08-05 15:28:18.636013: Current learning rate: 0.00402
2026-08-05 15:28:47.391481: train_loss -0.8791
2026-08-05 15:28:47.395327: val_loss -0.7427
2026-08-05 15:28:47.395677: Pseudo dice [np.float32(0.69), np.float32(0.9271), np.float32(0.9244)]
2026-08-05 15:28:47.395826: Epoch time: 28.76 s
2026-08-05 15:28:48.523014: 
2026-08-05 15:28:48.523214: Epoch 638
2026-08-05 15:28:48.523375: Current learning rate: 0.00401
2026-08-05 15:29:17.123567: train_loss -0.8806
2026-08-05 15:29:17.250047: val_loss -0.7367
2026-08-05 15:29:17.250398: Pseudo dice [np.float32(0.6901), np.float32(0.9219), np.float32(0.9216)]
2026-08-05 15:29:17.250579: Epoch time: 28.6 s
2026-08-05 15:29:18.542401: 
2026-08-05 15:29:18.542731: Epoch 639
2026-08-05 15:29:18.542843: Current learning rate: 0.004
2026-08-05 15:29:47.333863: train_loss -0.8711
2026-08-05 15:29:47.334135: val_loss -0.7456
2026-08-05 15:29:47.334323: Pseudo dice [np.float32(0.696), np.float32(0.9239), np.float32(0.9249)]
2026-08-05 15:29:47.334441: Epoch time: 28.79 s
2026-08-05 15:29:48.205786: 
2026-08-05 15:29:48.206135: Epoch 640
2026-08-05 15:29:48.206238: Current learning rate: 0.00399
2026-08-05 15:30:16.997386: train_loss -0.8782
2026-08-05 15:30:16.998372: val_loss -0.7478
2026-08-05 15:30:16.998525: Pseudo dice [np.float32(0.6997), np.float32(0.9261), np.float32(0.9228)]
2026-08-05 15:30:17.014748: Epoch time: 28.79 s
2026-08-05 15:30:18.048023: 
2026-08-05 15:30:18.048458: Epoch 641
2026-08-05 15:30:18.048559: Current learning rate: 0.00398
2026-08-05 15:30:47.401803: train_loss -0.8806
2026-08-05 15:30:47.402238: val_loss -0.7506
2026-08-05 15:30:47.402412: Pseudo dice [np.float32(0.7015), np.float32(0.9259), np.float32(0.9339)]
2026-08-05 15:30:47.402530: Epoch time: 29.36 s
2026-08-05 15:30:48.273422: 
2026-08-05 15:30:48.273825: Epoch 642
2026-08-05 15:30:48.273941: Current learning rate: 0.00397
2026-08-05 15:31:17.513987: train_loss -0.8771
2026-08-05 15:31:17.514374: val_loss -0.7553
2026-08-05 15:31:17.514774: Pseudo dice [np.float32(0.7066), np.float32(0.9252), np.float32(0.9327)]
2026-08-05 15:31:17.515266: Epoch time: 29.24 s
2026-08-05 15:31:18.943667: 
2026-08-05 15:31:18.944001: Epoch 643
2026-08-05 15:31:18.944131: Current learning rate: 0.00396
2026-08-05 15:31:50.007299: train_loss -0.8794
2026-08-05 15:31:50.007687: val_loss -0.7415
2026-08-05 15:31:50.007755: Pseudo dice [np.float32(0.6945), np.float32(0.923), np.float32(0.9256)]
2026-08-05 15:31:50.007818: Epoch time: 31.07 s
2026-08-05 15:31:50.805624: 
2026-08-05 15:31:50.806056: Epoch 644
2026-08-05 15:31:50.806159: Current learning rate: 0.00395
2026-08-05 15:32:19.569818: train_loss -0.8822
2026-08-05 15:32:19.642168: val_loss -0.7206
2026-08-05 15:32:19.642365: Pseudo dice [np.float32(0.6762), np.float32(0.9078), np.float32(0.9177)]
2026-08-05 15:32:19.642500: Epoch time: 28.77 s
2026-08-05 15:32:20.642367: 
2026-08-05 15:32:20.642730: Epoch 645
2026-08-05 15:32:20.642877: Current learning rate: 0.00394
2026-08-05 15:32:49.229249: train_loss -0.8837
2026-08-05 15:32:49.298033: val_loss -0.749
2026-08-05 15:32:49.298244: Pseudo dice [np.float32(0.6965), np.float32(0.9238), np.float32(0.9299)]
2026-08-05 15:32:49.298369: Epoch time: 28.59 s
2026-08-05 15:32:50.394377: 
2026-08-05 15:32:50.394728: Epoch 646
2026-08-05 15:32:50.394854: Current learning rate: 0.00393
2026-08-05 15:33:19.097821: train_loss -0.8741
2026-08-05 15:33:19.186833: val_loss -0.7441
2026-08-05 15:33:19.187077: Pseudo dice [np.float32(0.6923), np.float32(0.9257), np.float32(0.9269)]
2026-08-05 15:33:19.187220: Epoch time: 28.71 s
2026-08-05 15:33:20.318927: 
2026-08-05 15:33:20.319265: Epoch 647
2026-08-05 15:33:20.319398: Current learning rate: 0.00392
2026-08-05 15:33:49.500444: train_loss -0.8708
2026-08-05 15:33:49.517310: val_loss -0.7371
2026-08-05 15:33:49.517478: Pseudo dice [np.float32(0.6943), np.float32(0.9234), np.float32(0.9287)]
2026-08-05 15:33:49.517597: Epoch time: 29.18 s
2026-08-05 15:33:50.291394: 
2026-08-05 15:33:50.291764: Epoch 648
2026-08-05 15:33:50.291871: Current learning rate: 0.00391
2026-08-05 15:34:19.320578: train_loss -0.8755
2026-08-05 15:34:19.321096: val_loss -0.7649
2026-08-05 15:34:19.321262: Pseudo dice [np.float32(0.7039), np.float32(0.926), np.float32(0.934)]
2026-08-05 15:34:19.321417: Epoch time: 29.03 s
2026-08-05 15:34:20.748493: 
2026-08-05 15:34:20.748877: Epoch 649
2026-08-05 15:34:20.749017: Current learning rate: 0.0039
2026-08-05 15:34:50.554752: train_loss -0.8758
2026-08-05 15:34:51.069778: val_loss -0.7311
2026-08-05 15:34:51.070050: Pseudo dice [np.float32(0.6937), np.float32(0.9252), np.float32(0.9238)]
2026-08-05 15:34:51.070213: Epoch time: 29.81 s
2026-08-05 15:35:00.273722: 
2026-08-05 15:35:00.274025: Epoch 650
2026-08-05 15:35:00.274134: Current learning rate: 0.00389
2026-08-05 15:35:28.731972: train_loss -0.8758
2026-08-05 15:35:28.736873: val_loss -0.7408
2026-08-05 15:35:28.736955: Pseudo dice [np.float32(0.6877), np.float32(0.9171), np.float32(0.9243)]
2026-08-05 15:35:28.737027: Epoch time: 28.46 s
2026-08-05 15:35:29.501914: 
2026-08-05 15:35:29.502344: Epoch 651
2026-08-05 15:35:29.502448: Current learning rate: 0.00388
2026-08-05 15:35:58.365837: train_loss -0.881
2026-08-05 15:35:58.366032: val_loss -0.7409
2026-08-05 15:35:58.366083: Pseudo dice [np.float32(0.6969), np.float32(0.9221), np.float32(0.9246)]
2026-08-05 15:35:58.366136: Epoch time: 28.87 s
2026-08-05 15:35:59.130851: 
2026-08-05 15:35:59.131135: Epoch 652
2026-08-05 15:35:59.131280: Current learning rate: 0.00387
2026-08-05 15:36:29.038175: train_loss -0.8742
2026-08-05 15:36:29.038611: val_loss -0.7548
2026-08-05 15:36:29.038742: Pseudo dice [np.float32(0.7011), np.float32(0.9293), np.float32(0.9274)]
2026-08-05 15:36:29.038872: Epoch time: 29.91 s
2026-08-05 15:36:30.229069: 
2026-08-05 15:36:30.229487: Epoch 653
2026-08-05 15:36:30.229592: Current learning rate: 0.00386
2026-08-05 15:37:00.143370: train_loss -0.8764
2026-08-05 15:37:00.143836: val_loss -0.7281
2026-08-05 15:37:00.143988: Pseudo dice [np.float32(0.6794), np.float32(0.9136), np.float32(0.9168)]
2026-08-05 15:37:00.144114: Epoch time: 29.92 s
2026-08-05 15:37:01.462762: 
2026-08-05 15:37:01.463171: Epoch 654
2026-08-05 15:37:01.463279: Current learning rate: 0.00385
2026-08-05 15:37:30.427191: train_loss -0.8745
2026-08-05 15:37:30.427479: val_loss -0.7519
2026-08-05 15:37:30.427599: Pseudo dice [np.float32(0.6946), np.float32(0.9158), np.float32(0.9282)]
2026-08-05 15:37:30.427721: Epoch time: 28.97 s
2026-08-05 15:37:31.500736: 
2026-08-05 15:37:31.501248: Epoch 655
2026-08-05 15:37:31.501341: Current learning rate: 0.00384
2026-08-05 15:38:00.265901: train_loss -0.8795
2026-08-05 15:38:00.266083: val_loss -0.7442
2026-08-05 15:38:00.266139: Pseudo dice [np.float32(0.6964), np.float32(0.92), np.float32(0.9224)]
2026-08-05 15:38:00.266198: Epoch time: 28.77 s
2026-08-05 15:38:01.220654: 
2026-08-05 15:38:01.221006: Epoch 656
2026-08-05 15:38:01.221108: Current learning rate: 0.00383
2026-08-05 15:38:30.471586: train_loss -0.8836
2026-08-05 15:38:30.471853: val_loss -0.7498
2026-08-05 15:38:30.472055: Pseudo dice [np.float32(0.701), np.float32(0.9312), np.float32(0.9304)]
2026-08-05 15:38:30.472216: Epoch time: 29.25 s
2026-08-05 15:38:33.110481: 
2026-08-05 15:38:33.110852: Epoch 657
2026-08-05 15:38:33.110985: Current learning rate: 0.00382
2026-08-05 15:39:01.772609: train_loss -0.8806
2026-08-05 15:39:01.772773: val_loss -0.7475
2026-08-05 15:39:01.772827: Pseudo dice [np.float32(0.6997), np.float32(0.9225), np.float32(0.9289)]
2026-08-05 15:39:01.772904: Epoch time: 28.66 s
2026-08-05 15:39:02.539919: 
2026-08-05 15:39:02.540278: Epoch 658
2026-08-05 15:39:02.540403: Current learning rate: 0.00381
2026-08-05 15:39:31.384073: train_loss -0.8809
2026-08-05 15:39:31.384495: val_loss -0.7408
2026-08-05 15:39:31.384620: Pseudo dice [np.float32(0.6873), np.float32(0.924), np.float32(0.9256)]
2026-08-05 15:39:31.384733: Epoch time: 28.85 s
2026-08-05 15:39:32.267025: 
2026-08-05 15:39:32.267417: Epoch 659
2026-08-05 15:39:32.267532: Current learning rate: 0.0038
2026-08-05 15:40:00.765750: train_loss -0.8836
2026-08-05 15:40:00.766800: val_loss -0.7371
2026-08-05 15:40:00.766912: Pseudo dice [np.float32(0.6864), np.float32(0.9188), np.float32(0.9203)]
2026-08-05 15:40:00.767071: Epoch time: 28.5 s
2026-08-05 15:40:01.752080: 
2026-08-05 15:40:01.752526: Epoch 660
2026-08-05 15:40:01.752630: Current learning rate: 0.00379
2026-08-05 15:40:30.895489: train_loss -0.8838
2026-08-05 15:40:30.895957: val_loss -0.742
2026-08-05 15:40:30.896111: Pseudo dice [np.float32(0.6942), np.float32(0.9265), np.float32(0.9211)]
2026-08-05 15:40:30.896238: Epoch time: 29.15 s
2026-08-05 15:40:31.795928: 
2026-08-05 15:40:31.796089: Epoch 661
2026-08-05 15:40:31.796398: Current learning rate: 0.00378
2026-08-05 15:41:00.877499: train_loss -0.8764
2026-08-05 15:41:00.878191: val_loss -0.7449
2026-08-05 15:41:00.878355: Pseudo dice [np.float32(0.7039), np.float32(0.9173), np.float32(0.9317)]
2026-08-05 15:41:00.878670: Epoch time: 29.08 s
2026-08-05 15:41:02.147341: 
2026-08-05 15:41:02.147692: Epoch 662
2026-08-05 15:41:02.147795: Current learning rate: 0.00377
2026-08-05 15:41:31.190418: train_loss -0.8643
2026-08-05 15:41:31.190801: val_loss -0.7728
2026-08-05 15:41:31.190980: Pseudo dice [np.float32(0.7205), np.float32(0.9367), np.float32(0.9334)]
2026-08-05 15:41:31.191100: Epoch time: 29.05 s
2026-08-05 15:41:32.019578: 
2026-08-05 15:41:32.040554: Epoch 663
2026-08-05 15:41:32.040692: Current learning rate: 0.00376
2026-08-05 15:42:00.723507: train_loss -0.8745
2026-08-05 15:42:00.723973: val_loss -0.7423
2026-08-05 15:42:00.724108: Pseudo dice [np.float32(0.6907), np.float32(0.9306), np.float32(0.9209)]
2026-08-05 15:42:00.724230: Epoch time: 28.71 s
2026-08-05 15:42:03.202135: 
2026-08-05 15:42:03.202408: Epoch 664
2026-08-05 15:42:03.202535: Current learning rate: 0.00375
2026-08-05 15:42:31.995604: train_loss -0.8776
2026-08-05 15:42:31.995968: val_loss -0.7612
2026-08-05 15:42:31.996119: Pseudo dice [np.float32(0.7122), np.float32(0.9313), np.float32(0.9363)]
2026-08-05 15:42:31.996346: Epoch time: 28.8 s
2026-08-05 15:42:32.866444: 
2026-08-05 15:42:32.866698: Epoch 665
2026-08-05 15:42:32.866848: Current learning rate: 0.00374
2026-08-05 15:43:01.879733: train_loss -0.8798
2026-08-05 15:43:01.880224: val_loss -0.7382
2026-08-05 15:43:01.880355: Pseudo dice [np.float32(0.6836), np.float32(0.9234), np.float32(0.9259)]
2026-08-05 15:43:01.880481: Epoch time: 29.02 s
2026-08-05 15:43:02.744727: 
2026-08-05 15:43:02.745043: Epoch 666
2026-08-05 15:43:02.745257: Current learning rate: 0.00373
2026-08-05 15:43:31.743547: train_loss -0.8845
2026-08-05 15:43:31.744042: val_loss -0.7579
2026-08-05 15:43:31.744181: Pseudo dice [np.float32(0.7016), np.float32(0.9297), np.float32(0.9288)]
2026-08-05 15:43:31.744322: Epoch time: 29.0 s
2026-08-05 15:43:32.721427: 
2026-08-05 15:43:32.721802: Epoch 667
2026-08-05 15:43:32.721970: Current learning rate: 0.00372
2026-08-05 15:44:02.000137: train_loss -0.8802
2026-08-05 15:44:02.002718: val_loss -0.7217
2026-08-05 15:44:02.002975: Pseudo dice [np.float32(0.6808), np.float32(0.9185), np.float32(0.916)]
2026-08-05 15:44:02.003706: Epoch time: 29.28 s
2026-08-05 15:44:03.143178: 
2026-08-05 15:44:03.143495: Epoch 668
2026-08-05 15:44:03.143609: Current learning rate: 0.00371
2026-08-05 15:44:32.190324: train_loss -0.8722
2026-08-05 15:44:32.195005: val_loss -0.7299
2026-08-05 15:44:32.195148: Pseudo dice [np.float32(0.6853), np.float32(0.9186), np.float32(0.9258)]
2026-08-05 15:44:32.195268: Epoch time: 29.05 s
2026-08-05 15:44:33.409485: 
2026-08-05 15:44:33.409786: Epoch 669
2026-08-05 15:44:33.409983: Current learning rate: 0.0037
2026-08-05 15:45:02.226259: train_loss -0.8704
2026-08-05 15:45:02.226705: val_loss -0.7568
2026-08-05 15:45:02.226832: Pseudo dice [np.float32(0.6974), np.float32(0.9311), np.float32(0.9357)]
2026-08-05 15:45:02.226973: Epoch time: 28.82 s
2026-08-05 15:45:03.537693: 
2026-08-05 15:45:03.538049: Epoch 670
2026-08-05 15:45:03.538136: Current learning rate: 0.00369
2026-08-05 15:45:32.867147: train_loss -0.8731
2026-08-05 15:45:32.867492: val_loss -0.7429
2026-08-05 15:45:32.867622: Pseudo dice [np.float32(0.6916), np.float32(0.9253), np.float32(0.9314)]
2026-08-05 15:45:32.867799: Epoch time: 29.33 s
2026-08-05 15:45:34.942147: 
2026-08-05 15:45:34.942558: Epoch 671
2026-08-05 15:45:34.942664: Current learning rate: 0.00368
2026-08-05 15:46:04.304071: train_loss -0.8738
2026-08-05 15:46:04.306792: val_loss -0.7466
2026-08-05 15:46:04.307564: Pseudo dice [np.float32(0.6921), np.float32(0.9237), np.float32(0.9264)]
2026-08-05 15:46:04.307991: Epoch time: 29.36 s
2026-08-05 15:46:05.332029: 
2026-08-05 15:46:05.332394: Epoch 672
2026-08-05 15:46:05.332487: Current learning rate: 0.00367
2026-08-05 15:46:34.965068: train_loss -0.883
2026-08-05 15:46:34.966377: val_loss -0.7498
2026-08-05 15:46:34.966463: Pseudo dice [np.float32(0.6954), np.float32(0.9297), np.float32(0.9302)]
2026-08-05 15:46:34.966541: Epoch time: 29.64 s
2026-08-05 15:46:35.874175: 
2026-08-05 15:46:35.874590: Epoch 673
2026-08-05 15:46:35.874702: Current learning rate: 0.00366
2026-08-05 15:47:03.837259: train_loss -0.8855
2026-08-05 15:47:03.838303: val_loss -0.7467
2026-08-05 15:47:03.838369: Pseudo dice [np.float32(0.6959), np.float32(0.9201), np.float32(0.9332)]
2026-08-05 15:47:03.838433: Epoch time: 27.97 s
2026-08-05 15:47:04.846008: 
2026-08-05 15:47:04.846433: Epoch 674
2026-08-05 15:47:04.846568: Current learning rate: 0.00365
2026-08-05 15:47:32.498009: train_loss -0.8725
2026-08-05 15:47:32.498230: val_loss -0.7465
2026-08-05 15:47:32.498293: Pseudo dice [np.float32(0.7062), np.float32(0.9241), np.float32(0.9262)]
2026-08-05 15:47:32.498366: Epoch time: 27.66 s
2026-08-05 15:47:33.476937: 
2026-08-05 15:47:33.477252: Epoch 675
2026-08-05 15:47:33.477380: Current learning rate: 0.00364
2026-08-05 15:48:01.262476: train_loss -0.8807
2026-08-05 15:48:01.263872: val_loss -0.7637
2026-08-05 15:48:01.264032: Pseudo dice [np.float32(0.7035), np.float32(0.9279), np.float32(0.9378)]
2026-08-05 15:48:01.264187: Epoch time: 27.79 s
2026-08-05 15:48:02.344339: 
2026-08-05 15:48:02.344735: Epoch 676
2026-08-05 15:48:02.344884: Current learning rate: 0.00363
2026-08-05 15:48:31.111103: train_loss -0.8817
2026-08-05 15:48:31.111404: val_loss -0.7323
2026-08-05 15:48:31.111528: Pseudo dice [np.float32(0.6901), np.float32(0.9205), np.float32(0.9192)]
2026-08-05 15:48:31.111644: Epoch time: 28.77 s
2026-08-05 15:48:32.165060: 
2026-08-05 15:48:32.165560: Epoch 677
2026-08-05 15:48:32.165656: Current learning rate: 0.00362
2026-08-05 15:49:01.282594: train_loss -0.8829
2026-08-05 15:49:01.283227: val_loss -0.743
2026-08-05 15:49:01.283362: Pseudo dice [np.float32(0.6921), np.float32(0.9279), np.float32(0.9258)]
2026-08-05 15:49:01.283553: Epoch time: 29.12 s
2026-08-05 15:49:03.184631: 
2026-08-05 15:49:03.184924: Epoch 678
2026-08-05 15:49:03.185042: Current learning rate: 0.00361
2026-08-05 15:49:32.882387: train_loss -0.8744
2026-08-05 15:49:35.148749: val_loss -0.7514
2026-08-05 15:49:35.149255: Pseudo dice [np.float32(0.6901), np.float32(0.9164), np.float32(0.9334)]
2026-08-05 15:49:35.149665: Epoch time: 29.7 s
2026-08-05 15:49:36.190685: 
2026-08-05 15:49:36.191093: Epoch 679
2026-08-05 15:49:36.191190: Current learning rate: 0.0036
2026-08-05 15:50:05.095466: train_loss -0.8685
2026-08-05 15:50:05.095662: val_loss -0.7488
2026-08-05 15:50:05.095718: Pseudo dice [np.float32(0.696), np.float32(0.9291), np.float32(0.9279)]
2026-08-05 15:50:05.095780: Epoch time: 28.91 s
2026-08-05 15:50:06.101270: 
2026-08-05 15:50:06.101503: Epoch 680
2026-08-05 15:50:06.101711: Current learning rate: 0.00359
2026-08-05 15:50:34.772670: train_loss -0.8756
2026-08-05 15:50:34.773057: val_loss -0.7226
2026-08-05 15:50:34.773113: Pseudo dice [np.float32(0.6755), np.float32(0.914), np.float32(0.9175)]
2026-08-05 15:50:34.773169: Epoch time: 28.68 s
2026-08-05 15:50:35.520867: 
2026-08-05 15:50:35.521242: Epoch 681
2026-08-05 15:50:35.521334: Current learning rate: 0.00358
2026-08-05 15:51:04.735758: train_loss -0.8759
2026-08-05 15:51:04.787909: val_loss -0.7518
2026-08-05 15:51:04.788074: Pseudo dice [np.float32(0.6939), np.float32(0.9186), np.float32(0.9284)]
2026-08-05 15:51:04.788162: Epoch time: 29.22 s
2026-08-05 15:51:05.845155: 
2026-08-05 15:51:05.845515: Epoch 682
2026-08-05 15:51:05.845636: Current learning rate: 0.00357
2026-08-05 15:51:34.807741: train_loss -0.88
2026-08-05 15:51:35.145631: val_loss -0.7343
2026-08-05 15:51:35.145989: Pseudo dice [np.float32(0.6896), np.float32(0.9178), np.float32(0.9274)]
2026-08-05 15:51:35.146144: Epoch time: 28.97 s
2026-08-05 15:51:36.145459: 
2026-08-05 15:51:36.145767: Epoch 683
2026-08-05 15:51:36.145868: Current learning rate: 0.00356
2026-08-05 15:52:05.243602: train_loss -0.8824
2026-08-05 15:52:05.243774: val_loss -0.7519
2026-08-05 15:52:05.243952: Pseudo dice [np.float32(0.7024), np.float32(0.928), np.float32(0.9356)]
2026-08-05 15:52:05.244018: Epoch time: 29.1 s
2026-08-05 15:52:06.018128: 
2026-08-05 15:52:06.018363: Epoch 684
2026-08-05 15:52:06.018491: Current learning rate: 0.00355
2026-08-05 15:52:35.548476: train_loss -0.8846
2026-08-05 15:52:35.548745: val_loss -0.7717
2026-08-05 15:52:35.548862: Pseudo dice [np.float32(0.7154), np.float32(0.9377), np.float32(0.9406)]
2026-08-05 15:52:35.548990: Epoch time: 29.53 s
2026-08-05 15:52:37.084335: 
2026-08-05 15:52:37.084651: Epoch 685
2026-08-05 15:52:37.084767: Current learning rate: 0.00354
2026-08-05 15:53:07.114592: train_loss -0.8853
2026-08-05 15:53:07.124658: val_loss -0.7432
2026-08-05 15:53:07.124748: Pseudo dice [np.float32(0.6942), np.float32(0.9284), np.float32(0.9227)]
2026-08-05 15:53:07.124810: Epoch time: 30.03 s
2026-08-05 15:53:07.884421: 
2026-08-05 15:53:07.884726: Epoch 686
2026-08-05 15:53:07.884834: Current learning rate: 0.00353
2026-08-05 15:53:37.299301: train_loss -0.8879
2026-08-05 15:53:37.299600: val_loss -0.7343
2026-08-05 15:53:37.299883: Pseudo dice [np.float32(0.6973), np.float32(0.9209), np.float32(0.9304)]
2026-08-05 15:53:37.300027: Epoch time: 29.42 s
2026-08-05 15:53:38.159292: 
2026-08-05 15:53:38.159698: Epoch 687
2026-08-05 15:53:38.159808: Current learning rate: 0.00352
2026-08-05 15:54:07.355589: train_loss -0.8868
2026-08-05 15:54:07.358092: val_loss -0.741
2026-08-05 15:54:07.358335: Pseudo dice [np.float32(0.6987), np.float32(0.9211), np.float32(0.9308)]
2026-08-05 15:54:07.359181: Epoch time: 29.2 s
2026-08-05 15:54:08.189123: 
2026-08-05 15:54:08.189454: Epoch 688
2026-08-05 15:54:08.189597: Current learning rate: 0.00351
2026-08-05 15:54:37.566159: train_loss -0.8858
2026-08-05 15:54:37.566414: val_loss -0.7468
2026-08-05 15:54:37.566539: Pseudo dice [np.float32(0.6989), np.float32(0.9218), np.float32(0.9278)]
2026-08-05 15:54:37.566657: Epoch time: 29.38 s
2026-08-05 15:54:38.464159: 
2026-08-05 15:54:38.464571: Epoch 689
2026-08-05 15:54:38.464822: Current learning rate: 0.0035
2026-08-05 15:55:07.897778: train_loss -0.883
2026-08-05 15:55:07.898010: val_loss -0.732
2026-08-05 15:55:07.898068: Pseudo dice [np.float32(0.6969), np.float32(0.9238), np.float32(0.9222)]
2026-08-05 15:55:07.898153: Epoch time: 29.44 s
2026-08-05 15:55:08.675529: 
2026-08-05 15:55:08.675779: Epoch 690
2026-08-05 15:55:08.676061: Current learning rate: 0.00349
2026-08-05 15:55:37.265588: train_loss -0.8857
2026-08-05 15:55:37.266141: val_loss -0.7347
2026-08-05 15:55:37.266402: Pseudo dice [np.float32(0.6846), np.float32(0.9185), np.float32(0.9289)]
2026-08-05 15:55:37.266558: Epoch time: 28.59 s
2026-08-05 15:55:38.214860: 
2026-08-05 15:55:38.215292: Epoch 691
2026-08-05 15:55:38.215403: Current learning rate: 0.00348
2026-08-05 15:56:08.005748: train_loss -0.8867
2026-08-05 15:56:08.154052: val_loss -0.7518
2026-08-05 15:56:08.154197: Pseudo dice [np.float32(0.6983), np.float32(0.929), np.float32(0.9225)]
2026-08-05 15:56:08.154297: Epoch time: 29.79 s
2026-08-05 15:56:09.565163: 
2026-08-05 15:56:09.565560: Epoch 692
2026-08-05 15:56:09.565683: Current learning rate: 0.00346
2026-08-05 15:56:39.511991: train_loss -0.884
2026-08-05 15:56:39.512243: val_loss -0.7541
2026-08-05 15:56:39.512296: Pseudo dice [np.float32(0.7044), np.float32(0.9297), np.float32(0.9268)]
2026-08-05 15:56:39.512354: Epoch time: 29.95 s
2026-08-05 15:56:40.293717: 
2026-08-05 15:56:40.294080: Epoch 693
2026-08-05 15:56:40.294188: Current learning rate: 0.00345
2026-08-05 15:57:09.589520: train_loss -0.8881
2026-08-05 15:57:09.589809: val_loss -0.7449
2026-08-05 15:57:09.589878: Pseudo dice [np.float32(0.7017), np.float32(0.9277), np.float32(0.9338)]
2026-08-05 15:57:09.589976: Epoch time: 29.3 s
2026-08-05 15:57:10.584907: 
2026-08-05 15:57:10.585269: Epoch 694
2026-08-05 15:57:10.585401: Current learning rate: 0.00344
2026-08-05 15:57:39.573009: train_loss -0.8869
2026-08-05 15:57:39.573776: val_loss -0.7319
2026-08-05 15:57:39.574077: Pseudo dice [np.float32(0.6841), np.float32(0.9191), np.float32(0.9242)]
2026-08-05 15:57:39.574305: Epoch time: 28.99 s
2026-08-05 15:57:40.624975: 
2026-08-05 15:57:40.625338: Epoch 695
2026-08-05 15:57:40.625439: Current learning rate: 0.00343
2026-08-05 15:58:09.910538: train_loss -0.8901
2026-08-05 15:58:09.912388: val_loss -0.7389
2026-08-05 15:58:09.913356: Pseudo dice [np.float32(0.6975), np.float32(0.9281), np.float32(0.9271)]
2026-08-05 15:58:09.913750: Epoch time: 29.29 s
2026-08-05 15:58:10.920209: 
2026-08-05 15:58:10.920514: Epoch 696
2026-08-05 15:58:10.920608: Current learning rate: 0.00342
2026-08-05 15:58:40.114637: train_loss -0.8878
2026-08-05 15:58:40.115101: val_loss -0.771
2026-08-05 15:58:40.115313: Pseudo dice [np.float32(0.7161), np.float32(0.9325), np.float32(0.9393)]
2026-08-05 15:58:40.115461: Epoch time: 29.2 s
2026-08-05 15:58:41.000028: 
2026-08-05 15:58:41.000346: Epoch 697
2026-08-05 15:58:41.000466: Current learning rate: 0.00341
2026-08-05 15:59:10.182940: train_loss -0.8874
2026-08-05 15:59:10.185652: val_loss -0.756
2026-08-05 15:59:10.185868: Pseudo dice [np.float32(0.7013), np.float32(0.9315), np.float32(0.9319)]
2026-08-05 15:59:10.186043: Epoch time: 29.19 s
2026-08-05 15:59:10.186734: Yayy! New best EMA pseudo Dice: 0.8511999845504761
2026-08-05 15:59:18.003418: 
2026-08-05 15:59:18.003760: Epoch 698
2026-08-05 15:59:18.003872: Current learning rate: 0.0034
2026-08-05 15:59:48.043576: train_loss -0.8897
2026-08-05 15:59:48.271481: val_loss -0.7367
2026-08-05 15:59:48.271955: Pseudo dice [np.float32(0.701), np.float32(0.9214), np.float32(0.9246)]
2026-08-05 15:59:48.272195: Epoch time: 30.04 s
2026-08-05 15:59:49.654785: 
2026-08-05 15:59:49.655156: Epoch 699
2026-08-05 15:59:49.655379: Current learning rate: 0.00339
2026-08-05 16:00:19.846796: train_loss -0.8912
2026-08-05 16:00:19.847143: val_loss -0.7403
2026-08-05 16:00:19.847263: Pseudo dice [np.float32(0.6966), np.float32(0.9252), np.float32(0.9282)]
2026-08-05 16:00:19.847438: Epoch time: 30.19 s
2026-08-05 16:00:28.929117: 
2026-08-05 16:00:28.929696: Epoch 700
2026-08-05 16:00:28.930046: Current learning rate: 0.00338
2026-08-05 16:00:58.194176: train_loss -0.8876
2026-08-05 16:00:58.346664: val_loss -0.7452
2026-08-05 16:00:58.346784: Pseudo dice [np.float32(0.6969), np.float32(0.9227), np.float32(0.9281)]
2026-08-05 16:00:58.346854: Epoch time: 29.27 s
2026-08-05 16:00:59.360175: 
2026-08-05 16:00:59.360575: Epoch 701
2026-08-05 16:00:59.360838: Current learning rate: 0.00337
2026-08-05 16:01:29.010433: train_loss -0.8905
2026-08-05 16:01:29.010693: val_loss -0.7565
2026-08-05 16:01:29.010826: Pseudo dice [np.float32(0.6982), np.float32(0.9292), np.float32(0.9323)]
2026-08-05 16:01:29.010936: Epoch time: 29.65 s
2026-08-05 16:01:29.828118: 
2026-08-05 16:01:29.828553: Epoch 702
2026-08-05 16:01:29.828677: Current learning rate: 0.00336
2026-08-05 16:01:59.817065: train_loss -0.8904
2026-08-05 16:01:59.817760: val_loss -0.7623
2026-08-05 16:01:59.818162: Pseudo dice [np.float32(0.7142), np.float32(0.9317), np.float32(0.9315)]
2026-08-05 16:01:59.818305: Epoch time: 29.99 s
2026-08-05 16:01:59.818405: Yayy! New best EMA pseudo Dice: 0.8518000245094299
2026-08-05 16:02:05.709931: 
2026-08-05 16:02:05.710251: Epoch 703
2026-08-05 16:02:05.710404: Current learning rate: 0.00335
2026-08-05 16:02:34.475695: train_loss -0.8928
2026-08-05 16:02:34.476219: val_loss -0.7263
2026-08-05 16:02:34.476447: Pseudo dice [np.float32(0.6947), np.float32(0.9259), np.float32(0.9233)]
2026-08-05 16:02:34.476633: Epoch time: 28.77 s
2026-08-05 16:02:35.401660: 
2026-08-05 16:02:35.401979: Epoch 704
2026-08-05 16:02:35.402173: Current learning rate: 0.00334
2026-08-05 16:03:04.924741: train_loss -0.8926
2026-08-05 16:03:04.925378: val_loss -0.7497
2026-08-05 16:03:04.925662: Pseudo dice [np.float32(0.7034), np.float32(0.9284), np.float32(0.9307)]
2026-08-05 16:03:04.926028: Epoch time: 29.53 s
2026-08-05 16:03:06.522539: 
2026-08-05 16:03:06.522861: Epoch 705
2026-08-05 16:03:06.522957: Current learning rate: 0.00333
2026-08-05 16:03:36.262037: train_loss -0.891
2026-08-05 16:03:36.264885: val_loss -0.7473
2026-08-05 16:03:36.265586: Pseudo dice [np.float32(0.7093), np.float32(0.9252), np.float32(0.9267)]
2026-08-05 16:03:36.265960: Epoch time: 29.74 s
2026-08-05 16:03:36.266474: Yayy! New best EMA pseudo Dice: 0.8518999814987183
2026-08-05 16:03:42.420734: 
2026-08-05 16:03:42.421000: Epoch 706
2026-08-05 16:03:42.421108: Current learning rate: 0.00332
2026-08-05 16:04:11.419818: train_loss -0.8909
2026-08-05 16:04:11.420525: val_loss -0.7463
2026-08-05 16:04:11.420908: Pseudo dice [np.float32(0.707), np.float32(0.9284), np.float32(0.9269)]
2026-08-05 16:04:11.421162: Epoch time: 29.0 s
2026-08-05 16:04:11.421569: Yayy! New best EMA pseudo Dice: 0.8521000146865845
2026-08-05 16:04:17.962120: 
2026-08-05 16:04:17.962431: Epoch 707
2026-08-05 16:04:17.962548: Current learning rate: 0.00331
2026-08-05 16:04:46.903525: train_loss -0.8938
2026-08-05 16:04:46.903878: val_loss -0.7395
2026-08-05 16:04:46.904009: Pseudo dice [np.float32(0.6916), np.float32(0.9253), np.float32(0.9294)]
2026-08-05 16:04:46.904081: Epoch time: 28.94 s
2026-08-05 16:04:47.736238: 
2026-08-05 16:04:47.736452: Epoch 708
2026-08-05 16:04:47.736683: Current learning rate: 0.0033
2026-08-05 16:05:17.645524: train_loss -0.8927
2026-08-05 16:05:17.646046: val_loss -0.7375
2026-08-05 16:05:17.646216: Pseudo dice [np.float32(0.7108), np.float32(0.9263), np.float32(0.9206)]
2026-08-05 16:05:17.646367: Epoch time: 29.91 s
2026-08-05 16:05:18.684993: 
2026-08-05 16:05:18.685367: Epoch 709
2026-08-05 16:05:18.685476: Current learning rate: 0.00329
2026-08-05 16:05:47.665449: train_loss -0.8898
2026-08-05 16:05:47.763513: val_loss -0.7449
2026-08-05 16:05:47.763642: Pseudo dice [np.float32(0.7019), np.float32(0.9285), np.float32(0.9246)]
2026-08-05 16:05:47.763706: Epoch time: 28.98 s
2026-08-05 16:05:48.784940: 
2026-08-05 16:05:48.785361: Epoch 710
2026-08-05 16:05:48.785508: Current learning rate: 0.00328
2026-08-05 16:06:16.396753: train_loss -0.8933
2026-08-05 16:06:16.397142: val_loss -0.7321
2026-08-05 16:06:16.397213: Pseudo dice [np.float32(0.6926), np.float32(0.9229), np.float32(0.9216)]
2026-08-05 16:06:16.397289: Epoch time: 27.61 s
2026-08-05 16:06:17.999579: 
2026-08-05 16:06:17.999915: Epoch 711
2026-08-05 16:06:18.000100: Current learning rate: 0.00327
2026-08-05 16:06:47.807433: train_loss -0.8937
2026-08-05 16:06:47.807984: val_loss -0.7328
2026-08-05 16:06:47.808111: Pseudo dice [np.float32(0.6934), np.float32(0.9203), np.float32(0.9226)]
2026-08-05 16:06:47.808244: Epoch time: 29.81 s
2026-08-05 16:06:48.759037: 
2026-08-05 16:06:48.759372: Epoch 712
2026-08-05 16:06:48.759507: Current learning rate: 0.00326
2026-08-05 16:07:17.683264: train_loss -0.8905
2026-08-05 16:07:17.932270: val_loss -0.7312
2026-08-05 16:07:17.932417: Pseudo dice [np.float32(0.6945), np.float32(0.9273), np.float32(0.9284)]
2026-08-05 16:07:17.932500: Epoch time: 28.93 s
2026-08-05 16:07:18.926957: 
2026-08-05 16:07:18.927397: Epoch 713
2026-08-05 16:07:18.927520: Current learning rate: 0.00325
2026-08-05 16:07:48.635855: train_loss -0.8915
2026-08-05 16:07:48.640431: val_loss -0.7494
2026-08-05 16:07:48.640733: Pseudo dice [np.float32(0.7083), np.float32(0.9252), np.float32(0.9323)]
2026-08-05 16:07:48.641443: Epoch time: 29.71 s
2026-08-05 16:07:49.569450: 
2026-08-05 16:07:49.569693: Epoch 714
2026-08-05 16:07:49.569795: Current learning rate: 0.00324
2026-08-05 16:08:19.185273: train_loss -0.8838
2026-08-05 16:08:19.194579: val_loss -0.7596
2026-08-05 16:08:19.194735: Pseudo dice [np.float32(0.7093), np.float32(0.9332), np.float32(0.9308)]
2026-08-05 16:08:19.194866: Epoch time: 29.62 s
2026-08-05 16:08:20.129056: 
2026-08-05 16:08:20.129368: Epoch 715
2026-08-05 16:08:20.129472: Current learning rate: 0.00323
2026-08-05 16:08:59.487846: train_loss -0.8879
2026-08-05 16:08:59.788806: val_loss -0.7515
2026-08-05 16:08:59.789056: Pseudo dice [np.float32(0.7095), np.float32(0.9248), np.float32(0.9308)]
2026-08-05 16:08:59.789190: Epoch time: 39.36 s
2026-08-05 16:09:00.776664: 
2026-08-05 16:09:00.777013: Epoch 716
2026-08-05 16:09:00.777150: Current learning rate: 0.00322
2026-08-05 16:09:30.568453: train_loss -0.8937
2026-08-05 16:09:30.568942: val_loss -0.7475
2026-08-05 16:09:30.569172: Pseudo dice [np.float32(0.6977), np.float32(0.9257), np.float32(0.9255)]
2026-08-05 16:09:30.569453: Epoch time: 29.79 s
2026-08-05 16:09:31.670846: 
2026-08-05 16:09:31.671169: Epoch 717
2026-08-05 16:09:31.671279: Current learning rate: 0.00321
2026-08-05 16:10:01.627257: train_loss -0.8915
2026-08-05 16:10:01.627813: val_loss -0.7615
2026-08-05 16:10:01.627963: Pseudo dice [np.float32(0.7045), np.float32(0.9287), np.float32(0.9329)]
2026-08-05 16:10:01.628094: Epoch time: 29.96 s
2026-08-05 16:10:01.628182: Yayy! New best EMA pseudo Dice: 0.8521999716758728
2026-08-05 16:10:09.016847: 
2026-08-05 16:10:09.017279: Epoch 718
2026-08-05 16:10:09.017401: Current learning rate: 0.0032
2026-08-05 16:10:38.131151: train_loss -0.8911
2026-08-05 16:10:38.186239: val_loss -0.731
2026-08-05 16:10:38.186429: Pseudo dice [np.float32(0.6947), np.float32(0.9164), np.float32(0.9243)]
2026-08-05 16:10:38.186559: Epoch time: 29.12 s
2026-08-05 16:10:39.077163: 
2026-08-05 16:10:39.077573: Epoch 719
2026-08-05 16:10:39.077673: Current learning rate: 0.00319
2026-08-05 16:11:08.757294: train_loss -0.8912
2026-08-05 16:11:08.778115: val_loss -0.7579
2026-08-05 16:11:08.778503: Pseudo dice [np.float32(0.7071), np.float32(0.9264), np.float32(0.9354)]
2026-08-05 16:11:08.778661: Epoch time: 29.68 s
2026-08-05 16:11:09.604974: 
2026-08-05 16:11:09.605304: Epoch 720
2026-08-05 16:11:09.605454: Current learning rate: 0.00318
2026-08-05 16:11:39.380019: train_loss -0.8932
2026-08-05 16:11:39.380345: val_loss -0.748
2026-08-05 16:11:39.380471: Pseudo dice [np.float32(0.7001), np.float32(0.9204), np.float32(0.9288)]
2026-08-05 16:11:39.380584: Epoch time: 29.78 s
2026-08-05 16:11:40.264162: 
2026-08-05 16:11:40.264583: Epoch 721
2026-08-05 16:11:40.264694: Current learning rate: 0.00317
2026-08-05 16:12:09.263951: train_loss -0.8928
2026-08-05 16:12:09.264216: val_loss -0.7423
2026-08-05 16:12:09.264451: Pseudo dice [np.float32(0.6955), np.float32(0.9274), np.float32(0.9327)]
2026-08-05 16:12:09.264544: Epoch time: 29.0 s
2026-08-05 16:12:10.055995: 
2026-08-05 16:12:10.056296: Epoch 722
2026-08-05 16:12:10.056541: Current learning rate: 0.00316
2026-08-05 16:12:39.611069: train_loss -0.8948
2026-08-05 16:12:39.611965: val_loss -0.7406
2026-08-05 16:12:39.612106: Pseudo dice [np.float32(0.6978), np.float32(0.9288), np.float32(0.9294)]
2026-08-05 16:12:39.612239: Epoch time: 29.56 s
2026-08-05 16:12:40.519058: 
2026-08-05 16:12:40.519402: Epoch 723
2026-08-05 16:12:40.519503: Current learning rate: 0.00315
2026-08-05 16:13:10.278217: train_loss -0.8959
2026-08-05 16:13:10.453089: val_loss -0.7614
2026-08-05 16:13:10.453369: Pseudo dice [np.float32(0.7097), np.float32(0.9338), np.float32(0.9304)]
2026-08-05 16:13:10.453612: Epoch time: 29.76 s
2026-08-05 16:13:10.453710: Yayy! New best EMA pseudo Dice: 0.852400004863739
2026-08-05 16:13:16.420835: 
2026-08-05 16:13:16.421215: Epoch 724
2026-08-05 16:13:16.421329: Current learning rate: 0.00314
2026-08-05 16:13:47.381676: train_loss -0.8961
2026-08-05 16:13:47.384869: val_loss -0.7266
2026-08-05 16:13:47.385029: Pseudo dice [np.float32(0.6888), np.float32(0.921), np.float32(0.9214)]
2026-08-05 16:13:47.385146: Epoch time: 30.96 s
2026-08-05 16:13:48.437111: 
2026-08-05 16:13:48.437826: Epoch 725
2026-08-05 16:13:48.438071: Current learning rate: 0.00313
2026-08-05 16:14:18.335487: train_loss -0.8946
2026-08-05 16:14:18.336334: val_loss -0.7208
2026-08-05 16:14:18.336496: Pseudo dice [np.float32(0.6895), np.float32(0.9226), np.float32(0.9237)]
2026-08-05 16:14:18.336645: Epoch time: 29.9 s
2026-08-05 16:14:19.333281: 
2026-08-05 16:14:19.333652: Epoch 726
2026-08-05 16:14:19.333760: Current learning rate: 0.00312
2026-08-05 16:14:49.281860: train_loss -0.8935
2026-08-05 16:14:49.282304: val_loss -0.7372
2026-08-05 16:14:49.282571: Pseudo dice [np.float32(0.6918), np.float32(0.923), np.float32(0.9301)]
2026-08-05 16:14:49.282711: Epoch time: 29.95 s
2026-08-05 16:14:50.355954: 
2026-08-05 16:14:50.356236: Epoch 727
2026-08-05 16:14:50.356348: Current learning rate: 0.00311
2026-08-05 16:15:20.080745: train_loss -0.8937
2026-08-05 16:15:20.081006: val_loss -0.739
2026-08-05 16:15:20.081104: Pseudo dice [np.float32(0.6966), np.float32(0.9232), np.float32(0.9242)]
2026-08-05 16:15:20.081165: Epoch time: 29.73 s
2026-08-05 16:15:20.886882: 
2026-08-05 16:15:20.887176: Epoch 728
2026-08-05 16:15:20.887278: Current learning rate: 0.0031
2026-08-05 16:15:50.970458: train_loss -0.8919
2026-08-05 16:15:50.970963: val_loss -0.7563
2026-08-05 16:15:50.971191: Pseudo dice [np.float32(0.7064), np.float32(0.9338), np.float32(0.9339)]
2026-08-05 16:15:50.981212: Epoch time: 30.09 s
2026-08-05 16:15:52.004220: 
2026-08-05 16:15:52.004604: Epoch 729
2026-08-05 16:15:52.004877: Current learning rate: 0.00309
2026-08-05 16:16:22.013821: train_loss -0.8942
2026-08-05 16:16:22.014117: val_loss -0.7527
2026-08-05 16:16:22.014188: Pseudo dice [np.float32(0.709), np.float32(0.9333), np.float32(0.9324)]
2026-08-05 16:16:22.014257: Epoch time: 30.01 s
2026-08-05 16:16:23.123677: 
2026-08-05 16:16:23.123913: Epoch 730
2026-08-05 16:16:23.124032: Current learning rate: 0.00308
2026-08-05 16:16:51.590514: train_loss -0.8959
2026-08-05 16:16:51.591098: val_loss -0.7338
2026-08-05 16:16:51.591417: Pseudo dice [np.float32(0.6846), np.float32(0.9219), np.float32(0.9236)]
2026-08-05 16:16:51.591735: Epoch time: 28.47 s
2026-08-05 16:16:54.541961: 
2026-08-05 16:16:54.542339: Epoch 731
2026-08-05 16:16:54.542495: Current learning rate: 0.00307
2026-08-05 16:17:23.540001: train_loss -0.8949
2026-08-05 16:17:23.540617: val_loss -0.7317
2026-08-05 16:17:23.541133: Pseudo dice [np.float32(0.6933), np.float32(0.9311), np.float32(0.9164)]
2026-08-05 16:17:23.541335: Epoch time: 29.0 s
2026-08-05 16:17:24.765229: 
2026-08-05 16:17:24.765600: Epoch 732
2026-08-05 16:17:24.765728: Current learning rate: 0.00306
2026-08-05 16:17:54.744337: train_loss -0.897
2026-08-05 16:17:54.744583: val_loss -0.724
2026-08-05 16:17:54.744637: Pseudo dice [np.float32(0.684), np.float32(0.9216), np.float32(0.9249)]
2026-08-05 16:17:54.744691: Epoch time: 29.98 s
2026-08-05 16:17:55.568299: 
2026-08-05 16:17:55.568775: Epoch 733
2026-08-05 16:17:55.568884: Current learning rate: 0.00305
2026-08-05 16:18:23.874227: train_loss -0.8996
2026-08-05 16:18:23.874505: val_loss -0.7439
2026-08-05 16:18:23.874572: Pseudo dice [np.float32(0.7041), np.float32(0.9264), np.float32(0.9334)]
2026-08-05 16:18:23.874642: Epoch time: 28.31 s
2026-08-05 16:18:24.928383: 
2026-08-05 16:18:24.928740: Epoch 734
2026-08-05 16:18:24.928910: Current learning rate: 0.00304
2026-08-05 16:18:53.859807: train_loss -0.8995
2026-08-05 16:18:53.860059: val_loss -0.7185
2026-08-05 16:18:53.860119: Pseudo dice [np.float32(0.6974), np.float32(0.9263), np.float32(0.9276)]
2026-08-05 16:18:53.860179: Epoch time: 28.94 s
2026-08-05 16:18:54.979918: 
2026-08-05 16:18:54.980286: Epoch 735
2026-08-05 16:18:54.980395: Current learning rate: 0.00303
2026-08-05 16:19:27.718028: train_loss -0.897
2026-08-05 16:19:27.718523: val_loss -0.7408
2026-08-05 16:19:27.718842: Pseudo dice [np.float32(0.6916), np.float32(0.9245), np.float32(0.9263)]
2026-08-05 16:19:27.719126: Epoch time: 32.74 s
2026-08-05 16:19:29.169520: 
2026-08-05 16:19:29.169958: Epoch 736
2026-08-05 16:19:29.170108: Current learning rate: 0.00302
2026-08-05 16:19:59.641560: train_loss -0.8949
2026-08-05 16:19:59.641962: val_loss -0.7335
2026-08-05 16:19:59.642026: Pseudo dice [np.float32(0.6918), np.float32(0.93), np.float32(0.9267)]
2026-08-05 16:19:59.642098: Epoch time: 30.47 s
2026-08-05 16:20:00.713829: 
2026-08-05 16:20:00.714210: Epoch 737
2026-08-05 16:20:00.714334: Current learning rate: 0.00301
2026-08-05 16:20:30.498671: train_loss -0.8936
2026-08-05 16:20:30.499175: val_loss -0.741
2026-08-05 16:20:30.499334: Pseudo dice [np.float32(0.7017), np.float32(0.9263), np.float32(0.9284)]
2026-08-05 16:20:30.499406: Epoch time: 29.79 s
2026-08-05 16:20:32.842942: 
2026-08-05 16:20:32.843342: Epoch 738
2026-08-05 16:20:32.843542: Current learning rate: 0.003
2026-08-05 16:21:02.332830: train_loss -0.8853
2026-08-05 16:21:02.333315: val_loss -0.7641
2026-08-05 16:21:02.333446: Pseudo dice [np.float32(0.7017), np.float32(0.9322), np.float32(0.9339)]
2026-08-05 16:21:02.333568: Epoch time: 29.49 s
2026-08-05 16:21:03.264711: 
2026-08-05 16:21:03.265051: Epoch 739
2026-08-05 16:21:03.265166: Current learning rate: 0.00299
2026-08-05 16:21:32.251320: train_loss -0.889
2026-08-05 16:21:32.251629: val_loss -0.751
2026-08-05 16:21:32.251690: Pseudo dice [np.float32(0.7056), np.float32(0.9324), np.float32(0.931)]
2026-08-05 16:21:32.251763: Epoch time: 28.99 s
2026-08-05 16:21:33.372594: 
2026-08-05 16:21:33.372918: Epoch 740
2026-08-05 16:21:33.373083: Current learning rate: 0.00297
2026-08-05 16:22:01.329059: train_loss -0.8943
2026-08-05 16:22:01.329493: val_loss -0.7444
2026-08-05 16:22:01.329621: Pseudo dice [np.float32(0.701), np.float32(0.9279), np.float32(0.9306)]
2026-08-05 16:22:01.329786: Epoch time: 27.96 s
2026-08-05 16:22:02.162996: 
2026-08-05 16:22:02.163396: Epoch 741
2026-08-05 16:22:02.163502: Current learning rate: 0.00296
2026-08-05 16:22:31.603060: train_loss -0.8938
2026-08-05 16:22:31.603376: val_loss -0.7555
2026-08-05 16:22:31.603611: Pseudo dice [np.float32(0.7099), np.float32(0.9311), np.float32(0.9259)]
2026-08-05 16:22:31.603733: Epoch time: 29.44 s
2026-08-05 16:22:32.715335: 
2026-08-05 16:22:32.715597: Epoch 742
2026-08-05 16:22:32.715835: Current learning rate: 0.00295
2026-08-05 16:23:02.305835: train_loss -0.8949
2026-08-05 16:23:02.307680: val_loss -0.7454
2026-08-05 16:23:02.308146: Pseudo dice [np.float32(0.7041), np.float32(0.9308), np.float32(0.9304)]
2026-08-05 16:23:02.308470: Epoch time: 29.59 s
2026-08-05 16:23:03.230734: 
2026-08-05 16:23:03.231091: Epoch 743
2026-08-05 16:23:03.231415: Current learning rate: 0.00294
2026-08-05 16:23:31.462399: train_loss -0.8941
2026-08-05 16:23:31.462598: val_loss -0.7447
2026-08-05 16:23:31.462668: Pseudo dice [np.float32(0.7004), np.float32(0.9291), np.float32(0.9281)]
2026-08-05 16:23:31.462735: Epoch time: 28.23 s
2026-08-05 16:23:32.505302: 
2026-08-05 16:23:32.505572: Epoch 744
2026-08-05 16:23:32.505711: Current learning rate: 0.00293
2026-08-05 16:24:00.735100: train_loss -0.8956
2026-08-05 16:24:00.735354: val_loss -0.7299
2026-08-05 16:24:00.735425: Pseudo dice [np.float32(0.6911), np.float32(0.921), np.float32(0.922)]
2026-08-05 16:24:00.735507: Epoch time: 28.23 s
2026-08-05 16:24:02.544148: 
2026-08-05 16:24:02.544622: Epoch 745
2026-08-05 16:24:02.544807: Current learning rate: 0.00292
2026-08-05 16:24:33.171883: train_loss -0.8947
2026-08-05 16:24:33.173220: val_loss -0.73
2026-08-05 16:24:33.173621: Pseudo dice [np.float32(0.6919), np.float32(0.9248), np.float32(0.9282)]
2026-08-05 16:24:33.173773: Epoch time: 30.63 s
2026-08-05 16:24:34.086230: 
2026-08-05 16:24:34.086637: Epoch 746
2026-08-05 16:24:34.086769: Current learning rate: 0.00291
2026-08-05 16:25:03.524785: train_loss -0.8983
2026-08-05 16:25:03.525086: val_loss -0.7567
2026-08-05 16:25:03.525145: Pseudo dice [np.float32(0.7045), np.float32(0.9316), np.float32(0.9361)]
2026-08-05 16:25:03.525215: Epoch time: 29.44 s
2026-08-05 16:25:04.589807: 
2026-08-05 16:25:04.590125: Epoch 747
2026-08-05 16:25:04.590265: Current learning rate: 0.0029
2026-08-05 16:25:33.011625: train_loss -0.8953
2026-08-05 16:25:33.011961: val_loss -0.7191
2026-08-05 16:25:33.012033: Pseudo dice [np.float32(0.6901), np.float32(0.9187), np.float32(0.9177)]
2026-08-05 16:25:33.012106: Epoch time: 28.43 s
2026-08-05 16:25:34.047924: 
2026-08-05 16:25:34.048230: Epoch 748
2026-08-05 16:25:34.048362: Current learning rate: 0.00289
2026-08-05 16:26:09.666014: train_loss -0.8984
2026-08-05 16:26:09.806788: val_loss -0.7438
2026-08-05 16:26:09.807104: Pseudo dice [np.float32(0.7005), np.float32(0.9189), np.float32(0.9284)]
2026-08-05 16:26:09.807237: Epoch time: 35.62 s
2026-08-05 16:26:10.770763: 
2026-08-05 16:26:10.771042: Epoch 749
2026-08-05 16:26:10.771265: Current learning rate: 0.00288
2026-08-05 16:26:40.753377: train_loss -0.8987
2026-08-05 16:26:40.755522: val_loss -0.7323
2026-08-05 16:26:40.755665: Pseudo dice [np.float32(0.6925), np.float32(0.9237), np.float32(0.9242)]
2026-08-05 16:26:40.755783: Epoch time: 29.99 s
2026-08-05 16:26:50.697402: 
2026-08-05 16:26:50.697722: Epoch 750
2026-08-05 16:26:50.697875: Current learning rate: 0.00287
2026-08-05 16:27:20.084539: train_loss -0.8992
2026-08-05 16:27:20.085284: val_loss -0.7413
2026-08-05 16:27:20.085390: Pseudo dice [np.float32(0.703), np.float32(0.9249), np.float32(0.9272)]
2026-08-05 16:27:20.085630: Epoch time: 29.39 s
2026-08-05 16:27:20.949295: 
2026-08-05 16:27:20.949614: Epoch 751
2026-08-05 16:27:20.950083: Current learning rate: 0.00286
2026-08-05 16:27:52.763742: train_loss -0.8943
2026-08-05 16:27:52.765131: val_loss -0.7383
2026-08-05 16:27:52.765765: Pseudo dice [np.float32(0.693), np.float32(0.9247), np.float32(0.9293)]
2026-08-05 16:27:52.765921: Epoch time: 31.82 s
2026-08-05 16:27:53.690515: 
2026-08-05 16:27:53.690937: Epoch 752
2026-08-05 16:27:53.691057: Current learning rate: 0.00285
2026-08-05 16:28:23.504685: train_loss -0.8906
2026-08-05 16:28:23.505256: val_loss -0.7491
2026-08-05 16:28:23.505412: Pseudo dice [np.float32(0.6982), np.float32(0.927), np.float32(0.9298)]
2026-08-05 16:28:23.505568: Epoch time: 29.82 s
2026-08-05 16:28:24.489400: 
2026-08-05 16:28:24.489797: Epoch 753
2026-08-05 16:28:24.489974: Current learning rate: 0.00284
2026-08-05 16:28:55.051255: train_loss -0.8986
2026-08-05 16:28:55.051546: val_loss -0.7539
2026-08-05 16:28:55.051605: Pseudo dice [np.float32(0.7043), np.float32(0.9283), np.float32(0.9328)]
2026-08-05 16:28:55.051672: Epoch time: 30.56 s
2026-08-05 16:28:55.906118: 
2026-08-05 16:28:55.906529: Epoch 754
2026-08-05 16:28:55.906774: Current learning rate: 0.00283
2026-08-05 16:29:26.273003: train_loss -0.897
2026-08-05 16:29:26.279030: val_loss -0.7268
2026-08-05 16:29:26.279172: Pseudo dice [np.float32(0.6911), np.float32(0.927), np.float32(0.9248)]
2026-08-05 16:29:26.279313: Epoch time: 30.37 s
2026-08-05 16:29:27.413448: 
2026-08-05 16:29:27.413851: Epoch 755
2026-08-05 16:29:27.413975: Current learning rate: 0.00282
2026-08-05 16:29:57.068004: train_loss -0.8996
2026-08-05 16:29:57.068212: val_loss -0.7465
2026-08-05 16:29:57.068278: Pseudo dice [np.float32(0.6983), np.float32(0.9216), np.float32(0.9327)]
2026-08-05 16:29:57.068354: Epoch time: 29.66 s
2026-08-05 16:29:57.968726: 
2026-08-05 16:29:57.969090: Epoch 756
2026-08-05 16:29:57.969217: Current learning rate: 0.00281
2026-08-05 16:30:27.972578: train_loss -0.8996
2026-08-05 16:30:27.975297: val_loss -0.7473
2026-08-05 16:30:27.976057: Pseudo dice [np.float32(0.7016), np.float32(0.9293), np.float32(0.9282)]
2026-08-05 16:30:27.976374: Epoch time: 30.01 s
2026-08-05 16:30:29.030054: 
2026-08-05 16:30:29.030294: Epoch 757
2026-08-05 16:30:29.030535: Current learning rate: 0.0028
2026-08-05 16:30:58.630915: train_loss -0.898
2026-08-05 16:30:58.631164: val_loss -0.7406
2026-08-05 16:30:58.631278: Pseudo dice [np.float32(0.6885), np.float32(0.9271), np.float32(0.9255)]
2026-08-05 16:30:58.631386: Epoch time: 29.6 s
2026-08-05 16:31:00.498732: 
2026-08-05 16:31:00.499114: Epoch 758
2026-08-05 16:31:00.499230: Current learning rate: 0.00279
2026-08-05 16:31:29.424785: train_loss -0.8974
2026-08-05 16:31:29.425104: val_loss -0.752
2026-08-05 16:31:29.425164: Pseudo dice [np.float32(0.6976), np.float32(0.9317), np.float32(0.9371)]
2026-08-05 16:31:29.425236: Epoch time: 28.93 s
2026-08-05 16:31:30.241140: 
2026-08-05 16:31:30.241760: Epoch 759
2026-08-05 16:31:30.241908: Current learning rate: 0.00278
2026-08-05 16:32:00.456589: train_loss -0.9007
2026-08-05 16:32:00.456990: val_loss -0.7464
2026-08-05 16:32:00.457219: Pseudo dice [np.float32(0.7014), np.float32(0.9313), np.float32(0.9326)]
2026-08-05 16:32:00.457326: Epoch time: 30.22 s
2026-08-05 16:32:01.266565: 
2026-08-05 16:32:01.267070: Epoch 760
2026-08-05 16:32:01.267192: Current learning rate: 0.00277
2026-08-05 16:32:31.608032: train_loss -0.8976
2026-08-05 16:32:31.608476: val_loss -0.747
2026-08-05 16:32:31.608613: Pseudo dice [np.float32(0.7085), np.float32(0.9313), np.float32(0.9279)]
2026-08-05 16:32:31.608731: Epoch time: 30.34 s
2026-08-05 16:32:32.749120: 
2026-08-05 16:32:32.749534: Epoch 761
2026-08-05 16:32:32.749641: Current learning rate: 0.00276
2026-08-05 16:33:03.364046: train_loss -0.9005
2026-08-05 16:33:03.368832: val_loss -0.7279
2026-08-05 16:33:03.368991: Pseudo dice [np.float32(0.694), np.float32(0.9233), np.float32(0.9252)]
2026-08-05 16:33:03.369123: Epoch time: 30.62 s
2026-08-05 16:33:04.431038: 
2026-08-05 16:33:04.431371: Epoch 762
2026-08-05 16:33:04.431498: Current learning rate: 0.00275
2026-08-05 16:33:35.181350: train_loss -0.8989
2026-08-05 16:33:35.181613: val_loss -0.7584
2026-08-05 16:33:35.181671: Pseudo dice [np.float32(0.7123), np.float32(0.9299), np.float32(0.9351)]
2026-08-05 16:33:35.181735: Epoch time: 30.75 s
2026-08-05 16:33:36.087357: 
2026-08-05 16:33:36.087762: Epoch 763
2026-08-05 16:33:36.087881: Current learning rate: 0.00274
2026-08-05 16:34:04.596416: train_loss -0.9001
2026-08-05 16:34:04.596729: val_loss -0.7391
2026-08-05 16:34:04.596798: Pseudo dice [np.float32(0.7012), np.float32(0.9329), np.float32(0.928)]
2026-08-05 16:34:04.596870: Epoch time: 28.51 s
2026-08-05 16:34:05.435689: 
2026-08-05 16:34:05.436057: Epoch 764
2026-08-05 16:34:05.436176: Current learning rate: 0.00273
2026-08-05 16:34:35.561640: train_loss -0.902
2026-08-05 16:34:35.695236: val_loss -0.7376
2026-08-05 16:34:35.695405: Pseudo dice [np.float32(0.698), np.float32(0.9294), np.float32(0.9284)]
2026-08-05 16:34:35.695495: Epoch time: 30.13 s
2026-08-05 16:34:37.635603: 
2026-08-05 16:34:37.636092: Epoch 765
2026-08-05 16:34:37.636237: Current learning rate: 0.00272
2026-08-05 16:35:07.393268: train_loss -0.9006
2026-08-05 16:35:07.468018: val_loss -0.7355
2026-08-05 16:35:07.468362: Pseudo dice [np.float32(0.7), np.float32(0.9285), np.float32(0.9278)]
2026-08-05 16:35:07.468503: Epoch time: 29.76 s
2026-08-05 16:35:08.380733: 
2026-08-05 16:35:08.381303: Epoch 766
2026-08-05 16:35:08.381542: Current learning rate: 0.00271
2026-08-05 16:35:37.875501: train_loss -0.8966
2026-08-05 16:35:38.415979: val_loss -0.7484
2026-08-05 16:35:38.416221: Pseudo dice [np.float32(0.7111), np.float32(0.9359), np.float32(0.9326)]
2026-08-05 16:35:38.416316: Epoch time: 29.5 s
2026-08-05 16:35:38.416370: Yayy! New best EMA pseudo Dice: 0.8529999852180481
2026-08-05 16:35:44.949468: 
2026-08-05 16:35:45.113539: Epoch 767
2026-08-05 16:35:45.113878: Current learning rate: 0.0027
2026-08-05 16:36:16.917155: train_loss -0.9003
2026-08-05 16:36:16.918459: val_loss -0.7452
2026-08-05 16:36:16.918532: Pseudo dice [np.float32(0.7085), np.float32(0.9285), np.float32(0.9336)]
2026-08-05 16:36:16.918612: Epoch time: 31.97 s
2026-08-05 16:36:16.918660: Yayy! New best EMA pseudo Dice: 0.8533999919891357
2026-08-05 16:36:24.551397: 
2026-08-05 16:36:24.551790: Epoch 768
2026-08-05 16:36:24.552024: Current learning rate: 0.00268
2026-08-05 16:36:54.665980: train_loss -0.8992
2026-08-05 16:36:54.666914: val_loss -0.7293
2026-08-05 16:36:54.667181: Pseudo dice [np.float32(0.687), np.float32(0.9261), np.float32(0.9235)]
2026-08-05 16:36:54.667330: Epoch time: 30.12 s
2026-08-05 16:36:55.661643: 
2026-08-05 16:36:55.662079: Epoch 769
2026-08-05 16:36:55.662319: Current learning rate: 0.00267
2026-08-05 16:37:25.513540: train_loss -0.8971
2026-08-05 16:37:25.514070: val_loss -0.7504
2026-08-05 16:37:25.514132: Pseudo dice [np.float32(0.7028), np.float32(0.9302), np.float32(0.9345)]
2026-08-05 16:37:25.514210: Epoch time: 29.86 s
2026-08-05 16:37:26.393219: 
2026-08-05 16:37:26.393589: Epoch 770
2026-08-05 16:37:26.393744: Current learning rate: 0.00266
2026-08-05 16:37:57.242402: train_loss -0.9008
2026-08-05 16:37:57.243269: val_loss -0.7459
2026-08-05 16:37:57.243338: Pseudo dice [np.float32(0.6912), np.float32(0.9276), np.float32(0.9283)]
2026-08-05 16:37:57.243415: Epoch time: 30.85 s
2026-08-05 16:37:59.350107: 
2026-08-05 16:37:59.350704: Epoch 771
2026-08-05 16:37:59.350872: Current learning rate: 0.00265
2026-08-05 16:38:30.654289: train_loss -0.8981
2026-08-05 16:38:30.654668: val_loss -0.7357
2026-08-05 16:38:30.654931: Pseudo dice [np.float32(0.6924), np.float32(0.9228), np.float32(0.9293)]
2026-08-05 16:38:30.655093: Epoch time: 31.31 s
2026-08-05 16:38:31.589087: 
2026-08-05 16:38:31.589411: Epoch 772
2026-08-05 16:38:31.589525: Current learning rate: 0.00264
2026-08-05 16:39:02.974759: train_loss -0.901
2026-08-05 16:39:03.061525: val_loss -0.7515
2026-08-05 16:39:03.061845: Pseudo dice [np.float32(0.7022), np.float32(0.9308), np.float32(0.9357)]
2026-08-05 16:39:03.062044: Epoch time: 31.39 s
2026-08-05 16:39:04.264014: 
2026-08-05 16:39:04.294499: Epoch 773
2026-08-05 16:39:04.294761: Current learning rate: 0.00263
2026-08-05 16:39:35.697824: train_loss -0.9006
2026-08-05 16:39:35.698125: val_loss -0.7232
2026-08-05 16:39:35.698188: Pseudo dice [np.float32(0.6896), np.float32(0.9203), np.float32(0.9256)]
2026-08-05 16:39:35.698274: Epoch time: 31.44 s
2026-08-05 16:39:36.700554: 
2026-08-05 16:39:36.701063: Epoch 774
2026-08-05 16:39:36.701201: Current learning rate: 0.00262
2026-08-05 16:40:07.227352: train_loss -0.9021
2026-08-05 16:40:07.227906: val_loss -0.7404
2026-08-05 16:40:07.234622: Pseudo dice [np.float32(0.7025), np.float32(0.9288), np.float32(0.9286)]
2026-08-05 16:40:07.234828: Epoch time: 30.53 s
2026-08-05 16:40:08.389610: 
2026-08-05 16:40:08.390068: Epoch 775
2026-08-05 16:40:08.390234: Current learning rate: 0.00261
2026-08-05 16:40:39.182426: train_loss -0.8992
2026-08-05 16:40:39.182814: val_loss -0.7304
2026-08-05 16:40:39.182885: Pseudo dice [np.float32(0.6965), np.float32(0.9265), np.float32(0.9317)]
2026-08-05 16:40:39.182996: Epoch time: 30.8 s
2026-08-05 16:40:40.223539: 
2026-08-05 16:40:40.224082: Epoch 776
2026-08-05 16:40:40.224291: Current learning rate: 0.0026
2026-08-05 16:41:10.517586: train_loss -0.9027
2026-08-05 16:41:10.518239: val_loss -0.7341
2026-08-05 16:41:10.518410: Pseudo dice [np.float32(0.6952), np.float32(0.9244), np.float32(0.9303)]
2026-08-05 16:41:10.518589: Epoch time: 30.3 s
2026-08-05 16:41:11.440413: 
2026-08-05 16:41:11.440745: Epoch 777
2026-08-05 16:41:11.440933: Current learning rate: 0.00259
2026-08-05 16:41:40.067783: train_loss -0.9023
2026-08-05 16:41:40.068331: val_loss -0.7263
2026-08-05 16:41:40.068508: Pseudo dice [np.float32(0.7021), np.float32(0.923), np.float32(0.9266)]
2026-08-05 16:41:40.068664: Epoch time: 28.63 s
2026-08-05 16:41:41.850010: 
2026-08-05 16:41:41.850399: Epoch 778
2026-08-05 16:41:41.850571: Current learning rate: 0.00258
2026-08-05 16:42:11.990755: train_loss -0.905
2026-08-05 16:42:11.993801: val_loss -0.7324
2026-08-05 16:42:11.994731: Pseudo dice [np.float32(0.6922), np.float32(0.9273), np.float32(0.9179)]
2026-08-05 16:42:11.995185: Epoch time: 30.14 s
2026-08-05 16:42:12.973482: 
2026-08-05 16:42:12.973820: Epoch 779
2026-08-05 16:42:12.973944: Current learning rate: 0.00257
2026-08-05 16:42:43.708872: train_loss -0.9023
2026-08-05 16:42:43.709159: val_loss -0.7489
2026-08-05 16:42:43.709227: Pseudo dice [np.float32(0.7047), np.float32(0.9325), np.float32(0.9322)]
2026-08-05 16:42:43.709296: Epoch time: 30.74 s
2026-08-05 16:42:44.549317: 
2026-08-05 16:42:44.549706: Epoch 780
2026-08-05 16:42:44.549846: Current learning rate: 0.00256
2026-08-05 16:43:14.079942: train_loss -0.9021
2026-08-05 16:43:14.080596: val_loss -0.7487
2026-08-05 16:43:14.080726: Pseudo dice [np.float32(0.7042), np.float32(0.9262), np.float32(0.928)]
2026-08-05 16:43:14.080855: Epoch time: 29.53 s
2026-08-05 16:43:15.061205: 
2026-08-05 16:43:15.061494: Epoch 781
2026-08-05 16:43:15.061603: Current learning rate: 0.00255
2026-08-05 16:43:45.113030: train_loss -0.9048
2026-08-05 16:43:45.113370: val_loss -0.7233
2026-08-05 16:43:45.113435: Pseudo dice [np.float32(0.6845), np.float32(0.9204), np.float32(0.922)]
2026-08-05 16:43:45.113504: Epoch time: 30.05 s
2026-08-05 16:43:46.052841: 
2026-08-05 16:43:46.053246: Epoch 782
2026-08-05 16:43:46.053483: Current learning rate: 0.00254
2026-08-05 16:44:16.846307: train_loss -0.904
2026-08-05 16:44:16.846850: val_loss -0.7349
2026-08-05 16:44:16.847016: Pseudo dice [np.float32(0.6868), np.float32(0.9259), np.float32(0.9238)]
2026-08-05 16:44:16.847169: Epoch time: 30.8 s
2026-08-05 16:44:18.002855: 
2026-08-05 16:44:18.003306: Epoch 783
2026-08-05 16:44:18.003444: Current learning rate: 0.00253
2026-08-05 16:44:48.395571: train_loss -0.902
2026-08-05 16:44:48.396271: val_loss -0.7385
2026-08-05 16:44:48.396343: Pseudo dice [np.float32(0.6904), np.float32(0.9259), np.float32(0.9255)]
2026-08-05 16:44:48.396441: Epoch time: 30.4 s
2026-08-05 16:44:49.541692: 
2026-08-05 16:44:49.541996: Epoch 784
2026-08-05 16:44:49.542151: Current learning rate: 0.00252
2026-08-05 16:45:21.969091: train_loss -0.9027
2026-08-05 16:45:21.969724: val_loss -0.7397
2026-08-05 16:45:21.969847: Pseudo dice [np.float32(0.6952), np.float32(0.9289), np.float32(0.926)]
2026-08-05 16:45:21.970033: Epoch time: 32.43 s
2026-08-05 16:45:23.009220: 
2026-08-05 16:45:23.009712: Epoch 785
2026-08-05 16:45:23.009843: Current learning rate: 0.00251
2026-08-05 16:45:55.291250: train_loss -0.8984
2026-08-05 16:45:55.291839: val_loss -0.7331
2026-08-05 16:45:55.292021: Pseudo dice [np.float32(0.6979), np.float32(0.9314), np.float32(0.9276)]
2026-08-05 16:45:55.292245: Epoch time: 32.29 s
2026-08-05 16:45:56.634815: 
2026-08-05 16:45:56.635273: Epoch 786
2026-08-05 16:45:56.635483: Current learning rate: 0.0025
2026-08-05 16:46:28.494361: train_loss -0.9012
2026-08-05 16:46:28.494929: val_loss -0.732
2026-08-05 16:46:28.495186: Pseudo dice [np.float32(0.6912), np.float32(0.9236), np.float32(0.9207)]
2026-08-05 16:46:28.495333: Epoch time: 31.86 s
2026-08-05 16:46:29.440875: 
2026-08-05 16:46:29.441354: Epoch 787
2026-08-05 16:46:29.441490: Current learning rate: 0.00249
2026-08-05 16:47:00.850321: train_loss -0.8983
2026-08-05 16:47:00.850827: val_loss -0.7275
2026-08-05 16:47:00.850957: Pseudo dice [np.float32(0.6952), np.float32(0.9181), np.float32(0.9304)]
2026-08-05 16:47:00.851080: Epoch time: 31.41 s
2026-08-05 16:47:02.002899: 
2026-08-05 16:47:02.003307: Epoch 788
2026-08-05 16:47:02.003428: Current learning rate: 0.00248
2026-08-05 16:47:33.518199: train_loss -0.8978
2026-08-05 16:47:33.530268: val_loss -0.7234
2026-08-05 16:47:33.530524: Pseudo dice [np.float32(0.6986), np.float32(0.9257), np.float32(0.9296)]
2026-08-05 16:47:33.530619: Epoch time: 31.52 s
2026-08-05 16:47:34.430074: 
2026-08-05 16:47:34.430530: Epoch 789
2026-08-05 16:47:34.430670: Current learning rate: 0.00247
2026-08-05 16:48:04.561264: train_loss -0.896
2026-08-05 16:48:04.561915: val_loss -0.7352
2026-08-05 16:48:04.562086: Pseudo dice [np.float32(0.6961), np.float32(0.9232), np.float32(0.9248)]
2026-08-05 16:48:04.562272: Epoch time: 30.13 s
2026-08-05 16:48:05.893641: 
2026-08-05 16:48:05.894114: Epoch 790
2026-08-05 16:48:05.894236: Current learning rate: 0.00245
2026-08-05 16:48:36.397346: train_loss -0.8977
2026-08-05 16:48:36.397662: val_loss -0.7389
2026-08-05 16:48:36.397723: Pseudo dice [np.float32(0.7037), np.float32(0.9292), np.float32(0.928)]
2026-08-05 16:48:36.397902: Epoch time: 30.51 s
2026-08-05 16:48:37.453421: 
2026-08-05 16:48:37.453832: Epoch 791
2026-08-05 16:48:37.454020: Current learning rate: 0.00244
2026-08-05 16:49:08.493341: train_loss -0.9015
2026-08-05 16:49:08.493754: val_loss -0.7372
2026-08-05 16:49:08.493865: Pseudo dice [np.float32(0.6944), np.float32(0.9251), np.float32(0.9219)]
2026-08-05 16:49:08.493973: Epoch time: 31.04 s
2026-08-05 16:49:09.589775: 
2026-08-05 16:49:09.590203: Epoch 792
2026-08-05 16:49:09.590337: Current learning rate: 0.00243
2026-08-05 16:49:39.820627: train_loss -0.9002
2026-08-05 16:49:39.821308: val_loss -0.7311
2026-08-05 16:49:39.821457: Pseudo dice [np.float32(0.6879), np.float32(0.9228), np.float32(0.93)]
2026-08-05 16:49:39.821641: Epoch time: 30.23 s
2026-08-05 16:49:41.023317: 
2026-08-05 16:49:41.023763: Epoch 793
2026-08-05 16:49:41.023930: Current learning rate: 0.00242
2026-08-05 16:50:12.032917: train_loss -0.9022
2026-08-05 16:50:12.034041: val_loss -0.7359
2026-08-05 16:50:12.034201: Pseudo dice [np.float32(0.6988), np.float32(0.9296), np.float32(0.9258)]
2026-08-05 16:50:12.034318: Epoch time: 31.01 s
2026-08-05 16:50:13.109284: 
2026-08-05 16:50:13.109710: Epoch 794
2026-08-05 16:50:13.109965: Current learning rate: 0.00241
2026-08-05 16:50:43.217810: train_loss -0.9016
2026-08-05 16:50:43.219153: val_loss -0.7391
2026-08-05 16:50:43.219915: Pseudo dice [np.float32(0.6827), np.float32(0.9242), np.float32(0.9268)]
2026-08-05 16:50:43.220102: Epoch time: 30.11 s
2026-08-05 16:50:44.291686: 
2026-08-05 16:50:44.292115: Epoch 795
2026-08-05 16:50:44.292267: Current learning rate: 0.0024
2026-08-05 16:51:15.255585: train_loss -0.9024
2026-08-05 16:51:15.264750: val_loss -0.7429
2026-08-05 16:51:15.264971: Pseudo dice [np.float32(0.7005), np.float32(0.9342), np.float32(0.9315)]
2026-08-05 16:51:15.265143: Epoch time: 30.97 s
2026-08-05 16:51:16.241773: 
2026-08-05 16:51:16.242151: Epoch 796
2026-08-05 16:51:16.242284: Current learning rate: 0.00239
2026-08-05 16:51:47.710451: train_loss -0.9
2026-08-05 16:51:47.711130: val_loss -0.7411
2026-08-05 16:51:47.711275: Pseudo dice [np.float32(0.7015), np.float32(0.9266), np.float32(0.9335)]
2026-08-05 16:51:47.711474: Epoch time: 31.47 s
2026-08-05 16:51:49.017744: 
2026-08-05 16:51:49.018088: Epoch 797
2026-08-05 16:51:49.018324: Current learning rate: 0.00238
2026-08-05 16:52:20.542315: train_loss -0.8971
2026-08-05 16:52:20.543469: val_loss -0.7369
2026-08-05 16:52:20.543860: Pseudo dice [np.float32(0.6819), np.float32(0.9279), np.float32(0.9243)]
2026-08-05 16:52:20.544051: Epoch time: 31.53 s
2026-08-05 16:52:22.742268: 
2026-08-05 16:52:22.742697: Epoch 798
2026-08-05 16:52:22.742861: Current learning rate: 0.00237
2026-08-05 16:52:54.694528: train_loss -0.9014
2026-08-05 16:52:54.695077: val_loss -0.7213
2026-08-05 16:52:54.695253: Pseudo dice [np.float32(0.6847), np.float32(0.9158), np.float32(0.9237)]
2026-08-05 16:52:54.695418: Epoch time: 31.96 s
2026-08-05 16:52:55.828285: 
2026-08-05 16:52:55.828689: Epoch 799
2026-08-05 16:52:55.829067: Current learning rate: 0.00236
2026-08-05 16:53:25.606389: train_loss -0.8989
2026-08-05 16:53:25.607016: val_loss -0.7235
2026-08-05 16:53:25.607148: Pseudo dice [np.float32(0.6812), np.float32(0.9203), np.float32(0.9212)]
2026-08-05 16:53:25.607285: Epoch time: 29.78 s
2026-08-05 16:53:30.739183: 
2026-08-05 16:53:30.739498: Epoch 800
2026-08-05 16:53:30.739641: Current learning rate: 0.00235
2026-08-05 16:54:01.533247: train_loss -0.8959
2026-08-05 16:54:01.534498: val_loss -0.7345
2026-08-05 16:54:01.534649: Pseudo dice [np.float32(0.6911), np.float32(0.9243), np.float32(0.9232)]
2026-08-05 16:54:01.534739: Epoch time: 30.8 s
2026-08-05 16:54:02.463166: 
2026-08-05 16:54:02.463614: Epoch 801
2026-08-05 16:54:02.463859: Current learning rate: 0.00234
2026-08-05 16:54:32.994460: train_loss -0.8824
2026-08-05 16:54:32.996306: val_loss -0.7182
2026-08-05 16:54:32.996762: Pseudo dice [np.float32(0.6828), np.float32(0.9289), np.float32(0.9208)]
2026-08-05 16:54:32.997132: Epoch time: 30.53 s
2026-08-05 16:54:34.142521: 
2026-08-05 16:54:34.142831: Epoch 802
2026-08-05 16:54:34.143069: Current learning rate: 0.00233
2026-08-05 16:55:05.843283: train_loss -0.8937
2026-08-05 16:55:05.843662: val_loss -0.7145
2026-08-05 16:55:05.843725: Pseudo dice [np.float32(0.6946), np.float32(0.9187), np.float32(0.9254)]
2026-08-05 16:55:05.843807: Epoch time: 31.7 s
2026-08-05 16:55:06.756492: 
2026-08-05 16:55:06.756990: Epoch 803
2026-08-05 16:55:06.757107: Current learning rate: 0.00232
2026-08-05 16:55:37.851840: train_loss -0.8971
2026-08-05 16:55:37.852558: val_loss -0.7356
2026-08-05 16:55:37.852818: Pseudo dice [np.float32(0.6912), np.float32(0.9223), np.float32(0.9272)]
2026-08-05 16:55:37.853009: Epoch time: 31.1 s
2026-08-05 16:55:38.963004: 
2026-08-05 16:55:38.963347: Epoch 804
2026-08-05 16:55:38.963524: Current learning rate: 0.00231
2026-08-05 16:56:10.857451: train_loss -0.8935
2026-08-05 16:56:10.857853: val_loss -0.7378
2026-08-05 16:56:10.857934: Pseudo dice [np.float32(0.7038), np.float32(0.9266), np.float32(0.9281)]
2026-08-05 16:56:10.858008: Epoch time: 31.9 s
2026-08-05 16:56:11.845392: 
2026-08-05 16:56:11.845732: Epoch 805
2026-08-05 16:56:11.845861: Current learning rate: 0.0023
2026-08-05 16:56:41.835034: train_loss -0.8956
2026-08-05 16:56:41.835567: val_loss -0.741
2026-08-05 16:56:41.835645: Pseudo dice [np.float32(0.7025), np.float32(0.9282), np.float32(0.9332)]
2026-08-05 16:56:41.835733: Epoch time: 29.99 s
2026-08-05 16:56:42.735929: 
2026-08-05 16:56:42.736319: Epoch 806
2026-08-05 16:56:42.736441: Current learning rate: 0.00229
2026-08-05 16:57:15.024688: train_loss -0.8995
2026-08-05 16:57:15.025032: val_loss -0.7426
2026-08-05 16:57:15.025150: Pseudo dice [np.float32(0.7064), np.float32(0.9242), np.float32(0.9297)]
2026-08-05 16:57:15.025234: Epoch time: 32.29 s
2026-08-05 16:57:16.059782: 
2026-08-05 16:57:16.060240: Epoch 807
2026-08-05 16:57:16.060394: Current learning rate: 0.00228
2026-08-05 16:57:47.408643: train_loss -0.8983
2026-08-05 16:57:47.409083: val_loss -0.7281
2026-08-05 16:57:47.409274: Pseudo dice [np.float32(0.692), np.float32(0.9197), np.float32(0.9263)]
2026-08-05 16:57:47.409459: Epoch time: 31.35 s
2026-08-05 16:57:48.516989: 
2026-08-05 16:57:48.517444: Epoch 808
2026-08-05 16:57:48.517612: Current learning rate: 0.00226
2026-08-05 16:58:20.077636: train_loss -0.8994
2026-08-05 16:58:20.078451: val_loss -0.7339
2026-08-05 16:58:20.078745: Pseudo dice [np.float32(0.6926), np.float32(0.9305), np.float32(0.9272)]
2026-08-05 16:58:20.078946: Epoch time: 31.56 s
2026-08-05 16:58:21.360051: 
2026-08-05 16:58:21.360631: Epoch 809
2026-08-05 16:58:21.360772: Current learning rate: 0.00225
2026-08-05 16:58:52.763322: train_loss -0.8975
2026-08-05 16:58:52.763653: val_loss -0.7423
2026-08-05 16:58:52.763726: Pseudo dice [np.float32(0.6986), np.float32(0.9276), np.float32(0.932)]
2026-08-05 16:58:52.763829: Epoch time: 31.41 s
2026-08-05 16:58:53.824316: 
2026-08-05 16:58:53.824665: Epoch 810
2026-08-05 16:58:53.824832: Current learning rate: 0.00224
2026-08-05 16:59:22.887069: train_loss -0.9019
2026-08-05 16:59:22.887389: val_loss -0.7325
2026-08-05 16:59:22.892266: Pseudo dice [np.float32(0.6889), np.float32(0.9216), np.float32(0.9231)]
2026-08-05 16:59:22.892422: Epoch time: 29.07 s
2026-08-05 16:59:24.713151: 
2026-08-05 16:59:24.713464: Epoch 811
2026-08-05 16:59:24.713604: Current learning rate: 0.00223
2026-08-05 16:59:53.428353: train_loss -0.905
2026-08-05 16:59:53.431596: val_loss -0.7259
2026-08-05 16:59:53.431663: Pseudo dice [np.float32(0.6952), np.float32(0.9238), np.float32(0.9253)]
2026-08-05 16:59:53.431752: Epoch time: 28.72 s
2026-08-05 16:59:54.310585: 
2026-08-05 16:59:54.310878: Epoch 812
2026-08-05 16:59:54.310991: Current learning rate: 0.00222
2026-08-05 17:00:24.457813: train_loss -0.8976
2026-08-05 17:00:24.458304: val_loss -0.7284
2026-08-05 17:00:24.458448: Pseudo dice [np.float32(0.6934), np.float32(0.9197), np.float32(0.925)]
2026-08-05 17:00:24.458604: Epoch time: 30.15 s
2026-08-05 17:00:25.379337: 
2026-08-05 17:00:25.379738: Epoch 813
2026-08-05 17:00:25.379853: Current learning rate: 0.00221
2026-08-05 17:00:55.804790: train_loss -0.8838
2026-08-05 17:00:55.805600: val_loss -0.7457
2026-08-05 17:00:55.805866: Pseudo dice [np.float32(0.6958), np.float32(0.9275), np.float32(0.9238)]
2026-08-05 17:00:55.806282: Epoch time: 30.43 s
2026-08-05 17:00:56.829288: 
2026-08-05 17:00:56.829747: Epoch 814
2026-08-05 17:00:56.829921: Current learning rate: 0.0022
2026-08-05 17:01:26.991189: train_loss -0.8897
2026-08-05 17:01:26.991476: val_loss -0.739
2026-08-05 17:01:26.991530: Pseudo dice [np.float32(0.7014), np.float32(0.9263), np.float32(0.9292)]
2026-08-05 17:01:26.991597: Epoch time: 30.17 s
2026-08-05 17:01:27.808252: 
2026-08-05 17:01:27.808741: Epoch 815
2026-08-05 17:01:27.808855: Current learning rate: 0.00219
2026-08-05 17:01:58.337515: train_loss -0.8956
2026-08-05 17:01:58.337923: val_loss -0.728
2026-08-05 17:01:58.338023: Pseudo dice [np.float32(0.679), np.float32(0.9247), np.float32(0.9231)]
2026-08-05 17:01:58.338129: Epoch time: 30.53 s
2026-08-05 17:01:59.220769: 
2026-08-05 17:01:59.221244: Epoch 816
2026-08-05 17:01:59.221364: Current learning rate: 0.00218
2026-08-05 17:02:29.811188: train_loss -0.9013
2026-08-05 17:02:30.298157: val_loss -0.7306
2026-08-05 17:02:30.298287: Pseudo dice [np.float32(0.6917), np.float32(0.9258), np.float32(0.9258)]
2026-08-05 17:02:30.298400: Epoch time: 30.59 s
2026-08-05 17:02:31.171856: 
2026-08-05 17:02:31.172216: Epoch 817
2026-08-05 17:02:31.172327: Current learning rate: 0.00217
2026-08-05 17:03:01.779218: train_loss -0.9028
2026-08-05 17:03:01.779760: val_loss -0.7396
2026-08-05 17:03:01.779912: Pseudo dice [np.float32(0.6953), np.float32(0.9243), np.float32(0.9298)]
2026-08-05 17:03:01.780506: Epoch time: 30.61 s
2026-08-05 17:03:03.147288: 
2026-08-05 17:03:03.147746: Epoch 818
2026-08-05 17:03:03.147883: Current learning rate: 0.00216
2026-08-05 17:03:35.174039: train_loss -0.8976
2026-08-05 17:03:35.174791: val_loss -0.7215
2026-08-05 17:03:35.175165: Pseudo dice [np.float32(0.6903), np.float32(0.9227), np.float32(0.9179)]
2026-08-05 17:03:35.175592: Epoch time: 32.03 s
2026-08-05 17:03:36.338564: 
2026-08-05 17:03:36.338911: Epoch 819
2026-08-05 17:03:36.339089: Current learning rate: 0.00215
2026-08-05 17:04:06.525572: train_loss -0.9054
2026-08-05 17:04:06.526048: val_loss -0.7355
2026-08-05 17:04:06.526184: Pseudo dice [np.float32(0.6861), np.float32(0.9234), np.float32(0.9282)]
2026-08-05 17:04:06.526304: Epoch time: 30.19 s
2026-08-05 17:04:07.529448: 
2026-08-05 17:04:07.529859: Epoch 820
2026-08-05 17:04:07.529994: Current learning rate: 0.00214
2026-08-05 17:04:37.677763: train_loss -0.9044
2026-08-05 17:04:37.678093: val_loss -0.7403
2026-08-05 17:04:37.678221: Pseudo dice [np.float32(0.6943), np.float32(0.9255), np.float32(0.9254)]
2026-08-05 17:04:37.678338: Epoch time: 30.15 s
2026-08-05 17:04:38.568993: 
2026-08-05 17:04:38.569333: Epoch 821
2026-08-05 17:04:38.569443: Current learning rate: 0.00213
2026-08-05 17:05:09.348912: train_loss -0.905
2026-08-05 17:05:09.349104: val_loss -0.7337
2026-08-05 17:05:09.349160: Pseudo dice [np.float32(0.6885), np.float32(0.9206), np.float32(0.9227)]
2026-08-05 17:05:09.349228: Epoch time: 30.78 s
2026-08-05 17:05:10.185654: 
2026-08-05 17:05:10.186102: Epoch 822
2026-08-05 17:05:10.186279: Current learning rate: 0.00212
2026-08-05 17:05:40.952758: train_loss -0.8999
2026-08-05 17:05:40.953357: val_loss -0.7312
2026-08-05 17:05:40.953830: Pseudo dice [np.float32(0.6848), np.float32(0.9157), np.float32(0.9258)]
2026-08-05 17:05:40.953931: Epoch time: 30.77 s
2026-08-05 17:05:41.744993: 
2026-08-05 17:05:41.745386: Epoch 823
2026-08-05 17:05:41.745492: Current learning rate: 0.0021
2026-08-05 17:06:11.452195: train_loss -0.8924
2026-08-05 17:06:11.452481: val_loss -0.7254
2026-08-05 17:06:11.452536: Pseudo dice [np.float32(0.6906), np.float32(0.9247), np.float32(0.9197)]
2026-08-05 17:06:11.452614: Epoch time: 29.71 s
2026-08-05 17:06:12.516985: 
2026-08-05 17:06:12.517338: Epoch 824
2026-08-05 17:06:12.517502: Current learning rate: 0.00209
2026-08-05 17:06:43.811326: train_loss -0.8971
2026-08-05 17:06:43.811637: val_loss -0.729
2026-08-05 17:06:43.811741: Pseudo dice [np.float32(0.6851), np.float32(0.923), np.float32(0.9245)]
2026-08-05 17:06:43.811826: Epoch time: 31.3 s
2026-08-05 17:06:45.319067: 
2026-08-05 17:06:45.319575: Epoch 825
2026-08-05 17:06:45.319700: Current learning rate: 0.00208
2026-08-05 17:07:16.206793: train_loss -0.9016
2026-08-05 17:07:16.207413: val_loss -0.7449
2026-08-05 17:07:16.207562: Pseudo dice [np.float32(0.6987), np.float32(0.9281), np.float32(0.9293)]
2026-08-05 17:07:16.207723: Epoch time: 30.89 s
2026-08-05 17:07:17.174306: 
2026-08-05 17:07:17.174617: Epoch 826
2026-08-05 17:07:17.174741: Current learning rate: 0.00207
2026-08-05 17:07:46.081297: train_loss -0.9043
2026-08-05 17:07:46.081578: val_loss -0.734
2026-08-05 17:07:46.081639: Pseudo dice [np.float32(0.6859), np.float32(0.9217), np.float32(0.9216)]
2026-08-05 17:07:46.081711: Epoch time: 28.91 s
2026-08-05 17:07:47.223043: 
2026-08-05 17:07:47.223358: Epoch 827
2026-08-05 17:07:47.223489: Current learning rate: 0.00206
2026-08-05 17:08:17.630280: train_loss -0.9053
2026-08-05 17:08:17.630778: val_loss -0.7227
2026-08-05 17:08:17.630929: Pseudo dice [np.float32(0.6858), np.float32(0.9238), np.float32(0.9271)]
2026-08-05 17:08:17.631075: Epoch time: 30.41 s
2026-08-05 17:08:18.516459: 
2026-08-05 17:08:18.516784: Epoch 828
2026-08-05 17:08:18.516902: Current learning rate: 0.00205
2026-08-05 17:08:48.757394: train_loss -0.9055
2026-08-05 17:08:48.757871: val_loss -0.7399
2026-08-05 17:08:48.758081: Pseudo dice [np.float32(0.706), np.float32(0.9269), np.float32(0.9296)]
2026-08-05 17:08:48.758228: Epoch time: 30.24 s
2026-08-05 17:08:49.683662: 
2026-08-05 17:08:49.684099: Epoch 829
2026-08-05 17:08:49.684226: Current learning rate: 0.00204
2026-08-05 17:09:19.056176: train_loss -0.9034
2026-08-05 17:09:19.056585: val_loss -0.7506
2026-08-05 17:09:19.056706: Pseudo dice [np.float32(0.7074), np.float32(0.9292), np.float32(0.9362)]
2026-08-05 17:09:19.056830: Epoch time: 29.38 s
2026-08-05 17:09:19.852412: 
2026-08-05 17:09:19.852771: Epoch 830
2026-08-05 17:09:19.852877: Current learning rate: 0.00203
2026-08-05 17:09:49.441599: train_loss -0.899
2026-08-05 17:09:49.441981: val_loss -0.7316
2026-08-05 17:09:49.442059: Pseudo dice [np.float32(0.6983), np.float32(0.9216), np.float32(0.9182)]
2026-08-05 17:09:49.442142: Epoch time: 29.59 s
2026-08-05 17:09:50.303564: 
2026-08-05 17:09:50.304010: Epoch 831
2026-08-05 17:09:50.304161: Current learning rate: 0.00202
2026-08-05 17:10:20.339984: train_loss -0.895
2026-08-05 17:10:20.340520: val_loss -0.7384
2026-08-05 17:10:20.340648: Pseudo dice [np.float32(0.694), np.float32(0.9285), np.float32(0.9306)]
2026-08-05 17:10:20.340776: Epoch time: 30.04 s
2026-08-05 17:10:21.383120: 
2026-08-05 17:10:21.383418: Epoch 832
2026-08-05 17:10:21.383562: Current learning rate: 0.00201
2026-08-05 17:10:51.987224: train_loss -0.8935
2026-08-05 17:10:51.987747: val_loss -0.7251
2026-08-05 17:10:51.987929: Pseudo dice [np.float32(0.683), np.float32(0.9213), np.float32(0.9205)]
2026-08-05 17:10:51.988069: Epoch time: 30.61 s
2026-08-05 17:10:52.889173: 
2026-08-05 17:10:52.889510: Epoch 833
2026-08-05 17:10:52.889641: Current learning rate: 0.002
2026-08-05 17:11:22.902827: train_loss -0.8996
2026-08-05 17:11:22.903135: val_loss -0.7444
2026-08-05 17:11:22.903198: Pseudo dice [np.float32(0.6889), np.float32(0.9303), np.float32(0.9279)]
2026-08-05 17:11:22.903269: Epoch time: 30.02 s
2026-08-05 17:11:23.731088: 
2026-08-05 17:11:23.731432: Epoch 834
2026-08-05 17:11:23.731573: Current learning rate: 0.00199
2026-08-05 17:11:53.520373: train_loss -0.8992
2026-08-05 17:11:53.521070: val_loss -0.7354
2026-08-05 17:11:53.521224: Pseudo dice [np.float32(0.6944), np.float32(0.9256), np.float32(0.9251)]
2026-08-05 17:11:53.521370: Epoch time: 29.79 s
2026-08-05 17:11:54.382830: 
2026-08-05 17:11:54.383192: Epoch 835
2026-08-05 17:11:54.383353: Current learning rate: 0.00198
2026-08-05 17:12:24.528353: train_loss -0.9019
2026-08-05 17:12:24.528860: val_loss -0.7401
2026-08-05 17:12:24.529026: Pseudo dice [np.float32(0.6946), np.float32(0.9303), np.float32(0.9313)]
2026-08-05 17:12:24.529161: Epoch time: 30.15 s
2026-08-05 17:12:25.402383: 
2026-08-05 17:12:25.402696: Epoch 836
2026-08-05 17:12:25.402809: Current learning rate: 0.00196
2026-08-05 17:12:54.918840: train_loss -0.9044
2026-08-05 17:12:54.919389: val_loss -0.7603
2026-08-05 17:12:54.919629: Pseudo dice [np.float32(0.7118), np.float32(0.9326), np.float32(0.9344)]
2026-08-05 17:12:54.920022: Epoch time: 29.52 s
2026-08-05 17:12:55.835000: 
2026-08-05 17:12:55.835367: Epoch 837
2026-08-05 17:12:55.835489: Current learning rate: 0.00195
2026-08-05 17:13:26.198628: train_loss -0.9002
2026-08-05 17:13:26.199026: val_loss -0.7375
2026-08-05 17:13:26.199103: Pseudo dice [np.float32(0.6966), np.float32(0.9258), np.float32(0.928)]
2026-08-05 17:13:26.199206: Epoch time: 30.37 s
2026-08-05 17:13:27.074028: 
2026-08-05 17:13:27.074386: Epoch 838
2026-08-05 17:13:27.074524: Current learning rate: 0.00194
2026-08-05 17:13:57.010825: train_loss -0.8897
2026-08-05 17:13:57.011447: val_loss -0.7465
2026-08-05 17:13:57.011575: Pseudo dice [np.float32(0.7016), np.float32(0.9271), np.float32(0.9267)]
2026-08-05 17:13:57.011704: Epoch time: 29.94 s
2026-08-05 17:13:58.227615: 
2026-08-05 17:13:58.229271: Epoch 839
2026-08-05 17:13:58.229442: Current learning rate: 0.00193
2026-08-05 17:14:28.452812: train_loss -0.8845
2026-08-05 17:14:28.453363: val_loss -0.7307
2026-08-05 17:14:28.453487: Pseudo dice [np.float32(0.6849), np.float32(0.9154), np.float32(0.9277)]
2026-08-05 17:14:28.453628: Epoch time: 30.23 s
2026-08-05 17:14:29.462625: 
2026-08-05 17:14:29.463278: Epoch 840
2026-08-05 17:14:29.463421: Current learning rate: 0.00192
2026-08-05 17:14:58.971193: train_loss -0.889
2026-08-05 17:14:58.971641: val_loss -0.7501
2026-08-05 17:14:58.971788: Pseudo dice [np.float32(0.6947), np.float32(0.9271), np.float32(0.9333)]
2026-08-05 17:14:58.975106: Epoch time: 29.51 s
2026-08-05 17:14:59.905163: 
2026-08-05 17:14:59.905574: Epoch 841
2026-08-05 17:14:59.905683: Current learning rate: 0.00191
2026-08-05 17:15:29.490518: train_loss -0.8886
2026-08-05 17:15:29.490980: val_loss -0.7474
2026-08-05 17:15:29.491122: Pseudo dice [np.float32(0.7045), np.float32(0.9302), np.float32(0.9323)]
2026-08-05 17:15:29.491260: Epoch time: 29.59 s
2026-08-05 17:15:30.375255: 
2026-08-05 17:15:30.375575: Epoch 842
2026-08-05 17:15:30.375716: Current learning rate: 0.0019
2026-08-05 17:15:59.841196: train_loss -0.8945
2026-08-05 17:15:59.841537: val_loss -0.7301
2026-08-05 17:15:59.841665: Pseudo dice [np.float32(0.6914), np.float32(0.9223), np.float32(0.9275)]
2026-08-05 17:15:59.841843: Epoch time: 29.47 s
2026-08-05 17:16:00.787070: 
2026-08-05 17:16:00.787355: Epoch 843
2026-08-05 17:16:00.787494: Current learning rate: 0.00189
2026-08-05 17:16:30.189621: train_loss -0.8938
2026-08-05 17:16:30.195781: val_loss -0.7462
2026-08-05 17:16:30.196109: Pseudo dice [np.float32(0.6937), np.float32(0.9281), np.float32(0.9336)]
2026-08-05 17:16:30.196319: Epoch time: 29.41 s
2026-08-05 17:16:31.219888: 
2026-08-05 17:16:31.220255: Epoch 844
2026-08-05 17:16:31.220414: Current learning rate: 0.00188
2026-08-05 17:17:01.448293: train_loss -0.9019
2026-08-05 17:17:01.448701: val_loss -0.757
2026-08-05 17:17:01.451229: Pseudo dice [np.float32(0.7074), np.float32(0.9319), np.float32(0.9368)]
2026-08-05 17:17:01.451425: Epoch time: 30.23 s
2026-08-05 17:17:02.344424: 
2026-08-05 17:17:02.344815: Epoch 845
2026-08-05 17:17:02.344973: Current learning rate: 0.00187
2026-08-05 17:17:31.769376: train_loss -0.9031
2026-08-05 17:17:31.770154: val_loss -0.7252
2026-08-05 17:17:31.770325: Pseudo dice [np.float32(0.6845), np.float32(0.9234), np.float32(0.9224)]
2026-08-05 17:17:31.770501: Epoch time: 29.43 s
2026-08-05 17:17:32.611791: 
2026-08-05 17:17:32.612152: Epoch 846
2026-08-05 17:17:32.612263: Current learning rate: 0.00186
2026-08-05 17:18:02.691963: train_loss -0.9015
2026-08-05 17:18:02.692374: val_loss -0.7392
2026-08-05 17:18:02.692492: Pseudo dice [np.float32(0.6915), np.float32(0.9267), np.float32(0.9305)]
2026-08-05 17:18:02.692578: Epoch time: 30.08 s
2026-08-05 17:18:03.495225: 
2026-08-05 17:18:03.495563: Epoch 847
2026-08-05 17:18:03.495695: Current learning rate: 0.00185
2026-08-05 17:18:33.680402: train_loss -0.9044
2026-08-05 17:18:33.680753: val_loss -0.7318
2026-08-05 17:18:33.680938: Pseudo dice [np.float32(0.6894), np.float32(0.9246), np.float32(0.9259)]
2026-08-05 17:18:33.681089: Epoch time: 30.19 s
2026-08-05 17:18:34.688367: 
2026-08-05 17:18:34.688733: Epoch 848
2026-08-05 17:18:34.689101: Current learning rate: 0.00184
2026-08-05 17:19:04.312874: train_loss -0.9031
2026-08-05 17:19:04.315467: val_loss -0.7401
2026-08-05 17:19:04.316180: Pseudo dice [np.float32(0.6954), np.float32(0.9256), np.float32(0.9269)]
2026-08-05 17:19:04.316522: Epoch time: 29.63 s
2026-08-05 17:19:05.208109: 
2026-08-05 17:19:05.208443: Epoch 849
2026-08-05 17:19:05.208547: Current learning rate: 0.00182
2026-08-05 17:19:34.310399: train_loss -0.9046
2026-08-05 17:19:34.311414: val_loss -0.7244
2026-08-05 17:19:34.311581: Pseudo dice [np.float32(0.6857), np.float32(0.9225), np.float32(0.9185)]
2026-08-05 17:19:34.311726: Epoch time: 29.1 s
2026-08-05 17:19:44.077035: 
2026-08-05 17:19:44.077432: Epoch 850
2026-08-05 17:19:44.077580: Current learning rate: 0.00181
2026-08-05 17:20:13.133331: train_loss -0.9055
2026-08-05 17:20:13.134024: val_loss -0.7529
2026-08-05 17:20:13.134165: Pseudo dice [np.float32(0.7134), np.float32(0.9345), np.float32(0.9358)]
2026-08-05 17:20:13.134325: Epoch time: 29.06 s
2026-08-05 17:20:14.129145: 
2026-08-05 17:20:14.129784: Epoch 851
2026-08-05 17:20:14.129916: Current learning rate: 0.0018
2026-08-05 17:20:44.193001: train_loss -0.908
2026-08-05 17:20:44.193293: val_loss -0.7431
2026-08-05 17:20:44.193349: Pseudo dice [np.float32(0.7063), np.float32(0.9306), np.float32(0.934)]
2026-08-05 17:20:44.193424: Epoch time: 30.07 s
2026-08-05 17:20:45.191777: 
2026-08-05 17:20:45.192202: Epoch 852
2026-08-05 17:20:45.192358: Current learning rate: 0.00179
2026-08-05 17:21:14.961707: train_loss -0.9075
2026-08-05 17:21:14.962027: val_loss -0.7399
2026-08-05 17:21:14.962086: Pseudo dice [np.float32(0.7041), np.float32(0.9251), np.float32(0.9323)]
2026-08-05 17:21:14.962162: Epoch time: 29.77 s
2026-08-05 17:21:16.488151: 
2026-08-05 17:21:16.488586: Epoch 853
2026-08-05 17:21:16.488800: Current learning rate: 0.00178
2026-08-05 17:22:14.957011: train_loss -0.9082
2026-08-05 17:22:14.957518: val_loss -0.7423
2026-08-05 17:22:14.957676: Pseudo dice [np.float32(0.7013), np.float32(0.9244), np.float32(0.9315)]
2026-08-05 17:22:14.957846: Epoch time: 58.47 s
2026-08-05 17:22:15.821789: 
2026-08-05 17:22:15.822082: Epoch 854
2026-08-05 17:22:15.822201: Current learning rate: 0.00177
2026-08-05 17:22:50.003276: train_loss -0.907
2026-08-05 17:22:50.003861: val_loss -0.7468
2026-08-05 17:22:50.004013: Pseudo dice [np.float32(0.6988), np.float32(0.9296), np.float32(0.934)]
2026-08-05 17:22:50.004146: Epoch time: 34.18 s
2026-08-05 17:22:50.852536: 
2026-08-05 17:22:50.852849: Epoch 855
2026-08-05 17:22:50.853126: Current learning rate: 0.00176
2026-08-05 17:23:21.098684: train_loss -0.9082
2026-08-05 17:23:21.100116: val_loss -0.7414
2026-08-05 17:23:21.100558: Pseudo dice [np.float32(0.7047), np.float32(0.9255), np.float32(0.9317)]
2026-08-05 17:23:21.100733: Epoch time: 30.25 s
2026-08-05 17:23:21.979952: 
2026-08-05 17:23:21.980231: Epoch 856
2026-08-05 17:23:21.980539: Current learning rate: 0.00175
2026-08-05 17:23:51.916466: train_loss -0.905
2026-08-05 17:23:51.917087: val_loss -0.7487
2026-08-05 17:23:51.917256: Pseudo dice [np.float32(0.7071), np.float32(0.9282), np.float32(0.9337)]
2026-08-05 17:23:51.917441: Epoch time: 29.94 s
2026-08-05 17:23:52.981816: 
2026-08-05 17:23:52.982088: Epoch 857
2026-08-05 17:23:52.982266: Current learning rate: 0.00174
2026-08-05 17:24:23.297026: train_loss -0.906
2026-08-05 17:24:23.297360: val_loss -0.7559
2026-08-05 17:24:23.297417: Pseudo dice [np.float32(0.7082), np.float32(0.9364), np.float32(0.9338)]
2026-08-05 17:24:23.297484: Epoch time: 30.32 s
2026-08-05 17:24:24.170166: 
2026-08-05 17:24:24.170721: Epoch 858
2026-08-05 17:24:24.170915: Current learning rate: 0.00173
2026-08-05 17:24:53.236817: train_loss -0.9058
2026-08-05 17:24:53.237692: val_loss -0.7527
2026-08-05 17:24:53.238175: Pseudo dice [np.float32(0.7036), np.float32(0.9273), np.float32(0.933)]
2026-08-05 17:24:53.238685: Epoch time: 29.07 s
2026-08-05 17:24:54.202770: 
2026-08-05 17:24:54.203140: Epoch 859
2026-08-05 17:24:54.203236: Current learning rate: 0.00172
2026-08-05 17:25:24.569261: train_loss -0.906
2026-08-05 17:25:24.569608: val_loss -0.7461
2026-08-05 17:25:24.569671: Pseudo dice [np.float32(0.7027), np.float32(0.93), np.float32(0.937)]
2026-08-05 17:25:24.569743: Epoch time: 30.37 s
2026-08-05 17:25:24.569787: Yayy! New best EMA pseudo Dice: 0.8535000085830688
2026-08-05 17:25:36.803484: 
2026-08-05 17:25:36.803871: Epoch 860
2026-08-05 17:25:36.804027: Current learning rate: 0.0017
2026-08-05 17:26:06.553254: train_loss -0.9092
2026-08-05 17:26:06.553554: val_loss -0.7473
2026-08-05 17:26:06.553630: Pseudo dice [np.float32(0.6986), np.float32(0.9268), np.float32(0.9347)]
2026-08-05 17:26:06.553705: Epoch time: 29.75 s
2026-08-05 17:26:07.508341: 
2026-08-05 17:26:07.508680: Epoch 861
2026-08-05 17:26:07.508824: Current learning rate: 0.00169
2026-08-05 17:26:36.790764: train_loss -0.9085
2026-08-05 17:26:36.791095: val_loss -0.7477
2026-08-05 17:26:36.791151: Pseudo dice [np.float32(0.7049), np.float32(0.9292), np.float32(0.9326)]
2026-08-05 17:26:36.791223: Epoch time: 29.29 s
2026-08-05 17:26:36.791265: Yayy! New best EMA pseudo Dice: 0.8536999821662903
2026-08-05 17:26:57.839933: 
2026-08-05 17:26:57.840522: Epoch 862
2026-08-05 17:26:57.840691: Current learning rate: 0.00168
2026-08-05 17:27:27.590995: train_loss -0.9092
2026-08-05 17:27:27.591494: val_loss -0.7331
2026-08-05 17:27:27.591625: Pseudo dice [np.float32(0.6975), np.float32(0.9282), np.float32(0.9332)]
2026-08-05 17:27:27.591770: Epoch time: 29.75 s
2026-08-05 17:27:29.084294: 
2026-08-05 17:27:29.084579: Epoch 863
2026-08-05 17:27:29.084737: Current learning rate: 0.00167
2026-08-05 17:27:58.272661: train_loss -0.9098
2026-08-05 17:27:58.272937: val_loss -0.742
2026-08-05 17:27:58.273009: Pseudo dice [np.float32(0.7053), np.float32(0.9273), np.float32(0.9352)]
2026-08-05 17:27:58.273090: Epoch time: 29.19 s
2026-08-05 17:27:58.273205: Yayy! New best EMA pseudo Dice: 0.8537999987602234
2026-08-05 17:28:14.545966: 
2026-08-05 17:28:14.546390: Epoch 864
2026-08-05 17:28:14.546551: Current learning rate: 0.00166
2026-08-05 17:28:44.653919: train_loss -0.9088
2026-08-05 17:28:44.654422: val_loss -0.7151
2026-08-05 17:28:44.654500: Pseudo dice [np.float32(0.685), np.float32(0.9254), np.float32(0.9259)]
2026-08-05 17:28:44.654595: Epoch time: 30.11 s
2026-08-05 17:28:45.565458: 
2026-08-05 17:28:45.565813: Epoch 865
2026-08-05 17:28:45.565949: Current learning rate: 0.00165
2026-08-05 17:29:16.079054: train_loss -0.9053
2026-08-05 17:29:16.079455: val_loss -0.7445
2026-08-05 17:29:16.079546: Pseudo dice [np.float32(0.702), np.float32(0.9317), np.float32(0.9281)]
2026-08-05 17:29:16.079631: Epoch time: 30.52 s
2026-08-05 17:29:18.026053: 
2026-08-05 17:29:18.026500: Epoch 866
2026-08-05 17:29:18.026616: Current learning rate: 0.00164
2026-08-05 17:29:47.881827: train_loss -0.9088
2026-08-05 17:29:47.882234: val_loss -0.7456
2026-08-05 17:29:47.882317: Pseudo dice [np.float32(0.7031), np.float32(0.9286), np.float32(0.9377)]
2026-08-05 17:29:47.882399: Epoch time: 29.86 s
2026-08-05 17:29:48.765094: 
2026-08-05 17:29:48.765466: Epoch 867
2026-08-05 17:29:48.765631: Current learning rate: 0.00163
2026-08-05 17:30:18.630521: train_loss -0.9087
2026-08-05 17:30:18.630845: val_loss -0.7336
2026-08-05 17:30:18.630916: Pseudo dice [np.float32(0.6971), np.float32(0.925), np.float32(0.9289)]
2026-08-05 17:30:18.631052: Epoch time: 29.87 s
2026-08-05 17:30:19.434918: 
2026-08-05 17:30:19.435361: Epoch 868
2026-08-05 17:30:19.435454: Current learning rate: 0.00162
2026-08-05 17:30:49.351204: train_loss -0.9047
2026-08-05 17:30:49.351530: val_loss -0.7235
2026-08-05 17:30:49.351590: Pseudo dice [np.float32(0.6956), np.float32(0.9233), np.float32(0.9309)]
2026-08-05 17:30:49.351669: Epoch time: 29.92 s
2026-08-05 17:30:50.161626: 
2026-08-05 17:30:50.161981: Epoch 869
2026-08-05 17:30:50.162094: Current learning rate: 0.00161
2026-08-05 17:31:20.427084: train_loss -0.9074
2026-08-05 17:31:20.427795: val_loss -0.7133
2026-08-05 17:31:20.428058: Pseudo dice [np.float32(0.6834), np.float32(0.9221), np.float32(0.9167)]
2026-08-05 17:31:20.428479: Epoch time: 30.27 s
2026-08-05 17:31:21.589242: 
2026-08-05 17:31:21.589660: Epoch 870
2026-08-05 17:31:21.589856: Current learning rate: 0.00159
2026-08-05 17:31:52.309474: train_loss -0.9086
2026-08-05 17:31:52.309795: val_loss -0.734
2026-08-05 17:31:52.309853: Pseudo dice [np.float32(0.6979), np.float32(0.9284), np.float32(0.9281)]
2026-08-05 17:31:52.309927: Epoch time: 30.73 s
2026-08-05 17:31:53.095997: 
2026-08-05 17:31:53.096283: Epoch 871
2026-08-05 17:31:53.096394: Current learning rate: 0.00158
2026-08-05 17:32:22.868657: train_loss -0.9104
2026-08-05 17:32:22.869253: val_loss -0.7474
2026-08-05 17:32:22.869336: Pseudo dice [np.float32(0.7187), np.float32(0.9323), np.float32(0.9333)]
2026-08-05 17:32:22.869433: Epoch time: 29.78 s
2026-08-05 17:32:23.901836: 
2026-08-05 17:32:23.902308: Epoch 872
2026-08-05 17:32:23.902449: Current learning rate: 0.00157
2026-08-05 17:32:53.344938: train_loss -0.9096
2026-08-05 17:32:53.345149: val_loss -0.729
2026-08-05 17:32:53.345209: Pseudo dice [np.float32(0.6952), np.float32(0.9268), np.float32(0.9239)]
2026-08-05 17:32:53.345274: Epoch time: 29.45 s
2026-08-05 17:32:54.194730: 
2026-08-05 17:32:54.195177: Epoch 873
2026-08-05 17:32:54.195312: Current learning rate: 0.00156
2026-08-05 17:33:24.936279: train_loss -0.9098
2026-08-05 17:33:24.936879: val_loss -0.734
2026-08-05 17:33:24.936996: Pseudo dice [np.float32(0.6973), np.float32(0.9288), np.float32(0.9309)]
2026-08-05 17:33:24.937088: Epoch time: 30.75 s
2026-08-05 17:33:25.765450: 
2026-08-05 17:33:25.765906: Epoch 874
2026-08-05 17:33:25.766103: Current learning rate: 0.00155
2026-08-05 17:33:56.577661: train_loss -0.9123
2026-08-05 17:33:56.579093: val_loss -0.7204
2026-08-05 17:33:56.579182: Pseudo dice [np.float32(0.6987), np.float32(0.9238), np.float32(0.9243)]
2026-08-05 17:33:56.579336: Epoch time: 30.82 s
2026-08-05 17:33:57.473476: 
2026-08-05 17:33:57.473961: Epoch 875
2026-08-05 17:33:57.474061: Current learning rate: 0.00154
2026-08-05 17:34:28.911353: train_loss -0.9113
2026-08-05 17:34:28.912288: val_loss -0.737
2026-08-05 17:34:28.912503: Pseudo dice [np.float32(0.7), np.float32(0.9249), np.float32(0.9278)]
2026-08-05 17:34:28.912708: Epoch time: 31.44 s
2026-08-05 17:34:29.763343: 
2026-08-05 17:34:29.763707: Epoch 876
2026-08-05 17:34:29.763864: Current learning rate: 0.00153
2026-08-05 17:34:59.736428: train_loss -0.9108
2026-08-05 17:34:59.737425: val_loss -0.7555
2026-08-05 17:34:59.737658: Pseudo dice [np.float32(0.713), np.float32(0.9323), np.float32(0.9344)]
2026-08-05 17:34:59.738128: Epoch time: 29.98 s
2026-08-05 17:35:00.670500: 
2026-08-05 17:35:00.671024: Epoch 877
2026-08-05 17:35:00.671149: Current learning rate: 0.00152
2026-08-05 17:35:30.752577: train_loss -0.9155
2026-08-05 17:35:30.753073: val_loss -0.7355
2026-08-05 17:35:30.753611: Pseudo dice [np.float32(0.6958), np.float32(0.9297), np.float32(0.9324)]
2026-08-05 17:35:30.756032: Epoch time: 30.08 s
2026-08-05 17:35:31.520933: 
2026-08-05 17:35:31.521330: Epoch 878
2026-08-05 17:35:31.521446: Current learning rate: 0.00151
2026-08-05 17:36:01.956837: train_loss -0.912
2026-08-05 17:36:01.957345: val_loss -0.7396
2026-08-05 17:36:01.957502: Pseudo dice [np.float32(0.6952), np.float32(0.9296), np.float32(0.93)]
2026-08-05 17:36:01.957800: Epoch time: 30.44 s
2026-08-05 17:36:02.995267: 
2026-08-05 17:36:02.995595: Epoch 879
2026-08-05 17:36:02.995739: Current learning rate: 0.00149
2026-08-05 17:36:33.559776: train_loss -0.9112
2026-08-05 17:36:33.560222: val_loss -0.7294
2026-08-05 17:36:33.560383: Pseudo dice [np.float32(0.6898), np.float32(0.9247), np.float32(0.9297)]
2026-08-05 17:36:33.560539: Epoch time: 30.57 s
2026-08-05 17:36:34.450540: 
2026-08-05 17:36:34.450949: Epoch 880
2026-08-05 17:36:34.451065: Current learning rate: 0.00148
2026-08-05 17:37:04.951102: train_loss -0.9115
2026-08-05 17:37:04.951853: val_loss -0.7383
2026-08-05 17:37:04.952050: Pseudo dice [np.float32(0.6969), np.float32(0.9246), np.float32(0.9258)]
2026-08-05 17:37:04.952211: Epoch time: 30.5 s
2026-08-05 17:37:06.078356: 
2026-08-05 17:37:06.079002: Epoch 881
2026-08-05 17:37:06.079189: Current learning rate: 0.00147
2026-08-05 17:37:35.703816: train_loss -0.9131
2026-08-05 17:37:35.704275: val_loss -0.7362
2026-08-05 17:37:35.704375: Pseudo dice [np.float32(0.6929), np.float32(0.9301), np.float32(0.9287)]
2026-08-05 17:37:35.704457: Epoch time: 29.63 s
2026-08-05 17:37:36.736866: 
2026-08-05 17:37:36.737278: Epoch 882
2026-08-05 17:37:36.737416: Current learning rate: 0.00146
2026-08-05 17:38:08.626522: train_loss -0.9151
2026-08-05 17:38:08.627044: val_loss -0.7225
2026-08-05 17:38:08.627337: Pseudo dice [np.float32(0.6932), np.float32(0.9254), np.float32(0.9193)]
2026-08-05 17:38:08.627486: Epoch time: 31.89 s
2026-08-05 17:38:09.744941: 
2026-08-05 17:38:09.745388: Epoch 883
2026-08-05 17:38:09.745529: Current learning rate: 0.00145
2026-08-05 17:38:39.011116: train_loss -0.9095
2026-08-05 17:38:39.011765: val_loss -0.7031
2026-08-05 17:38:39.011837: Pseudo dice [np.float32(0.6786), np.float32(0.919), np.float32(0.9217)]
2026-08-05 17:38:39.011970: Epoch time: 29.27 s
2026-08-05 17:38:39.954927: 
2026-08-05 17:38:39.969984: Epoch 884
2026-08-05 17:38:39.970465: Current learning rate: 0.00144
2026-08-05 17:39:10.793219: train_loss -0.9128
2026-08-05 17:39:10.793672: val_loss -0.7254
2026-08-05 17:39:10.793938: Pseudo dice [np.float32(0.6906), np.float32(0.9257), np.float32(0.9246)]
2026-08-05 17:39:10.794141: Epoch time: 30.84 s
2026-08-05 17:39:11.923149: 
2026-08-05 17:39:11.923666: Epoch 885
2026-08-05 17:39:11.923823: Current learning rate: 0.00143
2026-08-05 17:39:41.616355: train_loss -0.9132
2026-08-05 17:39:41.617796: val_loss -0.7381
2026-08-05 17:39:41.617875: Pseudo dice [np.float32(0.708), np.float32(0.9352), np.float32(0.9327)]
2026-08-05 17:39:41.617993: Epoch time: 29.7 s
2026-08-05 17:39:42.676363: 
2026-08-05 17:39:42.676783: Epoch 886
2026-08-05 17:39:42.676943: Current learning rate: 0.00142
2026-08-05 17:40:14.746735: train_loss -0.9131
2026-08-05 17:40:14.747198: val_loss -0.7477
2026-08-05 17:40:14.747283: Pseudo dice [np.float32(0.7023), np.float32(0.9284), np.float32(0.9342)]
2026-08-05 17:40:14.747380: Epoch time: 32.07 s
2026-08-05 17:40:17.147989: 
2026-08-05 17:40:17.148710: Epoch 887
2026-08-05 17:40:17.148888: Current learning rate: 0.00141
2026-08-05 17:40:49.340033: train_loss -0.9131
2026-08-05 17:40:49.340611: val_loss -0.7249
2026-08-05 17:40:49.340699: Pseudo dice [np.float32(0.6977), np.float32(0.9272), np.float32(0.9285)]
2026-08-05 17:40:49.340825: Epoch time: 32.2 s
2026-08-05 17:40:50.565268: 
2026-08-05 17:40:50.565786: Epoch 888
2026-08-05 17:40:50.566090: Current learning rate: 0.00139
2026-08-05 17:41:21.066169: train_loss -0.9156
2026-08-05 17:41:21.066720: val_loss -0.7263
2026-08-05 17:41:21.066836: Pseudo dice [np.float32(0.6959), np.float32(0.9272), np.float32(0.9235)]
2026-08-05 17:41:21.066952: Epoch time: 30.51 s
2026-08-05 17:41:22.157909: 
2026-08-05 17:41:22.158448: Epoch 889
2026-08-05 17:41:22.158576: Current learning rate: 0.00138
2026-08-05 17:41:54.474404: train_loss -0.9135
2026-08-05 17:41:54.474792: val_loss -0.7558
2026-08-05 17:41:54.474860: Pseudo dice [np.float32(0.7126), np.float32(0.9339), np.float32(0.937)]
2026-08-05 17:41:54.474971: Epoch time: 32.32 s
2026-08-05 17:41:55.423653: 
2026-08-05 17:41:55.423961: Epoch 890
2026-08-05 17:41:55.424102: Current learning rate: 0.00137
2026-08-05 17:42:26.844978: train_loss -0.9162
2026-08-05 17:42:26.845433: val_loss -0.736
2026-08-05 17:42:26.845582: Pseudo dice [np.float32(0.6966), np.float32(0.9271), np.float32(0.9323)]
2026-08-05 17:42:26.845836: Epoch time: 31.42 s
2026-08-05 17:42:28.024608: 
2026-08-05 17:42:28.025189: Epoch 891
2026-08-05 17:42:28.025385: Current learning rate: 0.00136
2026-08-05 17:42:59.947176: train_loss -0.9148
2026-08-05 17:42:59.947757: val_loss -0.7308
2026-08-05 17:42:59.947864: Pseudo dice [np.float32(0.6918), np.float32(0.9263), np.float32(0.9293)]
2026-08-05 17:42:59.948024: Epoch time: 31.93 s
2026-08-05 17:43:01.040860: 
2026-08-05 17:43:01.041299: Epoch 892
2026-08-05 17:43:01.041460: Current learning rate: 0.00135
2026-08-05 17:43:31.035983: train_loss -0.9152
2026-08-05 17:43:31.036369: val_loss -0.7045
2026-08-05 17:43:31.036430: Pseudo dice [np.float32(0.6861), np.float32(0.9192), np.float32(0.9137)]
2026-08-05 17:43:31.036500: Epoch time: 30.0 s
2026-08-05 17:43:31.943589: 
2026-08-05 17:43:31.944098: Epoch 893
2026-08-05 17:43:31.944391: Current learning rate: 0.00134
2026-08-05 17:44:02.604856: train_loss -0.9143
2026-08-05 17:44:02.605309: val_loss -0.7265
2026-08-05 17:44:02.605376: Pseudo dice [np.float32(0.6971), np.float32(0.9269), np.float32(0.9267)]
2026-08-05 17:44:02.605464: Epoch time: 30.66 s
2026-08-05 17:44:03.954703: 
2026-08-05 17:44:03.955066: Epoch 894
2026-08-05 17:44:03.955241: Current learning rate: 0.00133
2026-08-05 17:44:35.590926: train_loss -0.9158
2026-08-05 17:44:35.596467: val_loss -0.736
2026-08-05 17:44:35.596628: Pseudo dice [np.float32(0.701), np.float32(0.9364), np.float32(0.9282)]
2026-08-05 17:44:35.596759: Epoch time: 31.64 s
2026-08-05 17:44:36.635919: 
2026-08-05 17:44:36.636312: Epoch 895
2026-08-05 17:44:36.636474: Current learning rate: 0.00132
2026-08-05 17:45:06.599303: train_loss -0.9139
2026-08-05 17:45:06.599849: val_loss -0.7323
2026-08-05 17:45:06.600059: Pseudo dice [np.float32(0.6966), np.float32(0.9242), np.float32(0.9344)]
2026-08-05 17:45:06.600207: Epoch time: 29.97 s
2026-08-05 17:45:07.635007: 
2026-08-05 17:45:07.635408: Epoch 896
2026-08-05 17:45:07.635575: Current learning rate: 0.0013
2026-08-05 17:45:38.784105: train_loss -0.9127
2026-08-05 17:45:38.785047: val_loss -0.7313
2026-08-05 17:45:38.785358: Pseudo dice [np.float32(0.7027), np.float32(0.9283), np.float32(0.9308)]
2026-08-05 17:45:38.785830: Epoch time: 31.15 s
2026-08-05 17:45:39.940095: 
2026-08-05 17:45:39.940605: Epoch 897
2026-08-05 17:45:39.940859: Current learning rate: 0.00129
2026-08-05 17:46:10.693609: train_loss -0.9138
2026-08-05 17:46:10.694144: val_loss -0.7321
2026-08-05 17:46:10.694233: Pseudo dice [np.float32(0.6936), np.float32(0.926), np.float32(0.9279)]
2026-08-05 17:46:10.694328: Epoch time: 30.76 s
2026-08-05 17:46:11.631157: 
2026-08-05 17:46:11.631655: Epoch 898
2026-08-05 17:46:11.631788: Current learning rate: 0.00128
2026-08-05 17:46:40.368659: train_loss -0.9114
2026-08-05 17:46:40.369149: val_loss -0.7249
2026-08-05 17:46:40.369215: Pseudo dice [np.float32(0.6967), np.float32(0.9282), np.float32(0.9269)]
2026-08-05 17:46:40.369519: Epoch time: 28.74 s
2026-08-05 17:46:41.460453: 
2026-08-05 17:46:41.460789: Epoch 899
2026-08-05 17:46:41.460968: Current learning rate: 0.00127
2026-08-05 17:47:13.983625: train_loss -0.9151
2026-08-05 17:47:13.984506: val_loss -0.7331
2026-08-05 17:47:13.984848: Pseudo dice [np.float32(0.6967), np.float32(0.9268), np.float32(0.9287)]
2026-08-05 17:47:13.985021: Epoch time: 32.53 s
2026-08-05 17:47:23.959953: 
2026-08-05 17:47:23.960425: Epoch 900
2026-08-05 17:47:23.960589: Current learning rate: 0.00126
2026-08-05 17:47:54.976835: train_loss -0.9126
2026-08-05 17:47:54.977372: val_loss -0.724
2026-08-05 17:47:54.977445: Pseudo dice [np.float32(0.6954), np.float32(0.9216), np.float32(0.93)]
2026-08-05 17:47:54.977542: Epoch time: 31.02 s
2026-08-05 17:47:57.067108: 
2026-08-05 17:47:57.067746: Epoch 901
2026-08-05 17:47:57.067915: Current learning rate: 0.00125
2026-08-05 17:48:28.983742: train_loss -0.9156
2026-08-05 17:48:28.984186: val_loss -0.7187
2026-08-05 17:48:28.984274: Pseudo dice [np.float32(0.6862), np.float32(0.9225), np.float32(0.9298)]
2026-08-05 17:48:28.984368: Epoch time: 31.92 s
2026-08-05 17:48:30.193640: 
2026-08-05 17:48:30.194108: Epoch 902
2026-08-05 17:48:30.194284: Current learning rate: 0.00124
2026-08-05 17:48:59.294462: train_loss -0.915
2026-08-05 17:48:59.294855: val_loss -0.7247
2026-08-05 17:48:59.294954: Pseudo dice [np.float32(0.6829), np.float32(0.9216), np.float32(0.9266)]
2026-08-05 17:48:59.295043: Epoch time: 29.11 s
2026-08-05 17:49:00.351841: 
2026-08-05 17:49:00.352180: Epoch 903
2026-08-05 17:49:00.352319: Current learning rate: 0.00122
2026-08-05 17:49:29.733921: train_loss -0.9154
2026-08-05 17:49:29.734317: val_loss -0.7366
2026-08-05 17:49:29.734380: Pseudo dice [np.float32(0.699), np.float32(0.932), np.float32(0.9247)]
2026-08-05 17:49:29.734476: Epoch time: 29.39 s
2026-08-05 17:49:30.644810: 
2026-08-05 17:49:30.645121: Epoch 904
2026-08-05 17:49:30.645284: Current learning rate: 0.00121
2026-08-05 17:50:01.068964: train_loss -0.9143
2026-08-05 17:50:01.069295: val_loss -0.7302
2026-08-05 17:50:01.069356: Pseudo dice [np.float32(0.6947), np.float32(0.9242), np.float32(0.9318)]
2026-08-05 17:50:01.069437: Epoch time: 30.43 s
2026-08-05 17:50:02.076324: 
2026-08-05 17:50:02.076594: Epoch 905
2026-08-05 17:50:02.076720: Current learning rate: 0.0012
2026-08-05 17:50:33.668056: train_loss -0.913
2026-08-05 17:50:33.673615: val_loss -0.7331
2026-08-05 17:50:33.673728: Pseudo dice [np.float32(0.6982), np.float32(0.9232), np.float32(0.9268)]
2026-08-05 17:50:33.673832: Epoch time: 31.6 s
2026-08-05 17:50:34.815797: 
2026-08-05 17:50:34.816318: Epoch 906
2026-08-05 17:50:34.816471: Current learning rate: 0.00119
2026-08-05 17:51:07.179379: train_loss -0.9146
2026-08-05 17:51:08.053804: val_loss -0.7355
2026-08-05 17:51:08.054277: Pseudo dice [np.float32(0.7048), np.float32(0.9242), np.float32(0.9304)]
2026-08-05 17:51:08.054465: Epoch time: 32.37 s
2026-08-05 17:51:09.362989: 
2026-08-05 17:51:09.363625: Epoch 907
2026-08-05 17:51:09.363780: Current learning rate: 0.00118
2026-08-05 17:51:41.865489: train_loss -0.9166
2026-08-05 17:51:41.866093: val_loss -0.7412
2026-08-05 17:51:41.866174: Pseudo dice [np.float32(0.7119), np.float32(0.9314), np.float32(0.9357)]
2026-08-05 17:51:41.866265: Epoch time: 32.51 s
2026-08-05 17:51:43.017572: 
2026-08-05 17:51:43.018085: Epoch 908
2026-08-05 17:51:43.018246: Current learning rate: 0.00117
2026-08-05 17:52:16.571347: train_loss -0.9168
2026-08-05 17:52:16.571837: val_loss -0.7362
2026-08-05 17:52:16.571935: Pseudo dice [np.float32(0.7003), np.float32(0.9308), np.float32(0.931)]
2026-08-05 17:52:16.572041: Epoch time: 33.56 s
2026-08-05 17:52:17.639608: 
2026-08-05 17:52:17.640174: Epoch 909
2026-08-05 17:52:17.640414: Current learning rate: 0.00116
2026-08-05 17:52:49.147417: train_loss -0.9153
2026-08-05 17:52:49.147756: val_loss -0.7281
2026-08-05 17:52:49.147875: Pseudo dice [np.float32(0.6966), np.float32(0.9255), np.float32(0.9298)]
2026-08-05 17:52:49.147985: Epoch time: 31.51 s
2026-08-05 17:52:50.379443: 
2026-08-05 17:52:50.379807: Epoch 910
2026-08-05 17:52:50.379985: Current learning rate: 0.00115
2026-08-05 17:53:22.556813: train_loss -0.9171
2026-08-05 17:53:22.557256: val_loss -0.7172
2026-08-05 17:53:22.557381: Pseudo dice [np.float32(0.6991), np.float32(0.9292), np.float32(0.9282)]
2026-08-05 17:53:22.557515: Epoch time: 32.18 s
2026-08-05 17:53:23.681415: 
2026-08-05 17:53:23.681830: Epoch 911
2026-08-05 17:53:23.682069: Current learning rate: 0.00113
2026-08-05 17:53:56.481195: train_loss -0.9164
2026-08-05 17:53:56.482242: val_loss -0.7408
2026-08-05 17:53:56.482362: Pseudo dice [np.float32(0.7085), np.float32(0.9321), np.float32(0.9386)]
2026-08-05 17:53:56.482536: Epoch time: 32.8 s
2026-08-05 17:53:57.628829: 
2026-08-05 17:53:57.629438: Epoch 912
2026-08-05 17:53:57.629617: Current learning rate: 0.00112
2026-08-05 17:54:30.255143: train_loss -0.9165
2026-08-05 17:54:30.355456: val_loss -0.7186
2026-08-05 17:54:30.356031: Pseudo dice [np.float32(0.6857), np.float32(0.9229), np.float32(0.929)]
2026-08-05 17:54:30.356224: Epoch time: 32.63 s
2026-08-05 17:54:31.456418: 
2026-08-05 17:54:31.456887: Epoch 913
2026-08-05 17:54:31.457029: Current learning rate: 0.00111
2026-08-05 17:55:03.938392: train_loss -0.9161
2026-08-05 17:55:03.938758: val_loss -0.7261
2026-08-05 17:55:03.938813: Pseudo dice [np.float32(0.6911), np.float32(0.9271), np.float32(0.9241)]
2026-08-05 17:55:03.938911: Epoch time: 32.49 s
2026-08-05 17:55:05.104835: 
2026-08-05 17:55:05.105343: Epoch 914
2026-08-05 17:55:05.105584: Current learning rate: 0.0011
2026-08-05 17:55:37.670642: train_loss -0.9169
2026-08-05 17:55:37.673706: val_loss -0.739
2026-08-05 17:55:37.673804: Pseudo dice [np.float32(0.6965), np.float32(0.9309), np.float32(0.9297)]
2026-08-05 17:55:37.674025: Epoch time: 32.57 s
2026-08-05 17:55:38.851397: 
2026-08-05 17:55:38.851922: Epoch 915
2026-08-05 17:55:38.852070: Current learning rate: 0.00109
2026-08-05 17:56:12.636413: train_loss -0.9163
2026-08-05 17:56:12.636973: val_loss -0.7226
2026-08-05 17:56:12.637111: Pseudo dice [np.float32(0.6914), np.float32(0.9263), np.float32(0.9262)]
2026-08-05 17:56:12.637299: Epoch time: 33.79 s
2026-08-05 17:56:13.758817: 
2026-08-05 17:56:13.759298: Epoch 916
2026-08-05 17:56:13.759481: Current learning rate: 0.00108
2026-08-05 17:56:46.257711: train_loss -0.9184
2026-08-05 17:56:46.258268: val_loss -0.7286
2026-08-05 17:56:46.258393: Pseudo dice [np.float32(0.6919), np.float32(0.9269), np.float32(0.931)]
2026-08-05 17:56:46.258534: Epoch time: 32.5 s
2026-08-05 17:56:47.159730: 
2026-08-05 17:56:47.160067: Epoch 917
2026-08-05 17:56:47.160219: Current learning rate: 0.00106
2026-08-05 17:57:19.240780: train_loss -0.9156
2026-08-05 17:57:19.241212: val_loss -0.7474
2026-08-05 17:57:19.241278: Pseudo dice [np.float32(0.7021), np.float32(0.9328), np.float32(0.9336)]
2026-08-05 17:57:19.241358: Epoch time: 32.08 s
2026-08-05 17:57:20.425102: 
2026-08-05 17:57:20.425644: Epoch 918
2026-08-05 17:57:20.425816: Current learning rate: 0.00105
2026-08-05 17:57:52.126014: train_loss -0.9168
2026-08-05 17:57:52.127271: val_loss -0.7264
2026-08-05 17:57:52.127341: Pseudo dice [np.float32(0.6948), np.float32(0.9277), np.float32(0.9321)]
2026-08-05 17:57:52.127435: Epoch time: 31.71 s
2026-08-05 17:57:53.206122: 
2026-08-05 17:57:53.206513: Epoch 919
2026-08-05 17:57:53.206661: Current learning rate: 0.00104
2026-08-05 17:58:24.824955: train_loss -0.9166
2026-08-05 17:58:24.825307: val_loss -0.7363
2026-08-05 17:58:24.825389: Pseudo dice [np.float32(0.7019), np.float32(0.9296), np.float32(0.9331)]
2026-08-05 17:58:24.825481: Epoch time: 31.62 s
2026-08-05 17:58:25.848181: 
2026-08-05 17:58:25.848717: Epoch 920
2026-08-05 17:58:25.848870: Current learning rate: 0.00103
2026-08-05 17:58:56.862321: train_loss -0.9173
2026-08-05 17:58:56.863678: val_loss -0.7195
2026-08-05 17:58:56.863919: Pseudo dice [np.float32(0.6929), np.float32(0.9279), np.float32(0.9297)]
2026-08-05 17:58:56.864065: Epoch time: 31.02 s
2026-08-05 17:58:57.875305: 
2026-08-05 17:58:57.875948: Epoch 921
2026-08-05 17:58:57.876117: Current learning rate: 0.00102
2026-08-05 17:59:28.576640: train_loss -0.917
2026-08-05 17:59:28.577146: val_loss -0.7296
2026-08-05 17:59:28.577218: Pseudo dice [np.float32(0.6995), np.float32(0.9252), np.float32(0.9327)]
2026-08-05 17:59:28.577312: Epoch time: 30.71 s
2026-08-05 17:59:29.590299: 
2026-08-05 17:59:29.590838: Epoch 922
2026-08-05 17:59:29.591010: Current learning rate: 0.00101
2026-08-05 18:00:03.786445: train_loss -0.9176
2026-08-05 18:00:03.787556: val_loss -0.7296
2026-08-05 18:00:03.787792: Pseudo dice [np.float32(0.7045), np.float32(0.9309), np.float32(0.9292)]
2026-08-05 18:00:03.788103: Epoch time: 34.2 s
2026-08-05 18:00:04.762161: 
2026-08-05 18:00:04.762553: Epoch 923
2026-08-05 18:00:04.762683: Current learning rate: 0.001
2026-08-05 18:00:36.671838: train_loss -0.9195
2026-08-05 18:00:36.674795: val_loss -0.72
2026-08-05 18:00:36.675033: Pseudo dice [np.float32(0.6944), np.float32(0.9285), np.float32(0.9268)]
2026-08-05 18:00:36.675863: Epoch time: 31.91 s
2026-08-05 18:00:37.791731: 
2026-08-05 18:00:37.792207: Epoch 924
2026-08-05 18:00:37.792387: Current learning rate: 0.00098
2026-08-05 18:01:08.391390: train_loss -0.919
2026-08-05 18:01:08.391691: val_loss -0.7254
2026-08-05 18:01:08.391751: Pseudo dice [np.float32(0.6927), np.float32(0.9253), np.float32(0.9276)]
2026-08-05 18:01:08.391829: Epoch time: 30.6 s
2026-08-05 18:01:09.237925: 
2026-08-05 18:01:09.238464: Epoch 925
2026-08-05 18:01:09.238661: Current learning rate: 0.00097
2026-08-05 18:01:39.987557: train_loss -0.919
2026-08-05 18:01:39.988102: val_loss -0.7287
2026-08-05 18:01:39.988174: Pseudo dice [np.float32(0.7003), np.float32(0.9267), np.float32(0.9234)]
2026-08-05 18:01:39.988268: Epoch time: 30.75 s
2026-08-05 18:01:41.188057: 
2026-08-05 18:01:41.188526: Epoch 926
2026-08-05 18:01:41.188683: Current learning rate: 0.00096
2026-08-05 18:02:34.068248: train_loss -0.9179
2026-08-05 18:02:34.069433: val_loss -0.7213
2026-08-05 18:02:34.069849: Pseudo dice [np.float32(0.6914), np.float32(0.9212), np.float32(0.9273)]
2026-08-05 18:02:34.070439: Epoch time: 52.88 s
2026-08-05 18:02:35.455990: 
2026-08-05 18:02:35.456449: Epoch 927
2026-08-05 18:02:35.456576: Current learning rate: 0.00095
2026-08-05 18:03:08.440058: train_loss -0.9188
2026-08-05 18:03:08.441118: val_loss -0.7091
2026-08-05 18:03:08.441515: Pseudo dice [np.float32(0.6903), np.float32(0.9247), np.float32(0.9199)]
2026-08-05 18:03:08.441638: Epoch time: 32.99 s
2026-08-05 18:03:09.515862: 
2026-08-05 18:03:09.516569: Epoch 928
2026-08-05 18:03:09.516956: Current learning rate: 0.00094
2026-08-05 18:03:42.488925: train_loss -0.9206
2026-08-05 18:03:42.490409: val_loss -0.7163
2026-08-05 18:03:42.490775: Pseudo dice [np.float32(0.6897), np.float32(0.921), np.float32(0.9328)]
2026-08-05 18:03:42.553534: Epoch time: 32.98 s
2026-08-05 18:03:43.889438: 
2026-08-05 18:03:43.889957: Epoch 929
2026-08-05 18:03:43.890097: Current learning rate: 0.00092
2026-08-05 18:04:15.795008: train_loss -0.9197
2026-08-05 18:04:15.796455: val_loss -0.7296
2026-08-05 18:04:15.796721: Pseudo dice [np.float32(0.7006), np.float32(0.9299), np.float32(0.937)]
2026-08-05 18:04:15.796909: Epoch time: 31.91 s
2026-08-05 18:04:16.798166: 
2026-08-05 18:04:16.798553: Epoch 930
2026-08-05 18:04:16.798675: Current learning rate: 0.00091
2026-08-05 18:04:47.666165: train_loss -0.916
2026-08-05 18:04:47.666999: val_loss -0.7284
2026-08-05 18:04:47.667060: Pseudo dice [np.float32(0.7026), np.float32(0.929), np.float32(0.9354)]
2026-08-05 18:04:47.667134: Epoch time: 30.87 s
2026-08-05 18:04:48.501012: 
2026-08-05 18:04:48.501484: Epoch 931
2026-08-05 18:04:48.501627: Current learning rate: 0.0009
2026-08-05 18:05:19.473683: train_loss -0.917
2026-08-05 18:05:19.474098: val_loss -0.7294
2026-08-05 18:05:19.474227: Pseudo dice [np.float32(0.7002), np.float32(0.9305), np.float32(0.9347)]
2026-08-05 18:05:19.474366: Epoch time: 30.98 s
2026-08-05 18:05:20.352637: 
2026-08-05 18:05:20.353009: Epoch 932
2026-08-05 18:05:20.353157: Current learning rate: 0.00089
2026-08-05 18:05:50.679265: train_loss -0.9174
2026-08-05 18:05:50.679557: val_loss -0.7171
2026-08-05 18:05:50.679612: Pseudo dice [np.float32(0.6924), np.float32(0.9304), np.float32(0.9262)]
2026-08-05 18:05:50.679683: Epoch time: 30.33 s
2026-08-05 18:05:51.502869: 
2026-08-05 18:05:51.503322: Epoch 933
2026-08-05 18:05:51.503479: Current learning rate: 0.00088
2026-08-05 18:06:22.482526: train_loss -0.9182
2026-08-05 18:06:22.482872: val_loss -0.7356
2026-08-05 18:06:22.482956: Pseudo dice [np.float32(0.7062), np.float32(0.9283), np.float32(0.9331)]
2026-08-05 18:06:22.483042: Epoch time: 30.98 s
2026-08-05 18:06:23.500888: 
2026-08-05 18:06:23.501320: Epoch 934
2026-08-05 18:06:23.501501: Current learning rate: 0.00087
2026-08-05 18:06:53.227289: train_loss -0.9183
2026-08-05 18:06:53.228041: val_loss -0.7262
2026-08-05 18:06:53.228461: Pseudo dice [np.float32(0.6914), np.float32(0.9259), np.float32(0.9267)]
2026-08-05 18:06:53.228633: Epoch time: 29.73 s
2026-08-05 18:06:54.213613: 
2026-08-05 18:06:54.214151: Epoch 935
2026-08-05 18:06:54.214339: Current learning rate: 0.00085
2026-08-05 18:07:25.297648: train_loss -0.9185
2026-08-05 18:07:25.298015: val_loss -0.7345
2026-08-05 18:07:25.298073: Pseudo dice [np.float32(0.6958), np.float32(0.9294), np.float32(0.9323)]
2026-08-05 18:07:25.298142: Epoch time: 31.09 s
2026-08-05 18:07:26.120603: 
2026-08-05 18:07:26.121204: Epoch 936
2026-08-05 18:07:26.121352: Current learning rate: 0.00084
2026-08-05 18:07:58.232363: train_loss -0.9205
2026-08-05 18:07:58.233056: val_loss -0.7205
2026-08-05 18:07:58.233523: Pseudo dice [np.float32(0.6906), np.float32(0.9274), np.float32(0.9273)]
2026-08-05 18:07:58.233833: Epoch time: 32.11 s
2026-08-05 18:07:59.252323: 
2026-08-05 18:07:59.252813: Epoch 937
2026-08-05 18:07:59.252947: Current learning rate: 0.00083
2026-08-05 18:08:30.137593: train_loss -0.919
2026-08-05 18:08:30.138008: val_loss -0.737
2026-08-05 18:08:30.138075: Pseudo dice [np.float32(0.7069), np.float32(0.9323), np.float32(0.9342)]
2026-08-05 18:08:30.138157: Epoch time: 30.89 s
2026-08-05 18:08:31.050411: 
2026-08-05 18:08:31.051075: Epoch 938
2026-08-05 18:08:31.051307: Current learning rate: 0.00082
2026-08-05 18:09:01.989713: train_loss -0.9207
2026-08-05 18:09:01.990163: val_loss -0.7326
2026-08-05 18:09:01.990260: Pseudo dice [np.float32(0.699), np.float32(0.9249), np.float32(0.9313)]
2026-08-05 18:09:01.990354: Epoch time: 30.94 s
2026-08-05 18:09:02.822001: 
2026-08-05 18:09:02.822400: Epoch 939
2026-08-05 18:09:02.822642: Current learning rate: 0.00081
2026-08-05 18:09:33.725077: train_loss -0.9182
2026-08-05 18:09:33.726005: val_loss -0.7152
2026-08-05 18:09:33.726408: Pseudo dice [np.float32(0.6926), np.float32(0.9268), np.float32(0.9247)]
2026-08-05 18:09:33.726575: Epoch time: 30.91 s
2026-08-05 18:09:34.773570: 
2026-08-05 18:09:34.774002: Epoch 940
2026-08-05 18:09:34.774136: Current learning rate: 0.00079
2026-08-05 18:10:04.821593: train_loss -0.9218
2026-08-05 18:10:04.822021: val_loss -0.722
2026-08-05 18:10:04.822090: Pseudo dice [np.float32(0.7033), np.float32(0.9276), np.float32(0.9266)]
2026-08-05 18:10:04.822185: Epoch time: 30.05 s
2026-08-05 18:10:05.685618: 
2026-08-05 18:10:05.686173: Epoch 941
2026-08-05 18:10:05.686388: Current learning rate: 0.00078
2026-08-05 18:10:36.916830: train_loss -0.9183
2026-08-05 18:10:36.917615: val_loss -0.7243
2026-08-05 18:10:36.917843: Pseudo dice [np.float32(0.6996), np.float32(0.9247), np.float32(0.9303)]
2026-08-05 18:10:36.917981: Epoch time: 31.24 s
2026-08-05 18:10:37.918020: 
2026-08-05 18:10:37.918425: Epoch 942
2026-08-05 18:10:37.918600: Current learning rate: 0.00077
2026-08-05 18:11:08.139278: train_loss -0.9199
2026-08-05 18:11:08.145169: val_loss -0.734
2026-08-05 18:11:08.145331: Pseudo dice [np.float32(0.7042), np.float32(0.9281), np.float32(0.931)]
2026-08-05 18:11:08.145438: Epoch time: 30.23 s
2026-08-05 18:11:08.998307: 
2026-08-05 18:11:08.998795: Epoch 943
2026-08-05 18:11:08.999004: Current learning rate: 0.00076
2026-08-05 18:11:41.029942: train_loss -0.9192
2026-08-05 18:11:41.030342: val_loss -0.7209
2026-08-05 18:11:41.030406: Pseudo dice [np.float32(0.6945), np.float32(0.9277), np.float32(0.9286)]
2026-08-05 18:11:41.030488: Epoch time: 32.04 s
2026-08-05 18:11:42.034134: 
2026-08-05 18:11:42.034527: Epoch 944
2026-08-05 18:11:42.034653: Current learning rate: 0.00075
2026-08-05 18:12:13.974192: train_loss -0.922
2026-08-05 18:12:13.975605: val_loss -0.7195
2026-08-05 18:12:13.976006: Pseudo dice [np.float32(0.6917), np.float32(0.9228), np.float32(0.9258)]
2026-08-05 18:12:13.976277: Epoch time: 31.94 s
2026-08-05 18:12:15.068598: 
2026-08-05 18:12:15.068936: Epoch 945
2026-08-05 18:12:15.069103: Current learning rate: 0.00074
2026-08-05 18:12:46.345152: train_loss -0.9181
2026-08-05 18:12:46.345765: val_loss -0.7345
2026-08-05 18:12:46.345940: Pseudo dice [np.float32(0.6997), np.float32(0.929), np.float32(0.93)]
2026-08-05 18:12:46.346112: Epoch time: 31.28 s
2026-08-05 18:12:47.581196: 
2026-08-05 18:12:47.581807: Epoch 946
2026-08-05 18:12:47.582033: Current learning rate: 0.00072
2026-08-05 18:13:19.677538: train_loss -0.9216
2026-08-05 18:13:19.684260: val_loss -0.7321
2026-08-05 18:13:19.684491: Pseudo dice [np.float32(0.7015), np.float32(0.9273), np.float32(0.9342)]
2026-08-05 18:13:19.684587: Epoch time: 32.1 s
2026-08-05 18:13:20.546869: 
2026-08-05 18:13:20.547250: Epoch 947
2026-08-05 18:13:20.547384: Current learning rate: 0.00071
2026-08-05 18:13:53.051795: train_loss -0.9191
2026-08-05 18:13:53.057076: val_loss -0.7264
2026-08-05 18:13:53.057153: Pseudo dice [np.float32(0.6939), np.float32(0.9252), np.float32(0.9329)]
2026-08-05 18:13:53.057235: Epoch time: 32.51 s
2026-08-05 18:13:53.967580: 
2026-08-05 18:13:53.967866: Epoch 948
2026-08-05 18:13:53.968014: Current learning rate: 0.0007
2026-08-05 18:14:25.428517: train_loss -0.9212
2026-08-05 18:14:25.428957: val_loss -0.7368
2026-08-05 18:14:25.429034: Pseudo dice [np.float32(0.7019), np.float32(0.933), np.float32(0.9361)]
2026-08-05 18:14:25.429119: Epoch time: 31.46 s
2026-08-05 18:14:26.489668: 
2026-08-05 18:14:26.490327: Epoch 949
2026-08-05 18:14:26.490483: Current learning rate: 0.00069
2026-08-05 18:14:58.560008: train_loss -0.9221
2026-08-05 18:14:58.560764: val_loss -0.7251
2026-08-05 18:14:58.560939: Pseudo dice [np.float32(0.6913), np.float32(0.93), np.float32(0.928)]
2026-08-05 18:14:58.561112: Epoch time: 32.07 s
2026-08-05 18:15:05.247658: 
2026-08-05 18:15:05.248204: Epoch 950
2026-08-05 18:15:05.248332: Current learning rate: 0.00067
2026-08-05 18:15:36.548126: train_loss -0.9225
2026-08-05 18:15:36.549923: val_loss -0.7347
2026-08-05 18:15:36.550209: Pseudo dice [np.float32(0.6957), np.float32(0.928), np.float32(0.9337)]
2026-08-05 18:15:36.550537: Epoch time: 31.3 s
2026-08-05 18:15:37.448284: 
2026-08-05 18:15:37.448681: Epoch 951
2026-08-05 18:15:37.463737: Current learning rate: 0.00066
2026-08-05 18:16:09.076454: train_loss -0.923
2026-08-05 18:16:09.076858: val_loss -0.7175
2026-08-05 18:16:09.076967: Pseudo dice [np.float32(0.6934), np.float32(0.926), np.float32(0.9279)]
2026-08-05 18:16:09.077086: Epoch time: 31.63 s
2026-08-05 18:16:09.972104: 
2026-08-05 18:16:09.972395: Epoch 952
2026-08-05 18:16:09.972614: Current learning rate: 0.00065
2026-08-05 18:16:40.718215: train_loss -0.9207
2026-08-05 18:16:40.718754: val_loss -0.724
2026-08-05 18:16:40.719187: Pseudo dice [np.float32(0.691), np.float32(0.9257), np.float32(0.9291)]
2026-08-05 18:16:40.719272: Epoch time: 30.75 s
2026-08-05 18:16:41.627694: 
2026-08-05 18:16:41.628063: Epoch 953
2026-08-05 18:16:41.628226: Current learning rate: 0.00064
2026-08-05 18:17:13.044405: train_loss -0.9182
2026-08-05 18:17:13.044737: val_loss -0.7359
2026-08-05 18:17:13.044804: Pseudo dice [np.float32(0.7021), np.float32(0.9215), np.float32(0.9312)]
2026-08-05 18:17:13.044909: Epoch time: 31.42 s
2026-08-05 18:17:14.206534: 
2026-08-05 18:17:14.206985: Epoch 954
2026-08-05 18:17:14.207134: Current learning rate: 0.00063
2026-08-05 18:17:44.410095: train_loss -0.9186
2026-08-05 18:17:44.410958: val_loss -0.7156
2026-08-05 18:17:44.411071: Pseudo dice [np.float32(0.6928), np.float32(0.9218), np.float32(0.9263)]
2026-08-05 18:17:44.411224: Epoch time: 30.21 s
2026-08-05 18:17:45.479916: 
2026-08-05 18:17:45.480256: Epoch 955
2026-08-05 18:17:45.480386: Current learning rate: 0.00061
2026-08-05 18:18:16.159581: train_loss -0.9187
2026-08-05 18:18:16.159957: val_loss -0.7086
2026-08-05 18:18:16.160055: Pseudo dice [np.float32(0.6867), np.float32(0.9227), np.float32(0.92)]
2026-08-05 18:18:16.160135: Epoch time: 30.68 s
2026-08-05 18:18:17.117329: 
2026-08-05 18:18:17.118733: Epoch 956
2026-08-05 18:18:17.118917: Current learning rate: 0.0006
2026-08-05 18:18:48.614451: train_loss -0.921
2026-08-05 18:18:48.622506: val_loss -0.7205
2026-08-05 18:18:48.622751: Pseudo dice [np.float32(0.7021), np.float32(0.9292), np.float32(0.9302)]
2026-08-05 18:18:48.622960: Epoch time: 31.5 s
2026-08-05 18:18:49.540020: 
2026-08-05 18:18:49.540530: Epoch 957
2026-08-05 18:18:49.540754: Current learning rate: 0.00059
2026-08-05 18:19:22.829868: train_loss -0.9203
2026-08-05 18:19:23.091228: val_loss -0.7265
2026-08-05 18:19:23.091636: Pseudo dice [np.float32(0.6971), np.float32(0.9283), np.float32(0.9263)]
2026-08-05 18:19:23.091760: Epoch time: 33.29 s
2026-08-05 18:19:24.085333: 
2026-08-05 18:19:24.085838: Epoch 958
2026-08-05 18:19:24.086024: Current learning rate: 0.00058
2026-08-05 18:19:54.723548: train_loss -0.9187
2026-08-05 18:19:54.724312: val_loss -0.7214
2026-08-05 18:19:54.724426: Pseudo dice [np.float32(0.6934), np.float32(0.9256), np.float32(0.9263)]
2026-08-05 18:19:54.724549: Epoch time: 30.64 s
2026-08-05 18:19:55.612718: 
2026-08-05 18:19:55.613183: Epoch 959
2026-08-05 18:19:55.613318: Current learning rate: 0.00056
2026-08-05 18:20:26.488329: train_loss -0.9195
2026-08-05 18:20:26.488732: val_loss -0.7271
2026-08-05 18:20:26.488790: Pseudo dice [np.float32(0.6897), np.float32(0.926), np.float32(0.9257)]
2026-08-05 18:20:26.488873: Epoch time: 30.88 s
2026-08-05 18:20:27.652525: 
2026-08-05 18:20:27.652937: Epoch 960
2026-08-05 18:20:27.653076: Current learning rate: 0.00055
2026-08-05 18:20:58.831375: train_loss -0.9213
2026-08-05 18:21:00.264670: val_loss -0.7223
2026-08-05 18:21:00.264969: Pseudo dice [np.float32(0.6948), np.float32(0.928), np.float32(0.918)]
2026-08-05 18:21:00.265136: Epoch time: 31.18 s
2026-08-05 18:21:01.465772: 
2026-08-05 18:21:01.466256: Epoch 961
2026-08-05 18:21:01.466364: Current learning rate: 0.00054
2026-08-05 18:21:31.211125: train_loss -0.9238
2026-08-05 18:21:31.211519: val_loss -0.7424
2026-08-05 18:21:31.211642: Pseudo dice [np.float32(0.7005), np.float32(0.9295), np.float32(0.9364)]
2026-08-05 18:21:31.211792: Epoch time: 29.75 s
2026-08-05 18:21:32.108025: 
2026-08-05 18:21:32.108431: Epoch 962
2026-08-05 18:21:32.108703: Current learning rate: 0.00053
2026-08-05 18:22:00.733588: train_loss -0.9206
2026-08-05 18:22:00.733839: val_loss -0.7302
2026-08-05 18:22:00.733948: Pseudo dice [np.float32(0.7034), np.float32(0.9313), np.float32(0.9282)]
2026-08-05 18:22:00.734026: Epoch time: 28.63 s
2026-08-05 18:22:01.754467: 
2026-08-05 18:22:01.755042: Epoch 963
2026-08-05 18:22:01.755187: Current learning rate: 0.00051
2026-08-05 18:22:30.498266: train_loss -0.9231
2026-08-05 18:22:30.498543: val_loss -0.7208
2026-08-05 18:22:30.498602: Pseudo dice [np.float32(0.6918), np.float32(0.9225), np.float32(0.9267)]
2026-08-05 18:22:30.498682: Epoch time: 28.75 s
2026-08-05 18:22:32.553582: 
2026-08-05 18:22:32.554038: Epoch 964
2026-08-05 18:22:32.554185: Current learning rate: 0.0005
2026-08-05 18:23:03.324223: train_loss -0.9219
2026-08-05 18:23:03.362363: val_loss -0.7434
2026-08-05 18:23:03.363150: Pseudo dice [np.float32(0.7105), np.float32(0.9313), np.float32(0.9308)]
2026-08-05 18:23:03.363708: Epoch time: 30.78 s
2026-08-05 18:23:04.449990: 
2026-08-05 18:23:04.450507: Epoch 965
2026-08-05 18:23:04.450668: Current learning rate: 0.00049
2026-08-05 18:23:35.388430: train_loss -0.9193
2026-08-05 18:23:35.388860: val_loss -0.7272
2026-08-05 18:23:35.388962: Pseudo dice [np.float32(0.7012), np.float32(0.9297), np.float32(0.9264)]
2026-08-05 18:23:35.389052: Epoch time: 30.94 s
2026-08-05 18:23:36.289392: 
2026-08-05 18:23:36.289755: Epoch 966
2026-08-05 18:23:36.289931: Current learning rate: 0.00048
2026-08-05 18:24:05.559142: train_loss -0.9219
2026-08-05 18:24:05.559407: val_loss -0.7182
2026-08-05 18:24:05.559533: Pseudo dice [np.float32(0.6858), np.float32(0.9195), np.float32(0.9286)]
2026-08-05 18:24:05.559621: Epoch time: 29.27 s
2026-08-05 18:24:06.632205: 
2026-08-05 18:24:06.632590: Epoch 967
2026-08-05 18:24:06.632696: Current learning rate: 0.00046
2026-08-05 18:24:37.907231: train_loss -0.9224
2026-08-05 18:24:38.061954: val_loss -0.7175
2026-08-05 18:24:38.062274: Pseudo dice [np.float32(0.688), np.float32(0.9263), np.float32(0.9248)]
2026-08-05 18:24:38.062441: Epoch time: 31.28 s
2026-08-05 18:24:39.039910: 
2026-08-05 18:24:39.040228: Epoch 968
2026-08-05 18:24:39.040374: Current learning rate: 0.00045
2026-08-05 18:25:09.787983: train_loss -0.9212
2026-08-05 18:25:09.788819: val_loss -0.7347
2026-08-05 18:25:09.789009: Pseudo dice [np.float32(0.7028), np.float32(0.9307), np.float32(0.928)]
2026-08-05 18:25:09.789087: Epoch time: 30.75 s
2026-08-05 18:25:10.705150: 
2026-08-05 18:25:10.705557: Epoch 969
2026-08-05 18:25:10.705688: Current learning rate: 0.00044
2026-08-05 18:25:47.123245: train_loss -0.9228
2026-08-05 18:25:47.137295: val_loss -0.7376
2026-08-05 18:25:47.137749: Pseudo dice [np.float32(0.7026), np.float32(0.9257), np.float32(0.9307)]
2026-08-05 18:25:47.137964: Epoch time: 36.42 s
2026-08-05 18:25:48.594650: 
2026-08-05 18:25:48.595161: Epoch 970
2026-08-05 18:25:48.595335: Current learning rate: 0.00043
2026-08-05 18:26:20.135755: train_loss -0.9229
2026-08-05 18:26:20.137054: val_loss -0.7356
2026-08-05 18:26:20.137187: Pseudo dice [np.float32(0.7048), np.float32(0.9272), np.float32(0.9319)]
2026-08-05 18:26:20.137528: Epoch time: 31.55 s
2026-08-05 18:26:21.051208: 
2026-08-05 18:26:21.051774: Epoch 971
2026-08-05 18:26:21.051944: Current learning rate: 0.00041
2026-08-05 18:26:52.500287: train_loss -0.9228
2026-08-05 18:26:52.500676: val_loss -0.7174
2026-08-05 18:26:52.500864: Pseudo dice [np.float32(0.6919), np.float32(0.9254), np.float32(0.9287)]
2026-08-05 18:26:52.500967: Epoch time: 31.45 s
2026-08-05 18:26:53.472128: 
2026-08-05 18:26:53.472534: Epoch 972
2026-08-05 18:26:53.472666: Current learning rate: 0.0004
2026-08-05 18:27:23.266837: train_loss -0.9225
2026-08-05 18:27:23.277889: val_loss -0.7151
2026-08-05 18:27:23.278038: Pseudo dice [np.float32(0.6963), np.float32(0.9279), np.float32(0.9234)]
2026-08-05 18:27:23.278118: Epoch time: 29.8 s
2026-08-05 18:27:24.103234: 
2026-08-05 18:27:24.103608: Epoch 973
2026-08-05 18:27:24.103733: Current learning rate: 0.00039
2026-08-05 18:27:53.115437: train_loss -0.9204
2026-08-05 18:27:53.351440: val_loss -0.7128
2026-08-05 18:27:53.351661: Pseudo dice [np.float32(0.6868), np.float32(0.9261), np.float32(0.9265)]
2026-08-05 18:27:53.351770: Epoch time: 29.02 s
2026-08-05 18:27:54.666494: 
2026-08-05 18:27:54.667184: Epoch 974
2026-08-05 18:27:54.667377: Current learning rate: 0.00037
2026-08-05 18:28:24.339507: train_loss -0.9242
2026-08-05 18:28:24.340814: val_loss -0.7263
2026-08-05 18:28:24.340877: Pseudo dice [np.float32(0.6917), np.float32(0.9265), np.float32(0.9306)]
2026-08-05 18:28:24.340953: Epoch time: 29.68 s
2026-08-05 18:28:25.175238: 
2026-08-05 18:28:25.175647: Epoch 975
2026-08-05 18:28:25.175806: Current learning rate: 0.00036
2026-08-05 18:28:55.885151: train_loss -0.9216
2026-08-05 18:28:55.885582: val_loss -0.7241
2026-08-05 18:28:55.885687: Pseudo dice [np.float32(0.6933), np.float32(0.926), np.float32(0.9301)]
2026-08-05 18:28:55.885794: Epoch time: 30.71 s
2026-08-05 18:28:56.779738: 
2026-08-05 18:28:56.780166: Epoch 976
2026-08-05 18:28:56.780401: Current learning rate: 0.00035
2026-08-05 18:29:27.537398: train_loss -0.9242
2026-08-05 18:29:27.538076: val_loss -0.7167
2026-08-05 18:29:27.538258: Pseudo dice [np.float32(0.6969), np.float32(0.9246), np.float32(0.9279)]
2026-08-05 18:29:27.538416: Epoch time: 30.76 s
2026-08-05 18:29:28.515435: 
2026-08-05 18:29:28.515920: Epoch 977
2026-08-05 18:29:28.516072: Current learning rate: 0.00034
2026-08-05 18:29:58.225908: train_loss -0.9207
2026-08-05 18:29:58.226357: val_loss -0.7414
2026-08-05 18:29:58.226425: Pseudo dice [np.float32(0.7017), np.float32(0.934), np.float32(0.9354)]
2026-08-05 18:29:58.226501: Epoch time: 29.71 s
2026-08-05 18:29:59.504101: 
2026-08-05 18:29:59.504467: Epoch 978
2026-08-05 18:29:59.504583: Current learning rate: 0.00032
2026-08-05 18:30:27.460927: train_loss -0.924
2026-08-05 18:30:27.461269: val_loss -0.7399
2026-08-05 18:30:27.461339: Pseudo dice [np.float32(0.7073), np.float32(0.9317), np.float32(0.9341)]
2026-08-05 18:30:27.461417: Epoch time: 27.96 s
2026-08-05 18:30:28.441687: 
2026-08-05 18:30:28.442011: Epoch 979
2026-08-05 18:30:28.442154: Current learning rate: 0.00031
2026-08-05 18:30:57.758999: train_loss -0.9226
2026-08-05 18:30:57.759408: val_loss -0.736
2026-08-05 18:30:57.759469: Pseudo dice [np.float32(0.7081), np.float32(0.9305), np.float32(0.9285)]
2026-08-05 18:30:57.759555: Epoch time: 29.32 s
2026-08-05 18:30:58.786946: 
2026-08-05 18:30:58.787232: Epoch 980
2026-08-05 18:30:58.787375: Current learning rate: 0.0003
2026-08-05 18:31:28.280562: train_loss -0.9219
2026-08-05 18:31:28.399351: val_loss -0.723
2026-08-05 18:31:28.399523: Pseudo dice [np.float32(0.6991), np.float32(0.9293), np.float32(0.9276)]
2026-08-05 18:31:28.399621: Epoch time: 29.5 s
2026-08-05 18:31:29.348750: 
2026-08-05 18:31:29.349001: Epoch 981
2026-08-05 18:31:29.349180: Current learning rate: 0.00028
2026-08-05 18:32:00.075421: train_loss -0.9223
2026-08-05 18:32:00.130121: val_loss -0.7024
2026-08-05 18:32:00.130502: Pseudo dice [np.float32(0.6841), np.float32(0.9239), np.float32(0.924)]
2026-08-05 18:32:00.130754: Epoch time: 30.73 s
2026-08-05 18:32:01.093124: 
2026-08-05 18:32:01.093493: Epoch 982
2026-08-05 18:32:01.093611: Current learning rate: 0.00027
2026-08-05 18:32:31.893458: train_loss -0.9247
2026-08-05 18:32:31.899198: val_loss -0.6985
2026-08-05 18:32:31.899401: Pseudo dice [np.float32(0.6788), np.float32(0.9149), np.float32(0.923)]
2026-08-05 18:32:31.899522: Epoch time: 30.8 s
2026-08-05 18:32:32.880727: 
2026-08-05 18:32:32.881090: Epoch 983
2026-08-05 18:32:32.881214: Current learning rate: 0.00026
2026-08-05 18:33:02.725214: train_loss -0.9247
2026-08-05 18:33:02.726061: val_loss -0.7043
2026-08-05 18:33:02.726132: Pseudo dice [np.float32(0.687), np.float32(0.9235), np.float32(0.9199)]
2026-08-05 18:33:02.726220: Epoch time: 29.85 s
2026-08-05 18:33:03.773699: 
2026-08-05 18:33:03.774289: Epoch 984
2026-08-05 18:33:03.774487: Current learning rate: 0.00024
2026-08-05 18:33:33.808559: train_loss -0.922
2026-08-05 18:33:33.813539: val_loss -0.7409
2026-08-05 18:33:33.813706: Pseudo dice [np.float32(0.7057), np.float32(0.9304), np.float32(0.9333)]
2026-08-05 18:33:33.813820: Epoch time: 30.04 s
2026-08-05 18:33:35.593258: 
2026-08-05 18:33:35.593877: Epoch 985
2026-08-05 18:33:35.594029: Current learning rate: 0.00023
2026-08-05 18:34:04.992456: train_loss -0.9237
2026-08-05 18:34:04.995010: val_loss -0.7234
2026-08-05 18:34:04.995135: Pseudo dice [np.float32(0.6878), np.float32(0.9254), np.float32(0.9333)]
2026-08-05 18:34:04.995412: Epoch time: 29.4 s
2026-08-05 18:34:06.016068: 
2026-08-05 18:34:06.016456: Epoch 986
2026-08-05 18:34:06.016619: Current learning rate: 0.00021
2026-08-05 18:34:36.584946: train_loss -0.9244
2026-08-05 18:34:36.585536: val_loss -0.7328
2026-08-05 18:34:36.585598: Pseudo dice [np.float32(0.6946), np.float32(0.9264), np.float32(0.9357)]
2026-08-05 18:34:36.585675: Epoch time: 30.57 s
2026-08-05 18:34:37.449549: 
2026-08-05 18:34:37.449991: Epoch 987
2026-08-05 18:34:37.450105: Current learning rate: 0.0002
2026-08-05 18:35:08.774021: train_loss -0.9218
2026-08-05 18:35:08.774777: val_loss -0.7225
2026-08-05 18:35:08.775043: Pseudo dice [np.float32(0.6958), np.float32(0.9223), np.float32(0.9299)]
2026-08-05 18:35:08.775192: Epoch time: 31.33 s
2026-08-05 18:35:09.745616: 
2026-08-05 18:35:09.746071: Epoch 988
2026-08-05 18:35:09.746192: Current learning rate: 0.00019
2026-08-05 18:35:40.570299: train_loss -0.9229
2026-08-05 18:35:40.572313: val_loss -0.7334
2026-08-05 18:35:40.572762: Pseudo dice [np.float32(0.6966), np.float32(0.9269), np.float32(0.927)]
2026-08-05 18:35:40.573232: Epoch time: 30.83 s
2026-08-05 18:35:41.517004: 
2026-08-05 18:35:41.517430: Epoch 989
2026-08-05 18:35:41.517548: Current learning rate: 0.00017
2026-08-05 18:36:11.536289: train_loss -0.9236
2026-08-05 18:36:11.536594: val_loss -0.7214
2026-08-05 18:36:11.536766: Pseudo dice [np.float32(0.6894), np.float32(0.9222), np.float32(0.9287)]
2026-08-05 18:36:11.536839: Epoch time: 30.02 s
2026-08-05 18:36:12.390836: 
2026-08-05 18:36:12.391146: Epoch 990
2026-08-05 18:36:12.391443: Current learning rate: 0.00016
2026-08-05 18:36:42.946810: train_loss -0.9207
2026-08-05 18:36:42.950004: val_loss -0.7239
2026-08-05 18:36:42.950142: Pseudo dice [np.float32(0.6902), np.float32(0.9255), np.float32(0.9314)]
2026-08-05 18:36:42.950246: Epoch time: 30.56 s
2026-08-05 18:36:43.988913: 
2026-08-05 18:36:43.989212: Epoch 991
2026-08-05 18:36:43.989396: Current learning rate: 0.00014
2026-08-05 18:37:13.168373: train_loss -0.9241
2026-08-05 18:37:13.268308: val_loss -0.7016
2026-08-05 18:37:13.268486: Pseudo dice [np.float32(0.6866), np.float32(0.9275), np.float32(0.9261)]
2026-08-05 18:37:13.268589: Epoch time: 29.18 s
2026-08-05 18:37:15.069455: 
2026-08-05 18:37:15.069888: Epoch 992
2026-08-05 18:37:15.070132: Current learning rate: 0.00013
2026-08-05 18:37:45.469724: train_loss -0.9238
2026-08-05 18:37:45.470235: val_loss -0.7261
2026-08-05 18:37:45.470311: Pseudo dice [np.float32(0.7003), np.float32(0.9291), np.float32(0.9298)]
2026-08-05 18:37:45.470435: Epoch time: 30.4 s
2026-08-05 18:37:46.522705: 
2026-08-05 18:37:46.523110: Epoch 993
2026-08-05 18:37:46.523367: Current learning rate: 0.00011
2026-08-05 18:38:15.109163: train_loss -0.9253
2026-08-05 18:38:15.109952: val_loss -0.7053
2026-08-05 18:38:15.110206: Pseudo dice [np.float32(0.6831), np.float32(0.9189), np.float32(0.9179)]
2026-08-05 18:38:15.110440: Epoch time: 28.59 s
2026-08-05 18:38:16.022088: 
2026-08-05 18:38:16.022398: Epoch 994
2026-08-05 18:38:16.022500: Current learning rate: 0.0001
2026-08-05 18:38:46.793162: train_loss -0.9249
2026-08-05 18:38:47.154787: val_loss -0.7264
2026-08-05 18:38:47.155063: Pseudo dice [np.float32(0.6949), np.float32(0.9303), np.float32(0.9249)]
2026-08-05 18:38:47.155156: Epoch time: 30.77 s
2026-08-05 18:38:48.286154: 
2026-08-05 18:38:48.286511: Epoch 995
2026-08-05 18:38:48.286848: Current learning rate: 8e-05
2026-08-05 18:39:17.948272: train_loss -0.9233
2026-08-05 18:39:17.948803: val_loss -0.7091
2026-08-05 18:39:17.948868: Pseudo dice [np.float32(0.6962), np.float32(0.9251), np.float32(0.9234)]
2026-08-05 18:39:17.966042: Epoch time: 29.67 s
2026-08-05 18:39:18.817065: 
2026-08-05 18:39:18.817379: Epoch 996
2026-08-05 18:39:18.817523: Current learning rate: 7e-05
2026-08-05 18:39:49.333923: train_loss -0.9234
2026-08-05 18:39:49.334444: val_loss -0.7332
2026-08-05 18:39:49.334520: Pseudo dice [np.float32(0.6987), np.float32(0.9298), np.float32(0.9307)]
2026-08-05 18:39:49.334599: Epoch time: 30.52 s
2026-08-05 18:39:50.302336: 
2026-08-05 18:39:50.302678: Epoch 997
2026-08-05 18:39:50.302825: Current learning rate: 5e-05
2026-08-05 18:40:20.340935: train_loss -0.9232
2026-08-05 18:40:20.341498: val_loss -0.7205
2026-08-05 18:40:20.341626: Pseudo dice [np.float32(0.6984), np.float32(0.9257), np.float32(0.9296)]
2026-08-05 18:40:20.341771: Epoch time: 30.04 s
2026-08-05 18:40:21.273244: 
2026-08-05 18:40:21.273711: Epoch 998
2026-08-05 18:40:21.273830: Current learning rate: 4e-05
2026-08-05 18:40:51.603671: train_loss -0.9233
2026-08-05 18:40:51.604077: val_loss -0.7256
2026-08-05 18:40:51.604148: Pseudo dice [np.float32(0.692), np.float32(0.923), np.float32(0.9267)]
2026-08-05 18:40:51.604227: Epoch time: 30.33 s
2026-08-05 18:40:53.172924: 
2026-08-05 18:40:53.173651: Epoch 999
2026-08-05 18:40:53.173842: Current learning rate: 2e-05
2026-08-05 18:41:23.619264: train_loss -0.9211
2026-08-05 18:41:23.619612: val_loss -0.7321
2026-08-05 18:41:23.619694: Pseudo dice [np.float32(0.7049), np.float32(0.927), np.float32(0.9268)]
2026-08-05 18:41:23.619779: Epoch time: 30.45 s
2026-08-05 18:41:27.000648: Training done.
2026-08-05 18:41:27.107956: Using splits from existing split file: /data1/youyou/workplace/nnUNet_quml/nnUNet_preprocessed/Dataset073_MBAS/splits_final.json
2026-08-05 18:41:27.328738: The split file contains 5 splits.
2026-08-05 18:41:27.329049: Desired fold for training: 4
2026-08-05 18:41:27.329089: This split has 56 training and 14 validation cases.
2026-08-05 18:41:27.329298: predicting MBAS_002
2026-08-05 18:41:27.405508: MBAS_002, shape torch.Size([1, 44, 574, 574]), rank 0
2026-08-05 18:41:44.665407: predicting MBAS_015
2026-08-05 18:41:44.777454: MBAS_015, shape torch.Size([1, 44, 638, 638]), rank 0
2026-08-05 18:41:52.353171: predicting MBAS_028
2026-08-05 18:41:52.556746: MBAS_028, shape torch.Size([1, 44, 574, 574]), rank 0
2026-08-05 18:42:00.182502: predicting MBAS_030
2026-08-05 18:42:00.263858: MBAS_030, shape torch.Size([1, 44, 570, 574]), rank 0
2026-08-05 18:42:07.909842: predicting MBAS_035
2026-08-05 18:42:07.989734: MBAS_035, shape torch.Size([1, 44, 638, 638]), rank 0
2026-08-05 18:42:15.665844: predicting MBAS_037
2026-08-05 18:42:15.971079: MBAS_037, shape torch.Size([1, 44, 574, 574]), rank 0
2026-08-05 18:42:23.608811: predicting MBAS_042
2026-08-05 18:42:23.661657: MBAS_042, shape torch.Size([1, 44, 574, 574]), rank 0
2026-08-05 18:42:31.314384: predicting MBAS_050
2026-08-05 18:42:31.412038: MBAS_050, shape torch.Size([1, 44, 638, 638]), rank 0
2026-08-05 18:42:39.331416: predicting MBAS_055
2026-08-05 18:42:39.386493: MBAS_055, shape torch.Size([1, 44, 574, 574]), rank 0
2026-08-05 18:42:47.002128: predicting MBAS_056
2026-08-05 18:42:47.075982: MBAS_056, shape torch.Size([1, 44, 638, 638]), rank 0
2026-08-05 18:42:54.733072: predicting MBAS_060
2026-08-05 18:42:54.812688: MBAS_060, shape torch.Size([1, 44, 638, 638]), rank 0
2026-08-05 18:43:02.475709: predicting MBAS_067
2026-08-05 18:43:02.912394: MBAS_067, shape torch.Size([1, 44, 574, 574]), rank 0
2026-08-05 18:43:10.533985: predicting MBAS_069
2026-08-05 18:43:11.157421: MBAS_069, shape torch.Size([1, 44, 638, 638]), rank 0
2026-08-05 18:43:18.814178: predicting MBAS_070
2026-08-05 18:43:19.574013: MBAS_070, shape torch.Size([1, 44, 638, 638]), rank 0
2026-08-05 18:44:07.681116: Validation complete
2026-08-05 18:44:07.681353: Mean Validation Dice:  0.8407775607652755
